time_s,f0_hz,cents_to_nearest_12tet,voiced_probability
0.0,,,0.01
0.032,,,0.010000000208892745
0.064,,,0.010000000417925077
0.096,,,0.010052967545965857
0.128,,,0.01000032860450166
0.16,,,0.010000000814014906
0.192,,,0.010000000814014906
0.224,,,0.010000000814014906
0.256,,,0.010000000814014904
0.288,,,0.010000078102280324
0.32,,,0.010000005216229449
0.352,,,0.010000001546554296
0.384,,,0.010000000417925077
0.416,,,0.010000000208892744
0.448,,,0.010000000021701592
0.48,,,0.01000000002169996
0.512,,,0.01000000000399499
0.544,,,0.010000000001604403
0.576,65.7852866955572,9.999999999999432,0.010000000417923444
0.608,66.16637698451642,20.000000000000284,0.010000000021699956
0.64,66.54967490706109,29.999999999999716,0.010000000047726025
0.672,66.54967490706109,29.999999999999716,0.0100000470079773
0.704,65.40639132514966,0.0,0.010009025493342982
0.736,65.40639132514966,0.0,0.010824463728234162
0.768,65.40639132514966,0.0,0.01818737573491218
0.8,,,0.010000000417925077
0.832,,,0.010000000101429396
0.864,,,0.010000000047726025
0.896,86.30425076864258,-20.000000000000284,0.01000000287110037
0.928,77.33375603922921,-10.000000000000853,0.010000000208892744
0.96,65.7852866955572,9.999999999999432,0.010000027850262286
0.992,66.16637698451642,20.000000000000284,0.010006178555334078
1.024,65.40639132514966,0.0,0.010622609040911533
1.056,65.40639132514966,0.0,0.013980210380185926
1.088,65.40639132514966,0.0,0.026168028608935755
1.12,,,0.010000016226422836
1.152,,,0.010000078102278692
1.184,,,0.01000007810227994
1.216,,,0.010000078102279939
1.248,,,0.010002815825790268
1.28,,,0.010000078102280324
1.312,68.89654412432702,-10.000000000000853,0.0100000470079773
1.344,66.16637698451642,20.000000000000284,0.010000078102280324
1.376,66.16637698451642,20.000000000000284,0.010000516719604524
1.408,65.40639132514966,0.0,0.010009025493342986
1.44,65.40639132514966,0.0,0.0229442191246386
1.472,,,0.010000000009504335
1.504,,,0.01000000002170159
1.536,,,0.010000000047726023
1.568,,,0.010000000047726023
1.6,,,0.0100000470079773
1.632,66.93519325188251,39.99999999999986,0.010000127845232541
1.664,65.40639132514966,0.0,0.010037765502929688
1.696,65.7852866955572,9.999999999999432,0.010824463728234167
1.728,65.40639132514966,0.0,0.01398021038018593
1.76,65.40639132514966,0.0,0.030106861794195014
1.792,65.40639132514966,0.0,0.04069733156888106
1.824,65.40639132514966,0.0,0.03489742801962526
1.856,65.40639132514966,0.0,0.047686993082531035
1.888,65.40639132514966,0.0,0.012403124793551348
1.92,,,0.010000027850262286
1.952,,,0.010000000417925077
1.984,,,0.010000000021701592
2.016,,,0.010000000021701592
2.048,,,0.010000000003996623
2.08,,,0.010000000047726026
2.112,,,0.010000005216229449
2.144,,,0.010000206339031339
2.176,,,0.01000032860450166
2.208,,,0.010000328604501662
2.24,,,0.010000516719604524
2.272,,,0.01000000000061386
2.304,,,0.0100000000000754
2.336,,,0.0100000000000754
2.368,,,0.010000000021701592
2.4,,,0.010000000101363541
2.432,,,1.2905858625985634e-11
2.464,,,0.010000046966293426
2.496,,,0.01000419105279527
2.528,,,0.01010197459374499
2.56,,,0.010259050559778863
2.592,,,0.010000000000221911
2.624,359.461399713042,-50.0,0.06608151270920702
2.656,323.96475278211557,-29.999999999999716,0.04069733156888106
2.688,307.5533855193843,-20.000000000000995,0.09203757081218102
2.72,305.78200836531414,-30.000000000000426,0.20650679911775227
2.752,304.0208335929107,-39.99999999999986,0.8266685594724995
2.784,302.26980244077964,-49.99999999999929,0.8911444948731203
2.816,300.528856485967,39.99999999999915,0.8911444948731202
2.848,297.0769881570017,19.999999999998153,0.8911444948731202
2.88,297.0769881570017,19.999999999998153,0.9459302094659092
2.912,297.0769881570017,19.999999999998153,0.9459302094659091
2.944,295.3659506116579,9.999999999998721,0.04069733156888106
2.976,320.24370022528115,49.99999999999929,0.012403124793551346
3.008,335.38934511626763,29.999999999998295,0.010467533617069905
3.04,355.3326333920185,29.999999999999716,0.010140046044704068
3.072,394.2662424412591,9.999999999999432,0.013980210380185928
3.104,417.7105332182284,9.999999999999432,0.016467587593113005
3.136,455.516566490206,-40.00000000000057,0.0229442191246386
3.168,493.88330125612407,0.0,0.09203757081218103
3.2,532.3973992564887,30.000000000001137,0.1504646013433388
3.232,557.5766672463074,9.999999999999432,0.4260623290432814
3.264,554.3652619537442,-1.4210854715202004e-12,0.5485250542599847
3.296,538.5835590540482,50.0,0.6159498854580681
3.328,535.48154601506,40.00000000000057,0.8266685594724995
3.36,541.703541871763,-40.00000000000057,0.6159498854580681
3.392,551.1723529946163,-10.000000000000853,0.42606232904328145
3.424,538.5835590540482,50.0,0.022944219124638603
3.456,532.3973992564887,30.000000000001137,0.022944219124638603
3.488,526.2822935644576,9.999999999999432,0.03489742801962526
3.52,499.62194879118596,20.000000000000284,0.10857977072874497
3.552,511.30005826144946,-40.00000000000057,0.3721358982975086
3.584,535.48154601506,40.00000000000057,0.6159498854580681
3.616,547.9978338378821,-20.000000000000284,0.6860828109301792
3.648,557.5766672463074,9.999999999999432,0.6860828109301792
3.68,564.0553960451207,29.999999999998295,0.8266685594724995
3.712,573.9149106968482,-40.00000000000057,0.8911444948731202
3.744,583.9467666289698,-9.999999999999432,0.9459302094659092
3.776,587.329535834815,0.0,0.9848789761259924
3.808,590.7319012233158,9.999999999999432,0.9848789761259922
3.84,590.7319012233158,9.999999999999432,0.9848789761259924
3.872,594.1539763140034,19.999999999998863,0.9848789761259924
3.904,594.1539763140034,19.999999999998863,0.9848789761259923
3.936,590.7319012233158,9.999999999999432,0.9848789761259923
3.968,590.7319012233158,9.999999999999432,1.0
4.0,590.7319012233158,9.999999999999432,1.0
4.032,590.7319012233158,9.999999999999432,1.0
4.064,590.7319012233158,9.999999999999432,1.0
4.096,594.1539763140034,19.999999999998863,1.0
4.128,594.1539763140034,19.999999999998863,1.0
4.16,594.1539763140034,19.999999999998863,0.9848789761259923
4.192,594.1539763140034,19.999999999998863,0.9848789761259923
4.224,583.9467666289698,-9.999999999999432,0.20650679911775227
4.256,583.9467666289698,-9.999999999999432,0.12793708630129036
4.288,583.9467666289698,-9.999999999999432,0.12793708630129033
4.32,583.9467666289698,-9.999999999999432,0.10857977072874499
4.352,590.7319012233158,9.999999999999432,0.6860828109301793
4.384,587.329535834815,0.0,0.8266685594724995
4.416,590.7319012233158,9.999999999999432,0.8266685594724996
4.448,590.7319012233158,9.999999999999432,0.8266685594724995
4.48,597.5958752840215,29.999999999999716,0.6860828109301793
4.512,597.5958752840215,29.999999999999716,0.8911444948731204
4.544,597.5958752840215,29.999999999999716,0.8911444948731203
4.576,583.9467666289698,-9.999999999999432,0.7571601330199093
4.608,573.9149106968482,-40.00000000000057,0.8911444948731203
4.64,577.2395659524774,-30.000000000001137,0.8911444948731203
4.672,577.2395659524774,-30.000000000001137,0.3721358982975087
4.704,564.0553960451207,29.999999999998295,0.15046460134333878
4.736,560.8066760204753,19.999999999998863,0.10857977072874499
4.768,557.5766672463074,9.999999999999432,0.1504646013433388
4.8,554.3652619537442,-1.4210854715202004e-12,0.37213589829750865
4.832,567.3229357134148,40.00000000000057,0.24075439447557428
4.864,564.0553960451207,29.999999999998295,0.17653060863289757
4.896,544.8415985660737,-29.999999999999716,0.0779752376229482
4.928,514.2619893669481,-30.000000000001137,0.15046460134333878
4.96,502.5162292967395,29.999999999999716,0.8911444948731204
4.992,496.74433811469765,9.999999999999432,0.9848789761259924
5.024,496.74433811469765,9.999999999999432,0.9848789761259924
5.056,496.74433811469765,9.999999999999432,0.9848789761259924
5.088,496.74433811469765,9.999999999999432,0.9848789761259925
5.12,496.74433811469765,9.999999999999432,0.9848789761259925
5.152,496.74433811469765,9.999999999999432,0.9848789761259924
5.184,496.74433811469765,9.999999999999432,0.9848789761259924
5.216,496.74433811469765,9.999999999999432,0.9848789761259924
5.248,496.74433811469765,9.999999999999432,0.9848789761259925
5.28,496.74433811469765,9.999999999999432,0.9848789761259925
5.312,496.74433811469765,9.999999999999432,0.9848789761259924
5.344,496.74433811469765,9.999999999999432,0.9848789761259924
5.376,496.74433811469765,9.999999999999432,0.9848789761259924
5.408,496.74433811469765,9.999999999999432,0.9848789761259925
5.44,496.74433811469765,9.999999999999432,0.9848789761259924
5.472,496.74433811469765,9.999999999999432,0.37213589829750865
5.504,496.74433811469765,9.999999999999432,0.2796051653363589
5.536,499.62194879118596,20.000000000000284,0.24075439447557428
5.568,499.62194879118596,20.000000000000284,0.20650679911775227
5.6,499.62194879118596,20.000000000000284,0.7571601330199094
5.632,499.62194879118596,20.000000000000284,0.8911444948731204
5.664,496.74433811469765,9.999999999999432,0.8266685594724995
5.696,491.03874275729817,-9.999999999999432,0.8266685594724997
5.728,493.88330125612407,0.0,0.8266685594724996
5.76,499.62194879118596,20.000000000000284,0.8911444948731203
5.792,499.62194879118596,20.000000000000284,0.9459302094659093
5.824,499.62194879118596,20.000000000000284,0.9459302094659094
5.856,493.88330125612407,0.0,0.9459302094659094
5.888,493.88330125612407,0.0,0.9459302094659092
5.92,496.74433811469765,9.999999999999432,0.5485250542599847
5.952,496.74433811469765,9.999999999999432,0.42606232904328145
5.984,499.62194879118596,20.000000000000284,0.3233360583906408
6.016,496.74433811469765,9.999999999999432,0.2796051653363589
6.048,493.88330125612407,0.0,0.7571601330199094
6.08,493.88330125612407,0.0,0.48498680771591135
6.112,491.03874275729817,-9.999999999999432,0.3721358982975087
6.144,491.03874275729817,-9.999999999999432,0.42606232904328145
6.176,491.03874275729817,-9.999999999999432,0.42606232904328145
6.208,491.03874275729817,-9.999999999999432,0.7571601330199095
6.24,491.03874275729817,-9.999999999999432,0.8911444948731202
6.272,493.88330125612407,0.0,0.9459302094659092
6.304,493.88330125612407,0.0,0.9459302094659092
6.336,493.88330125612407,0.0,0.9459302094659092
6.368,493.88330125612407,0.0,0.9459302094659092
6.4,493.88330125612407,0.0,0.9459302094659093
6.432,493.88330125612407,0.0,0.9459302094659092
6.464,493.88330125612407,0.0,0.9848789761259924
6.496,496.74433811469765,9.999999999999432,0.9848789761259924
6.528,499.62194879118596,20.000000000000284,0.9459302094659092
6.56,499.62194879118596,20.000000000000284,0.9459302094659092
6.592,499.62194879118596,20.000000000000284,0.9459302094659093
6.624,496.74433811469765,9.999999999999432,0.9459302094659092
6.656,493.88330125612407,0.0,0.7571601330199094
6.688,491.03874275729817,-9.999999999999432,0.8266685594724996
6.72,491.03874275729817,-9.999999999999432,0.06608151270920701
6.752,508.35518662380014,49.99999999999858,0.016467587593113005
6.784,511.30005826144946,-40.00000000000057,0.02616802860893576
6.816,514.2619893669481,-30.000000000001137,0.018187375734912182
6.848,514.2619893669481,-30.000000000001137,0.03010686179419501
6.88,482.60299106563536,-40.00000000000057,0.0229442191246386
6.912,477.05982293262406,39.999999999997726,0.015085587297504338
6.944,488.2105677098518,-19.999999999998863,0.011853505394683413
6.976,499.62194879118596,20.000000000000284,0.015085587297504338
7.008,505.42727619869544,39.99999999999915,0.10857977072874499
7.04,499.62194879118596,20.000000000000284,0.42606232904328145
7.072,491.03874275729817,-9.999999999999432,0.6860828109301794
7.104,493.88330125612407,0.0,0.6860828109301793
7.136,499.62194879118596,20.000000000000284,0.8266685594724996
7.168,514.2619893669481,-30.000000000001137,0.010622609040911533
7.2,517.2410787647879,-20.000000000001705,0.01001876450976914
7.232,514.2619893669481,-30.000000000001137,0.010000127845232541
7.264,455.516566490206,-40.00000000000057,0.010000016226422834
7.296,508.35518662380014,49.99999999999858,0.010000002871100368
7.328,,,5.062878879901519e-11
7.36,,,9.460345070149694e-15
7.392,,,2.707146741299643e-14
7.424,,,1.966557548178576e-13
7.456,,,0.010037765502929688
7.488,,,0.011853505394683413
7.52,,,0.013100262550513395
7.552,,,0.013100262550513395
7.584,,,0.015085587297504338
7.616,,,0.011422334250709076
7.648,,,0.010259050559778863
7.68,312.9293240034019,9.999999999999432,0.01508558729750434
7.712,298.79793764201077,29.999999999999716,0.24075439447557426
7.744,295.3659506116579,9.999999999998721,0.5485250542599844
7.776,295.3659506116579,9.999999999998721,0.6860828109301793
7.808,293.6647679174075,-7.105427357601002e-13,0.9459302094659092
7.84,293.6647679174075,-7.105427357601002e-13,0.9459302094659092
7.872,293.6647679174075,-7.105427357601002e-13,0.8911444948731203
7.904,297.0769881570017,19.999999999998153,0.6860828109301792
7.936,300.528856485967,39.99999999999915,0.5485250542599844
7.968,307.5533855193843,-20.000000000000995,0.615949885458068
8.0,309.33502415691686,-9.999999999999432,0.01001876450976914
8.032,309.33502415691686,-9.999999999999432,0.01000080278092687
8.064,309.33502415691686,-9.999999999999432,0.010000127845230909
8.096,,,0.010001873046006502
8.128,327.72904188699454,-10.000000000000853,0.01398021038018593
8.16,355.3326333920185,29.999999999999716,0.010191075496968311
8.192,422.5640958224419,29.999999999999716,0.01000419105279527
8.224,485.3986817520484,-30.000000000001137,0.010009025493342986
8.256,496.74433811469765,9.999999999999432,0.010052967545965857
8.288,491.03874275729817,-9.999999999999432,0.020317628556360583
8.32,560.8066760204753,19.999999999998863,0.07797523762294818
8.352,580.5834807400734,-20.000000000001705,0.6159498854580681
8.384,583.9467666289698,-9.999999999999432,0.8266685594724995
8.416,590.7319012233158,9.999999999999432,0.9459302094659091
8.448,594.1539763140034,19.999999999998863,0.20650679911775227
8.48,597.5958752840215,29.999999999999716,0.1504646013433388
8.512,594.1539763140034,19.999999999998863,0.17653060863289757
8.544,594.1539763140034,19.999999999998863,0.17653060863289757
8.576,590.7319012233158,9.999999999999432,0.6860828109301793
8.608,601.057712971934,39.99999999999915,0.034897428019625254
8.64,601.057712971934,39.99999999999915,0.0229442191246386
8.672,590.7319012233158,9.999999999999432,0.016467587593113005
8.704,538.5835590540482,50.0,0.03489742801962526
8.736,535.48154601506,40.00000000000057,0.4849868077159113
8.768,529.3310158761313,19.999999999998863,0.9459302094659092
8.8,529.3310158761313,19.999999999998863,0.9848789761259924
8.832,529.3310158761313,19.999999999998863,0.9848789761259924
8.864,529.3310158761313,19.999999999998863,0.9848789761259923
8.896,529.3310158761313,19.999999999998863,0.9848789761259924
8.928,529.3310158761313,19.999999999998863,0.9848789761259923
8.96,526.2822935644576,9.999999999999432,0.9459302094659092
8.992,526.2822935644576,9.999999999999432,0.9459302094659091
9.024,526.2822935644576,9.999999999999432,0.9848789761259924
9.056,526.2822935644576,9.999999999999432,0.9459302094659092
9.088,523.2511306011972,0.0,0.8911444948731202
9.12,511.30005826144946,-40.00000000000057,0.6860828109301793
9.152,502.5162292967395,29.999999999999716,0.8911444948731203
9.184,502.5162292967395,29.999999999999716,0.9459302094659092
9.216,505.42727619869544,39.99999999999915,0.9459302094659092
9.248,505.42727619869544,39.99999999999915,0.1504646013433388
9.28,502.5162292967395,29.999999999999716,0.0779752376229482
9.312,502.5162292967395,29.999999999999716,0.05607139544589261
9.344,502.5162292967395,29.999999999999716,0.04069733156888106
9.376,499.62194879118596,20.000000000000284,0.5485250542599847
9.408,505.42727619869544,39.99999999999915,0.10857977072874497
9.44,502.5162292967395,29.999999999999716,0.047686993082531035
9.472,502.5162292967395,29.999999999999716,0.013100262550513395
9.504,496.74433811469765,9.999999999999432,0.010037765502929688
9.536,474.31216053885623,29.999999999998295,0.17653060863289757
9.568,463.4788558201278,-10.000000000000853,0.7571601330199095
9.6,458.1553471153147,-29.999999999999716,0.9459302094659092
9.632,452.89298412313644,-50.0,0.9459302094659093
9.664,447.69106452518196,30.000000000001137,0.9459302094659093
9.696,442.5488940698555,9.999999999999432,0.9848789761259924
9.728,442.5488940698555,9.999999999999432,0.615949885458068
9.76,442.5488940698555,9.999999999999432,0.615949885458068
9.792,445.11255373284587,19.999999999998863,0.5485250542599845
9.824,447.69106452518196,30.000000000001137,0.5485250542599845
9.856,445.11255373284587,19.999999999998863,0.9848789761259924
9.888,452.89298412313644,-50.0,0.07797523762294818
9.92,425.01198472693204,39.99999999999915,0.047686993082531035
9.952,412.91271853530293,-9.999999999999432,0.12793708630129036
9.984,405.81912517781325,-40.00000000000057,0.24075439447557428
10.016,401.1578949656154,40.00000000000057,0.9459302094659093
10.048,398.84739550836855,29.999999999998295,0.9848789761259924
10.08,398.84739550836855,29.999999999998295,0.9848789761259924
10.112,396.5502035487653,19.999999999998863,0.9848789761259924
10.144,396.5502035487653,19.999999999998863,0.9848789761259924
10.176,396.5502035487653,19.999999999998863,0.9848789761259923
10.208,398.84739550836855,29.999999999998295,0.9848789761259923
10.24,401.1578949656154,40.00000000000057,1.0
10.272,403.4817790100553,-50.0,0.9848789761259923
10.304,405.81912517781325,-40.00000000000057,0.9848789761259924
10.336,410.5345162761952,-20.000000000001705,0.8911444948731203
10.368,432.44106335991046,-30.000000000001137,0.2065067991177523
10.4,488.2105677098518,-19.999999999998863,0.2407543944755743
10.432,499.62194879118596,20.000000000000284,0.8266685594724996
10.464,502.5162292967395,29.999999999999716,0.8911444948731203
10.496,499.62194879118596,20.000000000000284,0.015085587297504338
10.528,499.62194879118596,20.000000000000284,0.010259050559778861
10.56,499.62194879118596,20.000000000000284,0.010140046044704068
10.592,496.74433811469765,9.999999999999432,0.010349055133375844
10.624,499.62194879118596,20.000000000000284,0.1765306086328976
10.656,499.62194879118596,20.000000000000284,0.7571601330199095
10.688,499.62194879118596,20.000000000000284,0.27960516533635893
10.72,493.88330125612407,0.0,0.12793708630129033
10.752,491.03874275729817,-9.999999999999432,0.17653060863289757
10.784,491.03874275729817,-9.999999999999432,0.2407543944755743
10.816,491.03874275729817,-9.999999999999432,0.6860828109301794
10.848,493.88330125612407,0.0,0.8911444948731204
10.88,496.74433811469765,9.999999999999432,0.9459302094659093
10.912,493.88330125612407,0.0,0.9459302094659092
10.944,491.03874275729817,-9.999999999999432,0.9848789761259924
10.976,502.5162292967395,29.999999999999716,0.12793708630129033
11.008,502.5162292967395,29.999999999999716,0.022944219124638603
11.04,502.5162292967395,29.999999999999716,0.013100262550513395
11.072,502.5162292967395,29.999999999999716,0.015085587297504338
11.104,496.74433811469765,9.999999999999432,0.15046460134333878
11.136,508.35518662380014,49.99999999999858,0.011422334250709074
11.168,505.42727619869544,39.99999999999915,0.010259050559778863
11.2,505.42727619869544,39.99999999999915,0.010052967545965859
11.232,499.62194879118596,20.000000000000284,0.010259050559778863
11.264,488.2105677098518,-19.999999999998863,0.24075439447557428
11.296,491.03874275729817,-9.999999999999432,0.7571601330199094
11.328,491.03874275729817,-9.999999999999432,0.9459302094659092
11.36,491.03874275729817,-9.999999999999432,0.9459302094659092
11.392,491.03874275729817,-9.999999999999432,0.9459302094659092
11.424,488.2105677098518,-19.999999999998863,0.9848789761259924
11.456,471.580323515969,19.999999999998863,0.6860828109301794
11.488,455.516566490206,-40.00000000000057,0.6860828109301793
11.52,445.11255373284587,19.999999999998863,0.8911444948731203
11.552,439.99999999999994,0.0,0.9848789761259924
11.584,442.5488940698555,9.999999999999432,0.9848789761259924
11.616,447.69106452518196,30.000000000001137,0.9848789761259925
11.648,445.11255373284587,19.999999999998863,0.9848789761259924
11.68,442.5488940698555,9.999999999999432,0.9848789761259924
11.712,439.99999999999994,0.0,0.9848789761259924
11.744,439.99999999999994,0.0,0.20650679911775227
11.776,445.11255373284587,19.999999999998863,0.012403124793551348
11.808,447.69106452518196,30.000000000001137,0.010052967545965859
11.84,447.69106452518196,30.000000000001137,0.010009025493342986
11.872,452.89298412313644,-50.0,0.011085791888943373
11.904,427.4740541075866,50.0,0.03010686179419501
11.936,445.11255373284587,19.999999999998863,0.012403124793551348
11.968,450.28451247858095,40.00000000000057,0.010191075496968311
12.0,455.516566490206,-40.00000000000057,0.010009025493342986
12.032,460.8094140410758,-20.000000000000284,0.010191075496968311
12.064,425.01198472693204,39.99999999999915,0.047686993082531035
12.096,432.44106335991046,-30.000000000001137,0.2796051653363588
12.128,434.9461689552743,-20.000000000001705,0.42606232904328134
12.16,437.46578647972086,-9.999999999999432,0.047686993082531035
12.192,,,0.010000802780927255
12.224,,,5.8030139370376656e-12
12.256,,,1.1532591631486792e-12
12.288,,,4.898930530271702e-13
12.32,,,1.2272439869295514e-11
12.352,,,1.9539095081307302e-09
12.384,,,6.280796409699401e-10
12.416,,,5.0321213648635696e-11
12.448,,,2.5152258115792665e-11
12.48,,,8.409046525490326e-16
12.512,,,9.451002665157247e-16
12.544,,,7.402553939830755e-14
12.576,,,1.2215957846432534e-11
12.608,,,5.3488574768062956e-11
12.64,,,6.701803181062719e-10
12.672,,,1.2031289168289158e-09
12.704,337.3322358273121,39.999999999997726,0.07797523762294818
12.736,305.78200836531414,-30.000000000000426,0.1279370863012904
12.768,293.6647679174075,-7.105427357601002e-13,0.2796051653363589
12.8,291.9733833144849,-10.000000000000142,0.4849868077159112
12.832,288.6197829762387,-30.000000000001137,0.9459302094659091
12.864,291.9733833144849,-10.000000000000142,0.8266685594724994
12.896,297.0769881570017,19.999999999998153,0.7571601330199094
12.928,300.528856485967,39.99999999999915,0.6860828109301791
12.96,300.528856485967,39.99999999999915,0.6860828109301792
12.992,298.79793764201077,29.999999999999716,0.09203757081218102
13.024,307.5533855193843,-20.000000000000995,0.011422334250515257
13.056,311.12698372208087,0.0,0.010073751762880175
13.088,355.3326333920185,29.999999999999716,0.010013068846045156
13.12,357.39105439674364,39.99999999999915,0.010073751764282884
13.152,383.04224785029453,-40.00000000000057,0.011085791888943375
13.184,427.4740541075866,50.0,0.010037765502929688
13.216,502.5162292967395,29.999999999999716,0.010013068846238975
13.248,573.9149106968482,-40.00000000000057,0.011085791888943373
13.28,580.5834807400734,-20.000000000001705,0.026168028608935755
13.312,587.329535834815,0.0,0.5485250542599845
13.344,594.1539763140034,19.999999999998863,0.8911444948731202
13.376,597.5958752840215,29.999999999999716,0.9459302094659092
13.408,601.057712971934,39.99999999999915,0.9459302094659092
13.44,594.1539763140034,19.999999999998863,0.9459302094659093
13.472,587.329535834815,0.0,0.24075439447557428
13.504,580.5834807400734,-20.000000000001705,0.17653060863289755
13.536,573.9149106968482,-40.00000000000057,0.17653060863289757
13.568,573.9149106968482,-40.00000000000057,0.15046460134333875
13.6,573.9149106968482,-40.00000000000057,0.6860828109301793
13.632,583.9467666289698,-9.999999999999432,0.24075439447557428
13.664,583.9467666289698,-9.999999999999432,0.27960516533635893
13.696,587.329535834815,0.0,0.32333605839064083
13.728,587.329535834815,0.0,0.2796051653363589
13.76,590.7319012233158,9.999999999999432,0.6860828109301792
13.792,608.0416671858214,-40.00000000000057,0.5485250542599845
13.824,636.7984644737662,40.00000000000057,0.7571601330199094
13.856,647.9295055642311,-29.999999999999716,0.8911444948731204
13.888,655.4580837739891,-10.000000000000853,0.9459302094659092
13.92,659.2551138257398,-1.4210854715202004e-12,0.9848789761259925
13.952,663.0741398488134,9.999999999999432,0.9848789761259924
13.984,666.9152892645752,19.999999999998863,0.9848789761259924
14.016,670.7786902325353,29.999999999998295,1.0
14.048,670.7786902325353,29.999999999998295,1.0
14.08,666.9152892645752,19.999999999998863,1.0
14.112,666.9152892645752,19.999999999998863,1.0
14.144,666.9152892645752,19.999999999998863,1.0
14.176,666.9152892645752,19.999999999998863,1.0
14.208,670.7786902325353,29.999999999998295,0.9848789761259924
14.24,666.9152892645752,19.999999999998863,0.2065067991177523
14.272,670.7786902325353,29.999999999998295,0.09203757081218102
14.304,666.9152892645752,19.999999999998863,0.09203757081218103
14.336,666.9152892645752,19.999999999998863,0.09203757081218103
14.368,663.0741398488134,9.999999999999432,0.5485250542599845
14.4,663.0741398488134,9.999999999999432,0.8911444948731204
14.432,659.2551138257398,-1.4210854715202004e-12,0.27960516533635893
14.464,663.0741398488134,9.999999999999432,0.2407543944755743
14.496,666.9152892645752,19.999999999998863,0.2065067991177523
14.528,666.9152892645752,19.999999999998863,0.17653060863289757
14.56,659.2551138257398,-1.4210854715202004e-12,0.4260623290432815
14.592,633.1307752047608,30.000000000001137,0.20650679911775224
14.624,608.0416671858214,-40.00000000000057,0.3721358982975087
14.656,594.1539763140034,19.999999999998863,0.7571601330199095
14.688,608.0416671858214,-40.00000000000057,0.06608151270920701
14.72,618.6700483138337,-9.999999999999432,0.04069733156888106
14.752,611.5640167306283,-30.000000000001137,0.02616802860893576
14.784,590.7319012233158,9.999999999999432,0.018187375734912182
14.816,583.9467666289698,-9.999999999999432,0.48498680771591135
14.848,577.2395659524774,-30.000000000001137,0.03489742801962526
14.88,573.9149106968482,-40.00000000000057,0.0229442191246386
14.912,564.0553960451207,29.999999999998295,0.011853505394683413
14.944,508.35518662380014,49.99999999999858,0.015085587297504338
14.976,502.5162292967395,29.999999999999716,0.5485250542599847
15.008,499.62194879118596,20.000000000000284,0.9848789761259924
15.04,499.62194879118596,20.000000000000284,0.9848789761259924
15.072,499.62194879118596,20.000000000000284,0.9848789761259924
15.104,499.62194879118596,20.000000000000284,0.9848789761259924
15.136,496.74433811469765,9.999999999999432,0.9848789761259925
15.168,496.74433811469765,9.999999999999432,0.9848789761259924
15.2,496.74433811469765,9.999999999999432,0.9848789761259924
15.232,496.74433811469765,9.999999999999432,0.9848789761259924
15.264,496.74433811469765,9.999999999999432,0.9848789761259924
15.296,496.74433811469765,9.999999999999432,0.9848789761259924
15.328,496.74433811469765,9.999999999999432,0.9459302094659093
15.36,496.74433811469765,9.999999999999432,0.9459302094659093
15.392,496.74433811469765,9.999999999999432,0.9848789761259925
15.424,499.62194879118596,20.000000000000284,0.9848789761259925
15.456,499.62194879118596,20.000000000000284,0.9848789761259924
15.488,502.5162292967395,29.999999999999716,0.17653060863289757
15.52,499.62194879118596,20.000000000000284,0.10857977072874499
15.552,499.62194879118596,20.000000000000284,0.10857977072874497
15.584,502.5162292967395,29.999999999999716,0.10857977072874499
15.616,499.62194879118596,20.000000000000284,0.6860828109301794
15.648,502.5162292967395,29.999999999999716,0.2796051653363589
15.68,499.62194879118596,20.000000000000284,0.17653060863289757
15.712,496.74433811469765,9.999999999999432,0.17653060863289757
15.744,496.74433811469765,9.999999999999432,0.20650679911775224
15.776,493.88330125612407,0.0,0.7571601330199095
15.808,496.74433811469765,9.999999999999432,0.9459302094659093
15.84,496.74433811469765,9.999999999999432,0.9459302094659093
15.872,493.88330125612407,0.0,0.8266685594724995
15.904,491.03874275729817,-9.999999999999432,0.8911444948731204
15.936,493.88330125612407,0.0,0.10857977072874499
15.968,499.62194879118596,20.000000000000284,0.09203757081218102
16.0,502.5162292967395,29.999999999999716,0.07797523762294818
16.032,502.5162292967395,29.999999999999716,0.06608151270920701
16.064,499.62194879118596,20.000000000000284,0.6159498854580682
16.096,493.88330125612407,0.0,0.09203757081218103
16.128,493.88330125612407,0.0,0.047686993082531035
16.16,493.88330125612407,0.0,0.0229442191246386
16.192,493.88330125612407,0.0,0.02616802860893576
16.224,491.03874275729817,-9.999999999999432,0.3233360583906407
16.256,491.03874275729817,-9.999999999999432,0.8266685594724996
16.288,491.03874275729817,-9.999999999999432,0.8911444948731203
16.32,491.03874275729817,-9.999999999999432,0.8266685594724996
16.352,496.74433811469765,9.999999999999432,0.7571601330199094
16.384,502.5162292967395,29.999999999999716,0.3233360583906408
16.416,479.82340237271336,50.0,0.6860828109301794
16.448,471.580323515969,19.999999999998863,0.42606232904328145
16.48,468.8642207165331,9.999999999999432,0.4260623290432814
16.512,463.4788558201278,-10.000000000000853,0.48498680771591124
16.544,447.69106452518196,30.000000000001137,0.4260623290432814
16.576,458.1553471153147,-29.999999999999716,0.022944219124638603
16.608,477.05982293262406,39.999999999997726,0.01002672467381077
16.64,,,0.010052967545965857
16.672,,,0.010349055133375844
16.704,,,0.010000000101429396
16.736,,,0.010000000021701592
16.768,,,0.01000000002170159
16.8,,,0.010000000021701592
16.832,,,0.010000000208892745
16.864,,,0.0
16.896,,,0.0
16.928,,,1.3234182863155204e-17
16.96,,,1.3234182863155204e-17
16.992,,,1.3692502423580419e-11
17.024,,,0.010000206335540695
17.056,,,0.010037765414341376
17.088,,,0.010073751762879704
17.12,,,0.01000281582580947
17.152,,,2.8718176813046795e-15
17.184,,,0.010000000000017788
17.216,,,0.010000000000069268
17.248,,,0.010000000000073766
17.28,,,0.010000000208892744
17.312,,,2.8733701889582863e-15
17.344,,,7.502447725864057e-14
17.376,,,9.42857459821963e-15
17.408,,,9.189484071909212e-15
17.44,,,0.010000001527399806
17.472,,,0.0100028158258111
17.504,,,0.011085791888943373
17.536,,,0.01646758759311301
17.568,,,0.022944219124638603
17.6,,,0.018187375734912182
17.632,,,0.011085791888943373
17.664,325.8414615030442,-20.000000000000284,0.15046460134333883
17.696,307.5533855193843,-20.000000000000995,0.09203757081218103
17.728,297.0769881570017,19.999999999998153,0.3233360583906409
17.76,295.3659506116579,9.999999999998721,0.48498680771591124
17.792,293.6647679174075,-7.105427357601002e-13,0.9459302094659091
17.824,297.0769881570017,19.999999999998153,0.8266685594724995
17.856,304.0208335929107,-39.99999999999986,0.6860828109301793
17.888,309.33502415691686,-9.999999999999432,0.7571601330199091
17.92,309.33502415691686,-9.999999999999432,0.6159498854580681
17.952,304.0208335929107,-39.99999999999986,0.018187375734912182
17.984,312.9293240034019,9.999999999999432,0.010073751763746738
18.016,314.74210513575684,19.999999999998863,0.01000617854703158
18.048,314.74210513575684,19.999999999998863,0.010004191033841129
18.08,314.74210513575684,19.999999999998863,0.010467533617069905
18.112,369.9944227116344,0.0,0.01646758759311301
18.144,410.5345162761952,-20.000000000001705,0.010824463728234167
18.176,422.5640958224419,29.999999999999716,0.010259050559778863
18.208,458.1553471153147,-29.999999999999716,0.010622609040911533
18.24,502.5162292967395,29.999999999999716,0.011422334250709074
18.272,535.48154601506,40.00000000000057,0.018187375734912182
18.304,583.9467666289698,-9.999999999999432,0.0779752376229482
18.336,594.1539763140034,19.999999999998863,0.6159498854580681
18.368,594.1539763140034,19.999999999998863,0.8911444948731203
18.4,594.1539763140034,19.999999999998863,0.9459302094659092
18.432,597.5958752840215,29.999999999999716,0.047686993082531035
18.464,597.5958752840215,29.999999999999716,0.06608151270920702
18.496,597.5958752840215,29.999999999999716,0.10857977072874499
18.528,594.1539763140034,19.999999999998863,0.15046460134333878
18.56,590.7319012233158,9.999999999999432,0.8266685594724996
18.592,577.2395659524774,-30.000000000001137,0.047686993082531035
18.624,554.3652619537442,-1.4210854715202004e-12,0.03010686179419501
18.656,538.5835590540482,50.0,0.04069733156888106
18.688,532.3973992564887,30.000000000001137,0.07797523762294818
18.72,532.3973992564887,30.000000000001137,0.5485250542599847
18.752,532.3973992564887,30.000000000001137,0.9459302094659092
18.784,535.48154601506,40.00000000000057,0.9848789761259924
18.816,535.48154601506,40.00000000000057,0.9848789761259924
18.848,535.48154601506,40.00000000000057,0.9848789761259924
18.88,532.3973992564887,30.000000000001137,0.9848789761259924
18.912,526.2822935644576,9.999999999999432,0.9848789761259924
18.944,520.2374258519452,-9.999999999999432,0.9848789761259925
18.976,517.2410787647879,-20.000000000001705,0.9848789761259923
19.008,523.2511306011972,0.0,0.8911444948731203
19.04,526.2822935644576,9.999999999999432,0.8911444948731202
19.072,526.2822935644576,9.999999999999432,0.8911444948731202
19.104,520.2374258519452,-9.999999999999432,0.8266685594724996
19.136,511.30005826144946,-40.00000000000057,0.9459302094659093
19.168,505.42727619869544,39.99999999999915,0.17653060863289757
19.2,491.03874275729817,-9.999999999999432,0.047686993082531035
19.232,488.2105677098518,-19.999999999998863,0.04069733156888106
19.264,485.3986817520484,-30.000000000001137,0.047686993082531035
19.296,491.03874275729817,-9.999999999999432,0.37213589829750865
19.328,493.88330125612407,0.0,0.8266685594724997
19.36,499.62194879118596,20.000000000000284,0.32333605839064083
19.392,499.62194879118596,20.000000000000284,0.24075439447557428
19.424,499.62194879118596,20.000000000000284,0.2065067991177523
19.456,491.03874275729817,-9.999999999999432,0.09203757081218102
19.488,455.516566490206,-40.00000000000057,0.5485250542599847
19.52,445.11255373284587,19.999999999998863,0.8266685594724996
19.552,439.99999999999994,0.0,0.9848789761259924
19.584,442.5488940698555,9.999999999999432,0.9848789761259925
19.616,445.11255373284587,19.999999999998863,0.9848789761259924
19.648,450.28451247858095,40.00000000000057,0.3233360583906408
19.68,450.28451247858095,40.00000000000057,0.20650679911775227
19.712,450.28451247858095,40.00000000000057,0.20650679911775227
19.744,450.28451247858095,40.00000000000057,0.20650679911775227
19.776,450.28451247858095,40.00000000000057,0.8266685594724996
19.808,447.69106452518196,30.000000000001137,0.2796051653363588
19.84,437.46578647972086,-9.999999999999432,0.1504646013433388
19.872,427.4740541075866,50.0,0.09203757081218102
19.904,415.30469757994507,0.0,0.17653060863289755
19.936,398.84739550836855,29.999999999998295,0.8266685594724996
19.968,396.5502035487653,19.999999999998863,0.9848789761259924
20.0,396.5502035487653,19.999999999998863,0.9848789761259924
20.032,396.5502035487653,19.999999999998863,0.9848789761259924
20.064,396.5502035487653,19.999999999998863,0.9848789761259924
20.096,398.84739550836855,29.999999999998295,0.9848789761259924
20.128,401.1578949656154,40.00000000000057,1.0
20.16,403.4817790100553,-50.0,1.0
20.192,408.1700114541761,-30.000000000001137,0.9459302094659092
20.224,417.7105332182284,9.999999999999432,0.8911444948731202
20.256,429.9503861110682,-40.00000000000057,0.8266685594724995
20.288,442.5488940698555,9.999999999999432,0.8266685594724995
20.32,455.516566490206,-40.00000000000057,0.8266685594724996
20.352,471.580323515969,19.999999999998863,0.8911444948731203
20.384,482.60299106563536,-40.00000000000057,0.9459302094659093
20.416,499.62194879118596,20.000000000000284,0.17653060863289757
20.448,499.62194879118596,20.000000000000284,0.026168028608935755
20.48,499.62194879118596,20.000000000000284,0.018187375734912185
20.512,499.62194879118596,20.000000000000284,0.013980210380185928
20.544,493.88330125612407,0.0,0.05607139544589262
20.576,499.62194879118596,20.000000000000284,0.20650679911775227
20.608,496.74433811469765,9.999999999999432,0.06608151270920701
20.64,493.88330125612407,0.0,0.05607139544589262
20.672,493.88330125612407,0.0,0.06608151270920702
20.704,496.74433811469765,9.999999999999432,0.32333605839064083
20.736,496.74433811469765,9.999999999999432,0.8266685594724996
20.768,493.88330125612407,0.0,0.9459302094659093
20.8,491.03874275729817,-9.999999999999432,0.9459302094659092
20.832,493.88330125612407,0.0,0.9848789761259924
20.864,499.62194879118596,20.000000000000284,0.24075439447557428
20.896,505.42727619869544,39.99999999999915,0.09203757081218102
20.928,502.5162292967395,29.999999999999716,0.06608151270920701
20.96,496.74433811469765,9.999999999999432,0.07797523762294817
20.992,493.88330125612407,0.0,0.4849868077159114
21.024,502.5162292967395,29.999999999999716,0.1765306086328976
21.056,508.35518662380014,49.99999999999858,0.09203757081218102
21.088,508.35518662380014,49.99999999999858,0.047686993082531035
21.12,508.35518662380014,49.99999999999858,0.04069733156888106
21.152,502.5162292967395,29.999999999999716,0.37213589829750865
21.184,496.74433811469765,9.999999999999432,0.7571601330199094
21.216,499.62194879118596,20.000000000000284,0.9459302094659092
21.248,499.62194879118596,20.000000000000284,0.9459302094659092
21.28,496.74433811469765,9.999999999999432,0.9848789761259924
21.312,493.88330125612407,0.0,0.9459302094659093
21.344,482.60299106563536,-40.00000000000057,0.6159498854580682
21.376,458.1553471153147,-29.999999999999716,0.5485250542599845
21.408,445.11255373284587,19.999999999998863,0.8266685594724996
21.44,439.99999999999994,0.0,0.9459302094659092
21.472,439.99999999999994,0.0,0.9848789761259924
21.504,445.11255373284587,19.999999999998863,0.9848789761259924
21.536,445.11255373284587,19.999999999998863,0.9848789761259924
21.568,442.5488940698555,9.999999999999432,0.9848789761259924
21.6,437.46578647972086,-9.999999999999432,0.9459302094659092
21.632,442.5488940698555,9.999999999999432,0.12793708630129036
21.664,445.11255373284587,19.999999999998863,0.016467587593113005
21.696,452.89298412313644,-50.0,0.010467533617069905
21.728,452.89298412313644,-50.0,0.010140046044704068
21.76,452.89298412313644,-50.0,0.01646758759311301
21.792,447.69106452518196,30.000000000001137,0.07797523762294818
21.824,450.28451247858095,40.00000000000057,0.09203757081218102
21.856,455.516566490206,-40.00000000000057,0.066081512709207
21.888,458.1553471153147,-29.999999999999716,0.04069733156888106
21.92,460.8094140410758,-20.000000000000284,0.1504646013433388
21.952,450.28451247858095,40.00000000000057,0.4849868077159113
21.984,437.46578647972086,-9.999999999999432,0.8266685594724995
22.016,432.44106335991046,-30.000000000001137,0.8911444948731203
22.048,442.5488940698555,9.999999999999432,0.37213589829750865
22.08,,,0.010013068846238975
22.112,,,3.212219452091563e-15
22.144,,,9.176663756299008e-15
22.176,,,2.672623156132209e-14
22.208,,,0.010000000207490032
22.24,,,2.3686800377365314e-07
22.272,,,3.582760366129192e-09
22.304,,,6.686665293277027e-10
22.336,,,1.921379981415565e-10
22.368,,,0.010000127845232541
22.4,,,0.01000123296498612
22.432,,,0.010009025493342986
22.464,,,0.010006178555334078
22.496,,,0.010000005216229449
22.528,,,0.010000001546554295
22.56,335.38934511626763,29.999999999998295,0.013980210380185928
22.592,327.72904188699454,-10.000000000000853,0.09203757081218102
22.624,309.33502415691686,-9.999999999999432,0.011853505394683413
22.656,307.5533855193843,-20.000000000000995,0.018187375734912182
22.688,304.0208335929107,-39.99999999999986,0.06608151270920701
22.72,298.79793764201077,29.999999999999716,0.4849868077159112
22.752,297.0769881570017,19.999999999998153,0.615949885458068
22.784,295.3659506116579,9.999999999998721,0.615949885458068
22.816,291.9733833144849,-10.000000000000142,0.3721358982975087
22.848,298.79793764201077,29.999999999999716,0.010622609040911533
22.88,,,0.01000000000160565
22.912,285.30470202322215,-50.0,0.010000516719604524
22.944,300.528856485967,39.99999999999915,0.010622609040911531
22.976,300.528856485967,39.99999999999915,0.020317628556360583
23.008,300.528856485967,39.99999999999915,0.2407543944755743
23.04,300.528856485967,39.99999999999915,0.6860828109301792
23.072,298.79793764201077,29.999999999999716,0.7571601330199093
23.104,297.0769881570017,19.999999999998153,0.8911444948731203
23.136,297.0769881570017,19.999999999998153,0.9459302094659092
23.168,295.3659506116579,9.999999999998721,0.9459302094659091
23.2,291.9733833144849,-10.000000000000142,0.8266685594724995
23.232,286.9574553484241,-40.00000000000057,0.37213589829750865
23.264,297.0769881570017,19.999999999998153,0.010006178555334078
23.296,297.0769881570017,19.999999999998153,0.01002672467381077
23.328,283.6614678567074,40.00000000000057,0.5485250542599844
23.36,285.30470202322215,-50.0,0.8266685594724995
23.392,286.9574553484241,-40.00000000000057,0.8911444948731203
23.424,288.6197829762387,-30.000000000001137,0.9459302094659092
23.456,291.9733833144849,-10.000000000000142,0.8911444948731202
23.488,293.6647679174075,-7.105427357601002e-13,0.4260623290432814
23.52,297.0769881570017,19.999999999998153,0.24075439447557428
23.552,298.79793764201077,29.999999999999716,0.24075439447557428
23.584,297.0769881570017,19.999999999998153,0.24075439447557428
23.616,295.3659506116579,9.999999999998721,0.615949885458068
23.648,293.6647679174075,-7.105427357601002e-13,0.8911444948731203
23.68,293.6647679174075,-7.105427357601002e-13,0.8911444948731202
23.712,298.79793764201077,29.999999999999716,0.615949885458068
23.744,309.33502415691686,-9.999999999999432,0.3721358982975086
23.776,323.96475278211557,-29.999999999999716,0.24075439447557426
23.808,357.39105439674364,39.99999999999915,0.026168028608935755
23.84,333.4576446322876,19.999999999998863,0.03010686179419501
23.872,329.6275569128699,-1.4210854715202004e-12,0.018187375734912182
23.904,304.0208335929107,-39.99999999999986,0.03489742801962526
23.936,302.26980244077964,-49.99999999999929,0.06608151270920702
23.968,298.79793764201077,29.999999999999716,0.615949885458068
24.0,295.3659506116579,9.999999999998721,0.6860828109301792
24.032,293.6647679174075,-7.105427357601002e-13,0.6860828109301792
24.064,291.9733833144849,-10.000000000000142,0.6860828109301794
24.096,291.9733833144849,-10.000000000000142,0.6860828109301793
24.128,291.9733833144849,-10.000000000000142,0.04069733156888106
24.16,290.2917403700367,-20.000000000001705,0.010073751764282882
24.192,290.2917403700367,-20.000000000001705,0.010000000101429395
24.224,,,0.010000000208892744
24.256,,,0.01000000000061386
24.288,,,0.010000000101408557
24.32,309.33502415691686,-9.999999999999432,0.010622609040911533
24.352,307.5533855193843,-20.000000000000995,0.030106861794195007
24.384,305.78200836531414,-30.000000000000426,0.2065067991177523
24.416,302.26980244077964,-49.99999999999929,0.7571601330199093
24.448,298.79793764201077,29.999999999999716,0.9459302094659092
24.48,298.79793764201077,29.999999999999716,0.9459302094659092
24.512,298.79793764201077,29.999999999999716,0.9848789761259924
24.544,298.79793764201077,29.999999999999716,0.8911444948731202
24.576,298.79793764201077,29.999999999999716,0.12793708630129036
24.608,302.26980244077964,-49.99999999999929,0.10857977072874499
24.64,304.0208335929107,-39.99999999999986,0.17653060863289757
24.672,304.0208335929107,-39.99999999999986,0.32333605839064083
24.704,304.0208335929107,-39.99999999999986,0.8266685594724995
24.736,302.26980244077964,-49.99999999999929,0.24075439447557426
24.768,302.26980244077964,-49.99999999999929,0.24075439447557428
24.8,302.26980244077964,-49.99999999999929,0.32333605839064083
24.832,300.528856485967,39.99999999999915,0.48498680771591124
24.864,300.528856485967,39.99999999999915,0.8911444948731203
24.896,297.0769881570017,19.999999999998153,0.9459302094659091
24.928,293.6647679174075,-7.105427357601002e-13,0.9459302094659091
24.96,291.9733833144849,-10.000000000000142,0.42606232904328145
24.992,290.2917403700367,-20.000000000001705,0.10857977072874499
25.024,288.6197829762387,-30.000000000001137,0.012403124793551348
25.056,307.5533855193843,-20.000000000000995,0.010001873046012553
25.088,302.26980244077964,-49.99999999999929,0.24075439447557426
25.12,305.78200836531414,-30.000000000000426,0.615949885458068
25.152,304.0208335929107,-39.99999999999986,0.6860828109301792
25.184,304.0208335929107,-39.99999999999986,0.8911444948731203
25.216,304.0208335929107,-39.99999999999986,0.9459302094659091
25.248,300.528856485967,39.99999999999915,0.9459302094659092
25.28,297.0769881570017,19.999999999998153,0.7571601330199093
25.312,280.40333801023763,19.999999999999574,0.010000016226422836
25.344,302.26980244077964,-49.99999999999929,0.018187375734912182
25.376,304.0208335929107,-39.99999999999986,0.07797523762294817
25.408,304.0208335929107,-39.99999999999986,0.2065067991177523
25.44,300.528856485967,39.99999999999915,0.20650679911775224
25.472,300.528856485967,39.99999999999915,0.17653060863289757
25.504,298.79793764201077,29.999999999999716,0.2796051653363589
25.536,293.6647679174075,-7.105427357601002e-13,0.7571601330199091
25.568,291.9733833144849,-10.000000000000142,0.9459302094659091
25.6,288.6197829762387,-30.000000000001137,0.9459302094659092
25.632,288.6197829762387,-30.000000000001137,0.8266685594724994
25.664,288.6197829762387,-30.000000000001137,0.5485250542599844
25.696,,,0.010000047007977303
25.728,312.9293240034019,9.999999999999432,0.07797523762294818
25.76,300.528856485967,39.99999999999915,0.17653060863289757
25.792,297.0769881570017,19.999999999998153,0.2796051653363589
25.824,297.0769881570017,19.999999999998153,0.4260623290432815
25.856,293.6647679174075,-7.105427357601002e-13,0.8911444948731202
25.888,293.6647679174075,-7.105427357601002e-13,0.8911444948731203
25.92,293.6647679174075,-7.105427357601002e-13,0.8911444948731202
25.952,295.3659506116579,9.999999999998721,0.20650679911775224
25.984,297.0769881570017,19.999999999998153,0.04069733156888106
26.016,361.54373841774776,-40.00000000000057,0.01000000928748663
26.048,320.24370022528115,49.99999999999929,0.010000002871100366
26.08,293.6647679174075,-7.105427357601002e-13,0.011085791888943373
26.112,295.3659506116579,9.999999999998721,0.022944219124638603
26.144,295.3659506116579,9.999999999998721,0.6159498854580678
26.176,295.3659506116579,9.999999999998721,0.8911444948731203
26.208,293.6647679174075,-7.105427357601002e-13,0.9459302094659091
26.24,291.9733833144849,-10.000000000000142,0.9848789761259924
26.272,291.9733833144849,-10.000000000000142,0.9459302094659091
26.304,290.2917403700367,-20.000000000001705,0.7571601330199093
26.336,290.2917403700367,-20.000000000001705,0.6860828109301793
26.368,297.0769881570017,19.999999999998153,0.5485250542599844
26.4,305.78200836531414,-30.000000000000426,0.20650679911775233
26.432,307.5533855193843,-20.000000000000995,0.24075439447557428
26.464,314.74210513575684,19.999999999998863,0.10857977072874499
26.496,314.74210513575684,19.999999999998863,0.011085791888943375
26.528,302.26980244077964,-49.99999999999929,0.012403124793551348
26.56,298.79793764201077,29.999999999999716,0.0229442191246386
26.592,298.79793764201077,29.999999999999716,0.04768699308253103
26.624,297.0769881570017,19.999999999998153,0.5485250542599844
26.656,297.0769881570017,19.999999999998153,0.020317628556360583
26.688,300.528856485967,39.99999999999915,0.010349055133375844
26.72,298.79793764201077,29.999999999999716,0.010000005214826737
26.752,,,7.748582517027538e-14
26.784,,,5.455918962078797e-13
26.816,347.21682482900223,-9.999999999999432,0.01000000081401481
26.848,304.0208335929107,-39.99999999999986,0.5485250542599844
26.88,302.26980244077964,-49.99999999999929,0.8266685594724995
26.912,300.528856485967,39.99999999999915,0.8911444948731202
26.944,300.528856485967,39.99999999999915,0.9848789761259923
26.976,297.0769881570017,19.999999999998153,0.9848789761259923
27.008,297.0769881570017,19.999999999998153,0.6860828109301792
27.04,290.2917403700367,-20.000000000001705,0.020317628556360583
27.072,,,0.010000000001606033
27.104,,,1.499302051406742e-17
27.136,,,1.3234182863155204e-17
27.168,309.33502415691686,-9.999999999999432,0.0229442191246386
27.2,304.0208335929107,-39.99999999999986,0.092037570812181
27.232,304.0208335929107,-39.99999999999986,0.5485250542599844
27.264,302.26980244077964,-49.99999999999929,0.5485250542599844
27.296,297.0769881570017,19.999999999998153,0.6860828109301793
27.328,297.0769881570017,19.999999999998153,0.615949885458068
27.36,298.79793764201077,29.999999999999716,0.37213589829750865
27.392,297.0769881570017,19.999999999998153,0.5485250542599844
27.424,272.42079928303684,-29.999999999999716,0.015085587297504336
27.456,,,0.010013068846238975
27.488,,,0.011085791888943375
27.52,,,0.011085791888943373
27.552,,,1.5988935127513516e-07
27.584,,,5.040544607016141e-13
27.616,,,1.0291330729580944e-14
27.648,297.0769881570017,19.999999999998153,0.010073751764282886
27.68,298.79793764201077,29.999999999999716,0.026168028608935755
27.712,302.26980244077964,-49.99999999999929,0.42606232904328145
27.744,302.26980244077964,-49.99999999999929,0.6860828109301791
27.776,300.528856485967,39.99999999999915,0.8266685594724995
27.808,298.79793764201077,29.999999999999716,0.6860828109301792
27.84,295.3659506116579,9.999999999998721,0.8266685594724995
27.872,291.9733833144849,-10.000000000000142,0.42606232904328145
27.904,291.9733833144849,-10.000000000000142,0.02616802860893576
27.936,309.33502415691686,-9.999999999999432,0.01010197459374499
27.968,,,9.080436137552656e-15
28.0,,,0.010000000020281856
28.032,,,0.010000001545151582
28.064,,,2.524095598153534e-08
28.096,,,5.032113109912291e-11
28.128,311.12698372208087,0.0,0.010622609040911531
28.16,307.5533855193843,-20.000000000000995,0.011853505394683415
28.192,305.78200836531414,-30.000000000000426,0.026168028608935755
28.224,304.0208335929107,-39.99999999999986,0.092037570812181
28.256,295.3659506116579,9.999999999998721,0.48498680771591124
28.288,291.9733833144849,-10.000000000000142,0.8266685594724995
28.32,291.9733833144849,-10.000000000000142,0.7571601330199094
28.352,291.9733833144849,-10.000000000000142,0.8266685594724995
28.384,297.0769881570017,19.999999999998153,0.7571601330199094
28.416,302.26980244077964,-49.99999999999929,0.8266685594724995
28.448,304.0208335929107,-39.99999999999986,0.9459302094659091
28.48,307.5533855193843,-20.000000000000995,0.9459302094659091
28.512,300.528856485967,39.99999999999915,0.7571601330199094
28.544,,,1.2887419002572837e-11
28.576,,,9.108665465730296e-15
28.608,,,9.085097939147094e-15
28.64,,,8.60384614898293e-16
28.672,,,2.7107802248379036e-14
28.704,,,2.6142316191446695e-12
28.736,,,1.8698083074636425e-10
28.768,,,6.295464931496167e-10
28.8,,,6.4286447102739324e-12
28.832,,,1.2212906140307651e-11
28.864,,,1.9338494320280476e-13
28.896,,,2.8984166414133016e-15
28.928,291.9733833144849,-10.000000000000142,0.010191075496968311
28.96,302.26980244077964,-49.99999999999929,0.20650679911775233
28.992,302.26980244077964,-49.99999999999929,0.6860828109301793
29.024,302.26980244077964,-49.99999999999929,0.8266685594724994
29.056,302.26980244077964,-49.99999999999929,0.8911444948731202
29.088,300.528856485967,39.99999999999915,0.7571601330199094
29.12,298.79793764201077,29.999999999999716,0.8266685594724995
29.152,297.0769881570017,19.999999999998153,0.4849868077159112
29.184,297.0769881570017,19.999999999998153,0.1765306086328976
29.216,297.0769881570017,19.999999999998153,0.03010686179419501
29.248,316.5653876023804,30.000000000000426,0.010013068846238975
29.28,,,2.70717104969988e-14
29.312,285.30470202322215,-50.0,0.010000002870564226
29.344,272.42079928303684,-29.999999999999716,0.010009025493342984
29.376,309.33502415691686,-9.999999999999432,0.034897428019625254
29.408,307.5533855193843,-20.000000000000995,0.24075439447557426
29.44,307.5533855193843,-20.000000000000995,0.42606232904328145
29.472,305.78200836531414,-30.000000000000426,0.8266685594724995
29.504,300.528856485967,39.99999999999915,0.8911444948731202
29.536,293.6647679174075,-7.105427357601002e-13,0.9459302094659091
29.568,290.2917403700367,-20.000000000001705,0.9459302094659092
29.6,295.3659506116579,9.999999999998721,0.8911444948731202
29.632,300.528856485967,39.99999999999915,0.3721358982975087
29.664,302.26980244077964,-49.99999999999929,0.24075439447557428
29.696,302.26980244077964,-49.99999999999929,0.06608151270920701
29.728,302.26980244077964,-49.99999999999929,0.013980210380185928
29.76,302.26980244077964,-49.99999999999929,0.0100028158258111
29.792,,,1.2089688931475589e-12
29.824,,,5.043881125921485e-13
29.856,,,1.2221525862502626e-11
29.888,,,9.873038615403856e-11
29.92,,,1.8621952154771729e-10
29.952,,,2.4844665379329585e-08
29.984,,,9.666043993476355e-08
30.016,,,6.221671091979424e-08
30.048,,,5.6615408364886025e-09
30.08,,,0.010000016226422836
30.112,318.3992322368831,39.99999999999986,0.03489742801962526
30.144,314.74210513575684,19.999999999998863,0.06608151270920701
30.176,298.79793764201077,29.999999999999716,0.17653060863289757
30.208,297.0769881570017,19.999999999998153,0.5485250542599843
30.24,295.3659506116579,9.999999999998721,0.9848789761259923
30.272,295.3659506116579,9.999999999998721,0.9459302094659092
30.304,295.3659506116579,9.999999999998721,0.48498680771591124
30.336,297.0769881570017,19.999999999998153,0.01000000287109432
30.368,,,7.426328213725335e-14
30.4,,,2.5490920451641893e-16
30.432,307.5533855193843,-20.000000000000995,0.010000802780927255
30.464,300.528856485967,39.99999999999915,0.011422334250709074
30.496,300.528856485967,39.99999999999915,0.03489742801962526
30.528,298.79793764201077,29.999999999999716,0.4849868077159112
30.56,298.79793764201077,29.999999999999716,0.8266685594724995
30.592,298.79793764201077,29.999999999999716,0.8266685594724995
30.624,298.79793764201077,29.999999999999716,0.15046460134333878
30.656,298.79793764201077,29.999999999999716,0.010000516719604524
30.688,269.2917795270241,49.99999999999929,0.03010686179419501
30.72,290.2917403700367,-20.000000000001705,0.056071395445892624
30.752,298.79793764201077,29.999999999999716,0.32333605839064083
30.784,298.79793764201077,29.999999999999716,0.48498680771591124
30.816,298.79793764201077,29.999999999999716,0.6860828109301792
30.848,298.79793764201077,29.999999999999716,0.8266685594724995
30.88,297.0769881570017,19.999999999998153,0.9459302094659091
30.912,297.0769881570017,19.999999999998153,0.8266685594724995
30.944,297.0769881570017,19.999999999998153,0.615949885458068
30.976,297.0769881570017,19.999999999998153,0.12793708630129036
31.008,270.8517709358815,-40.00000000000128,0.010000801430167756
31.04,,,1.9668554970269435e-09
31.072,307.5533855193843,-20.000000000000995,0.011085791888943373
31.104,302.26980244077964,-49.99999999999929,0.022944219124638506
31.136,302.26980244077964,-49.99999999999929,0.17653060863289757
31.168,300.528856485967,39.99999999999915,0.4849868077159113
31.2,300.528856485967,39.99999999999915,0.6860828109301793
31.232,298.79793764201077,29.999999999999716,0.6860828109301793
31.264,297.0769881570017,19.999999999998153,0.8911444948731201
31.296,297.0769881570017,19.999999999998153,0.9459302094659092
31.328,295.3659506116579,9.999999999998721,0.9459302094659092
31.36,295.3659506116579,9.999999999998721,0.8266685594724995
31.392,295.3659506116579,9.999999999998721,0.4260623290432814
31.424,297.0769881570017,19.999999999998153,0.010191075496968311
31.456,,,0.01000032860450166
31.488,,,0.010000127845232541
31.52,305.78200836531414,-30.000000000000426,0.026168028608935755
31.552,300.528856485967,39.99999999999915,0.2407543944755743
31.584,298.79793764201077,29.999999999999716,0.20650679911775224
31.616,298.79793764201077,29.999999999999716,0.108579770728745
31.648,297.0769881570017,19.999999999998153,0.07797523762294818
31.68,295.3659506116579,9.999999999998721,0.016467587593113005
31.712,295.3659506116579,9.999999999998721,0.010006178553931369
31.744,,,0.010000000009485135
31.776,,,0.010000005212738059
31.808,,,0.010000000101429396
31.84,297.0769881570017,19.999999999998153,0.1504646013433388
31.872,295.3659506116579,9.999999999998721,0.37213589829750865
31.904,295.3659506116579,9.999999999998721,0.5485250542599844
31.936,293.6647679174075,-7.105427357601002e-13,0.8266685594724994
31.968,293.6647679174075,-7.105427357601002e-13,0.8266685594724995
32.0,295.3659506116579,9.999999999998721,0.8266685594724996
32.032,295.3659506116579,9.999999999998721,0.8266685594724996
32.064,297.0769881570017,19.999999999998153,0.8911444948731202
32.096,291.9733833144849,-10.000000000000142,0.9459302094659092
32.128,286.9574553484241,-40.00000000000057,0.5485250542599844
32.16,285.30470202322215,-50.0,0.24075439447557428
32.192,285.30470202322215,-50.0,0.0229442191246386
32.224,285.30470202322215,-50.0,0.010000127845226492
32.256,,,5.040486880545515e-13
32.288,,,5.04329470166441e-13
32.32,,,1.1477701201359374e-12
32.352,,,1.0433491052069716e-10
32.384,,,0.010037765502929688
32.416,,,0.010140046044704068
32.448,,,0.010191075496968311
32.48,,,0.010140046044704068
32.512,,,0.010006178555334078
32.544,,,0.06608151270920701
32.576,,,0.011422334250709074
32.608,,,0.010013068846238971
32.64,,,0.010000078102280322
32.672,,,0.010000027850262286
32.704,,,0.01000000928748663
32.736,298.79793764201077,29.999999999999716,0.010000000101429396
32.768,298.79793764201077,29.999999999999716,0.010073751764282884
32.8,298.79793764201077,29.999999999999716,0.010000000021701592
32.832,297.0769881570017,19.999999999998153,0.10857977072874499
32.864,293.6647679174075,-7.105427357601002e-13,0.24075439447557428
32.896,298.79793764201077,29.999999999999716,0.24075439447557428
32.928,298.79793764201077,29.999999999999716,0.32333605839064083
32.96,300.528856485967,39.99999999999915,0.32333605839064083
32.992,300.528856485967,39.99999999999915,0.3721358982975087
33.024,300.528856485967,39.99999999999915,0.37213589829750876
33.056,302.26980244077964,-49.99999999999929,0.0779752376229482
33.088,295.3659506116579,9.999999999998721,0.07797523762294818
33.12,295.3659506116579,9.999999999998721,0.2065067991177523
33.152,295.3659506116579,9.999999999998721,0.37213589829750865
33.184,295.3659506116579,9.999999999998721,0.615949885458068
33.216,297.0769881570017,19.999999999998153,0.6860828109301792
33.248,297.0769881570017,19.999999999998153,0.32333605839064083
33.28,297.0769881570017,19.999999999998153,0.010000802780927253
33.312,295.3659506116579,9.999999999998721,0.010000078102280324
33.344,,,0.010000009287486629
33.376,,,0.010000000021701592
33.408,309.33502415691686,-9.999999999999432,0.4849868077159112
33.44,307.5533855193843,-20.000000000000995,0.7571601330199093
33.472,305.78200836531414,-30.000000000000426,0.8266685594724995
33.504,304.0208335929107,-39.99999999999986,0.42606232904328145
33.536,302.26980244077964,-49.99999999999929,0.2065067991177523
33.568,300.528856485967,39.99999999999915,0.12793708630129036
33.6,300.528856485967,39.99999999999915,0.056071395445892624
33.632,305.78200836531414,-30.000000000000426,0.2796051653363589
33.664,305.78200836531414,-30.000000000000426,0.615949885458068
33.696,307.5533855193843,-20.000000000000995,0.6860828109301792
33.728,305.78200836531414,-30.000000000000426,0.5485250542599843
33.76,297.0769881570017,19.999999999998153,0.15046460134333883
33.792,,,9.324190259774628e-16
33.824,,,0.010000027850262286
33.856,,,0.010000016226422836
33.888,316.5653876023804,30.000000000000426,0.03010686179419501
33.92,314.74210513575684,19.999999999998863,0.3233360583906408
33.952,311.12698372208087,0.0,0.48498680771591124
33.984,309.33502415691686,-9.999999999999432,0.5485250542599844
34.016,305.78200836531414,-30.000000000000426,0.6860828109301792
34.048,302.26980244077964,-49.99999999999929,0.8911444948731203
34.08,300.528856485967,39.99999999999915,0.8911444948731203
34.112,300.528856485967,39.99999999999915,0.8911444948731202
34.144,300.528856485967,39.99999999999915,0.3721358982975087
34.176,298.79793764201077,29.999999999999716,0.32333605839064083
34.208,297.0769881570017,19.999999999998153,0.32333605839064083
34.24,298.79793764201077,29.999999999999716,0.24075439447557428
34.272,298.79793764201077,29.999999999999716,0.6860828109301793
34.304,298.79793764201077,29.999999999999716,0.7571601330199093
34.336,300.528856485967,39.99999999999915,0.8911444948731202
34.368,300.528856485967,39.99999999999915,0.8266685594724995
34.4,300.528856485967,39.99999999999915,0.5485250542599844
34.432,302.26980244077964,-49.99999999999929,0.07797523762294818
34.464,,,0.01000123296498612
34.496,,,0.010013068846238975
34.528,297.0769881570017,19.999999999998153,0.04069733156888105
34.56,297.0769881570017,19.999999999998153,0.42606232904328134
34.592,295.3659506116579,9.999999999998721,0.7571601330199093
34.624,295.3659506116579,9.999999999998721,0.7571601330199093
34.656,297.0769881570017,19.999999999998153,0.6159498854580682
34.688,297.0769881570017,19.999999999998153,0.5485250542599845
34.72,298.79793764201077,29.999999999999716,0.5485250542599847
34.752,297.0769881570017,19.999999999998153,0.12793708630129036
34.784,297.0769881570017,19.999999999998153,0.012403124793551348
34.816,297.0769881570017,19.999999999998153,0.01000032860450166
34.848,,,8.407888709824268e-16
34.88,,,0.010000000001604403
34.912,,,7.425380227260234e-14
34.944,,,0.010000000000006925
34.976,,,0.010001873046012551
35.008,,,0.010000516719604524
35.04,,,0.010009025493342986
35.072,,,0.01000000928748663
35.104,,,0.010000000021701592
35.136,,,0.010000000417925077
35.168,,,0.010000000814014906
35.2,,,0.010000328604501658
35.232,298.79793764201077,29.999999999999716,0.010349055133375844
35.264,297.0769881570017,19.999999999998153,0.1765306086328976
35.296,298.79793764201077,29.999999999999716,0.4260623290432814
35.328,300.528856485967,39.99999999999915,0.5485250542599844
35.36,298.79793764201077,29.999999999999716,0.3721358982975086
35.392,260.1187129259726,-9.999999999999432,0.01000000000950597
35.424,312.9293240034019,9.999999999999432,0.01010197459374499
35.456,311.12698372208087,0.0,0.04069733156888106
35.488,309.33502415691686,-9.999999999999432,0.12793708630129036
35.52,309.33502415691686,-9.999999999999432,0.4849868077159112
35.552,307.5533855193843,-20.000000000000995,0.615949885458068
35.584,300.528856485967,39.99999999999915,0.48498680771591124
35.616,298.79793764201077,29.999999999999716,0.42606232904328134
35.648,298.79793764201077,29.999999999999716,0.6159498854580681
35.68,298.79793764201077,29.999999999999716,0.6860828109301794
35.712,298.79793764201077,29.999999999999716,0.7571601330199094
35.744,298.79793764201077,29.999999999999716,0.8266685594724996
35.776,297.0769881570017,19.999999999998153,0.9459302094659092
35.808,295.3659506116579,9.999999999998721,0.8266685594724995
35.84,295.3659506116579,9.999999999998721,0.5485250542599844
35.872,297.0769881570017,19.999999999998153,0.615949885458068
35.904,297.0769881570017,19.999999999998153,0.5485250542599844
35.936,297.0769881570017,19.999999999998153,0.7571601330199093
35.968,297.0769881570017,19.999999999998153,0.8266685594724995
36.0,295.3659506116579,9.999999999998721,0.8266685594724995
36.032,295.3659506116579,9.999999999998721,0.2407543944755743
36.064,297.0769881570017,19.999999999998153,0.1504646013433388
36.096,297.0769881570017,19.999999999998153,0.07797523762294818
36.128,298.79793764201077,29.999999999999716,0.04069733156888105
36.16,282.02769802256034,29.999999999999005,0.011085791888943375
36.192,295.3659506116579,9.999999999998721,0.012403124793551348
36.224,297.0769881570017,19.999999999998153,0.06608151270920701
36.256,297.0769881570017,19.999999999998153,0.06608151270920701
36.288,297.0769881570017,19.999999999998153,0.5485250542599845
36.32,300.528856485967,39.99999999999915,0.12793708630129036
36.352,298.79793764201077,29.999999999999716,0.2796051653363589
36.384,298.79793764201077,29.999999999999716,0.2065067991177523
36.416,298.79793764201077,29.999999999999716,0.5485250542599845
36.448,297.0769881570017,19.999999999998153,0.8266685594724995
36.48,297.0769881570017,19.999999999998153,0.9459302094659091
36.512,295.3659506116579,9.999999999998721,0.9459302094659091
36.544,293.6647679174075,-7.105427357601002e-13,0.9459302094659091
36.576,290.2917403700367,-20.000000000001705,0.9459302094659091
36.608,282.02769802256034,29.999999999999005,0.0779752376229482
36.64,280.40333801023763,19.999999999999574,0.010013068846232927
36.672,280.40333801023763,19.999999999999574,0.010000001545151281
36.704,282.02769802256034,29.999999999999005,0.010467533617069905
36.736,293.6647679174075,-7.105427357601002e-13,0.12793708630129036
36.768,295.3659506116579,9.999999999998721,0.6860828109301793
36.8,297.0769881570017,19.999999999998153,0.9459302094659092
36.832,297.0769881570017,19.999999999998153,0.7571601330199093
36.864,298.79793764201077,29.999999999999716,0.6159498854580678
36.896,298.79793764201077,29.999999999999716,0.5485250542599844
36.928,298.79793764201077,29.999999999999716,0.5485250542599844
36.96,297.0769881570017,19.999999999998153,0.8266685594724994
36.992,297.0769881570017,19.999999999998153,0.8911444948731203
37.024,295.3659506116579,9.999999999998721,0.8911444948731203
37.056,295.3659506116579,9.999999999998721,0.9459302094659092
37.088,298.79793764201077,29.999999999999716,0.615949885458068
37.12,300.528856485967,39.99999999999915,0.615949885458068
37.152,300.528856485967,39.99999999999915,0.42606232904328145
37.184,302.26980244077964,-49.99999999999929,0.32333605839064083
37.216,300.528856485967,39.99999999999915,0.013980210380185928
37.248,272.42079928303684,-29.999999999999716,0.010000000000006925
37.28,291.9733833144849,-10.000000000000142,0.010000802780927255
37.312,293.6647679174075,-7.105427357601002e-13,0.013980210380185928
37.344,293.6647679174075,-7.105427357601002e-13,0.17653060863289757
37.376,293.6647679174075,-7.105427357601002e-13,0.6159498854580681
37.408,293.6647679174075,-7.105427357601002e-13,0.8266685594724995
37.44,293.6647679174075,-7.105427357601002e-13,0.8266685594724995
37.472,293.6647679174075,-7.105427357601002e-13,0.8266685594724996
37.504,293.6647679174075,-7.105427357601002e-13,0.8911444948731203
37.536,,,0.010073751764282884
37.568,,,0.010000000021701592
37.6,,,0.010000802780927255
37.632,,,0.010000206339010503
37.664,,,0.010036686196976721
37.696,,,1.9212215528122697e-10
37.728,,,3.956633720698574e-08
37.76,,,1.95378391009175e-09
37.792,,,1.222152440746527e-11
37.824,295.3659506116579,9.999999999998721,0.010349055133375844
37.856,278.7883336231537,10.000000000000142,0.05607139544589262
37.888,291.9733833144849,-10.000000000000142,0.06608151270920702
37.92,291.9733833144849,-10.000000000000142,0.15046460134333883
37.952,291.9733833144849,-10.000000000000142,0.2065067991177523
37.984,293.6647679174075,-7.105427357601002e-13,0.615949885458068
38.016,295.3659506116579,9.999999999998721,0.7571601330199091
38.048,298.79793764201077,29.999999999999716,0.8266685594724994
38.08,298.79793764201077,29.999999999999716,0.8911444948731202
38.112,297.0769881570017,19.999999999998153,0.9459302094659091
38.144,297.0769881570017,19.999999999998153,0.9459302094659091
38.176,297.0769881570017,19.999999999998153,0.9459302094659091
38.208,298.79793764201077,29.999999999999716,0.8911444948731202
38.24,297.0769881570017,19.999999999998153,0.8911444948731202
38.272,297.0769881570017,19.999999999998153,0.8911444948731203
38.304,297.0769881570017,19.999999999998153,0.8911444948731202
38.336,295.3659506116579,9.999999999998721,0.8911444948731202
38.368,295.3659506116579,9.999999999998721,0.8911444948731202
38.4,295.3659506116579,9.999999999998721,0.8911444948731203
38.432,295.3659506116579,9.999999999998721,0.9459302094659092
38.464,297.0769881570017,19.999999999998153,0.9459302094659091
38.496,302.26980244077964,-49.99999999999929,0.32333605839064083
38.528,300.528856485967,39.99999999999915,0.1765306086328976
38.56,298.79793764201077,29.999999999999716,0.09203757081218102
38.592,300.528856485967,39.99999999999915,0.1504646013433388
38.624,298.79793764201077,29.999999999999716,0.6159498854580681
38.656,298.79793764201077,29.999999999999716,0.7571601330199093
38.688,298.79793764201077,29.999999999999716,0.8911444948731202
38.72,297.0769881570017,19.999999999998153,0.9848789761259924
38.752,295.3659506116579,9.999999999998721,0.9848789761259923
38.784,293.6647679174075,-7.105427357601002e-13,0.8266685594724995
38.816,302.26980244077964,-49.99999999999929,0.12793708630129033
38.848,302.26980244077964,-49.99999999999929,0.026168028608935755
38.88,300.528856485967,39.99999999999915,0.12793708630129036
38.912,298.79793764201077,29.999999999999716,0.3233360583906409
38.944,297.0769881570017,19.999999999998153,0.8911444948731202
38.976,297.0769881570017,19.999999999998153,0.9459302094659092
39.008,297.0769881570017,19.999999999998153,0.9459302094659092
39.04,297.0769881570017,19.999999999998153,0.9459302094659091
39.072,297.0769881570017,19.999999999998153,0.9459302094659092
39.104,295.3659506116579,9.999999999998721,0.24075439447557428
39.136,297.0769881570017,19.999999999998153,0.20650679911775233
39.168,297.0769881570017,19.999999999998153,0.09203757081218102
39.2,302.26980244077964,-49.99999999999929,0.022944219124638603
39.232,304.0208335929107,-39.99999999999986,0.04069733156888106
39.264,312.9293240034019,9.999999999999432,0.010000000093125148
39.296,314.74210513575684,19.999999999998863,0.010000000208892646
39.328,309.33502415691686,-9.999999999999432,0.04768699308253103
39.36,304.0208335929107,-39.99999999999986,0.27960516533635893
39.392,304.0208335929107,-39.99999999999986,0.5485250542599844
39.424,302.26980244077964,-49.99999999999929,0.8911444948731203
39.456,300.528856485967,39.99999999999915,0.8266685594724995
39.488,300.528856485967,39.99999999999915,0.8911444948731202
39.52,300.528856485967,39.99999999999915,0.8911444948731202
39.552,300.528856485967,39.99999999999915,0.9459302094659092
39.584,297.0769881570017,19.999999999998153,0.9848789761259923
39.616,298.79793764201077,29.999999999999716,0.4849868077159112
39.648,302.26980244077964,-49.99999999999929,0.2407543944755743
39.68,304.0208335929107,-39.99999999999986,0.02616802860893576
39.712,275.58617649730814,-10.000000000000853,0.010349055133375749
39.744,,,0.010000000003460359
39.776,,,4.903649492571971e-13
39.808,,,4.843568069657801e-13
39.84,,,1.1456497935360784e-12
39.872,,,3.4641646473530065e-10
39.904,,,0.0100000470079773
39.936,,,0.010000078102280324
39.968,,,0.010000000009505967
40.0,,,0.010000000021701592
40.032,,,0.010000000009505967
40.064,,,0.010000016226422836
40.096,,,0.010000000814014904
40.128,,,0.010000000101429395
40.16,,,0.010000000208892744
40.192,,,0.01000012784523254
40.224,297.0769881570017,19.999999999998153,0.011422334250709073
40.256,297.0769881570017,19.999999999998153,0.37213589829750865
40.288,298.79793764201077,29.999999999999716,0.6860828109301794
40.32,297.0769881570017,19.999999999998153,0.8266685594724995
40.352,293.6647679174075,-7.105427357601002e-13,0.3233360583906409
40.384,300.528856485967,39.99999999999915,0.015085587297504338
40.416,297.0769881570017,19.999999999998153,0.10857977072874499
40.448,297.0769881570017,19.999999999998153,0.3233360583906408
40.48,297.0769881570017,19.999999999998153,0.5485250542599844
40.512,295.3659506116579,9.999999999998721,0.8266685594724995
40.544,,,0.01001876450976914
40.576,,,0.010000002871100368
40.608,,,0.010000000047726025
40.64,,,0.010000000009505967
40.672,,,0.01000032860450166
40.704,295.3659506116579,9.999999999998721,0.03010686179419501
40.736,295.3659506116579,9.999999999998721,0.4260623290432815
40.768,295.3659506116579,9.999999999998721,0.6860828109301792
40.8,295.3659506116579,9.999999999998721,0.7571601330199093
40.832,295.3659506116579,9.999999999998721,0.047686993082531035
40.864,,,0.010013068846238973
40.896,,,0.010000802780927255
40.928,,,0.010000005216229449
40.96,,,0.01000020633903134
40.992,,,0.010001873046012551
41.024,,,0.010824463728234167
41.056,,,0.010349055133375844
41.088,,,0.010000027850262288
41.12,,,0.010000000417925077
41.152,,,0.01000000002170159
41.184,329.6275569128699,-1.4210854715202004e-12,0.022944219124638603
41.216,325.8414615030442,-20.000000000000284,0.026168028608935752
41.248,297.0769881570017,19.999999999998153,0.108579770728745
41.28,295.3659506116579,9.999999999998721,0.37213589829750865
41.312,293.6647679174075,-7.105427357601002e-13,0.9848789761259923
41.344,293.6647679174075,-7.105427357601002e-13,0.9848789761259923
41.376,295.3659506116579,9.999999999998721,0.9459302094659092
41.408,304.0208335929107,-39.99999999999986,0.047686993082531035
41.44,,,2.5500843599241346e-16
41.472,,,0.010000000000221913
41.504,,,0.010000009287486632
41.536,,,0.010000000208892744
41.568,,,0.01000000928748663
41.6,,,0.01000123296498612
41.632,302.26980244077964,-49.99999999999929,0.047686993082531035
41.664,302.26980244077964,-49.99999999999929,0.2407543944755743
41.696,302.26980244077964,-49.99999999999929,0.3233360583906409
41.728,302.26980244077964,-49.99999999999929,0.3233360583906409
41.76,300.528856485967,39.99999999999915,0.615949885458068
41.792,298.79793764201077,29.999999999999716,0.5485250542599844
41.824,297.0769881570017,19.999999999998153,0.6860828109301791
41.856,297.0769881570017,19.999999999998153,0.4849868077159112
41.888,295.3659506116579,9.999999999998721,0.2065067991177523
41.92,,,0.010000000208892745
41.952,,,0.01000020633903134
41.984,,,0.010000002871100368
42.016,,,0.010000000047726025
42.048,,,0.010000078102280324
42.08,,,0.010000078102280324
42.112,,,0.010009025493342988
42.144,,,0.010000002871100368
42.176,,,0.010000005216229449
42.208,,,0.0100000470079773
42.24,,,2.9736242548845427e-15
42.272,,,2.320164592772873e-16
42.304,,,2.706982334311039e-14
42.336,,,0.01000020633903134
42.368,,,0.013100262550513395
42.4,,,0.022944219124638603
42.432,,,0.026168028608935755
42.464,,,0.018187375734912182
42.496,,,0.015085587297504338
42.528,,,0.010000005216229449
42.56,,,0.010000516719604524
42.592,,,0.010000516719604524
42.624,,,0.010000127845232541
42.656,,,0.01000617855533408
42.688,304.0208335929107,-39.99999999999986,0.010349055133375844
42.72,300.528856485967,39.99999999999915,0.4260623290432815
42.752,298.79793764201077,29.999999999999716,0.8266685594724994
42.784,297.0769881570017,19.999999999998153,0.9459302094659092
42.816,297.0769881570017,19.999999999998153,0.9459302094659092
42.848,297.0769881570017,19.999999999998153,0.6159498854580678
42.88,295.3659506116579,9.999999999998721,0.42606232904328145
42.912,297.0769881570017,19.999999999998153,0.24075439447557428
42.944,297.0769881570017,19.999999999998153,0.056071395445892624
42.976,297.0769881570017,19.999999999998153,0.09203757081218102
43.008,302.26980244077964,-49.99999999999929,0.03010686179419501
43.04,320.24370022528115,49.99999999999929,0.010037765502929688
43.072,293.6647679174075,-7.105427357601002e-13,0.013980210380185928
43.104,295.3659506116579,9.999999999998721,0.05607139544589262
43.136,295.3659506116579,9.999999999998721,0.07797523762294818
43.168,295.3659506116579,9.999999999998721,0.6860828109301791
43.2,297.0769881570017,19.999999999998153,0.3233360583906408
43.232,297.0769881570017,19.999999999998153,0.010000001546554298
43.264,,,0.01000123296498612
43.296,,,0.010001873046012551
43.328,,,0.010000802780927255
43.36,320.24370022528115,49.99999999999929,0.01000032860450166
43.392,307.5533855193843,-20.000000000000995,0.03010686179419501
43.424,305.78200836531414,-30.000000000000426,0.32333605839064083
43.456,305.78200836531414,-30.000000000000426,0.48498680771591124
43.488,302.26980244077964,-49.99999999999929,0.4849868077159112
43.52,300.528856485967,39.99999999999915,0.4849868077159112
43.552,300.528856485967,39.99999999999915,0.37213589829750865
43.584,300.528856485967,39.99999999999915,0.6159498854580678
43.616,295.3659506116579,9.999999999998721,0.615949885458068
43.648,291.9733833144849,-10.000000000000142,0.32333605839064083
43.68,297.0769881570017,19.999999999998153,0.5485250542599845
43.712,297.0769881570017,19.999999999998153,0.6860828109301792
43.744,297.0769881570017,19.999999999998153,0.8911444948731203
43.776,297.0769881570017,19.999999999998153,0.9459302094659091
43.808,297.0769881570017,19.999999999998153,0.9459302094659092
43.84,297.0769881570017,19.999999999998153,0.9459302094659092
43.872,297.0769881570017,19.999999999998153,0.9459302094659092
43.904,297.0769881570017,19.999999999998153,0.8911444948731201
43.936,297.0769881570017,19.999999999998153,0.615949885458068
43.968,297.0769881570017,19.999999999998153,0.4849868077159112
44.0,298.79793764201077,29.999999999999716,0.615949885458068
44.032,297.0769881570017,19.999999999998153,0.8266685594724995
44.064,297.0769881570017,19.999999999998153,0.9459302094659091
44.096,300.528856485967,39.99999999999915,0.32333605839064083
44.128,302.26980244077964,-49.99999999999929,0.10857977072874497
44.16,302.26980244077964,-49.99999999999929,0.1504646013433388
44.192,302.26980244077964,-49.99999999999929,0.17653060863289763
44.224,300.528856485967,39.99999999999915,0.7571601330199091
44.256,298.79793764201077,29.999999999999716,0.9459302094659092
44.288,300.528856485967,39.99999999999915,0.9459302094659092
44.32,300.528856485967,39.99999999999915,0.8911444948731202
44.352,307.5533855193843,-20.000000000000995,0.010349055133375846
44.384,307.5533855193843,-20.000000000000995,0.010000000101427764
44.416,,,4.910507575318615e-13
44.448,277.1826309768721,-1.4210854715202004e-12,0.010467533617069905
44.48,290.2917403700367,-20.000000000001705,0.07797523762294818
44.512,293.6647679174075,-7.105427357601002e-13,0.4849868077159112
44.544,293.6647679174075,-7.105427357601002e-13,0.6860828109301793
44.576,297.0769881570017,19.999999999998153,0.4849868077159112
44.608,300.528856485967,39.99999999999915,0.37213589829750865
44.64,302.26980244077964,-49.99999999999929,0.4260623290432814
44.672,302.26980244077964,-49.99999999999929,0.6159498854580681
44.704,302.26980244077964,-49.99999999999929,0.09203757081218102
44.736,300.528856485967,39.99999999999915,0.011853505394683413
44.768,,,5.747612109419625e-12
44.8,,,9.801346966121662e-11
44.832,,,6.51510087263095e-08
44.864,,,3.6556180309009326e-07
44.896,,,1.6136291408796788e-06
44.928,,,0.010014178928567461
44.96,,,0.010001569318502348
44.992,,,4.587164322240043e-06
45.024,,,0.1765306086328976
45.056,,,0.010037765502929688
45.088,,,0.010009025493342986
45.12,,,0.010009025493342986
45.152,,,0.010018764509769141
45.184,302.26980244077964,-49.99999999999929,0.011422334250709074
45.216,297.0769881570017,19.999999999998153,0.42606232904328145
45.248,297.0769881570017,19.999999999998153,0.8266685594724995
45.28,298.79793764201077,29.999999999999716,0.8911444948731202
45.312,300.528856485967,39.99999999999915,0.8911444948731202
45.344,300.528856485967,39.99999999999915,0.42606232904328145
45.376,298.79793764201077,29.999999999999716,0.42606232904328145
45.408,297.0769881570017,19.999999999998153,0.42606232904328145
45.44,297.0769881570017,19.999999999998153,0.6159498854580682
45.472,295.3659506116579,9.999999999998721,0.8911444948731202
45.504,291.9733833144849,-10.000000000000142,0.8266685594724995
45.536,291.9733833144849,-10.000000000000142,0.3721358982975087
45.568,288.6197829762387,-30.000000000001137,0.047686993082531035
45.6,286.9574553484241,-40.00000000000057,0.4849868077159112
45.632,290.2917403700367,-20.000000000001705,0.6159498854580678
45.664,300.528856485967,39.99999999999915,0.6860828109301793
45.696,298.79793764201077,29.999999999999716,0.6860828109301792
45.728,298.79793764201077,29.999999999999716,0.5485250542599844
45.76,300.528856485967,39.99999999999915,0.42606232904328145
45.792,293.6647679174075,-7.105427357601002e-13,0.32333605839064083
45.824,304.0208335929107,-39.99999999999986,0.012403124793551348
45.856,302.26980244077964,-49.99999999999929,0.32333605839064083
45.888,300.528856485967,39.99999999999915,0.37213589829750865
45.92,300.528856485967,39.99999999999915,0.42606232904328145
45.952,298.79793764201077,29.999999999999716,0.010824463728228118
45.984,295.3659506116579,9.999999999998721,0.010000027848859568
46.016,293.6647679174075,-7.105427357601002e-13,0.011853505394683413
46.048,293.6647679174075,-7.105427357601002e-13,0.06608151270920701
46.08,291.9733833144849,-10.000000000000142,0.6159498854580678
46.112,291.9733833144849,-10.000000000000142,0.9459302094659092
46.144,293.6647679174075,-7.105427357601002e-13,0.9459302094659092
46.176,293.6647679174075,-7.105427357601002e-13,0.9459302094659091
46.208,297.0769881570017,19.999999999998153,0.9459302094659092
46.24,297.0769881570017,19.999999999998153,0.9459302094659091
46.272,297.0769881570017,19.999999999998153,0.8911444948731202
46.304,295.3659506116579,9.999999999998721,0.8911444948731202
46.336,293.6647679174075,-7.105427357601002e-13,0.8266685594724995
46.368,293.6647679174075,-7.105427357601002e-13,0.8911444948731203
46.4,291.9733833144849,-10.000000000000142,0.8911444948731202
46.432,291.9733833144849,-10.000000000000142,0.8911444948731202
46.464,291.9733833144849,-10.000000000000142,0.8266685594724996
46.496,293.6647679174075,-7.105427357601002e-13,0.8266685594724995
46.528,293.6647679174075,-7.105427357601002e-13,0.8266685594724994
46.56,293.6647679174075,-7.105427357601002e-13,0.020317628556360583
46.592,295.3659506116579,9.999999999998721,0.013100262550513395
46.624,297.0769881570017,19.999999999998153,0.03489742801962527
46.656,297.0769881570017,19.999999999998153,0.10857977072874497
46.688,297.0769881570017,19.999999999998153,0.6860828109301793
46.72,297.0769881570017,19.999999999998153,0.9459302094659092
46.752,298.79793764201077,29.999999999999716,0.8911444948731202
46.784,298.79793764201077,29.999999999999716,0.8266685594724994
46.816,298.79793764201077,29.999999999999716,0.42606232904328145
46.848,302.26980244077964,-49.99999999999929,0.010000000003996526
46.88,,,0.010000206338837518
46.912,302.26980244077964,-49.99999999999929,0.2065067991177523
46.944,298.79793764201077,29.999999999999716,0.48498680771591124
46.976,298.79793764201077,29.999999999999716,0.6860828109301792
47.008,297.0769881570017,19.999999999998153,0.8266685594724995
47.04,297.0769881570017,19.999999999998153,0.615949885458068
47.072,297.0769881570017,19.999999999998153,0.5485250542599845
47.104,297.0769881570017,19.999999999998153,0.48498680771591124
47.136,297.0769881570017,19.999999999998153,0.37213589829750865
47.168,300.528856485967,39.99999999999915,0.022944219124638603
47.2,304.0208335929107,-39.99999999999986,0.010000047007977205
47.232,,,1.1445909833163186e-12
47.264,,,2.613361070598244e-12
47.296,,,2.6603757907227554e-11
47.328,,,3.494453482883244e-09
47.36,,,6.724809374418503e-08
47.392,,,3.4679116705432885e-07
47.424,,,2.5604315937807268e-08
47.456,,,1.5797419412295283e-08
47.488,,,0.0100000000000754
47.52,,,0.010000000021701592
47.552,,,0.010000127845232541
47.584,,,0.010000027850262286
47.616,,,0.010009025493342986
47.648,293.6647679174075,-7.105427357601002e-13,0.010824463728234167
47.68,293.6647679174075,-7.105427357601002e-13,0.2796051653363589
47.712,290.2917403700367,-20.000000000001705,0.6860828109301793
47.744,291.9733833144849,-10.000000000000142,0.6860828109301792
47.776,295.3659506116579,9.999999999998721,0.37213589829750865
47.808,295.3659506116579,9.999999999998721,0.24075439447557428
47.84,297.0769881570017,19.999999999998153,0.42606232904328145
47.872,295.3659506116579,9.999999999998721,0.3233360583906409
47.904,295.3659506116579,9.999999999998721,0.37213589829750876
47.936,295.3659506116579,9.999999999998721,0.108579770728745
47.968,277.1826309768721,-1.4210854715202004e-12,0.0779752376229482
48.0,283.6614678567074,40.00000000000057,0.17653060863289757
48.032,291.9733833144849,-10.000000000000142,0.37213589829750865
48.064,295.3659506116579,9.999999999998721,0.615949885458068
48.096,297.0769881570017,19.999999999998153,0.8911444948731203
48.128,297.0769881570017,19.999999999998153,0.9848789761259924
48.16,297.0769881570017,19.999999999998153,0.9848789761259923
48.192,297.0769881570017,19.999999999998153,0.8911444948731202
48.224,290.2917403700367,-20.000000000001705,0.010001873046012551
48.256,,,1.9347654115436757e-13
48.288,,,2.1606394715091678e-13
48.32,,,0.010000000005958866
48.352,,,0.010000000013378509
48.384,,,0.010000000101429396
48.416,,,2.671981520071036e-14
48.448,,,1.934791955885553e-13
48.48,,,4.815617868966137e-13
48.512,,,0.010000000118793822
48.544,,,1.865413645699695e-10
48.576,,,1.9789227257152855e-09
48.608,,,1.255597920435634e-09
48.64,,,2.1935214926497882e-09
48.672,,,0.010050039501613137
48.704,,,2.9827509509332868e-15
48.736,300.528856485967,39.99999999999915,0.2407543944755743
48.768,298.79793764201077,29.999999999999716,0.5485250542599844
48.8,298.79793764201077,29.999999999999716,0.6860828109301793
48.832,298.79793764201077,29.999999999999716,0.8911444948731203
48.864,297.0769881570017,19.999999999998153,0.9848789761259924
48.896,298.79793764201077,29.999999999999716,0.9459302094659091
48.928,297.0769881570017,19.999999999998153,0.5485250542599847
48.96,300.528856485967,39.99999999999915,0.026168028608935752
48.992,,,0.010000016226422836
49.024,,,5.4489239106227694e-17
49.056,,,0.0
49.088,,,0.0
49.12,,,2.3214353592537133e-16
49.152,,,0.010000000009505967
49.184,,,0.010000000814014906
49.216,363.6381399878532,-30.000000000001137,0.010000000003996623
49.248,302.26980244077964,-49.99999999999929,0.4849868077159112
49.28,300.528856485967,39.99999999999915,0.7571601330199093
49.312,298.79793764201077,29.999999999999716,0.8266685594724995
49.344,298.79793764201077,29.999999999999716,0.9459302094659092
49.376,298.79793764201077,29.999999999999716,0.8911444948731202
49.408,302.26980244077964,-49.99999999999929,0.6159498854580678
49.44,307.5533855193843,-20.000000000000995,0.2796051653363589
49.472,335.38934511626763,29.999999999998295,0.010037765502929688
49.504,,,0.010000000047726025
49.536,314.74210513575684,19.999999999998863,0.010349055133375844
49.568,309.33502415691686,-9.999999999999432,0.01646758759311301
49.6,305.78200836531414,-30.000000000000426,0.09203757081218102
49.632,302.26980244077964,-49.99999999999929,0.4260623290432814
49.664,300.528856485967,39.99999999999915,0.6860828109301792
49.696,302.26980244077964,-49.99999999999929,0.6860828109301791
49.728,302.26980244077964,-49.99999999999929,0.5485250542599845
49.76,300.528856485967,39.99999999999915,0.615949885458068
49.792,,,0.010140046044704068
49.824,,,0.010000078102280324
49.856,,,0.010000802780927255
49.888,,,0.010000516719604524
49.92,,,0.010073751764282884
49.952,,,0.01
49.984,,,0.010000000208892744
50.016,,,0.010000000047726025
50.048,,,0.010000001546554296
50.08,,,0.010000005216229449
50.112,,,0.010000802780927255
50.144,,,0.011422334250709074
50.176,298.79793764201077,29.999999999999716,0.01014004604470407
50.208,298.79793764201077,29.999999999999716,0.03010686179419501
50.24,298.79793764201077,29.999999999999716,0.05607139544589262
50.272,297.0769881570017,19.999999999998153,0.10857977072874499
50.304,300.528856485967,39.99999999999915,0.034897428019625254
50.336,305.78200836531414,-30.000000000000426,0.010073751764282884
50.368,270.8517709358815,-40.00000000000128,0.010000000001606035
50.4,,,0.010000002871094317
50.432,307.5533855193843,-20.000000000000995,0.013100262550513395
50.464,300.528856485967,39.99999999999915,0.15046460134333883
50.496,298.79793764201077,29.999999999999716,0.24075439447557426
50.528,297.0769881570017,19.999999999998153,0.3233360583906408
50.56,295.3659506116579,9.999999999998721,0.8266685594724995
50.592,291.9733833144849,-10.000000000000142,0.8911444948731203
50.624,293.6647679174075,-7.105427357601002e-13,0.8911444948731202
50.656,293.6647679174075,-7.105427357601002e-13,0.7571601330199091
50.688,,,3.96428758129875e-08
50.72,,,0.01000032725373489
50.752,,,0.010000001546554295
50.784,,,0.010000000101429395
50.816,,,0.010000000009505967
50.848,,,0.010000516719604524
50.88,298.79793764201077,29.999999999999716,0.020317628556360583
50.912,297.0769881570017,19.999999999998153,0.2796051653363589
50.944,295.3659506116579,9.999999999998721,0.615949885458068
50.976,295.3659506116579,9.999999999998721,0.6860828109301793
51.008,295.3659506116579,9.999999999998721,0.7571601330199093
51.04,297.0769881570017,19.999999999998153,0.4849868077159112
51.072,,,0.010000078102278692
51.104,,,0.010018764509768754
51.136,,,0.010140046044704068
51.168,,,0.01000000000061386
51.2,,,0.010000001546554296
51.232,,,0.010000000047726025
51.264,,,0.010000001546554296
51.296,,,0.01000123296498612
51.328,298.79793764201077,29.999999999999716,0.026168028608935755
51.36,298.79793764201077,29.999999999999716,0.3233360583906409
51.392,298.79793764201077,29.999999999999716,0.5485250542599845
51.424,300.528856485967,39.99999999999915,0.5485250542599845
51.456,300.528856485967,39.99999999999915,0.030106861794195007
51.488,,,0.0100028158258111
51.52,,,0.010000802780927255
51.552,,,0.0100028158258111
51.584,,,0.01014004604470407
51.616,,,0.010824463728234167
51.648,297.0769881570017,19.999999999998153,0.3721358982975087
51.68,298.79793764201077,29.999999999999716,0.8266685594724995
51.712,300.528856485967,39.99999999999915,0.9459302094659092
51.744,300.528856485967,39.99999999999915,0.9459302094659092
51.776,298.79793764201077,29.999999999999716,0.8911444948731202
51.808,,,0.010073751764282884
51.84,,,0.01002672467381077
51.872,,,0.010001873046012551
51.904,,,0.01000419105279527
51.936,304.0208335929107,-39.99999999999986,0.010073751764282884
51.968,300.528856485967,39.99999999999915,0.04768699308253103
52.0,302.26980244077964,-49.99999999999929,0.047686993082531035
52.032,298.79793764201077,29.999999999999716,0.010824463728234167
52.064,,,0.010000000009312148
52.096,,,1.9459076127400834e-13
52.128,,,3.457037442124618e-10
52.16,,,5.66011184276789e-09
52.192,,,2.4844796402241907e-08
52.224,,,2.2595590063053736e-07
52.256,,,2.260536108245341e-06
52.288,,,1.688099634275929e-05
52.32,,,0.010013068846238975
52.352,,,0.010000000814014906
52.384,,,0.010000000101429396
52.416,,,0.010000000003996621
52.448,,,0.010000000021701594
52.48,,,0.010000000417925078
52.512,,,0.010000000814014906
52.544,,,0.0100028158258111
52.576,298.79793764201077,29.999999999999716,0.020317628556360583
52.608,297.0769881570017,19.999999999998153,0.12793708630129036
52.64,297.0769881570017,19.999999999998153,0.32333605839064083
52.672,295.3659506116579,9.999999999998721,0.32333605839064083
52.704,295.3659506116579,9.999999999998721,0.5485250542599844
52.736,295.3659506116579,9.999999999998721,0.32333605839064083
52.768,295.3659506116579,9.999999999998721,0.07797523762294818
52.8,285.30470202322215,-50.0,0.01646758759311301
52.832,282.02769802256034,29.999999999999005,0.010018764509769136
52.864,,,0.010000000101429393
52.896,,,0.010000000208892744
52.928,304.0208335929107,-39.99999999999986,0.07797523762294818
52.96,302.26980244077964,-49.99999999999929,0.37213589829750865
52.992,302.26980244077964,-49.99999999999929,0.5485250542599845
53.024,300.528856485967,39.99999999999915,0.5485250542599844
53.056,300.528856485967,39.99999999999915,0.48498680771591124
53.088,297.0769881570017,19.999999999998153,0.6860828109301793
53.12,293.6647679174075,-7.105427357601002e-13,0.8911444948731202
53.152,291.9733833144849,-10.000000000000142,0.8911444948731202
53.184,293.6647679174075,-7.105427357601002e-13,0.5485250542599843
53.216,297.0769881570017,19.999999999998153,0.3233360583906409
53.248,297.0769881570017,19.999999999998153,0.10857977072874497
53.28,293.6647679174075,-7.105427357601002e-13,0.0229442191246386
53.312,295.3659506116579,9.999999999998721,0.0100028158258111
53.344,,,0.01000020633903134
53.376,,,0.010001873046012551
53.408,,,0.010009025493342986
53.44,,,0.01001876450976914
53.472,,,0.010140046044704068
53.504,,,0.010140046044704068
53.536,,,0.01001876450976914
53.568,,,0.01000020633903134
53.6,,,0.010000001546554296
53.632,,,0.010000000101429396
53.664,280.40333801023763,19.999999999999574,0.09203757081218103
53.696,288.6197829762387,-30.000000000001137,0.3721358982975086
53.728,291.9733833144849,-10.000000000000142,0.42606232904328145
53.76,293.6647679174075,-7.105427357601002e-13,0.42606232904328145
53.792,295.3659506116579,9.999999999998721,0.6860828109301791
53.824,297.0769881570017,19.999999999998153,0.6860828109301791
53.856,297.0769881570017,19.999999999998153,0.2796051653363589
53.888,295.3659506116579,9.999999999998721,0.010622609040911531
53.92,297.0769881570017,19.999999999998153,0.010000000021701592
53.952,,,0.0
53.984,,,1.499302051406742e-17
54.016,297.0769881570017,19.999999999998153,0.0100028158258111
54.048,298.79793764201077,29.999999999999716,0.010824463728234167
54.08,298.79793764201077,29.999999999999716,0.05607139544589261
54.112,298.79793764201077,29.999999999999716,0.4849868077159112
54.144,298.79793764201077,29.999999999999716,0.5485250542599844
54.176,298.79793764201077,29.999999999999716,0.6159498854580678
54.208,300.528856485967,39.99999999999915,0.7571601330199093
54.24,300.528856485967,39.99999999999915,0.8911444948731202
54.272,300.528856485967,39.99999999999915,0.9459302094659091
54.304,298.79793764201077,29.999999999999716,0.9459302094659092
54.336,295.3659506116579,9.999999999998721,0.8266685594724994
54.368,290.2917403700367,-20.000000000001705,0.6159498854580678
54.4,288.6197829762387,-30.000000000001137,0.12793708630129036
54.432,,,4.823012051449617e-13
54.464,302.26980244077964,-49.99999999999929,0.01000000000059299
54.496,307.5533855193843,-20.000000000000995,0.17653060863289757
54.528,305.78200836531414,-30.000000000000426,0.42606232904328145
54.56,305.78200836531414,-30.000000000000426,0.6860828109301792
54.592,304.0208335929107,-39.99999999999986,0.615949885458068
54.624,302.26980244077964,-49.99999999999929,0.6159498854580678
54.656,300.528856485967,39.99999999999915,0.6860828109301792
54.688,298.79793764201077,29.999999999999716,0.7571601330199094
54.72,298.79793764201077,29.999999999999716,0.9459302094659091
54.752,298.79793764201077,29.999999999999716,0.7571601330199091
54.784,297.0769881570017,19.999999999998153,0.20650679911775233
54.816,278.7883336231537,10.000000000000142,0.12793708630129036
54.848,277.1826309768721,-1.4210854715202004e-12,0.15046460134333883
54.88,275.58617649730814,-10.000000000000853,0.2796051653363589
54.912,,,0.01000020633903134
54.944,,,0.010000002871100368
54.976,,,0.010000016226422836
55.008,,,0.010000328604501658
55.04,,,0.010259050559778863
55.072,302.26980244077964,-49.99999999999929,0.24075439447557426
55.104,300.528856485967,39.99999999999915,0.7571601330199093
55.136,300.528856485967,39.99999999999915,0.9459302094659092
55.168,298.79793764201077,29.999999999999716,0.8911444948731202
55.2,298.79793764201077,29.999999999999716,0.32333605839064083
55.232,300.528856485967,39.99999999999915,0.020317628556360583
55.264,302.26980244077964,-49.99999999999929,0.012403124793551348
55.296,300.528856485967,39.99999999999915,0.07797523762294818
55.328,300.528856485967,39.99999999999915,0.37213589829750865
55.36,298.79793764201077,29.999999999999716,0.5485250542599844
55.392,298.79793764201077,29.999999999999716,0.6860828109301792
55.424,298.79793764201077,29.999999999999716,0.6159498854580681
55.456,298.79793764201077,29.999999999999716,0.6860828109301793
55.488,298.79793764201077,29.999999999999716,0.8266685594724996
55.52,298.79793764201077,29.999999999999716,0.9459302094659092
55.552,297.0769881570017,19.999999999998153,0.9459302094659091
55.584,297.0769881570017,19.999999999998153,0.8911444948731202
55.616,295.3659506116579,9.999999999998721,0.24075439447557428
55.648,,,0.010000206250443035
55.68,,,0.01000000928748663
55.712,300.528856485967,39.99999999999915,0.010349055133375844
55.744,298.79793764201077,29.999999999999716,0.056071395445892624
55.776,297.0769881570017,19.999999999998153,0.17653060863289757
55.808,298.79793764201077,29.999999999999716,0.7571601330199095
55.84,297.0769881570017,19.999999999998153,0.5485250542599844
55.872,297.0769881570017,19.999999999998153,0.4849868077159112
55.904,300.528856485967,39.99999999999915,0.27960516533635893
55.936,300.528856485967,39.99999999999915,0.03010686179419501
55.968,280.40333801023763,19.999999999999574,0.011853505394683318
56.0,,,1.9537978847821467e-09
56.032,,,1.953777944639123e-09
56.064,,,2.484467192640962e-08
56.096,,,9.415605204471917e-09
56.128,,,6.405529737455465e-08
56.16,314.74210513575684,19.999999999998863,0.015085587297504338
56.192,298.79793764201077,29.999999999999716,0.48498680771591124
56.224,297.0769881570017,19.999999999998153,0.7571601330199094
56.256,297.0769881570017,19.999999999998153,0.8266685594724995
56.288,295.3659506116579,9.999999999998721,0.9848789761259924
56.32,295.3659506116579,9.999999999998721,0.9848789761259924
56.352,295.3659506116579,9.999999999998721,0.9459302094659092
56.384,295.3659506116579,9.999999999998721,0.7571601330199094
56.416,290.2917403700367,-20.000000000001705,0.010467533617069905
56.448,,,9.430361375431786e-15
56.48,304.0208335929107,-39.99999999999986,0.010026724673810768
56.512,300.528856485967,39.99999999999915,0.018187375734912182
56.544,300.528856485967,39.99999999999915,0.04768699308253104
56.576,300.528856485967,39.99999999999915,0.2796051653363589
56.608,298.79793764201077,29.999999999999716,0.6860828109301792
56.64,298.79793764201077,29.999999999999716,0.2407543944755743
56.672,280.40333801023763,19.999999999999574,0.010467533617069905
56.704,280.40333801023763,19.999999999999574,0.010000027850262286
56.736,280.40333801023763,19.999999999999574,0.010000027850262284
56.768,304.0208335929107,-39.99999999999986,0.01000419105279527
56.8,300.528856485967,39.99999999999915,0.09203757081218102
56.832,298.79793764201077,29.999999999999716,0.32333605839064083
56.864,298.79793764201077,29.999999999999716,0.4849868077159112
56.896,297.0769881570017,19.999999999998153,0.9459302094659091
56.928,297.0769881570017,19.999999999998153,0.48498680771591124
56.96,300.528856485967,39.99999999999915,0.32333605839064083
56.992,298.79793764201077,29.999999999999716,0.37213589829750865
57.024,300.528856485967,39.99999999999915,0.4849868077159112
57.056,302.26980244077964,-49.99999999999929,0.6860828109301792
57.088,302.26980244077964,-49.99999999999929,0.4849868077159112
57.12,305.78200836531414,-30.000000000000426,0.15046460134333883
57.152,309.33502415691686,-9.999999999999432,0.010349055133375844
57.184,365.74467430282664,-20.000000000001705,0.010000001546554296
57.216,,,3.588060849561561e-09
57.248,,,2.4921458003892347e-08
57.28,,,0.01000114953801888
57.312,,,0.01000123296498612
57.344,,,0.010000027850262286
57.376,,,0.010052967545965855
57.408,,,0.010191075496968311
57.44,,,0.010000000417925077
57.472,,,0.010000000021701592
57.504,,,0.010000002871100366
57.536,,,0.010052967545965857
57.568,304.0208335929107,-39.99999999999986,0.09203757081218103
57.6,305.78200836531414,-30.000000000000426,0.6860828109301792
57.632,304.0208335929107,-39.99999999999986,0.8266685594724995
57.664,305.78200836531414,-30.000000000000426,0.7571601330199093
57.696,305.78200836531414,-30.000000000000426,0.07797523762294818
57.728,304.0208335929107,-39.99999999999986,0.020317628556360583
57.76,304.0208335929107,-39.99999999999986,0.02616802860893576
57.792,304.0208335929107,-39.99999999999986,0.07797523762294818
57.824,304.0208335929107,-39.99999999999986,0.5485250542599845
57.856,304.0208335929107,-39.99999999999986,0.7571601330199094
57.888,304.0208335929107,-39.99999999999986,0.6860828109301792
57.92,302.26980244077964,-49.99999999999929,0.011853505394683413
57.952,298.79793764201077,29.999999999999716,0.06608151270920701
57.984,297.0769881570017,19.999999999998153,0.615949885458068
58.016,297.0769881570017,19.999999999998153,0.7571601330199091
58.048,297.0769881570017,19.999999999998153,0.8911444948731202
58.08,297.0769881570017,19.999999999998153,0.9459302094659092
58.112,297.0769881570017,19.999999999998153,0.8911444948731202
58.144,295.3659506116579,9.999999999998721,0.8911444948731202
58.176,295.3659506116579,9.999999999998721,0.8911444948731203
58.208,295.3659506116579,9.999999999998721,0.8911444948731203
58.24,295.3659506116579,9.999999999998721,0.8911444948731203
58.272,297.0769881570017,19.999999999998153,0.8911444948731202
58.304,300.528856485967,39.99999999999915,0.6860828109301792
58.336,302.26980244077964,-49.99999999999929,0.1504646013433388
58.368,298.79793764201077,29.999999999999716,0.05607139544589263
58.4,297.0769881570017,19.999999999998153,0.092037570812181
58.432,297.0769881570017,19.999999999998153,0.24075439447557426
58.464,297.0769881570017,19.999999999998153,0.8911444948731202
58.496,297.0769881570017,19.999999999998153,0.7571601330199093
58.528,297.0769881570017,19.999999999998153,0.37213589829750876
58.56,297.0769881570017,19.999999999998153,0.06608151270920701
58.592,295.3659506116579,9.999999999998721,0.030106861794195014
58.624,282.02769802256034,29.999999999999005,0.4849868077159112
58.656,286.9574553484241,-40.00000000000057,0.6860828109301793
58.688,290.2917403700367,-20.000000000001705,0.6860828109301792
58.72,291.9733833144849,-10.000000000000142,0.7571601330199093
58.752,295.3659506116579,9.999999999998721,0.7571601330199093
58.784,297.0769881570017,19.999999999998153,0.9459302094659092
58.816,298.79793764201077,29.999999999999716,0.9459302094659092
58.848,298.79793764201077,29.999999999999716,0.8911444948731202
58.88,297.0769881570017,19.999999999998153,0.8911444948731202
58.912,297.0769881570017,19.999999999998153,0.8266685594724995
58.944,295.3659506116579,9.999999999998721,0.20650679911775233
58.976,295.3659506116579,9.999999999998721,0.1765306086328976
59.008,293.6647679174075,-7.105427357601002e-13,0.24075439447557428
59.04,291.9733833144849,-10.000000000000142,0.32333605839064083
59.072,293.6647679174075,-7.105427357601002e-13,0.8266685594724995
59.104,297.0769881570017,19.999999999998153,0.9459302094659092
59.136,302.26980244077964,-49.99999999999929,0.9459302094659092
59.168,304.0208335929107,-39.99999999999986,0.9459302094659091
59.2,304.0208335929107,-39.99999999999986,0.9459302094659091
59.232,304.0208335929107,-39.99999999999986,0.9459302094659091
59.264,300.528856485967,39.99999999999915,0.9848789761259924
59.296,298.79793764201077,29.999999999999716,0.9459302094659092
59.328,295.3659506116579,9.999999999998721,0.9459302094659091
59.36,293.6647679174075,-7.105427357601002e-13,0.9848789761259924
59.392,297.0769881570017,19.999999999998153,0.5485250542599844
59.424,300.528856485967,39.99999999999915,0.20650679911775233
59.456,302.26980244077964,-49.99999999999929,0.030106861794195014
59.488,304.0208335929107,-39.99999999999986,0.010000127845232541
59.52,,,9.466632825803763e-15
59.552,,,5.032982348441852e-11
59.584,,,2.4856200959334758e-08
59.616,,,3.957777886965166e-08
59.648,,,3.3911881387850013e-07
59.68,,,2.2596090105943166e-06
59.712,,,9.66723532317708e-08
59.744,,,5.66325775510086e-09
59.776,,,2.6688212101593714e-11
59.808,,,0.010000077731979947
59.84,,,0.01
59.872,,,0.010000000003996623
59.904,,,0.01000000928748663
59.936,,,0.010000005216229447
59.968,,,0.010001873046012555
60.0,,,0.010000001546554296
60.032,,,0.01000000000061386
60.064,,,0.0
60.096,307.5533855193843,-20.000000000000995,0.026168028608935755
60.128,302.26980244077964,-49.99999999999929,0.37213589829750865
60.16,302.26980244077964,-49.99999999999929,0.2407543944755743
60.192,302.26980244077964,-49.99999999999929,0.37213589829750876
60.224,302.26980244077964,-49.99999999999929,0.42606232904328145
60.256,302.26980244077964,-49.99999999999929,0.42606232904328145
60.288,302.26980244077964,-49.99999999999929,0.7571601330199094
60.32,300.528856485967,39.99999999999915,0.8266685594724994
60.352,298.79793764201077,29.999999999999716,0.8911444948731202
60.384,300.528856485967,39.99999999999915,0.9459302094659091
60.416,300.528856485967,39.99999999999915,0.8266685594724995
60.448,302.26980244077964,-49.99999999999929,0.2796051653363589
60.48,300.528856485967,39.99999999999915,0.2796051653363589
60.512,300.528856485967,39.99999999999915,0.37213589829750865
60.544,300.528856485967,39.99999999999915,0.4260623290432814
60.576,298.79793764201077,29.999999999999716,0.615949885458068
60.608,297.0769881570017,19.999999999998153,0.6860828109301793
60.64,297.0769881570017,19.999999999998153,0.7571601330199091
60.672,298.79793764201077,29.999999999999716,0.6860828109301792
60.704,298.79793764201077,29.999999999999716,0.7571601330199093
60.736,297.0769881570017,19.999999999998153,0.6159498854580678
60.768,305.78200836531414,-30.000000000000426,0.010001873046012168
60.8,300.528856485967,39.99999999999915,0.03010686179419501
60.832,298.79793764201077,29.999999999999716,0.09203757081218102
60.864,298.79793764201077,29.999999999999716,0.1765306086328976
60.896,297.0769881570017,19.999999999998153,0.5485250542599847
60.928,295.3659506116579,9.999999999998721,0.42606232904328134
60.96,300.528856485967,39.99999999999915,0.07797523762294818
60.992,302.26980244077964,-49.99999999999929,0.27960516533635893
61.024,302.26980244077964,-49.99999999999929,0.48498680771591124
61.056,302.26980244077964,-49.99999999999929,0.4849868077159112
61.088,300.528856485967,39.99999999999915,0.3721358982975086
61.12,293.6647679174075,-7.105427357601002e-13,0.02616802860893576
61.152,,,0.010000000101429396
61.184,,,0.010000000021701592
61.216,309.33502415691686,-9.999999999999432,0.010000802780927255
61.248,286.9574553484241,-40.00000000000057,0.011853505394683413
61.28,286.9574553484241,-40.00000000000057,0.011853505394683413
61.312,286.9574553484241,-40.00000000000057,0.012403124793551348
61.344,275.58617649730814,-10.000000000000853,0.026168028608935755
61.376,,,0.01000000000000011
61.408,295.3659506116579,9.999999999998721,0.010002815825811098
61.44,295.3659506116579,9.999999999998721,0.020317628556360583
61.472,295.3659506116579,9.999999999998721,0.12793708630129036
61.504,295.3659506116579,9.999999999998721,0.7571601330199091
61.536,297.0769881570017,19.999999999998153,0.8911444948731202
61.568,297.0769881570017,19.999999999998153,0.9459302094659091
61.6,297.0769881570017,19.999999999998153,0.9459302094659092
61.632,297.0769881570017,19.999999999998153,0.8266685594724995
61.664,297.0769881570017,19.999999999998153,0.6860828109301793
61.696,333.4576446322876,19.999999999998863,0.01646758759311301
61.728,320.24370022528115,49.99999999999929,0.034897428019625254
61.76,309.33502415691686,-9.999999999999432,0.09203757081218102
61.792,305.78200836531414,-30.000000000000426,0.17653060863289757
61.824,297.0769881570017,19.999999999998153,0.7571601330199094
61.856,297.0769881570017,19.999999999998153,0.5485250542599844
61.888,300.528856485967,39.99999999999915,0.32333605839064083
61.92,302.26980244077964,-49.99999999999929,0.10857977072874499
61.952,307.5533855193843,-20.000000000000995,0.056071395445892624
61.984,,,5.76937998159492e-12
62.016,,,4.822903630262466e-13
62.048,,,4.822873185421559e-13
62.08,,,1.1684873942940214e-12
62.112,,,0.010037765502929688
62.144,,,0.010073751764282884
62.176,,,0.010191075496968311
62.208,,,0.010259050559778863
62.24,,,0.010006178555334078
62.272,,,0.3233360583906409
62.304,,,0.011422334250709073
62.336,,,0.010052967545965859
62.368,,,0.010009025493342986
62.4,,,0.0100028158258111
62.432,,,0.01000419105279527
62.464,,,0.015085587297504336
62.496,,,0.09203757081218102
62.528,,,0.010191075496968311
62.56,,,0.010000047007976912
62.592,,,2.9844457594053304e-15
62.624,,,9.177398448033636e-15
62.656,,,9.415543604957164e-15
62.688,,,0.01000000278251206
62.72,,,0.0100000470079773
62.752,,,0.010000000101429396
62.784,,,0.010000000101429396
62.816,,,0.010000002871100368
62.848,,,0.010000000208892744
62.88,,,0.01000032860450166
62.912,298.79793764201077,29.999999999999716,0.010349055133375844
62.944,297.0769881570017,19.999999999998153,0.17653060863289757
62.976,297.0769881570017,19.999999999998153,0.4849868077159113
63.008,297.0769881570017,19.999999999998153,0.3721358982975087
63.04,297.0769881570017,19.999999999998153,0.010101974593744989
63.072,298.79793764201077,29.999999999999716,0.010004191052795274
63.104,305.78200836531414,-30.000000000000426,0.2796051653363589
63.136,304.0208335929107,-39.99999999999986,0.6159498854580678
63.168,302.26980244077964,-49.99999999999929,0.7571601330199093
63.2,302.26980244077964,-49.99999999999929,0.5485250542599845
63.232,300.528856485967,39.99999999999915,0.4260623290432814
63.264,300.528856485967,39.99999999999915,0.1765306086328976
63.296,302.26980244077964,-49.99999999999929,0.026168028608935755
63.328,272.42079928303684,-29.999999999999716,0.010037765502929688
63.36,,,0.01
63.392,,,0.010000000047726026
63.424,,,0.010000005216229449
63.456,,,0.010000009287486632
63.488,,,0.010001873046012553
63.52,,,0.010001873046012551
63.552,,,0.011085791888943373
63.584,,,0.010000516719583694
63.616,,,1.153672108795658e-12
63.648,,,6.054255840525901e-12
63.68,,,0.010000002871100368
63.712,,,0.010000000047726025
63.744,,,0.01000000000950597
63.776,,,0.010000000101429396
63.808,,,0.01000419105279527
63.84,,,0.030106861794195014
63.872,,,0.04768699308253103
63.904,,,0.011422334250709074
63.936,,,0.01000020633903134
63.968,,,0.010000005216229449
64.0,,,0.010000000814014906
64.032,,,0.010000127845232541
64.064,,,0.010000000208892744
64.096,,,0.010000516719604524
64.128,,,0.04768699308253103
64.16,,,0.010140046044704068
64.192,,,0.010037765502929688
64.224,,,0.010001873046012551
64.256,,,0.010000516719604524
64.288,312.9293240034019,9.999999999999432,0.010006178555334078
64.32,307.5533855193843,-20.000000000000995,0.09203757081218102
64.352,304.0208335929107,-39.99999999999986,0.48498680771591124
64.384,298.79793764201077,29.999999999999716,0.42606232904328145
64.416,314.74210513575684,19.999999999998863,0.010000000000069266
64.448,,,1.3234182863155204e-17
64.48,,,2.7788370916816142e-14
64.512,,,2.793248895830684e-14
64.544,,,2.8197988581225452e-11
64.576,,,1.1935394301081532e-09
64.608,,,3.5883496093319206e-09
64.64,,,2.790620942137093e-08
64.672,,,9.802889763440744e-09
64.704,305.78200836531414,-30.000000000000426,0.010000802780927255
64.736,273.99891691894106,-20.000000000000284,0.32333605839064083
64.768,293.6647679174075,-7.105427357601002e-13,0.2796051653363589
64.8,297.0769881570017,19.999999999998153,0.37213589829750865
64.832,297.0769881570017,19.999999999998153,0.42606232904328145
64.864,298.79793764201077,29.999999999999716,0.6159498854580681
64.896,298.79793764201077,29.999999999999716,0.4849868077159113
64.928,300.528856485967,39.99999999999915,0.5485250542599844
64.96,300.528856485967,39.99999999999915,0.0229442191246386
64.992,302.26980244077964,-49.99999999999929,0.010001873046012551
65.024,302.26980244077964,-49.99999999999929,0.010000000000023851
65.056,304.0208335929107,-39.99999999999986,0.022944219124638603
65.088,304.0208335929107,-39.99999999999986,0.092037570812181
65.12,302.26980244077964,-49.99999999999929,0.17653060863289757
65.152,302.26980244077964,-49.99999999999929,0.615949885458068
65.184,300.528856485967,39.99999999999915,0.7571601330199091
65.216,298.79793764201077,29.999999999999716,0.6860828109301792
65.248,298.79793764201077,29.999999999999716,0.7571601330199094
65.28,298.79793764201077,29.999999999999716,0.6860828109301792
65.312,297.0769881570017,19.999999999998153,0.5485250542599845
65.344,293.6647679174075,-7.105427357601002e-13,0.615949885458068
65.376,293.6647679174075,-7.105427357601002e-13,0.5485250542599844
65.408,297.0769881570017,19.999999999998153,0.7571601330199094
65.44,298.79793764201077,29.999999999999716,0.8911444948731202
65.472,300.528856485967,39.99999999999915,0.9459302094659092
65.504,302.26980244077964,-49.99999999999929,0.9459302094659092
65.536,300.528856485967,39.99999999999915,0.8911444948731203
65.568,298.79793764201077,29.999999999999716,0.6860828109301792
65.6,298.79793764201077,29.999999999999716,0.6860828109301792
65.632,298.79793764201077,29.999999999999716,0.6860828109301793
65.664,297.0769881570017,19.999999999998153,0.07797523762294818
65.696,298.79793764201077,29.999999999999716,0.013100262550513395
65.728,297.0769881570017,19.999999999998153,0.010000016218120016
65.76,,,1.2042297636721928e-12
65.792,298.79793764201077,29.999999999999716,0.047686993082531035
65.824,295.3659506116579,9.999999999998721,0.5485250542599843
65.856,297.0769881570017,19.999999999998153,0.8266685594724995
65.888,297.0769881570017,19.999999999998153,0.8911444948731203
65.92,297.0769881570017,19.999999999998153,0.9459302094659091
65.952,297.0769881570017,19.999999999998153,0.8911444948731203
65.984,297.0769881570017,19.999999999998153,0.9459302094659091
66.016,297.0769881570017,19.999999999998153,0.9459302094659091
66.048,298.79793764201077,29.999999999999716,0.9459302094659092
66.08,298.79793764201077,29.999999999999716,0.9848789761259923
66.112,300.528856485967,39.99999999999915,0.7571601330199093
66.144,302.26980244077964,-49.99999999999929,0.7571601330199093
66.176,300.528856485967,39.99999999999915,0.615949885458068
66.208,298.79793764201077,29.999999999999716,0.2796051653363588
66.24,297.0769881570017,19.999999999998153,0.5485250542599847
66.272,297.0769881570017,19.999999999998153,0.32333605839064083
66.304,295.3659506116579,9.999999999998721,0.1279370863012904
66.336,295.3659506116579,9.999999999998721,0.02031762855636058
66.368,297.0769881570017,19.999999999998153,0.010004191052795272
66.4,298.79793764201077,29.999999999999716,0.05607139544589262
66.432,298.79793764201077,29.999999999999716,0.5485250542599844
66.464,298.79793764201077,29.999999999999716,0.8911444948731202
66.496,298.79793764201077,29.999999999999716,0.9459302094659091
66.528,300.528856485967,39.99999999999915,0.9848789761259923
66.56,298.79793764201077,29.999999999999716,0.9459302094659092
66.592,298.79793764201077,29.999999999999716,0.9848789761259923
66.624,297.0769881570017,19.999999999998153,0.9848789761259923
66.656,298.79793764201077,29.999999999999716,0.8911444948731202
66.688,302.26980244077964,-49.99999999999929,0.8911444948731202
66.72,304.0208335929107,-39.99999999999986,0.5485250542599844
66.752,305.78200836531414,-30.000000000000426,0.2796051653363589
66.784,300.528856485967,39.99999999999915,0.10857977072874499
66.816,280.40333801023763,19.999999999999574,0.010824463728234167
66.848,,,0.01000032860450166
66.88,,,9.953638437829344e-11
66.912,,,3.353366408113536e-09
66.944,,,3.3533664054274774e-09
66.976,,,3.3550169807771846e-09
67.008,,,1.5029466392250653e-07
67.04,,,1.5581329933161172e-07
67.072,,,1.6026715907895831e-06
67.104,,,2.352167783697076e-06
67.136,,,3.001525048204543e-14
67.168,,,3.491039550208524e-10
67.2,,,0.010000000000221911
67.232,,,0.01000032860450166
67.264,,,0.0100000470079773
67.296,,,0.01000000928748663
67.328,,,0.010006178555334078
67.36,305.78200836531414,-30.000000000000426,0.2407543944755743
67.392,302.26980244077964,-49.99999999999929,0.6860828109301794
67.424,300.528856485967,39.99999999999915,0.6860828109301793
67.456,300.528856485967,39.99999999999915,0.615949885458068
67.488,298.79793764201077,29.999999999999716,0.12793708630129033
67.52,298.79793764201077,29.999999999999716,0.047686993082531035
67.552,298.79793764201077,29.999999999999716,0.011853505394683413
67.584,302.26980244077964,-49.99999999999929,0.010000206338965487
67.616,311.12698372208087,0.0,0.01000004691921217
67.648,,,0.010000000003996621
67.68,,,0.010000516719604524
67.712,,,0.01000000928748663
67.744,,,0.010000002871100368
67.776,,,0.010006178555334078
67.808,304.0208335929107,-39.99999999999986,0.20650679911775227
67.84,300.528856485967,39.99999999999915,0.7571601330199091
67.872,297.0769881570017,19.999999999998153,0.8911444948731202
67.904,297.0769881570017,19.999999999998153,0.8911444948731202
67.936,297.0769881570017,19.999999999998153,0.8911444948731204
67.968,295.3659506116579,9.999999999998721,0.9459302094659092
68.0,295.3659506116579,9.999999999998721,0.17653060863289757
68.032,286.9574553484241,-40.00000000000057,0.01010197459374499
68.064,,,0.010000000417924981
68.096,,,8.407888709824267e-16
68.128,,,2.3204859368818023e-16
68.16,,,9.45038197595856e-16
68.192,,,2.9736242216105834e-15
68.224,,,5.0458803520390174e-11
68.256,,,6.284205255690739e-10
68.288,,,0.010000000000001869
68.32,,,0.010000005216229447
68.352,,,0.010000000021701594
68.384,,,0.010000005216229449
68.416,,,0.010000516719604524
68.448,300.528856485967,39.99999999999915,0.24075439447557426
68.48,302.26980244077964,-49.99999999999929,0.7571601330199093
68.512,304.0208335929107,-39.99999999999986,0.8911444948731202
68.544,307.5533855193843,-20.000000000000995,0.3721358982975086
68.576,,,0.010000078102280324
68.608,,,0.010000000009505967
68.64,,,0.010000000021701592
68.672,,,0.010000000000221913
68.704,305.78200836531414,-30.000000000000426,0.010006178555334078
68.736,302.26980244077964,-49.99999999999929,0.05607139544589262
68.768,300.528856485967,39.99999999999915,0.3721358982975087
68.8,300.528856485967,39.99999999999915,0.5485250542599844
68.832,300.528856485967,39.99999999999915,0.8266685594724994
68.864,,,0.012403124793551348
68.896,,,0.010000000417925077
68.928,,,0.010000027850262286
68.96,,,0.010000001546554296
68.992,,,0.01000020633903134
69.024,,,0.010000000000001869
69.056,,,0.010000002871100368
69.088,,,0.010000001546554296
69.12,,,0.010000127845232541
69.152,,,0.010052967545965855
69.184,297.0769881570017,19.999999999998153,0.10857977072874499
69.216,297.0769881570017,19.999999999998153,0.5485250542599844
69.248,298.79793764201077,29.999999999999716,0.6159498854580678
69.28,,,0.010000005216229447
69.312,,,2.320164592772873e-16
69.344,,,2.549965404762491e-16
69.376,,,4.845192176938731e-13
69.408,,,3.959124146124957e-08
69.44,,,1.6172127375898129e-06
69.472,,,1.2692804828227207e-05
69.504,,,3.160759011797346e-05
69.536,,,1.6962961215972693e-05
69.568,,,1.4917426624025515e-07
69.6,,,1.5788427496228117e-08
69.632,298.79793764201077,29.999999999999716,0.06608151270920701
69.664,297.0769881570017,19.999999999998153,0.06608151270920701
69.696,297.0769881570017,19.999999999998153,0.20650679911775227
69.728,297.0769881570017,19.999999999998153,0.3721358982975087
69.76,297.0769881570017,19.999999999998153,0.6860828109301793
69.792,297.0769881570017,19.999999999998153,0.8911444948731202
69.824,297.0769881570017,19.999999999998153,0.9459302094659092
69.856,297.0769881570017,19.999999999998153,0.9459302094659092
69.888,298.79793764201077,29.999999999999716,0.9848789761259923
69.92,298.79793764201077,29.999999999999716,0.8266685594724995
69.952,298.79793764201077,29.999999999999716,0.5485250542599844
69.984,300.528856485967,39.99999999999915,0.20650679911775227
70.016,298.79793764201077,29.999999999999716,0.1504646013433388
70.048,298.79793764201077,29.999999999999716,0.4849868077159113
70.08,298.79793764201077,29.999999999999716,0.5485250542599845
70.112,297.0769881570017,19.999999999998153,0.6159498854580682
70.144,293.6647679174075,-7.105427357601002e-13,0.17653060863289757
70.176,,,6.501352760582164e-10
70.208,,,9.870623043347527e-11
70.24,,,0.0
70.272,,,0.010000000000001869
70.304,297.0769881570017,19.999999999998153,0.07797523762294818
70.336,295.3659506116579,9.999999999998721,0.24075439447557426
70.368,295.3659506116579,9.999999999998721,0.37213589829750865
70.4,293.6647679174075,-7.105427357601002e-13,0.615949885458068
70.432,300.528856485967,39.99999999999915,0.02031762855636058
70.464,302.26980244077964,-49.99999999999929,0.27960516533635893
70.496,302.26980244077964,-49.99999999999929,0.5485250542599843
70.528,302.26980244077964,-49.99999999999929,0.7571601330199091
70.56,300.528856485967,39.99999999999915,0.7571601330199093
70.592,300.528856485967,39.99999999999915,0.4849868077159112
70.624,300.528856485967,39.99999999999915,0.12793708630129036
70.656,302.26980244077964,-49.99999999999929,0.015085587297504338
70.688,300.528856485967,39.99999999999915,0.010000000814014904
70.72,403.4817790100553,-50.0,0.010000027850262286
70.752,300.528856485967,39.99999999999915,0.011422334250709073
70.784,297.0769881570017,19.999999999998153,0.06608151270920701
70.816,297.0769881570017,19.999999999998153,0.20650679911775227
70.848,297.0769881570017,19.999999999998153,0.6860828109301791
70.88,295.3659506116579,9.999999999998721,0.9459302094659091
70.912,295.3659506116579,9.999999999998721,0.9459302094659091
70.944,295.3659506116579,9.999999999998721,0.9848789761259923
70.976,295.3659506116579,9.999999999998721,0.9848789761259923
71.008,295.3659506116579,9.999999999998721,0.9459302094659092
71.04,297.0769881570017,19.999999999998153,0.615949885458068
71.072,297.0769881570017,19.999999999998153,0.6860828109301792
71.104,297.0769881570017,19.999999999998153,0.8911444948731203
71.136,297.0769881570017,19.999999999998153,0.8266685594724995
71.168,297.0769881570017,19.999999999998153,0.4849868077159112
71.2,295.3659506116579,9.999999999998721,0.24075439447557428
71.232,298.79793764201077,29.999999999999716,0.05607139544589261
71.264,283.6614678567074,40.00000000000057,0.01646758759311301
71.296,311.12698372208087,0.0,0.012403124793551348
71.328,305.78200836531414,-30.000000000000426,0.17653060863289755
71.36,304.0208335929107,-39.99999999999986,0.2796051653363589
71.392,302.26980244077964,-49.99999999999929,0.3233360583906408
71.424,302.26980244077964,-49.99999999999929,0.7571601330199093
71.456,300.528856485967,39.99999999999915,0.5485250542599844
71.488,302.26980244077964,-49.99999999999929,0.6860828109301793
71.52,304.0208335929107,-39.99999999999986,0.7571601330199093
71.552,304.0208335929107,-39.99999999999986,0.8911444948731202
71.584,304.0208335929107,-39.99999999999986,0.7571601330199093
71.616,304.0208335929107,-39.99999999999986,0.5485250542599845
71.648,307.5533855193843,-20.000000000000995,0.32333605839064083
71.68,311.12698372208087,0.0,0.05607139544589261
71.712,311.12698372208087,0.0,0.010026724673810772
71.744,,,9.18045601391183e-15
71.776,,,0.01000123296498612
71.808,,,0.01000020633903134
71.84,,,0.010000002871100368
71.872,,,0.010000000047726023
71.904,,,0.010000000417925075
71.936,,,0.011085791888943371
71.968,,,0.011853505394683413
72.0,,,0.012403124793551348
72.032,,,0.013100262550513395
72.064,,,0.010000000000000439
72.096,,,0.010000127845232541
72.128,,,0.01000000928748663
72.16,,,0.010000001546554296
72.192,,,0.01000020633903134
72.224,302.26980244077964,-49.99999999999929,0.12793708630129036
72.256,302.26980244077964,-49.99999999999929,0.6860828109301792
72.288,302.26980244077964,-49.99999999999929,0.8266685594724995
72.32,300.528856485967,39.99999999999915,0.8266685594724995
72.352,298.79793764201077,29.999999999999716,0.6860828109301792
72.384,302.26980244077964,-49.99999999999929,0.6159498854580681
72.416,302.26980244077964,-49.99999999999929,0.5485250542599844
72.448,302.26980244077964,-49.99999999999929,0.42606232904328145
72.48,302.26980244077964,-49.99999999999929,0.6159498854580681
72.512,,,0.010140046044704068
72.544,,,0.010000000814014906
72.576,,,0.010000016226422836
72.608,,,0.010000005216229449
72.64,,,0.010009025493342986
72.672,297.0769881570017,19.999999999998153,0.09203757081218103
72.704,297.0769881570017,19.999999999998153,0.7571601330199091
72.736,298.79793764201077,29.999999999999716,0.8911444948731203
72.768,298.79793764201077,29.999999999999716,0.8911444948731202
72.8,298.79793764201077,29.999999999999716,0.8911444948731202
72.832,298.79793764201077,29.999999999999716,0.8266685594724995
72.864,297.0769881570017,19.999999999998153,0.9459302094659091
72.896,298.79793764201077,29.999999999999716,0.9848789761259923
72.928,298.79793764201077,29.999999999999716,0.8911444948731202
72.96,298.79793764201077,29.999999999999716,0.7571601330199091
72.992,297.0769881570017,19.999999999998153,0.01646758759311301
73.024,,,0.01000020633903134
73.056,,,0.010037765502929688
73.088,,,0.010052967545965857
73.12,,,0.010349055133375844
73.152,,,0.010037765502929688
73.184,,,0.010000000814014906
73.216,,,0.010000000208892742
73.248,,,0.010000000208892742
73.28,307.5533855193843,-20.000000000000995,0.010000000003996623
73.312,297.0769881570017,19.999999999998153,0.07797523762294818
73.344,297.0769881570017,19.999999999998153,0.27960516533635893
73.376,298.79793764201077,29.999999999999716,0.24075439447557426
73.408,300.528856485967,39.99999999999915,0.4260623290432815
73.44,302.26980244077964,-49.99999999999929,0.6860828109301792
73.472,302.26980244077964,-49.99999999999929,0.6860828109301792
73.504,298.79793764201077,29.999999999999716,0.7571601330199093
73.536,297.0769881570017,19.999999999998153,0.8911444948731202
73.568,297.0769881570017,19.999999999998153,0.8266685594724995
73.6,300.528856485967,39.99999999999915,0.7571601330199093
73.632,300.528856485967,39.99999999999915,0.7571601330199093
73.664,298.79793764201077,29.999999999999716,0.7571601330199093
73.696,298.79793764201077,29.999999999999716,0.6860828109301791
73.728,295.3659506116579,9.999999999998721,0.8266685594724995
73.76,293.6647679174075,-7.105427357601002e-13,0.6860828109301793
73.792,300.528856485967,39.99999999999915,0.3721358982975087
73.824,298.79793764201077,29.999999999999716,0.4260623290432814
73.856,298.79793764201077,29.999999999999716,0.5485250542599843
73.888,298.79793764201077,29.999999999999716,0.6860828109301792
73.92,297.0769881570017,19.999999999998153,0.9459302094659092
73.952,297.0769881570017,19.999999999998153,0.9459302094659091
73.984,297.0769881570017,19.999999999998153,0.6860828109301792
74.016,298.79793764201077,29.999999999999716,0.20650679911775233
74.048,312.9293240034019,9.999999999999432,0.010000002871100366
74.08,,,0.010000000814014906
74.112,293.6647679174075,-7.105427357601002e-13,0.013980210380185928
74.144,291.9733833144849,-10.000000000000142,0.1765306086328976
74.176,293.6647679174075,-7.105427357601002e-13,0.6860828109301793
74.208,295.3659506116579,9.999999999998721,0.6860828109301793
74.24,297.0769881570017,19.999999999998153,0.7571601330199093
74.272,298.79793764201077,29.999999999999716,0.5485250542599844
74.304,300.528856485967,39.99999999999915,0.32333605839064083
74.336,305.78200836531414,-30.000000000000426,0.3233360583906409
74.368,,,3.3940127344256523e-09
74.4,,,1.0136212905463526e-10
74.432,,,1.1109949385434548e-10
74.464,,,9.545774202175969e-09
74.496,,,0.010000000001606035
74.528,,,0.010000000047726025
74.56,,,0.010000009287486632
74.592,,,0.010000001546554296
74.624,,,0.010000078102280324
74.656,300.528856485967,39.99999999999915,0.01002672467381077
74.688,300.528856485967,39.99999999999915,0.2065067991177523
74.72,300.528856485967,39.99999999999915,0.6860828109301792
74.752,302.26980244077964,-49.99999999999929,0.615949885458068
74.784,298.79793764201077,29.999999999999716,0.27960516533635893
74.816,,,4.824347847214061e-13
74.848,309.33502415691686,-9.999999999999432,0.010002815825745246
74.88,300.528856485967,39.99999999999915,0.013980210380185928
74.912,298.79793764201077,29.999999999999716,0.047686993082531035
74.944,298.79793764201077,29.999999999999716,0.37213589829750865
74.976,295.3659506116579,9.999999999998721,0.8911444948731202
75.008,295.3659506116579,9.999999999998721,0.8911444948731202
75.04,298.79793764201077,29.999999999999716,0.7571601330199093
75.072,298.79793764201077,29.999999999999716,0.6860828109301792
75.104,298.79793764201077,29.999999999999716,0.5485250542599845
75.136,298.79793764201077,29.999999999999716,0.5485250542599845
75.168,297.0769881570017,19.999999999998153,0.24075439447557423
75.2,297.0769881570017,19.999999999998153,0.01000419105279527
75.232,,,0.010000000047726026
75.264,,,0.01000000081401481
75.296,,,5.456075420527902e-13
75.328,318.3992322368831,39.99999999999986,0.010259050559778863
75.36,302.26980244077964,-49.99999999999929,0.016467587593113005
75.392,298.79793764201077,29.999999999999716,0.05607139544589263
75.424,297.0769881570017,19.999999999998153,0.09203757081218102
75.456,297.0769881570017,19.999999999998153,0.4849868077159112
75.488,295.3659506116579,9.999999999998721,0.3233360583906407
75.52,293.6647679174075,-7.105427357601002e-13,0.10857977072874497
75.552,297.0769881570017,19.999999999998153,0.047686993082531035
75.584,314.74210513575684,19.999999999998863,0.010013068846238976
75.616,323.96475278211557,-29.999999999999716,0.07797523762294818
75.648,320.24370022528115,49.99999999999929,0.10857977072874497
75.68,295.3659506116579,9.999999999998721,0.2796051653363589
75.712,297.0769881570017,19.999999999998153,0.42606232904328145
75.744,295.3659506116579,9.999999999998721,0.4849868077159113
75.776,297.0769881570017,19.999999999998153,0.3721358982975086
75.808,300.528856485967,39.99999999999915,0.09203757081218103
75.84,270.8517709358815,-40.00000000000128,0.010259050559778863
75.872,297.0769881570017,19.999999999998153,0.01646758759311301
75.904,305.78200836531414,-30.000000000000426,0.013100262550513393
75.936,300.528856485967,39.99999999999915,0.108579770728745
75.968,300.528856485967,39.99999999999915,0.24075439447557428
76.0,300.528856485967,39.99999999999915,0.42606232904328145
76.032,298.79793764201077,29.999999999999716,0.4849868077159112
76.064,298.79793764201077,29.999999999999716,0.2407543944755743
76.096,297.0769881570017,19.999999999998153,0.092037570812181
76.128,293.6647679174075,-7.105427357601002e-13,0.018187375734912185
76.16,285.30470202322215,-50.0,0.015085587297504338
76.192,297.0769881570017,19.999999999998153,0.010000027850262286
76.224,257.13099468347406,-30.000000000000426,0.010622609040911531
76.256,295.3659506116579,9.999999999998721,0.0779752376229482
76.288,295.3659506116579,9.999999999998721,0.37213589829750865
76.32,291.9733833144849,-10.000000000000142,0.6860828109301793
76.352,293.6647679174075,-7.105427357601002e-13,0.9459302094659091
76.384,293.6647679174075,-7.105427357601002e-13,0.9459302094659091
76.416,291.9733833144849,-10.000000000000142,0.9848789761259923
76.448,291.9733833144849,-10.000000000000142,0.9459302094659092
76.48,291.9733833144849,-10.000000000000142,0.9848789761259923
76.512,291.9733833144849,-10.000000000000142,0.6860828109301793
76.544,290.2917403700367,-20.000000000001705,0.5485250542599844
76.576,288.6197829762387,-30.000000000001137,0.32333605839064083
76.608,286.9574553484241,-40.00000000000057,0.10857977072874497
76.64,312.9293240034019,9.999999999999432,0.011853505394683413
76.672,,,5.176170846177661e-11
76.704,,,3.5199836077737313e-10
76.736,,,1.130586676880061e-09
76.768,,,1.4848109237577064e-07
76.8,,,1.4848109249260462e-07
76.832,,,2.255737925714853e-07
76.864,,,3.218283277653987e-06
76.896,,,7.439646921569535e-07
76.928,,,2.69108242162148e-08
76.96,305.78200836531414,-30.000000000000426,0.010000802780927255
76.992,270.8517709358815,-40.00000000000128,0.5485250542599844
77.024,270.8517709358815,-40.00000000000128,0.7571601330199093
77.056,277.1826309768721,-1.4210854715202004e-12,0.5485250542599844
77.088,282.02769802256034,29.999999999999005,0.37213589829750865
77.12,290.2917403700367,-20.000000000001705,0.37213589829750865
77.152,291.9733833144849,-10.000000000000142,0.6159498854580681
77.184,293.6647679174075,-7.105427357601002e-13,0.8266685594724994
77.216,293.6647679174075,-7.105427357601002e-13,0.8266685594724996
77.248,291.9733833144849,-10.000000000000142,0.8911444948731202
77.28,291.9733833144849,-10.000000000000142,0.8911444948731202
77.312,295.3659506116579,9.999999999998721,0.37213589829750865
77.344,298.79793764201077,29.999999999999716,0.32333605839064083
77.376,305.78200836531414,-30.000000000000426,0.3721358982975087
77.408,311.12698372208087,0.0,0.4849868077159112
77.44,327.72904188699454,-10.000000000000853,0.24075439447557428
77.472,374.29355081837645,19.999999999998863,0.01010197459374499
77.504,439.99999999999994,0.0,0.0100028158258111
77.536,491.03874275729817,-9.999999999999432,0.010622609040911533
77.568,532.3973992564887,30.000000000001137,0.07797523762294818
77.6,564.0553960451207,29.999999999998295,0.4260623290432815
77.632,580.5834807400734,-20.000000000001705,0.8266685594724995
77.664,587.329535834815,0.0,0.8911444948731203
77.696,590.7319012233158,9.999999999999432,0.9459302094659091
77.728,594.1539763140034,19.999999999998863,0.9848789761259924
77.76,597.5958752840215,29.999999999999716,0.7571601330199093
77.792,601.057712971934,39.99999999999915,0.48498680771591124
77.824,601.057712971934,39.99999999999915,0.42606232904328145
77.856,604.5396048815593,50.0,0.3233360583906409
77.888,601.057712971934,39.99999999999915,0.6159498854580681
77.92,597.5958752840215,29.999999999999716,0.6159498854580681
77.952,597.5958752840215,29.999999999999716,0.27960516533635893
77.984,594.1539763140034,19.999999999998863,0.3233360583906409
78.016,590.7319012233158,9.999999999999432,0.42606232904328145
78.048,590.7319012233158,9.999999999999432,0.6860828109301793
78.08,590.7319012233158,9.999999999999432,0.9459302094659091
78.112,594.1539763140034,19.999999999998863,0.9459302094659091
78.144,594.1539763140034,19.999999999998863,0.9459302094659091
78.176,594.1539763140034,19.999999999998863,0.9459302094659091
78.208,594.1539763140034,19.999999999998863,0.9848789761259923
78.24,594.1539763140034,19.999999999998863,0.9848789761259924
78.272,594.1539763140034,19.999999999998863,0.9848789761259924
78.304,594.1539763140034,19.999999999998863,0.9848789761259924
78.336,594.1539763140034,19.999999999998863,0.9848789761259923
78.368,594.1539763140034,19.999999999998863,0.9848789761259924
78.4,594.1539763140034,19.999999999998863,0.9848789761259924
78.432,594.1539763140034,19.999999999998863,0.9848789761259924
78.464,594.1539763140034,19.999999999998863,0.9848789761259924
78.496,594.1539763140034,19.999999999998863,0.9848789761259924
78.528,594.1539763140034,19.999999999998863,0.9848789761259923
78.56,594.1539763140034,19.999999999998863,0.9848789761259923
78.592,597.5958752840215,29.999999999999716,0.5485250542599845
78.624,594.1539763140034,19.999999999998863,0.5485250542599845
78.656,594.1539763140034,19.999999999998863,0.5485250542599844
78.688,594.1539763140034,19.999999999998863,0.615949885458068
78.72,594.1539763140034,19.999999999998863,0.9459302094659091
78.752,594.1539763140034,19.999999999998863,0.615949885458068
78.784,594.1539763140034,19.999999999998863,0.615949885458068
78.816,594.1539763140034,19.999999999998863,0.6159498854580681
78.848,594.1539763140034,19.999999999998863,0.6159498854580681
78.88,590.7319012233158,9.999999999999432,0.8911444948731203
78.912,580.5834807400734,-20.000000000001705,0.6860828109301793
78.944,573.9149106968482,-40.00000000000057,0.8911444948731201
78.976,573.9149106968482,-40.00000000000057,0.8911444948731203
79.008,577.2395659524774,-30.000000000001137,0.6860828109301792
79.04,587.329535834815,0.0,0.42606232904328145
79.072,573.9149106968482,-40.00000000000057,0.24075439447557428
79.104,564.0553960451207,29.999999999998295,0.2796051653363589
79.136,560.8066760204753,19.999999999998863,0.4260623290432815
79.168,557.5766672463074,9.999999999999432,0.6860828109301793
79.2,564.0553960451207,29.999999999998295,0.4849868077159113
79.232,541.703541871763,-40.00000000000057,0.013100262550513395
79.264,520.2374258519452,-9.999999999999432,0.016467587593113012
79.296,514.2619893669481,-30.000000000001137,0.05607139544589262
79.328,508.35518662380014,49.99999999999858,0.48498680771591135
79.36,502.5162292967395,29.999999999999716,0.9848789761259923
79.392,502.5162292967395,29.999999999999716,0.9848789761259924
79.424,499.62194879118596,20.000000000000284,0.9848789761259923
79.456,496.74433811469765,9.999999999999432,0.9848789761259925
79.488,496.74433811469765,9.999999999999432,0.9848789761259925
79.52,496.74433811469765,9.999999999999432,0.9848789761259924
79.552,496.74433811469765,9.999999999999432,0.9848789761259924
79.584,496.74433811469765,9.999999999999432,0.9848789761259924
79.616,496.74433811469765,9.999999999999432,0.9848789761259923
79.648,496.74433811469765,9.999999999999432,0.9848789761259924
79.68,496.74433811469765,9.999999999999432,0.9459302094659092
79.712,493.88330125612407,0.0,0.9459302094659093
79.744,493.88330125612407,0.0,0.9459302094659093
79.776,493.88330125612407,0.0,0.9459302094659092
79.808,493.88330125612407,0.0,0.9459302094659092
79.84,493.88330125612407,0.0,0.8911444948731204
79.872,493.88330125612407,0.0,0.8266685594724996
79.904,493.88330125612407,0.0,0.7571601330199094
79.936,493.88330125612407,0.0,0.7571601330199094
79.968,493.88330125612407,0.0,0.8911444948731205
80.0,493.88330125612407,0.0,0.9459302094659093
80.032,493.88330125612407,0.0,0.8911444948731203
80.064,493.88330125612407,0.0,0.8911444948731204
80.096,493.88330125612407,0.0,0.8911444948731203
80.128,493.88330125612407,0.0,0.8266685594724996
80.16,491.03874275729817,-9.999999999999432,0.8911444948731203
80.192,491.03874275729817,-9.999999999999432,0.8911444948731203
80.224,491.03874275729817,-9.999999999999432,0.8266685594724997
80.256,493.88330125612407,0.0,0.9459302094659093
80.288,493.88330125612407,0.0,0.9459302094659092
80.32,493.88330125612407,0.0,0.6860828109301793
80.352,491.03874275729817,-9.999999999999432,0.6159498854580683
80.384,493.88330125612407,0.0,0.615949885458068
80.416,493.88330125612407,0.0,0.6159498854580682
80.448,493.88330125612407,0.0,0.8911444948731204
80.48,493.88330125612407,0.0,0.6159498854580681
80.512,493.88330125612407,0.0,0.5485250542599848
80.544,493.88330125612407,0.0,0.5485250542599845
80.576,496.74433811469765,9.999999999999432,0.6860828109301794
80.608,496.74433811469765,9.999999999999432,0.9459302094659092
80.64,496.74433811469765,9.999999999999432,0.9848789761259924
80.672,496.74433811469765,9.999999999999432,0.9459302094659093
80.704,499.62194879118596,20.000000000000284,0.9848789761259924
80.736,499.62194879118596,20.000000000000284,0.9848789761259924
80.768,496.74433811469765,9.999999999999432,0.9848789761259923
80.8,493.88330125612407,0.0,0.8911444948731203
80.832,493.88330125612407,0.0,0.8911444948731202
80.864,493.88330125612407,0.0,0.8911444948731204
80.896,493.88330125612407,0.0,0.8911444948731203
80.928,496.74433811469765,9.999999999999432,0.9459302094659094
80.96,493.88330125612407,0.0,0.9459302094659092
80.992,491.03874275729817,-9.999999999999432,0.7571601330199094
81.024,491.03874275729817,-9.999999999999432,0.8911444948731203
81.056,491.03874275729817,-9.999999999999432,0.8266685594724996
81.088,493.88330125612407,0.0,0.48498680771591124
81.12,496.74433811469765,9.999999999999432,0.5485250542599848
81.152,496.74433811469765,9.999999999999432,0.5485250542599847
81.184,493.88330125612407,0.0,0.3721358982975087
81.216,491.03874275729817,-9.999999999999432,0.6860828109301793
81.248,491.03874275729817,-9.999999999999432,0.6860828109301792
81.28,493.88330125612407,0.0,0.6159498854580681
81.312,493.88330125612407,0.0,0.6159498854580681
81.344,493.88330125612407,0.0,0.4260623290432814
81.376,491.03874275729817,-9.999999999999432,0.4849868077159113
81.408,491.03874275729817,-9.999999999999432,0.48498680771591124
81.44,499.62194879118596,20.000000000000284,0.6159498854580681
81.472,505.42727619869544,39.99999999999915,0.7571601330199094
81.504,508.35518662380014,49.99999999999858,0.6159498854580681
81.536,505.42727619869544,39.99999999999915,0.2065067991177523
81.568,505.42727619869544,39.99999999999915,0.015085587297504338
81.6,511.30005826144946,-40.00000000000057,0.01002672467381077
81.632,514.2619893669481,-30.000000000001137,0.010001873046012551
81.664,505.42727619869544,39.99999999999915,0.010000516719604523
81.696,,,0.010000000003996623
81.728,,,0.010000000814014906
81.76,,,0.010000027850262286
81.792,,,0.0100028158258111
81.824,,,6.221671104213247e-08
81.856,,,1.0867547538719607e-06
81.888,,,6.37878362300105e-06
81.92,,,2.2554012428250433e-07
81.952,,,2.259384978407667e-06
81.984,,,5.094324603630195e-07
82.016,280.40333801023763,19.999999999999574,0.17653060863289763
82.048,273.99891691894106,-20.000000000000284,0.37213589829750865
82.08,273.99891691894106,-20.000000000000284,0.37213589829750865
82.112,278.7883336231537,10.000000000000142,0.42606232904328145
82.144,282.02769802256034,29.999999999999005,0.37213589829750865
82.176,285.30470202322215,-50.0,0.5485250542599845
82.208,288.6197829762387,-30.000000000001137,0.7571601330199093
82.24,290.2917403700367,-20.000000000001705,0.8266685594724994
82.272,290.2917403700367,-20.000000000001705,0.8266685594724995
82.304,290.2917403700367,-20.000000000001705,0.8266685594724995
82.336,293.6647679174075,-7.105427357601002e-13,0.8266685594724995
82.368,298.79793764201077,29.999999999999716,0.4849868077159112
82.4,300.528856485967,39.99999999999915,0.4849868077159112
82.432,300.528856485967,39.99999999999915,0.4849868077159112
82.464,300.528856485967,39.99999999999915,0.5485250542599844
82.496,298.79793764201077,29.999999999999716,0.8266685594724995
82.528,312.9293240034019,9.999999999999432,0.07797523762294818
82.56,365.74467430282664,-20.000000000001705,0.010006178555334078
82.592,432.44106335991046,-30.000000000001137,0.010000802780927255
82.624,460.8094140410758,-20.000000000000284,0.010824463728234167
82.656,502.5162292967395,29.999999999999716,0.056071395445892624
82.688,570.6094040464443,-50.0,0.2796051653363589
82.72,594.1539763140034,19.999999999998863,0.7571601330199093
82.752,597.5958752840215,29.999999999999716,0.9459302094659091
82.784,597.5958752840215,29.999999999999716,0.9848789761259923
82.816,594.1539763140034,19.999999999998863,0.6860828109301793
82.848,587.329535834815,0.0,0.4849868077159113
82.88,583.9467666289698,-9.999999999999432,0.27960516533635893
82.912,577.2395659524774,-30.000000000001137,0.06608151270920701
82.944,573.9149106968482,-40.00000000000057,0.4849868077159113
82.976,557.5766672463074,9.999999999999432,0.4260623290432815
83.008,544.8415985660737,-29.999999999999716,0.4849868077159113
83.04,541.703541871763,-40.00000000000057,0.6159498854580681
83.072,535.48154601506,40.00000000000057,0.7571601330199094
83.104,532.3973992564887,30.000000000001137,0.9459302094659092
83.136,529.3310158761313,19.999999999998863,0.9848789761259924
83.168,529.3310158761313,19.999999999998863,0.9848789761259923
83.2,529.3310158761313,19.999999999998863,1.0
83.232,529.3310158761313,19.999999999998863,0.9999999999999999
83.264,532.3973992564887,30.000000000001137,0.9848789761259924
83.296,526.2822935644576,9.999999999999432,0.8911444948731203
83.328,514.2619893669481,-30.000000000001137,0.8911444948731203
83.36,508.35518662380014,49.99999999999858,0.8911444948731203
83.392,505.42727619869544,39.99999999999915,0.8911444948731203
83.424,514.2619893669481,-30.000000000001137,0.7571601330199094
83.456,520.2374258519452,-9.999999999999432,0.8266685594724996
83.488,514.2619893669481,-30.000000000001137,0.7571601330199094
83.52,505.42727619869544,39.99999999999915,0.8911444948731202
83.552,502.5162292967395,29.999999999999716,0.9848789761259925
83.584,505.42727619869544,39.99999999999915,0.7571601330199094
83.616,511.30005826144946,-40.00000000000057,0.6860828109301793
83.648,508.35518662380014,49.99999999999858,0.6860828109301794
83.68,502.5162292967395,29.999999999999716,0.6860828109301794
83.712,499.62194879118596,20.000000000000284,0.9459302094659092
83.744,496.74433811469765,9.999999999999432,0.9459302094659093
83.776,499.62194879118596,20.000000000000284,0.9459302094659092
83.808,502.5162292967395,29.999999999999716,0.8911444948731202
83.84,493.88330125612407,0.0,0.5485250542599845
83.872,471.580323515969,19.999999999998863,0.37213589829750865
83.904,452.89298412313644,-50.0,0.6159498854580681
83.936,442.5488940698555,9.999999999999432,0.9459302094659092
83.968,442.5488940698555,9.999999999999432,0.9848789761259924
84.0,445.11255373284587,19.999999999998863,0.9848789761259925
84.032,447.69106452518196,30.000000000001137,0.9459302094659092
84.064,447.69106452518196,30.000000000001137,0.8911444948731204
84.096,447.69106452518196,30.000000000001137,0.8911444948731204
84.128,447.69106452518196,30.000000000001137,0.8911444948731204
84.16,445.11255373284587,19.999999999998863,0.9848789761259924
84.192,437.46578647972086,-9.999999999999432,0.7571601330199093
84.224,425.01198472693204,39.99999999999915,0.4849868077159113
84.256,408.1700114541761,-30.000000000001137,0.5485250542599845
84.288,398.84739550836855,29.999999999998295,0.8266685594724997
84.32,398.84739550836855,29.999999999998295,0.9848789761259924
84.352,398.84739550836855,29.999999999998295,0.9848789761259923
84.384,398.84739550836855,29.999999999998295,0.9848789761259923
84.416,396.5502035487653,19.999999999998863,0.9848789761259924
84.448,396.5502035487653,19.999999999998863,0.9848789761259924
84.48,394.2662424412591,9.999999999999432,0.9848789761259924
84.512,394.2662424412591,9.999999999999432,0.9848789761259924
84.544,394.2662424412591,9.999999999999432,0.9848789761259924
84.576,403.4817790100553,-50.0,0.7571601330199093
84.608,420.1303057205832,19.999999999998863,0.32333605839064083
84.64,447.69106452518196,30.000000000001137,0.17653060863289757
84.672,477.05982293262406,39.999999999997726,0.37213589829750865
84.704,493.88330125612407,0.0,0.8266685594724996
84.736,496.74433811469765,9.999999999999432,0.9459302094659091
84.768,499.62194879118596,20.000000000000284,0.9848789761259924
84.8,496.74433811469765,9.999999999999432,0.8266685594724996
84.832,496.74433811469765,9.999999999999432,0.6860828109301793
84.864,499.62194879118596,20.000000000000284,0.5485250542599847
84.896,499.62194879118596,20.000000000000284,0.4849868077159113
84.928,499.62194879118596,20.000000000000284,0.8266685594724996
84.96,499.62194879118596,20.000000000000284,0.8911444948731203
84.992,499.62194879118596,20.000000000000284,0.9459302094659093
85.024,502.5162292967395,29.999999999999716,0.9459302094659092
85.056,499.62194879118596,20.000000000000284,0.9459302094659093
85.088,499.62194879118596,20.000000000000284,0.9848789761259924
85.12,499.62194879118596,20.000000000000284,0.9848789761259924
85.152,499.62194879118596,20.000000000000284,0.9848789761259924
85.184,499.62194879118596,20.000000000000284,0.9848789761259924
85.216,499.62194879118596,20.000000000000284,0.9848789761259924
85.248,499.62194879118596,20.000000000000284,0.9848789761259924
85.28,496.74433811469765,9.999999999999432,0.8266685594724996
85.312,496.74433811469765,9.999999999999432,0.7571601330199094
85.344,499.62194879118596,20.000000000000284,0.6860828109301794
85.376,499.62194879118596,20.000000000000284,0.6860828109301793
85.408,499.62194879118596,20.000000000000284,0.9459302094659092
85.44,496.74433811469765,9.999999999999432,0.4260623290432814
85.472,502.5162292967395,29.999999999999716,0.27960516533635893
85.504,508.35518662380014,49.99999999999858,0.37213589829750865
85.536,508.35518662380014,49.99999999999858,0.5485250542599847
85.568,502.5162292967395,29.999999999999716,0.9459302094659093
85.6,499.62194879118596,20.000000000000284,0.9848789761259924
85.632,493.88330125612407,0.0,0.9848789761259924
85.664,493.88330125612407,0.0,0.9848789761259925
85.696,496.74433811469765,9.999999999999432,0.9848789761259924
85.728,496.74433811469765,9.999999999999432,0.9848789761259925
85.76,482.60299106563536,-40.00000000000057,0.6860828109301794
85.792,463.4788558201278,-10.000000000000853,0.6159498854580681
85.824,452.89298412313644,-50.0,0.8266685594724996
85.856,445.11255373284587,19.999999999998863,0.9848789761259925
85.888,442.5488940698555,9.999999999999432,0.9848789761259924
85.92,442.5488940698555,9.999999999999432,0.9848789761259924
85.952,442.5488940698555,9.999999999999432,0.9848789761259924
85.984,439.99999999999994,0.0,0.9848789761259923
86.016,439.99999999999994,0.0,0.9848789761259924
86.048,442.5488940698555,9.999999999999432,0.9848789761259924
86.08,445.11255373284587,19.999999999998863,0.7571601330199094
86.112,445.11255373284587,19.999999999998863,0.6159498854580681
86.144,442.5488940698555,9.999999999999432,0.6159498854580681
86.176,445.11255373284587,19.999999999998863,0.5485250542599845
86.208,445.11255373284587,19.999999999998863,0.9459302094659092
86.24,447.69106452518196,30.000000000001137,0.8266685594724996
86.272,447.69106452518196,30.000000000001137,0.7571601330199095
86.304,437.46578647972086,-9.999999999999432,0.6860828109301793
86.336,432.44106335991046,-30.000000000001137,0.5485250542599844
86.368,434.9461689552743,-20.000000000001705,0.8911444948731203
86.4,432.44106335991046,-30.000000000001137,0.8266685594724996
86.432,437.46578647972086,-9.999999999999432,0.2796051653363589
86.464,437.46578647972086,-9.999999999999432,0.02616802860893576
86.496,482.60299106563536,-40.00000000000057,0.010824463728234167
86.528,,,5.746887758158253e-12
86.56,,,4.812479562301582e-13
86.592,,,5.376871171871804e-13
86.624,,,1.2519779141728222e-11
86.656,,,0.0229442191246386
86.688,,,0.010467533617069905
86.72,,,0.010824463728234167
86.752,,,0.010622609040911533
86.784,,,0.010824463728234167
86.816,,,0.02616802860893576
86.848,,,0.030106861794195014
86.88,,,0.03489742801962526
86.912,,,0.03489742801962526
86.944,,,2.301414198127392e-05
86.976,298.79793764201077,29.999999999999716,0.010001873046012166
87.008,282.02769802256034,29.999999999999005,0.48498680771591124
87.04,285.30470202322215,-50.0,0.6860828109301792
87.072,288.6197829762387,-30.000000000001137,0.7571601330199094
87.104,291.9733833144849,-10.000000000000142,0.8266685594724995
87.136,295.3659506116579,9.999999999998721,0.8911444948731202
87.168,295.3659506116579,9.999999999998721,0.9459302094659092
87.2,297.0769881570017,19.999999999998153,0.9459302094659092
87.232,297.0769881570017,19.999999999998153,0.9459302094659092
87.264,297.0769881570017,19.999999999998153,0.8911444948731202
87.296,298.79793764201077,29.999999999999716,0.6159498854580681
87.328,300.528856485967,39.99999999999915,0.5485250542599844
87.36,300.528856485967,39.99999999999915,0.4849868077159112
87.392,300.528856485967,39.99999999999915,0.4849868077159112
87.424,293.6647679174075,-7.105427357601002e-13,0.7571601330199093
87.456,295.3659506116579,9.999999999998721,0.8911444948731203
87.488,,,0.013100262550513395
87.52,,,0.010000516719604524
87.552,468.8642207165331,9.999999999999432,0.0100028158258111
87.584,508.35518662380014,49.99999999999858,0.013980210380185928
87.616,547.9978338378821,-20.000000000000284,0.2796051653363589
87.648,570.6094040464443,-50.0,0.8266685594724996
87.68,580.5834807400734,-20.000000000001705,0.9459302094659092
87.712,583.9467666289698,-9.999999999999432,0.9459302094659092
87.744,587.329535834815,0.0,0.9848789761259923
87.776,590.7319012233158,9.999999999999432,0.8911444948731202
87.808,590.7319012233158,9.999999999999432,0.8911444948731203
87.84,587.329535834815,0.0,0.8266685594724995
87.872,580.5834807400734,-20.000000000001705,0.7571601330199094
87.904,577.2395659524774,-30.000000000001137,0.9848789761259924
87.936,580.5834807400734,-20.000000000001705,0.7571601330199093
87.968,587.329535834815,0.0,0.6860828109301793
88.0,594.1539763140034,19.999999999998863,0.6860828109301793
88.032,594.1539763140034,19.999999999998863,0.6860828109301793
88.064,594.1539763140034,19.999999999998863,0.9459302094659091
88.096,601.057712971934,39.99999999999915,0.9459302094659092
88.128,611.5640167306283,-30.000000000001137,0.8911444948731203
88.16,629.4842102715137,19.999999999998863,0.8266685594724996
88.192,644.1977062160751,-40.00000000000057,0.9459302094659093
88.224,655.4580837739891,-10.000000000000853,0.9459302094659092
88.256,659.2551138257398,-1.4210854715202004e-12,0.9848789761259924
88.288,659.2551138257398,-1.4210854715202004e-12,0.9848789761259924
88.32,663.0741398488134,9.999999999999432,1.0
88.352,666.9152892645752,19.999999999998863,1.0
88.384,674.6644716546242,39.999999999997726,0.9848789761259924
88.416,678.5727631794939,50.0,0.9459302094659093
88.448,682.5036952068432,-40.00000000000057,0.9459302094659094
88.48,682.5036952068432,-40.00000000000057,0.9459302094659093
88.512,678.5727631794939,50.0,0.9459302094659092
88.544,674.6644716546242,39.999999999997726,0.8266685594724996
88.576,674.6644716546242,39.999999999997726,0.6860828109301793
88.608,670.7786902325353,29.999999999998295,0.615949885458068
88.64,670.7786902325353,29.999999999998295,0.615949885458068
88.672,670.7786902325353,29.999999999998295,0.8266685594724997
88.704,670.7786902325353,29.999999999998295,0.6860828109301794
88.736,670.7786902325353,29.999999999998295,0.6860828109301793
88.768,670.7786902325353,29.999999999998295,0.6159498854580681
88.8,666.9152892645752,19.999999999998863,0.5485250542599847
88.832,663.0741398488134,9.999999999999432,0.7571601330199094
88.864,625.8586480068038,9.999999999999432,0.2407543944755743
88.896,597.5958752840215,29.999999999999716,0.32333605839064083
88.928,594.1539763140034,19.999999999998863,0.6159498854580682
88.96,594.1539763140034,19.999999999998863,0.7571601330199094
88.992,583.9467666289698,-9.999999999999432,0.1504646013433388
89.024,564.0553960451207,29.999999999998295,0.07797523762294818
89.056,557.5766672463074,9.999999999999432,0.24075439447557426
89.088,557.5766672463074,9.999999999999432,0.3233360583906408
89.12,564.0553960451207,29.999999999998295,0.20650679911775224
89.152,564.0553960451207,29.999999999998295,0.05607139544589262
89.184,541.703541871763,-40.00000000000057,0.011422334250709074
89.216,520.2374258519452,-9.999999999999432,0.020317628556360583
89.248,511.30005826144946,-40.00000000000057,0.24075439447557428
89.28,505.42727619869544,39.99999999999915,0.9459302094659092
89.312,502.5162292967395,29.999999999999716,0.9848789761259923
89.344,499.62194879118596,20.000000000000284,0.9459302094659093
89.376,496.74433811469765,9.999999999999432,0.9848789761259923
89.408,496.74433811469765,9.999999999999432,0.9848789761259923
89.44,493.88330125612407,0.0,0.9848789761259924
89.472,493.88330125612407,0.0,0.9459302094659092
89.504,493.88330125612407,0.0,0.9459302094659092
89.536,493.88330125612407,0.0,0.9459302094659091
89.568,493.88330125612407,0.0,0.9459302094659092
89.6,496.74433811469765,9.999999999999432,0.9848789761259924
89.632,496.74433811469765,9.999999999999432,0.9848789761259924
89.664,496.74433811469765,9.999999999999432,0.9848789761259923
89.696,493.88330125612407,0.0,0.9459302094659092
89.728,491.03874275729817,-9.999999999999432,0.9459302094659092
89.76,491.03874275729817,-9.999999999999432,0.6860828109301794
89.792,491.03874275729817,-9.999999999999432,0.615949885458068
89.824,493.88330125612407,0.0,0.615949885458068
89.856,493.88330125612407,0.0,0.6159498854580682
89.888,496.74433811469765,9.999999999999432,0.9459302094659092
89.92,496.74433811469765,9.999999999999432,0.9459302094659091
89.952,496.74433811469765,9.999999999999432,0.9459302094659092
89.984,496.74433811469765,9.999999999999432,0.9459302094659091
90.016,493.88330125612407,0.0,0.9459302094659091
90.048,493.88330125612407,0.0,0.945930209465909
90.08,493.88330125612407,0.0,0.8911444948731203
90.112,496.74433811469765,9.999999999999432,0.9459302094659092
90.144,496.74433811469765,9.999999999999432,0.9459302094659091
90.176,496.74433811469765,9.999999999999432,0.5485250542599844
90.208,493.88330125612407,0.0,0.42606232904328145
90.24,493.88330125612407,0.0,0.42606232904328145
90.272,496.74433811469765,9.999999999999432,0.48498680771591124
90.304,496.74433811469765,9.999999999999432,0.8266685594724996
90.336,493.88330125612407,0.0,0.4849868077159113
90.368,491.03874275729817,-9.999999999999432,0.3721358982975087
90.4,488.2105677098518,-19.999999999998863,0.3721358982975087
90.432,491.03874275729817,-9.999999999999432,0.2796051653363589
90.464,493.88330125612407,0.0,0.6860828109301794
90.496,496.74433811469765,9.999999999999432,0.8911444948731203
90.528,496.74433811469765,9.999999999999432,0.9459302094659093
90.56,493.88330125612407,0.0,0.9459302094659091
90.592,493.88330125612407,0.0,0.8911444948731203
90.624,496.74433811469765,9.999999999999432,0.7571601330199093
90.656,458.1553471153147,-29.999999999999716,0.09203757081218102
90.688,447.69106452518196,30.000000000001137,0.5485250542599845
90.72,447.69106452518196,30.000000000001137,0.615949885458068
90.752,447.69106452518196,30.000000000001137,0.6860828109301793
90.784,445.11255373284587,19.999999999998863,0.3721358982975087
90.816,,,0.010073751764282884
90.848,,,0.011422334250709076
90.88,,,0.010259050559778863
90.912,,,0.010052967545965855
90.944,,,0.010259050559778864
90.976,1986.9773524587906,9.999999999999432,0.010000000021701592
91.008,1986.9773524587906,9.999999999999432,0.010000000208892744
91.04,1986.9773524587906,9.999999999999432,0.010000000814014906
91.072,1975.5332050244967,0.0,0.010000000814014906
91.104,1964.1549710291927,-9.999999999999432,0.01000020633903134
91.136,1941.5947270081936,-30.000000000001137,0.010000078102280324
91.168,1952.8422708394075,-19.999999999998863,0.0100000470079773
91.2,1952.8422708394075,-19.999999999998863,0.010000078102280324
91.232,,,0.010000027850262284
91.264,,,0.010009025493342984
91.296,,,0.010140046044704065
91.328,,,0.011853505394683415
91.36,,,0.011853505394683415
91.392,,,5.051160127861184e-13
91.424,,,2.9844523907424066e-15
91.456,2080.94970340778,-10.000000000002274,0.010000000047726025
91.488,2068.9643150591514,-20.000000000001705,0.010000002871100368
91.52,2033.4207464951999,49.99999999999858,0.010006178555334078
91.552,2057.0479574677915,-30.000000000001137,0.010052967545965857
91.584,2045.2002330457979,-40.00000000000057,0.010052967545965857
91.616,2045.2002330457979,-40.00000000000057,0.010052967545965857
91.648,2057.0479574677915,-30.000000000001137,0.010052967545965857
91.68,,,0.010073751764282884
91.712,,,3.3535186027932894e-09
91.744,,,3.6912742671189567e-10
91.776,,,2.033578973223191e-09
91.808,,,9.967060317313931e-08
91.84,,,1.513896035740325e-07
91.872,273.99891691894106,-20.000000000000284,0.24075439447557426
91.904,270.8517709358815,-40.00000000000128,0.4849868077159112
91.936,273.99891691894106,-20.000000000000284,0.5485250542599844
91.968,277.1826309768721,-1.4210854715202004e-12,0.4260623290432814
92.0,286.9574553484241,-40.00000000000057,0.2796051653363589
92.032,290.2917403700367,-20.000000000001705,0.5485250542599845
92.064,290.2917403700367,-20.000000000001705,0.6860828109301793
92.096,290.2917403700367,-20.000000000001705,0.6159498854580678
92.128,288.6197829762387,-30.000000000001137,0.5485250542599844
92.16,291.9733833144849,-10.000000000000142,0.5485250542599844
92.192,295.3659506116579,9.999999999998721,0.42606232904328145
92.224,297.0769881570017,19.999999999998153,0.32333605839064083
92.256,297.0769881570017,19.999999999998153,0.20650679911775233
92.288,285.30470202322215,-50.0,0.2065067991177523
92.32,305.78200836531414,-30.000000000000426,0.17653060863289757
92.352,327.72904188699454,-10.000000000000853,0.04069733156888105
92.384,357.39105439674364,39.99999999999915,0.020317628556360583
92.416,396.5502035487653,19.999999999998863,0.01010197459374499
92.448,466.1637615180899,-1.4210854715202004e-12,0.010052967545965857
92.48,520.2374258519452,-9.999999999999432,0.016467587593113005
92.512,557.5766672463074,9.999999999999432,0.3233360583906409
92.544,577.2395659524774,-30.000000000001137,0.615949885458068
92.576,583.9467666289698,-9.999999999999432,0.615949885458068
92.608,590.7319012233158,9.999999999999432,0.615949885458068
92.64,608.0416671858214,-40.00000000000057,0.17653060863289755
92.672,608.0416671858214,-40.00000000000057,0.12793708630129036
92.704,608.0416671858214,-40.00000000000057,0.17653060863289757
92.736,604.5396048815593,50.0,0.20650679911775227
92.768,594.1539763140034,19.999999999998863,0.6159498854580681
92.8,601.057712971934,39.99999999999915,0.20650679911775227
92.832,587.329535834815,0.0,0.17653060863289755
92.864,573.9149106968482,-40.00000000000057,0.17653060863289757
92.896,554.3652619537442,-1.4210854715202004e-12,0.24075439447557426
92.928,541.703541871763,-40.00000000000057,0.6860828109301792
92.96,532.3973992564887,30.000000000001137,0.9848789761259923
92.992,532.3973992564887,30.000000000001137,0.9848789761259924
93.024,532.3973992564887,30.000000000001137,0.9848789761259923
93.056,532.3973992564887,30.000000000001137,0.9848789761259923
93.088,532.3973992564887,30.000000000001137,0.9999999999999999
93.12,532.3973992564887,30.000000000001137,0.9848789761259924
93.152,529.3310158761313,19.999999999998863,0.9459302094659093
93.184,520.2374258519452,-9.999999999999432,0.9459302094659093
93.216,514.2619893669481,-30.000000000001137,0.9459302094659092
93.248,517.2410787647879,-20.000000000001705,0.9459302094659092
93.28,523.2511306011972,0.0,0.8266685594724994
93.312,526.2822935644576,9.999999999999432,0.8911444948731203
93.344,520.2374258519452,-9.999999999999432,0.8266685594724995
93.376,514.2619893669481,-30.000000000001137,0.7571601330199093
93.408,508.35518662380014,49.99999999999858,0.7571601330199095
93.44,508.35518662380014,49.99999999999858,0.6860828109301794
93.472,508.35518662380014,49.99999999999858,0.6860828109301793
93.504,502.5162292967395,29.999999999999716,0.8266685594724997
93.536,499.62194879118596,20.000000000000284,0.8266685594724997
93.568,493.88330125612407,0.0,0.8266685594724996
93.6,493.88330125612407,0.0,0.8266685594724996
93.632,488.2105677098518,-19.999999999998863,0.8266685594724996
93.664,479.82340237271336,50.0,0.7571601330199094
93.696,466.1637615180899,-1.4210854715202004e-12,0.7571601330199094
93.728,455.516566490206,-40.00000000000057,0.9459302094659093
93.76,450.28451247858095,40.00000000000057,0.9848789761259924
93.792,447.69106452518196,30.000000000001137,0.9848789761259924
93.824,447.69106452518196,30.000000000001137,0.9848789761259925
93.856,445.11255373284587,19.999999999998863,0.8911444948731204
93.888,445.11255373284587,19.999999999998863,0.8266685594724995
93.92,442.5488940698555,9.999999999999432,0.8266685594724996
93.952,442.5488940698555,9.999999999999432,0.8266685594724996
93.984,445.11255373284587,19.999999999998863,0.9459302094659092
94.016,445.11255373284587,19.999999999998863,0.8266685594724996
94.048,439.99999999999994,0.0,0.615949885458068
94.08,422.5640958224419,29.999999999999716,0.37213589829750865
94.112,408.1700114541761,-30.000000000001137,0.4849868077159113
94.144,396.5502035487653,19.999999999998863,0.8911444948731203
94.176,394.2662424412591,9.999999999999432,0.9459302094659092
94.208,396.5502035487653,19.999999999998863,0.9459302094659092
94.24,398.84739550836855,29.999999999998295,0.9848789761259924
94.272,398.84739550836855,29.999999999998295,0.9848789761259924
94.304,396.5502035487653,19.999999999998863,0.9848789761259923
94.336,396.5502035487653,19.999999999998863,0.9848789761259924
94.368,396.5502035487653,19.999999999998863,0.9848789761259924
94.4,401.1578949656154,40.00000000000057,0.9459302094659092
94.432,415.30469757994507,0.0,0.5485250542599845
94.464,437.46578647972086,-9.999999999999432,0.2796051653363589
94.496,468.8642207165331,9.999999999999432,0.48498680771591124
94.528,488.2105677098518,-19.999999999998863,0.7571601330199094
94.56,496.74433811469765,9.999999999999432,0.9459302094659093
94.592,499.62194879118596,20.000000000000284,0.9848789761259925
94.624,502.5162292967395,29.999999999999716,0.8266685594724996
94.656,502.5162292967395,29.999999999999716,0.6159498854580682
94.688,502.5162292967395,29.999999999999716,0.5485250542599847
94.72,502.5162292967395,29.999999999999716,0.48498680771591135
94.752,499.62194879118596,20.000000000000284,0.8266685594724996
94.784,496.74433811469765,9.999999999999432,0.8911444948731203
94.816,493.88330125612407,0.0,0.8266685594724995
94.848,493.88330125612407,0.0,0.8266685594724996
94.88,493.88330125612407,0.0,0.8266685594724996
94.912,493.88330125612407,0.0,0.8911444948731203
94.944,496.74433811469765,9.999999999999432,0.9848789761259924
94.976,496.74433811469765,9.999999999999432,0.9848789761259925
95.008,493.88330125612407,0.0,0.9848789761259925
95.04,488.2105677098518,-19.999999999998863,0.9848789761259924
95.072,488.2105677098518,-19.999999999998863,0.8266685594724996
95.104,491.03874275729817,-9.999999999999432,0.6159498854580681
95.136,493.88330125612407,0.0,0.6860828109301794
95.168,493.88330125612407,0.0,0.6860828109301794
95.2,491.03874275729817,-9.999999999999432,0.8911444948731204
95.232,488.2105677098518,-19.999999999998863,0.7571601330199094
95.264,491.03874275729817,-9.999999999999432,0.6159498854580682
95.296,493.88330125612407,0.0,0.6159498854580681
95.328,491.03874275729817,-9.999999999999432,0.5485250542599847
95.36,488.2105677098518,-19.999999999998863,0.8911444948731204
95.392,485.3986817520484,-30.000000000001137,0.9459302094659093
95.424,485.3986817520484,-30.000000000001137,0.9848789761259925
95.456,491.03874275729817,-9.999999999999432,0.9459302094659093
95.488,493.88330125612407,0.0,0.9459302094659092
95.52,485.3986817520484,-30.000000000001137,0.8266685594724995
95.552,468.8642207165331,9.999999999999432,0.6860828109301793
95.584,455.516566490206,-40.00000000000057,0.8266685594724997
95.616,445.11255373284587,19.999999999998863,0.9848789761259923
95.648,442.5488940698555,9.999999999999432,0.9848789761259924
95.68,439.99999999999994,0.0,0.9848789761259924
95.712,439.99999999999994,0.0,0.9848789761259924
95.744,439.99999999999994,0.0,0.9848789761259924
95.776,439.99999999999994,0.0,0.9848789761259924
95.808,442.5488940698555,9.999999999999432,0.9848789761259924
95.84,442.5488940698555,9.999999999999432,0.8266685594724996
95.872,439.99999999999994,0.0,0.6860828109301794
95.904,434.9461689552743,-20.000000000001705,0.6860828109301793
95.936,434.9461689552743,-20.000000000001705,0.7571601330199094
95.968,437.46578647972086,-9.999999999999432,0.8266685594724996
96.0,442.5488940698555,9.999999999999432,0.8266685594724996
96.032,442.5488940698555,9.999999999999432,0.8266685594724996
96.064,442.5488940698555,9.999999999999432,0.7571601330199094
96.096,439.99999999999994,0.0,0.8266685594724995
96.128,437.46578647972086,-9.999999999999432,0.9459302094659092
96.16,437.46578647972086,-9.999999999999432,0.9848789761259923
96.192,437.46578647972086,-9.999999999999432,0.9848789761259924
96.224,439.99999999999994,0.0,0.9848789761259924
96.256,439.99999999999994,0.0,0.4260623290432814
96.288,474.31216053885623,29.999999999998295,0.010000078102280324
96.32,,,0.010000001546548247
96.352,,,0.010000000028475918
96.384,,,1.236747963752789e-11
96.416,,,6.4282442616687196e-12
96.448,,,0.01000032860450166
96.48,,,0.01000032860450166
96.512,,,0.01000032860450166
96.544,,,0.010000516719604524
96.576,,,1.2354604453728841e-11
96.608,,,1.2895477566151993e-11
96.64,,,3.471765364540547e-10
96.672,,,1.5400150078928856e-08
96.704,,,0.010002801619242462
96.736,286.9574553484241,-40.00000000000057,0.20650679911775233
96.768,291.9733833144849,-10.000000000000142,0.5485250542599844
96.8,295.3659506116579,9.999999999998721,0.6860828109301793
96.832,297.0769881570017,19.999999999998153,0.6860828109301792
96.864,298.79793764201077,29.999999999999716,0.8266685594724995
96.896,298.79793764201077,29.999999999999716,0.7571601330199093
96.928,298.79793764201077,29.999999999999716,0.6860828109301792
96.96,297.0769881570017,19.999999999998153,0.615949885458068
96.992,295.3659506116579,9.999999999998721,0.6860828109301793
97.024,295.3659506116579,9.999999999998721,0.7571601330199093
97.056,298.79793764201077,29.999999999999716,0.32333605839064083
97.088,300.528856485967,39.99999999999915,0.32333605839064083
97.12,300.528856485967,39.99999999999915,0.3721358982975087
97.152,300.528856485967,39.99999999999915,0.42606232904328145
97.184,298.79793764201077,29.999999999999716,0.7571601330199093
97.216,297.0769881570017,19.999999999998153,0.5485250542599844
97.248,297.0769881570017,19.999999999998153,0.4260623290432814
97.28,300.528856485967,39.99999999999915,0.42606232904328145
97.312,300.528856485967,39.99999999999915,0.42606232904328145
97.344,297.0769881570017,19.999999999998153,0.6860828109301793
97.376,293.6647679174075,-7.105427357601002e-13,0.7571601330199093
97.408,291.9733833144849,-10.000000000000142,0.7571601330199091
97.44,293.6647679174075,-7.105427357601002e-13,0.7571601330199093
97.472,295.3659506116579,9.999999999998721,0.8266685594724994
97.504,295.3659506116579,9.999999999998721,0.4260623290432814
97.536,297.0769881570017,19.999999999998153,0.20650679911775233
97.568,297.0769881570017,19.999999999998153,0.10857977072874497
97.6,297.0769881570017,19.999999999998153,0.047686993082531035
97.632,300.528856485967,39.99999999999915,0.2065067991177523
97.664,298.79793764201077,29.999999999999716,0.2407543944755743
97.696,305.78200836531414,-30.000000000000426,0.1504646013433388
97.728,305.78200836531414,-30.000000000000426,0.10857977072874497
97.76,305.78200836531414,-30.000000000000426,0.06608151270920702
97.792,305.78200836531414,-30.000000000000426,0.1765306086328976
97.824,293.6647679174075,-7.105427357601002e-13,0.4849868077159112
97.856,295.3659506116579,9.999999999998721,0.7571601330199091
97.888,295.3659506116579,9.999999999998721,0.8266685594724995
97.92,295.3659506116579,9.999999999998721,0.8911444948731203
97.952,297.0769881570017,19.999999999998153,0.8911444948731203
97.984,302.26980244077964,-49.99999999999929,0.8911444948731201
98.016,320.24370022528115,49.99999999999929,0.24075439447557426
98.048,343.22869944588433,-30.000000000001137,0.020317628556360583
98.08,372.1377785978373,9.999999999999432,0.011085791888943373
98.112,420.1303057205832,19.999999999998863,0.011085791888943373
98.144,477.05982293262406,39.999999999997726,0.013980210380185928
98.176,532.3973992564887,30.000000000001137,0.047686993082531035
98.208,560.8066760204753,19.999999999998863,0.06608151270920701
98.24,577.2395659524774,-30.000000000001137,0.0779752376229482
98.272,583.9467666289698,-9.999999999999432,0.32333605839064095
98.304,594.1539763140034,19.999999999998863,0.011085791888943373
98.336,594.1539763140034,19.999999999998863,0.010622609040911533
98.368,594.1539763140034,19.999999999998863,0.010622609040911533
98.4,590.7319012233158,9.999999999999432,0.011422334250709074
98.432,580.5834807400734,-20.000000000001705,0.01818737573491218
98.464,577.2395659524774,-30.000000000001137,0.020317628556360583
98.496,580.5834807400734,-20.000000000001705,0.020317628556360583
98.528,583.9467666289698,-9.999999999999432,0.022944219124638603
98.56,594.1539763140034,19.999999999998863,0.24075439447557428
98.592,594.1539763140034,19.999999999998863,0.6860828109301793
98.624,590.7319012233158,9.999999999999432,0.8911444948731203
98.656,590.7319012233158,9.999999999999432,0.9459302094659092
98.688,590.7319012233158,9.999999999999432,0.9459302094659092
98.72,590.7319012233158,9.999999999999432,0.9459302094659091
98.752,594.1539763140034,19.999999999998863,0.12793708630129036
98.784,594.1539763140034,19.999999999998863,0.10857977072874499
98.816,594.1539763140034,19.999999999998863,0.12793708630129033
98.848,594.1539763140034,19.999999999998863,0.12793708630129036
98.88,590.7319012233158,9.999999999999432,0.7571601330199093
98.912,594.1539763140034,19.999999999998863,0.026168028608935752
98.944,597.5958752840215,29.999999999999716,0.011853505394683413
98.976,601.057712971934,39.99999999999915,0.010824463728234169
99.008,601.057712971934,39.99999999999915,0.01398021038018593
99.04,583.9467666289698,-9.999999999999432,0.07797523762294818
99.072,577.2395659524774,-30.000000000001137,0.3233360583906409
99.104,570.6094040464443,-50.0,0.42606232904328145
99.136,551.1723529946163,-10.000000000000853,0.4849868077159113
99.168,535.48154601506,40.00000000000057,0.4849868077159113
99.2,493.88330125612407,0.0,0.047686993082531035
99.232,429.9503861110682,-40.00000000000057,0.022944219124638603
99.264,391.9954359817493,0.0,0.03489742801962526
99.296,369.9944227116344,0.0,0.09203757081218102
99.328,349.2282314330038,0.0,0.5485250542599847
99.36,337.3322358273121,39.999999999997726,0.9459302094659093
99.392,333.4576446322876,19.999999999998863,0.9848789761259924
99.424,333.4576446322876,19.999999999998863,0.9848789761259924
99.456,331.5370699244067,9.999999999999432,0.9459302094659092
99.488,329.6275569128699,-1.4210854715202004e-12,0.9459302094659093
99.52,331.5370699244067,9.999999999999432,0.7571601330199095
99.552,333.4576446322876,19.999999999998863,0.48498680771591124
99.584,333.4576446322876,19.999999999998863,0.37213589829750865
99.616,333.4576446322876,19.999999999998863,0.24075439447557428
99.648,331.5370699244067,9.999999999999432,0.4260623290432814
99.68,327.72904188699454,-10.000000000000853,0.6860828109301793
99.712,329.6275569128699,-1.4210854715202004e-12,0.5485250542599844
99.744,333.4576446322876,19.999999999998863,0.48498680771591124
99.776,333.4576446322876,19.999999999998863,0.5485250542599844
99.808,333.4576446322876,19.999999999998863,0.6860828109301793
99.84,329.6275569128699,-1.4210854715202004e-12,0.8266685594724996
99.872,329.6275569128699,-1.4210854715202004e-12,0.8911444948731202
99.904,331.5370699244067,9.999999999999432,0.9459302094659092
99.936,331.5370699244067,9.999999999999432,0.9459302094659092
99.968,331.5370699244067,9.999999999999432,0.9848789761259924
100.0,329.6275569128699,-1.4210854715202004e-12,0.6159498854580682
100.032,327.72904188699454,-10.000000000000853,0.37213589829750865
100.064,327.72904188699454,-10.000000000000853,0.12793708630129036
100.096,327.72904188699454,-10.000000000000853,0.015085587297504338
100.128,,,0.010018764509768756
100.16,,,1.0960179429318735e-10
100.192,,,1.1534031820063076e-12
100.224,,,2.162107753048722e-13
100.256,,,9.832079520126121e-11
100.288,,,3.390514174201732e-07
100.32,,,8.880639327583768e-06
100.352,,,1.2279171731553181e-05
100.384,,,6.378419785018658e-06
100.416,,,9.666059117319398e-08
100.448,,,4.815730779498145e-13
100.48,339.28638158974695,50.0,0.10857977072874497
100.512,335.38934511626763,29.999999999998295,0.6159498854580681
100.544,339.28638158974695,50.0,0.8266685594724996
100.576,343.22869944588433,-30.000000000001137,0.7571601330199094
100.608,353.2860680198856,20.000000000000284,0.6159498854580681
100.64,369.9944227116344,0.0,0.6860828109301794
100.672,385.26118901858945,-29.999999999999716,0.8266685594724995
100.704,391.9954359817493,0.0,0.9459302094659093
100.736,394.2662424412591,9.999999999999432,0.9459302094659092
100.768,396.5502035487653,19.999999999998863,0.7571601330199094
100.8,398.84739550836855,29.999999999998295,0.6860828109301794
100.832,398.84739550836855,29.999999999998295,0.6860828109301793
100.864,398.84739550836855,29.999999999998295,0.6860828109301794
100.896,398.84739550836855,29.999999999998295,0.9459302094659093
100.928,398.84739550836855,29.999999999998295,0.8911444948731203
100.96,398.84739550836855,29.999999999998295,0.8911444948731203
100.992,398.84739550836855,29.999999999998295,0.8911444948731204
101.024,398.84739550836855,29.999999999998295,0.8911444948731203
101.056,398.84739550836855,29.999999999998295,0.9848789761259923
101.088,394.2662424412591,9.999999999999432,0.9459302094659092
101.12,389.7377084050387,-10.000000000000853,0.9459302094659093
101.152,383.04224785029453,-40.00000000000057,0.8911444948731202
101.184,376.4618113003449,29.999999999998295,0.9459302094659093
101.216,376.4618113003449,29.999999999998295,0.7571601330199094
101.248,380.8360868427029,50.0,0.6860828109301793
101.28,387.49298438230534,-20.000000000000284,0.6159498854580681
101.312,391.9954359817493,0.0,0.6860828109301793
101.344,394.2662424412591,9.999999999999432,0.8266685594724996
101.376,398.84739550836855,29.999999999998295,0.7571601330199094
101.408,398.84739550836855,29.999999999998295,0.7571601330199095
101.44,401.1578949656154,40.00000000000057,0.7571601330199094
101.472,401.1578949656154,40.00000000000057,0.8911444948731204
101.504,401.1578949656154,40.00000000000057,0.9459302094659093
101.536,398.84739550836855,29.999999999998295,0.9459302094659092
101.568,396.5502035487653,19.999999999998863,0.9848789761259924
101.6,396.5502035487653,19.999999999998863,0.9848789761259923
101.632,396.5502035487653,19.999999999998863,0.9848789761259923
101.664,391.9954359817493,0.0,0.9459302094659093
101.696,385.26118901858945,-29.999999999999716,0.8911444948731203
101.728,378.64263238750516,40.00000000000057,0.9459302094659092
101.76,374.29355081837645,19.999999999998863,0.9848789761259924
101.792,372.1377785978373,9.999999999999432,0.9848789761259924
101.824,372.1377785978373,9.999999999999432,0.9848789761259924
101.856,372.1377785978373,9.999999999999432,0.9848789761259924
101.888,372.1377785978373,9.999999999999432,0.9848789761259924
101.92,372.1377785978373,9.999999999999432,0.9848789761259924
101.952,372.1377785978373,9.999999999999432,0.7571601330199094
101.984,372.1377785978373,9.999999999999432,0.6159498854580682
102.016,372.1377785978373,9.999999999999432,0.4849868077159112
102.048,372.1377785978373,9.999999999999432,0.4260623290432814
102.08,369.9944227116344,0.0,0.6860828109301793
102.112,369.9944227116344,0.0,0.7571601330199094
102.144,376.4618113003449,29.999999999998295,0.7571601330199094
102.176,380.8360868427029,50.0,0.7571601330199095
102.208,380.8360868427029,50.0,0.8266685594724996
102.24,378.64263238750516,40.00000000000057,0.8911444948731204
102.272,374.29355081837645,19.999999999998863,0.9459302094659092
102.304,372.1377785978373,9.999999999999432,0.9848789761259924
102.336,374.29355081837645,19.999999999998863,0.9459302094659092
102.368,376.4618113003449,29.999999999998295,0.9848789761259924
102.4,376.4618113003449,29.999999999998295,0.8911444948731203
102.432,374.29355081837645,19.999999999998863,0.8266685594724996
102.464,374.29355081837645,19.999999999998863,0.8266685594724996
102.496,376.4618113003449,29.999999999998295,0.7571601330199094
102.528,376.4618113003449,29.999999999998295,0.8911444948731204
102.56,378.64263238750516,40.00000000000057,0.6860828109301794
102.592,376.4618113003449,29.999999999998295,0.48498680771591124
102.624,372.1377785978373,9.999999999999432,0.42606232904328145
102.656,372.1377785978373,9.999999999999432,0.3721358982975086
102.688,372.1377785978373,9.999999999999432,0.6860828109301793
102.72,372.1377785978373,9.999999999999432,0.8911444948731203
102.752,372.1377785978373,9.999999999999432,0.9459302094659092
102.784,369.9944227116344,0.0,0.9848789761259923
102.816,372.1377785978373,9.999999999999432,0.9848789761259924
102.848,372.1377785978373,9.999999999999432,0.9459302094659092
102.88,357.39105439674364,39.99999999999915,0.2065067991177523
102.912,322.09885310803753,-40.00000000000128,0.10857977072874499
102.944,304.0208335929107,-39.99999999999986,0.48498680771591124
102.976,297.0769881570017,19.999999999998153,0.8911444948731202
103.008,295.3659506116579,9.999999999998721,0.9848789761259924
103.04,295.3659506116579,9.999999999998721,0.9848789761259923
103.072,295.3659506116579,9.999999999998721,0.9459302094659092
103.104,293.6647679174075,-7.105427357601002e-13,0.9459302094659091
103.136,293.6647679174075,-7.105427357601002e-13,0.9459302094659092
103.168,295.3659506116579,9.999999999998721,0.9459302094659091
103.2,300.528856485967,39.99999999999915,0.5485250542599844
103.232,300.528856485967,39.99999999999915,0.3721358982975087
103.264,291.9733833144849,-10.000000000000142,0.2796051653363589
103.296,290.2917403700367,-20.000000000001705,0.24075439447557428
103.328,293.6647679174075,-7.105427357601002e-13,0.5485250542599844
103.36,300.528856485967,39.99999999999915,0.3721358982975087
103.392,300.528856485967,39.99999999999915,0.4260623290432814
103.424,297.0769881570017,19.999999999998153,0.37213589829750865
103.456,291.9733833144849,-10.000000000000142,0.42606232904328145
103.488,293.6647679174075,-7.105427357601002e-13,0.7571601330199093
103.52,297.0769881570017,19.999999999998153,0.8266685594724995
103.552,298.79793764201077,29.999999999999716,0.8266685594724996
103.584,300.528856485967,39.99999999999915,0.8911444948731202
103.616,297.0769881570017,19.999999999998153,0.2065067991177523
103.648,304.0208335929107,-39.99999999999986,0.010824463728234167
103.68,304.0208335929107,-39.99999999999986,0.01002672467381077
103.712,,,0.0100000470079773
103.744,,,0.0100000470079773
103.776,,,4.815622497819468e-13
103.808,,,2.614091794900413e-12
103.84,,,5.033019044449635e-11
103.872,,,1.8627557622683325e-10
103.904,,,1.4853212359163133e-07
103.936,,,8.922450025194603e-06
103.968,,,3.123492636919092e-05
104.0,,,0.0001310270559883727
104.032,,,9.940405340116473e-05
104.064,,,0.016467587593113005
104.096,305.78200836531414,-30.000000000000426,0.010000000000221913
104.128,269.2917795270241,49.99999999999929,0.4260623290432814
104.16,269.2917795270241,49.99999999999929,0.7571601330199093
104.192,269.2917795270241,49.99999999999929,0.8911444948731202
104.224,269.2917795270241,49.99999999999929,0.9848789761259923
104.256,269.2917795270241,49.99999999999929,0.9848789761259923
104.288,267.74077300753,39.99999999999986,0.9459302094659092
104.32,266.19869962824436,30.000000000000426,0.8911444948731202
104.352,264.6655079380657,19.999999999998863,0.9459302094659092
104.384,263.1411467822288,9.999999999999432,0.9848789761259924
104.416,263.1411467822288,9.999999999999432,0.8911444948731203
104.448,263.1411467822288,9.999999999999432,0.8266685594724996
104.48,263.1411467822288,9.999999999999432,0.615949885458068
104.512,263.1411467822288,9.999999999999432,0.4849868077159112
104.544,264.6655079380657,19.999999999998863,0.8266685594724995
104.576,264.6655079380657,19.999999999998863,0.7571601330199093
104.608,264.6655079380657,19.999999999998863,0.7571601330199093
104.64,266.19869962824436,30.000000000000426,0.7571601330199093
104.672,266.19869962824436,30.000000000000426,0.7571601330199093
104.704,264.6655079380657,19.999999999998863,0.8911444948731203
104.736,267.74077300753,39.99999999999986,0.9459302094659091
104.768,270.8517709358815,-40.00000000000128,0.8266685594724995
104.8,280.40333801023763,19.999999999999574,0.6860828109301793
104.832,291.9733833144849,-10.000000000000142,0.6860828109301794
104.864,305.78200836531414,-30.000000000000426,0.5485250542599845
104.896,312.9293240034019,9.999999999999432,0.48498680771591124
104.928,320.24370022528115,49.99999999999929,0.5485250542599844
104.96,327.72904188699454,-10.000000000000853,0.4849868077159112
104.992,329.6275569128699,-1.4210854715202004e-12,0.8266685594724997
105.024,331.5370699244067,9.999999999999432,0.6159498854580681
105.056,333.4576446322876,19.999999999998863,0.5485250542599844
105.088,335.38934511626763,29.999999999998295,0.5485250542599845
105.12,335.38934511626763,29.999999999998295,0.6159498854580681
105.152,335.38934511626763,29.999999999998295,0.8911444948731203
105.184,333.4576446322876,19.999999999998863,0.9459302094659092
105.216,333.4576446322876,19.999999999998863,0.9848789761259924
105.248,333.4576446322876,19.999999999998863,0.9848789761259924
105.28,333.4576446322876,19.999999999998863,0.9848789761259924
105.312,331.5370699244067,9.999999999999432,0.8911444948731203
105.344,323.96475278211557,-29.999999999999716,0.6860828109301793
105.376,311.12698372208087,0.0,0.6159498854580681
105.408,304.0208335929107,-39.99999999999986,0.8266685594724994
105.44,300.528856485967,39.99999999999915,0.9459302094659091
105.472,298.79793764201077,29.999999999999716,0.9459302094659092
105.504,298.79793764201077,29.999999999999716,0.9459302094659092
105.536,295.3659506116579,9.999999999998721,0.9459302094659091
105.568,291.9733833144849,-10.000000000000142,0.9459302094659092
105.6,291.9733833144849,-10.000000000000142,0.9459302094659092
105.632,293.6647679174075,-7.105427357601002e-13,0.5485250542599844
105.664,293.6647679174075,-7.105427357601002e-13,0.3721358982975087
105.696,300.528856485967,39.99999999999915,0.2796051653363589
105.728,300.528856485967,39.99999999999915,0.1765306086328976
105.76,286.9574553484241,-40.00000000000057,0.4849868077159112
105.792,288.6197829762387,-30.000000000001137,0.4849868077159112
105.824,293.6647679174075,-7.105427357601002e-13,0.42606232904328145
105.856,295.3659506116579,9.999999999998721,0.5485250542599844
105.888,293.6647679174075,-7.105427357601002e-13,0.4849868077159112
105.92,291.9733833144849,-10.000000000000142,0.6860828109301792
105.952,290.2917403700367,-20.000000000001705,0.7571601330199091
105.984,291.9733833144849,-10.000000000000142,0.8266685594724994
106.016,293.6647679174075,-7.105427357601002e-13,0.9459302094659092
106.048,295.3659506116579,9.999999999998721,0.8911444948731203
106.08,300.528856485967,39.99999999999915,0.056071395445892624
106.112,307.5533855193843,-20.000000000000995,0.010004191052795269
106.144,,,0.010000000101429398
106.176,,,0.010000000101429396
106.208,,,6.701804630553279e-10
106.24,,,1.9538343943447434e-09
106.272,,,3.457583277982287e-10
106.304,,,1.1184205645488469e-09
106.336,,,3.3565211571704613e-09
106.368,,,6.411531884085908e-10
106.4,,,2.273939511704845e-07
106.432,,,2.2567787701109245e-07
106.464,,,1.4846988872118992e-07
106.496,,,1.954101574571593e-09
106.528,280.40333801023763,19.999999999999574,0.011853505394683413
106.56,290.2917403700367,-20.000000000001705,0.32333605839064083
106.592,293.6647679174075,-7.105427357601002e-13,0.48498680771591124
106.624,295.3659506116579,9.999999999998721,0.5485250542599845
106.656,297.0769881570017,19.999999999998153,0.7571601330199093
106.688,297.0769881570017,19.999999999998153,0.7571601330199091
106.72,297.0769881570017,19.999999999998153,0.7571601330199091
106.752,295.3659506116579,9.999999999998721,0.8266685594724995
106.784,297.0769881570017,19.999999999998153,0.7571601330199091
106.816,298.79793764201077,29.999999999999716,0.7571601330199093
106.848,300.528856485967,39.99999999999915,0.5485250542599844
106.88,300.528856485967,39.99999999999915,0.3721358982975087
106.912,300.528856485967,39.99999999999915,0.20650679911775233
106.944,298.79793764201077,29.999999999999716,0.12793708630129036
106.976,293.6647679174075,-7.105427357601002e-13,0.32333605839064083
107.008,297.0769881570017,19.999999999998153,0.4849868077159112
107.04,298.79793764201077,29.999999999999716,0.5485250542599844
107.072,298.79793764201077,29.999999999999716,0.615949885458068
107.104,295.3659506116579,9.999999999998721,0.5485250542599844
107.136,291.9733833144849,-10.000000000000142,0.6860828109301793
107.168,291.9733833144849,-10.000000000000142,0.8266685594724995
107.2,293.6647679174075,-7.105427357601002e-13,0.8266685594724995
107.232,297.0769881570017,19.999999999998153,0.8911444948731203
107.264,297.0769881570017,19.999999999998153,0.9459302094659092
107.296,293.6647679174075,-7.105427357601002e-13,0.42606232904328145
107.328,291.9733833144849,-10.000000000000142,0.3721358982975087
107.36,291.9733833144849,-10.000000000000142,0.37213589829750865
107.392,291.9733833144849,-10.000000000000142,0.32333605839064083
107.424,293.6647679174075,-7.105427357601002e-13,0.7571601330199093
107.456,288.6197829762387,-30.000000000001137,0.27960516533635893
107.488,285.30470202322215,-50.0,0.2065067991177523
107.52,286.9574553484241,-40.00000000000057,0.20650679911775233
107.552,291.9733833144849,-10.000000000000142,0.32333605839064083
107.584,295.3659506116579,9.999999999998721,0.8266685594724995
107.616,295.3659506116579,9.999999999998721,0.8911444948731203
107.648,295.3659506116579,9.999999999998721,0.9459302094659092
107.68,293.6647679174075,-7.105427357601002e-13,0.9459302094659092
107.712,297.0769881570017,19.999999999998153,0.8911444948731202
107.744,304.0208335929107,-39.99999999999986,0.8266685594724995
107.776,320.24370022528115,49.99999999999929,0.3233360583906408
107.808,347.21682482900223,-9.999999999999432,0.03010686179419501
107.84,380.8360868427029,50.0,0.011853505394683413
107.872,429.9503861110682,-40.00000000000057,0.011853505394683413
107.904,477.05982293262406,39.999999999997726,0.020317628556360583
107.936,523.2511306011972,0.0,0.12793708630129036
107.968,554.3652619537442,-1.4210854715202004e-12,0.2796051653363589
108.0,573.9149106968482,-40.00000000000057,0.3721358982975087
108.032,583.9467666289698,-9.999999999999432,0.4260623290432815
108.064,583.9467666289698,-9.999999999999432,0.04069733156888106
108.096,594.1539763140034,19.999999999998863,0.022944219124638603
108.128,597.5958752840215,29.999999999999716,0.022944219124638603
108.16,601.057712971934,39.99999999999915,0.0229442191246386
108.192,594.1539763140034,19.999999999998863,0.20650679911775227
108.224,594.1539763140034,19.999999999998863,0.17653060863289755
108.256,594.1539763140034,19.999999999998863,0.24075439447557428
108.288,594.1539763140034,19.999999999998863,0.24075439447557428
108.32,594.1539763140034,19.999999999998863,0.27960516533635893
108.352,594.1539763140034,19.999999999998863,0.7571601330199093
108.384,594.1539763140034,19.999999999998863,0.8911444948731202
108.416,594.1539763140034,19.999999999998863,0.9459302094659092
108.448,594.1539763140034,19.999999999998863,0.9459302094659091
108.48,594.1539763140034,19.999999999998863,0.24075439447557428
108.512,594.1539763140034,19.999999999998863,0.06608151270920702
108.544,590.7319012233158,9.999999999999432,0.04069733156888106
108.576,590.7319012233158,9.999999999999432,0.047686993082531035
108.608,594.1539763140034,19.999999999998863,0.279605165336359
108.64,597.5958752840215,29.999999999999716,0.04069733156888106
108.672,597.5958752840215,29.999999999999716,0.013100262550513395
108.704,597.5958752840215,29.999999999999716,0.010467533617069905
108.736,597.5958752840215,29.999999999999716,0.010140046044704068
108.768,583.9467666289698,-9.999999999999432,0.03010686179419501
108.8,583.9467666289698,-9.999999999999432,0.3233360583906409
108.832,577.2395659524774,-30.000000000001137,0.5485250542599845
108.864,567.3229357134148,40.00000000000057,0.7571601330199093
108.896,551.1723529946163,-10.000000000000853,0.7571601330199093
108.928,532.3973992564887,30.000000000001137,0.4849868077159113
108.96,474.31216053885623,29.999999999998295,0.018187375734912182
108.992,405.81912517781325,-40.00000000000057,0.013100262550513393
109.024,374.29355081837645,19.999999999998863,0.05607139544589263
109.056,359.461399713042,-50.0,0.3233360583906408
109.088,345.2170030745703,-19.999999999998863,0.8911444948731204
109.12,339.28638158974695,50.0,0.9459302094659093
109.152,337.3322358273121,39.999999999997726,0.9459302094659092
109.184,335.38934511626763,29.999999999998295,0.9459302094659092
109.216,335.38934511626763,29.999999999998295,0.9848789761259924
109.248,337.3322358273121,39.999999999997726,0.6860828109301793
109.28,335.38934511626763,29.999999999998295,0.4849868077159112
109.312,333.4576446322876,19.999999999998863,0.4260623290432814
109.344,327.72904188699454,-10.000000000000853,0.4260623290432814
109.376,325.8414615030442,-20.000000000000284,0.8911444948731203
109.408,327.72904188699454,-10.000000000000853,0.8911444948731203
109.44,329.6275569128699,-1.4210854715202004e-12,0.8266685594724996
109.472,331.5370699244067,9.999999999999432,0.8266685594724995
109.504,329.6275569128699,-1.4210854715202004e-12,0.6860828109301794
109.536,327.72904188699454,-10.000000000000853,0.8266685594724996
109.568,323.96475278211557,-29.999999999999716,0.9459302094659093
109.6,325.8414615030442,-20.000000000000284,0.9459302094659092
109.632,327.72904188699454,-10.000000000000853,0.8911444948731203
109.664,327.72904188699454,-10.000000000000853,0.9459302094659093
109.696,323.96475278211557,-29.999999999999716,0.48498680771591124
109.728,322.09885310803753,-40.00000000000128,0.2796051653363588
109.76,322.09885310803753,-40.00000000000128,0.12793708630129036
109.792,322.09885310803753,-40.00000000000128,0.01646758759311301
109.824,320.24370022528115,49.99999999999929,0.016467587593113005
109.856,327.72904188699454,-10.000000000000853,0.010000008921768637
109.888,,,1.0291503188655696e-14
109.92,,,4.899429972499396e-13
109.952,,,5.3474557302372064e-11
109.984,,,2.2614316427913815e-06
110.016,,,3.1204480645739424e-05
110.048,,,5.638533571972022e-05
110.08,,,1.689062896951268e-05
110.112,,,7.441893158518063e-07
110.144,,,2.5872536921695808e-11
110.176,341.2518476034216,-40.00000000000057,0.010349055133375843
110.208,325.8414615030442,-20.000000000000284,0.5485250542599845
110.24,329.6275569128699,-1.4210854715202004e-12,0.8266685594724995
110.272,337.3322358273121,39.999999999997726,0.7571601330199094
110.304,347.21682482900223,-9.999999999999432,0.48498680771591124
110.336,367.86341164694414,-9.999999999999432,0.48498680771591124
110.368,383.04224785029453,-40.00000000000057,0.7571601330199094
110.4,391.9954359817493,0.0,0.9459302094659093
110.432,394.2662424412591,9.999999999999432,0.9459302094659092
110.464,394.2662424412591,9.999999999999432,0.8266685594724996
110.496,391.9954359817493,0.0,0.7571601330199094
110.528,391.9954359817493,0.0,0.7571601330199094
110.56,391.9954359817493,0.0,0.7571601330199094
110.592,391.9954359817493,0.0,0.9459302094659092
110.624,394.2662424412591,9.999999999999432,0.8911444948731203
110.656,394.2662424412591,9.999999999999432,0.8911444948731203
110.688,396.5502035487653,19.999999999998863,0.8911444948731203
110.72,396.5502035487653,19.999999999998863,0.8911444948731203
110.752,396.5502035487653,19.999999999998863,0.9848789761259924
110.784,394.2662424412591,9.999999999999432,0.9848789761259924
110.816,391.9954359817493,0.0,0.9459302094659092
110.848,385.26118901858945,-29.999999999999716,0.9459302094659092
110.88,383.04224785029453,-40.00000000000057,0.9848789761259924
110.912,383.04224785029453,-40.00000000000057,0.9459302094659093
110.944,385.26118901858945,-29.999999999999716,0.8911444948731204
110.976,391.9954359817493,0.0,0.8911444948731204
111.008,394.2662424412591,9.999999999999432,0.8911444948731204
111.04,396.5502035487653,19.999999999998863,0.9848789761259924
111.072,396.5502035487653,19.999999999998863,0.8266685594724996
111.104,396.5502035487653,19.999999999998863,0.8266685594724995
111.136,396.5502035487653,19.999999999998863,0.8266685594724995
111.168,396.5502035487653,19.999999999998863,0.8266685594724996
111.2,396.5502035487653,19.999999999998863,0.9459302094659092
111.232,396.5502035487653,19.999999999998863,0.9848789761259924
111.264,396.5502035487653,19.999999999998863,0.9848789761259924
111.296,396.5502035487653,19.999999999998863,0.9848789761259924
111.328,394.2662424412591,9.999999999999432,0.9848789761259924
111.36,394.2662424412591,9.999999999999432,0.9848789761259923
111.392,389.7377084050387,-10.000000000000853,0.9848789761259924
111.424,387.49298438230534,-20.000000000000284,0.9459302094659092
111.456,380.8360868427029,50.0,0.9848789761259924
111.488,376.4618113003449,29.999999999998295,0.9848789761259924
111.52,372.1377785978373,9.999999999999432,0.9848789761259924
111.552,369.9944227116344,0.0,0.9848789761259924
111.584,367.86341164694414,-9.999999999999432,0.9848789761259924
111.616,369.9944227116344,0.0,0.9848789761259924
111.648,369.9944227116344,0.0,0.9848789761259924
111.68,369.9944227116344,0.0,0.6860828109301794
111.712,369.9944227116344,0.0,0.48498680771591124
111.744,367.86341164694414,-9.999999999999432,0.4260623290432814
111.776,365.74467430282664,-20.000000000001705,0.42606232904328134
111.808,365.74467430282664,-20.000000000001705,0.8266685594724996
111.84,369.9944227116344,0.0,0.7571601330199094
111.872,374.29355081837645,19.999999999998863,0.7571601330199094
111.904,372.1377785978373,9.999999999999432,0.7571601330199094
111.936,369.9944227116344,0.0,0.7571601330199094
111.968,363.6381399878532,-30.000000000001137,0.8911444948731202
112.0,363.6381399878532,-30.000000000001137,0.9848789761259924
112.032,365.74467430282664,-20.000000000001705,0.9459302094659092
112.064,369.9944227116344,0.0,0.9459302094659092
112.096,372.1377785978373,9.999999999999432,0.8911444948731203
112.128,367.86341164694414,-9.999999999999432,0.8266685594724996
112.16,365.74467430282664,-20.000000000001705,0.8266685594724996
112.192,365.74467430282664,-20.000000000001705,0.7571601330199094
112.224,369.9944227116344,0.0,0.8266685594724995
112.256,374.29355081837645,19.999999999998863,0.7571601330199094
112.288,376.4618113003449,29.999999999998295,0.6159498854580682
112.32,374.29355081837645,19.999999999998863,0.5485250542599845
112.352,369.9944227116344,0.0,0.5485250542599845
112.384,367.86341164694414,-9.999999999999432,0.8266685594724996
112.416,365.74467430282664,-20.000000000001705,0.8911444948731203
112.448,367.86341164694414,-9.999999999999432,0.9459302094659092
112.48,369.9944227116344,0.0,0.9459302094659092
112.512,369.9944227116344,0.0,0.9848789761259924
112.544,369.9944227116344,0.0,0.9848789761259924
112.576,365.74467430282664,-20.000000000001705,0.8266685594724996
112.608,341.2518476034216,-40.00000000000057,0.10857977072874499
112.64,311.12698372208087,0.0,0.24075439447557428
112.672,298.79793764201077,29.999999999999716,0.6860828109301793
112.704,295.3659506116579,9.999999999998721,0.9459302094659092
112.736,291.9733833144849,-10.000000000000142,0.9848789761259923
112.768,291.9733833144849,-10.000000000000142,0.9848789761259923
112.8,291.9733833144849,-10.000000000000142,0.9848789761259923
112.832,293.6647679174075,-7.105427357601002e-13,0.9459302094659091
112.864,295.3659506116579,9.999999999998721,0.6860828109301793
112.896,298.79793764201077,29.999999999999716,0.4849868077159112
112.928,298.79793764201077,29.999999999999716,0.32333605839064083
112.96,297.0769881570017,19.999999999998153,0.1765306086328976
112.992,288.6197829762387,-30.000000000001137,0.37213589829750865
113.024,293.6647679174075,-7.105427357601002e-13,0.6860828109301793
113.056,298.79793764201077,29.999999999999716,0.6860828109301792
113.088,298.79793764201077,29.999999999999716,0.6159498854580681
113.12,297.0769881570017,19.999999999998153,0.615949885458068
113.152,293.6647679174075,-7.105427357601002e-13,0.48498680771591124
113.184,290.2917403700367,-20.000000000001705,0.7571601330199093
113.216,291.9733833144849,-10.000000000000142,0.8266685594724995
113.248,293.6647679174075,-7.105427357601002e-13,0.8911444948731203
113.28,291.9733833144849,-10.000000000000142,0.9848789761259923
113.312,293.6647679174075,-7.105427357601002e-13,0.5485250542599844
113.344,291.9733833144849,-10.000000000000142,0.27960516533635893
113.376,290.2917403700367,-20.000000000001705,0.07797523762294818
113.408,305.78200836531414,-30.000000000000426,0.022944219124638596
113.44,309.33502415691686,-9.999999999999432,0.10857977072874497
113.472,307.5533855193843,-20.000000000000995,0.013100262550513395
113.504,,,9.817288129740232e-09
113.536,,,4.912086835889958e-13
113.568,,,5.06351955889345e-11
113.6,,,3.432541942848569e-09
113.632,,,2.603684511403847e-08
113.664,,,9.98366121734332e-08
113.696,,,4.275627216310263e-08
113.728,,,6.429589878627822e-08
113.76,,,9.830372770916466e-09
113.792,,,5.89981462399181e-09
113.824,260.1187129259726,-9.999999999999432,0.32333605839064083
113.856,257.13099468347406,-30.000000000000426,0.7571601330199093
113.888,257.13099468347406,-30.000000000000426,0.8911444948731203
113.92,257.13099468347406,-30.000000000000426,0.9459302094659092
113.952,260.1187129259726,-9.999999999999432,0.9459302094659092
113.984,263.1411467822288,9.999999999999432,0.9459302094659092
114.016,264.6655079380657,19.999999999998863,0.9459302094659092
114.048,266.19869962824436,30.000000000000426,0.9848789761259924
114.08,266.19869962824436,30.000000000000426,0.8266685594724994
114.112,266.19869962824436,30.000000000000426,0.6159498854580678
114.144,264.6655079380657,19.999999999998863,0.4849868077159112
114.176,264.6655079380657,19.999999999998863,0.37213589829750865
114.208,263.1411467822288,9.999999999999432,0.615949885458068
114.24,263.1411467822288,9.999999999999432,0.8266685594724995
114.272,263.1411467822288,9.999999999999432,0.6860828109301793
114.304,264.6655079380657,19.999999999998863,0.6860828109301792
114.336,266.19869962824436,30.000000000000426,0.6860828109301793
114.368,266.19869962824436,30.000000000000426,0.7571601330199093
114.4,266.19869962824436,30.000000000000426,0.9459302094659092
114.432,267.74077300753,39.99999999999986,0.9459302094659092
114.464,270.8517709358815,-40.00000000000128,0.9459302094659092
114.496,278.7883336231537,10.000000000000142,0.7571601330199094
114.528,290.2917403700367,-20.000000000001705,0.6159498854580681
114.56,305.78200836531414,-30.000000000000426,0.4260623290432814
114.592,314.74210513575684,19.999999999998863,0.4849868077159112
114.624,320.24370022528115,49.99999999999929,0.5485250542599845
114.656,323.96475278211557,-29.999999999999716,0.5485250542599845
114.688,325.8414615030442,-20.000000000000284,0.8266685594724996
114.72,329.6275569128699,-1.4210854715202004e-12,0.4260623290432814
114.752,333.4576446322876,19.999999999998863,0.32333605839064083
114.784,333.4576446322876,19.999999999998863,0.37213589829750865
114.816,333.4576446322876,19.999999999998863,0.3721358982975086
114.848,333.4576446322876,19.999999999998863,0.8266685594724996
114.88,331.5370699244067,9.999999999999432,0.9459302094659092
114.912,331.5370699244067,9.999999999999432,0.9459302094659092
114.944,331.5370699244067,9.999999999999432,0.9459302094659092
114.976,331.5370699244067,9.999999999999432,0.9848789761259924
115.008,331.5370699244067,9.999999999999432,0.9848789761259924
115.04,325.8414615030442,-20.000000000000284,0.8266685594724995
115.072,314.74210513575684,19.999999999998863,0.7571601330199094
115.104,305.78200836531414,-30.000000000000426,0.8911444948731202
115.136,300.528856485967,39.99999999999915,0.9848789761259923
115.168,297.0769881570017,19.999999999998153,0.9848789761259923
115.2,295.3659506116579,9.999999999998721,0.9848789761259924
115.232,295.3659506116579,9.999999999998721,0.9848789761259923
115.264,293.6647679174075,-7.105427357601002e-13,0.9459302094659092
115.296,295.3659506116579,9.999999999998721,0.9848789761259923
115.328,297.0769881570017,19.999999999998153,0.6860828109301793
115.36,297.0769881570017,19.999999999998153,0.5485250542599844
115.392,291.9733833144849,-10.000000000000142,0.4260623290432814
115.424,286.9574553484241,-40.00000000000057,0.42606232904328145
115.456,286.9574553484241,-40.00000000000057,0.7571601330199093
115.488,291.9733833144849,-10.000000000000142,0.615949885458068
115.52,297.0769881570017,19.999999999998153,0.615949885458068
115.552,297.0769881570017,19.999999999998153,0.6159498854580678
115.584,293.6647679174075,-7.105427357601002e-13,0.5485250542599844
115.616,290.2917403700367,-20.000000000001705,0.8266685594724995
115.648,291.9733833144849,-10.000000000000142,0.8911444948731202
115.68,291.9733833144849,-10.000000000000142,0.9459302094659092
115.712,293.6647679174075,-7.105427357601002e-13,0.9459302094659092
115.744,293.6647679174075,-7.105427357601002e-13,0.8911444948731203
115.776,311.12698372208087,0.0,0.0229442191246386
115.808,312.9293240034019,9.999999999999432,0.01000020633762857
115.84,312.9293240034019,9.999999999999432,0.010000000814014906
115.872,,,0.010000001546554296
115.904,,,0.01000020633903134
115.936,,,5.80305025521887e-12
115.968,,,2.545910518524567e-11
116.0,,,5.062779753703779e-11
116.032,,,6.310416941173976e-10
116.064,,,7.071963487842876e-10
116.096,,,2.5085166729874076e-08
116.128,,,3.411044942301872e-07
116.16,,,2.5300792866686604e-07
116.192,,,9.06836147312899e-06
116.224,305.78200836531414,-30.000000000000426,0.01000020633903134
116.256,295.3659506116579,9.999999999998721,0.24075439447557426
116.288,290.2917403700367,-20.000000000001705,0.37213589829750865
116.32,290.2917403700367,-20.000000000001705,0.48498680771591124
116.352,290.2917403700367,-20.000000000001705,0.615949885458068
116.384,290.2917403700367,-20.000000000001705,0.6860828109301793
116.416,295.3659506116579,9.999999999998721,0.8266685594724995
116.448,297.0769881570017,19.999999999998153,0.8266685594724994
116.48,298.79793764201077,29.999999999999716,0.8911444948731202
116.512,300.528856485967,39.99999999999915,0.8911444948731203
116.544,300.528856485967,39.99999999999915,0.4849868077159112
116.576,302.26980244077964,-49.99999999999929,0.3721358982975087
116.608,304.0208335929107,-39.99999999999986,0.3721358982975087
116.64,307.5533855193843,-20.000000000000995,0.37213589829750865
116.672,314.74210513575684,19.999999999998863,0.4849868077159112
116.704,331.5370699244067,9.999999999999432,0.17653060863289763
116.736,361.54373841774776,-40.00000000000057,0.0229442191246386
116.768,396.5502035487653,19.999999999998863,0.013980210380185928
116.8,437.46578647972086,-9.999999999999432,0.026168028608935755
116.832,471.580323515969,19.999999999998863,0.07797523762294818
116.864,496.74433811469765,9.999999999999432,0.108579770728745
116.896,532.3973992564887,30.000000000001137,0.047686993082531035
116.928,567.3229357134148,40.00000000000057,0.09203757081218102
116.96,583.9467666289698,-9.999999999999432,0.15046460134333878
116.992,597.5958752840215,29.999999999999716,0.011853505394683413
117.024,597.5958752840215,29.999999999999716,0.010259050559778861
117.056,597.5958752840215,29.999999999999716,0.01010197459374499
117.088,597.5958752840215,29.999999999999716,0.010259050559778861
117.12,597.5958752840215,29.999999999999716,0.04069733156888106
117.152,590.7319012233158,9.999999999999432,0.026168028608935752
117.184,587.329535834815,0.0,0.020317628556360583
117.216,587.329535834815,0.0,0.0229442191246386
117.248,590.7319012233158,9.999999999999432,0.0229442191246386
117.28,594.1539763140034,19.999999999998863,0.27960516533635893
117.312,594.1539763140034,19.999999999998863,0.7571601330199093
117.344,594.1539763140034,19.999999999998863,0.9459302094659091
117.376,594.1539763140034,19.999999999998863,0.9459302094659092
117.408,594.1539763140034,19.999999999998863,0.9459302094659092
117.44,594.1539763140034,19.999999999998863,0.9459302094659092
117.472,597.5958752840215,29.999999999999716,0.9459302094659091
117.504,597.5958752840215,29.999999999999716,0.9459302094659092
117.536,597.5958752840215,29.999999999999716,0.9459302094659092
117.568,597.5958752840215,29.999999999999716,0.8911444948731203
117.6,601.057712971934,39.99999999999915,0.8266685594724995
117.632,601.057712971934,39.99999999999915,0.7571601330199094
117.664,601.057712971934,39.99999999999915,0.7571601330199093
117.696,601.057712971934,39.99999999999915,0.8266685594724995
117.728,597.5958752840215,29.999999999999716,0.8266685594724995
117.76,597.5958752840215,29.999999999999716,0.4260623290432815
117.792,597.5958752840215,29.999999999999716,0.37213589829750876
117.824,597.5958752840215,29.999999999999716,0.42606232904328145
117.856,597.5958752840215,29.999999999999716,0.48498680771591135
117.888,597.5958752840215,29.999999999999716,0.8911444948731203
117.92,597.5958752840215,29.999999999999716,0.8266685594724995
117.952,594.1539763140034,19.999999999998863,0.8266685594724995
117.984,597.5958752840215,29.999999999999716,0.7571601330199094
118.016,597.5958752840215,29.999999999999716,0.7571601330199093
118.048,594.1539763140034,19.999999999998863,0.7571601330199093
118.08,580.5834807400734,-20.000000000001705,0.2407543944755743
118.112,567.3229357134148,40.00000000000057,0.3721358982975087
118.144,564.0553960451207,29.999999999998295,0.5485250542599845
118.176,564.0553960451207,29.999999999998295,0.3721358982975087
118.208,570.6094040464443,-50.0,0.5485250542599847
118.24,570.6094040464443,-50.0,0.20650679911775233
118.272,564.0553960451207,29.999999999998295,0.17653060863289757
118.304,560.8066760204753,19.999999999998863,0.27960516533635893
118.336,560.8066760204753,19.999999999998863,0.15046460134333878
118.368,564.0553960451207,29.999999999998295,0.2065067991177523
118.4,544.8415985660737,-29.999999999999716,0.026168028608935755
118.432,520.2374258519452,-9.999999999999432,0.04768699308253104
118.464,514.2619893669481,-30.000000000001137,0.17653060863289757
118.496,505.42727619869544,39.99999999999915,0.7571601330199093
118.528,499.62194879118596,20.000000000000284,0.9848789761259923
118.56,499.62194879118596,20.000000000000284,0.9848789761259922
118.592,499.62194879118596,20.000000000000284,0.9848789761259924
118.624,499.62194879118596,20.000000000000284,0.9848789761259924
118.656,496.74433811469765,9.999999999999432,0.9848789761259923
118.688,496.74433811469765,9.999999999999432,0.9848789761259924
118.72,496.74433811469765,9.999999999999432,0.9848789761259923
118.752,496.74433811469765,9.999999999999432,0.9848789761259923
118.784,496.74433811469765,9.999999999999432,0.9848789761259922
118.816,496.74433811469765,9.999999999999432,0.9848789761259922
118.848,496.74433811469765,9.999999999999432,0.9848789761259923
118.88,496.74433811469765,9.999999999999432,0.9848789761259924
118.912,496.74433811469765,9.999999999999432,0.9848789761259923
118.944,496.74433811469765,9.999999999999432,0.9848789761259924
118.976,496.74433811469765,9.999999999999432,0.9848789761259924
119.008,496.74433811469765,9.999999999999432,0.8266685594724996
119.04,496.74433811469765,9.999999999999432,0.7571601330199094
119.072,496.74433811469765,9.999999999999432,0.7571601330199093
119.104,499.62194879118596,20.000000000000284,0.7571601330199093
119.136,496.74433811469765,9.999999999999432,0.9459302094659092
119.168,496.74433811469765,9.999999999999432,0.6860828109301794
119.2,493.88330125612407,0.0,0.6860828109301793
119.232,496.74433811469765,9.999999999999432,0.6159498854580683
119.264,496.74433811469765,9.999999999999432,0.6159498854580682
119.296,496.74433811469765,9.999999999999432,0.8266685594724997
119.328,496.74433811469765,9.999999999999432,0.8266685594724995
119.36,496.74433811469765,9.999999999999432,0.8911444948731204
119.392,499.62194879118596,20.000000000000284,0.8911444948731203
119.424,499.62194879118596,20.000000000000284,0.7571601330199094
119.456,502.5162292967395,29.999999999999716,0.6159498854580681
119.488,499.62194879118596,20.000000000000284,0.6159498854580682
119.52,499.62194879118596,20.000000000000284,0.6860828109301793
119.552,499.62194879118596,20.000000000000284,0.8911444948731203
119.584,496.74433811469765,9.999999999999432,0.8266685594724995
119.616,496.74433811469765,9.999999999999432,0.8266685594724996
119.648,496.74433811469765,9.999999999999432,0.7571601330199093
119.68,496.74433811469765,9.999999999999432,0.7571601330199093
119.712,496.74433811469765,9.999999999999432,0.8911444948731203
119.744,496.74433811469765,9.999999999999432,0.9459302094659092
119.776,496.74433811469765,9.999999999999432,0.945930209465909
119.808,493.88330125612407,0.0,0.8911444948731202
119.84,493.88330125612407,0.0,0.8911444948731203
119.872,493.88330125612407,0.0,0.8911444948731202
119.904,493.88330125612407,0.0,0.8911444948731201
119.936,493.88330125612407,0.0,0.8911444948731202
119.968,493.88330125612407,0.0,0.9459302094659092
120.0,493.88330125612407,0.0,0.9459302094659092
120.032,493.88330125612407,0.0,0.9459302094659093
120.064,493.88330125612407,0.0,0.8911444948731204
120.096,496.74433811469765,9.999999999999432,0.8911444948731203
120.128,496.74433811469765,9.999999999999432,0.9459302094659092
120.16,496.74433811469765,9.999999999999432,0.9459302094659091
120.192,496.74433811469765,9.999999999999432,0.7571601330199093
120.224,493.88330125612407,0.0,0.7571601330199094
120.256,493.88330125612407,0.0,0.6860828109301792
120.288,496.74433811469765,9.999999999999432,0.6860828109301794
120.32,499.62194879118596,20.000000000000284,0.8911444948731203
120.352,499.62194879118596,20.000000000000284,0.7571601330199096
120.384,496.74433811469765,9.999999999999432,0.7571601330199094
120.416,496.74433811469765,9.999999999999432,0.7571601330199095
120.448,496.74433811469765,9.999999999999432,0.7571601330199094
120.48,496.74433811469765,9.999999999999432,0.8911444948731204
120.512,496.74433811469765,9.999999999999432,0.8266685594724995
120.544,493.88330125612407,0.0,0.6860828109301793
120.576,491.03874275729817,-9.999999999999432,0.6860828109301793
120.608,493.88330125612407,0.0,0.32333605839064083
120.64,493.88330125612407,0.0,0.37213589829750865
120.672,493.88330125612407,0.0,0.4260623290432815
120.704,493.88330125612407,0.0,0.2407543944755743
120.736,491.03874275729817,-9.999999999999432,0.37213589829750865
120.768,496.74433811469765,9.999999999999432,0.01646758759311301
120.8,,,0.01000020633903134
120.832,,,0.010000127845232541
120.864,,,0.010000127845232541
120.896,,,0.01000032860450166
120.928,,,0.0100028158258111
120.96,,,0.010006178555334078
120.992,,,0.0100028158258111
121.024,,,0.010037765502929686
121.056,,,0.010191075496968311
121.088,305.78200836531414,-30.000000000000426,0.010000005216229449
121.12,295.3659506116579,9.999999999998721,0.2796051653363589
121.152,293.6647679174075,-7.105427357601002e-13,0.5485250542599844
121.184,293.6647679174075,-7.105427357601002e-13,0.615949885458068
121.216,293.6647679174075,-7.105427357601002e-13,0.6860828109301792
121.248,293.6647679174075,-7.105427357601002e-13,0.615949885458068
121.28,293.6647679174075,-7.105427357601002e-13,0.5485250542599844
121.312,295.3659506116579,9.999999999998721,0.5485250542599844
121.344,295.3659506116579,9.999999999998721,0.5485250542599844
121.376,293.6647679174075,-7.105427357601002e-13,0.42606232904328145
121.408,290.2917403700367,-20.000000000001705,0.07797523762294818
121.44,285.30470202322215,-50.0,0.06608151270920701
121.472,286.9574553484241,-40.00000000000057,0.07797523762294818
121.504,304.0208335929107,-39.99999999999986,0.1504646013433388
121.536,300.528856485967,39.99999999999915,0.615949885458068
121.568,302.26980244077964,-49.99999999999929,0.5485250542599844
121.6,314.74210513575684,19.999999999998863,0.09203757081218103
121.632,327.72904188699454,-10.000000000000853,0.010622609040911533
121.664,357.39105439674364,39.99999999999915,0.010052967545965857
121.696,417.7105332182284,9.999999999999432,0.010824463728234167
121.728,485.3986817520484,-30.000000000001137,0.010013068846238975
121.76,573.9149106968482,-40.00000000000057,0.010006178555334078
121.792,590.7319012233158,9.999999999999432,0.010349055133375844
121.824,587.329535834815,0.0,0.010052967545965857
121.856,594.1539763140034,19.999999999998863,0.010349055133375844
121.888,594.1539763140034,19.999999999998863,0.013100262550513395
121.92,594.1539763140034,19.999999999998863,0.0229442191246386
121.952,597.5958752840215,29.999999999999716,0.2407543944755743
121.984,590.7319012233158,9.999999999999432,0.20650679911775224
122.016,573.9149106968482,-40.00000000000057,0.1504646013433388
122.048,551.1723529946163,-10.000000000000853,0.2796051653363589
122.08,535.48154601506,40.00000000000057,0.42606232904328145
122.112,526.2822935644576,9.999999999999432,0.8266685594724996
122.144,523.2511306011972,0.0,0.9848789761259923
122.176,523.2511306011972,0.0,0.9848789761259924
122.208,523.2511306011972,0.0,0.9848789761259923
122.24,523.2511306011972,0.0,0.9848789761259923
122.272,520.2374258519452,-9.999999999999432,0.9848789761259923
122.304,517.2410787647879,-20.000000000001705,0.9848789761259924
122.336,511.30005826144946,-40.00000000000057,0.9459302094659092
122.368,505.42727619869544,39.99999999999915,0.9459302094659092
122.4,505.42727619869544,39.99999999999915,0.9459302094659092
122.432,511.30005826144946,-40.00000000000057,0.8911444948731202
122.464,514.2619893669481,-30.000000000001137,0.9459302094659092
122.496,514.2619893669481,-30.000000000001137,0.9459302094659091
122.528,505.42727619869544,39.99999999999915,0.8911444948731204
122.56,499.62194879118596,20.000000000000284,0.9848789761259925
122.592,499.62194879118596,20.000000000000284,0.9459302094659092
122.624,499.62194879118596,20.000000000000284,0.8911444948731204
122.656,499.62194879118596,20.000000000000284,0.8911444948731203
122.688,496.74433811469765,9.999999999999432,0.8911444948731204
122.72,496.74433811469765,9.999999999999432,0.9848789761259924
122.752,496.74433811469765,9.999999999999432,0.9459302094659092
122.784,499.62194879118596,20.000000000000284,0.9459302094659093
122.816,499.62194879118596,20.000000000000284,0.8911444948731203
122.848,493.88330125612407,0.0,0.7571601330199094
122.88,479.82340237271336,50.0,0.6159498854580681
122.912,460.8094140410758,-20.000000000000284,0.7571601330199094
122.944,450.28451247858095,40.00000000000057,0.8911444948731204
122.976,445.11255373284587,19.999999999998863,0.9848789761259924
123.008,442.5488940698555,9.999999999999432,0.9848789761259924
123.04,442.5488940698555,9.999999999999432,0.9459302094659091
123.072,442.5488940698555,9.999999999999432,0.8911444948731203
123.104,442.5488940698555,9.999999999999432,0.8911444948731203
123.136,445.11255373284587,19.999999999998863,0.8266685594724995
123.168,445.11255373284587,19.999999999998863,0.9459302094659093
123.2,445.11255373284587,19.999999999998863,0.8266685594724996
123.232,437.46578647972086,-9.999999999999432,0.6860828109301792
123.264,425.01198472693204,39.99999999999915,0.5485250542599845
123.296,410.5345162761952,-20.000000000001705,0.6159498854580681
123.328,401.1578949656154,40.00000000000057,0.8911444948731202
123.36,396.5502035487653,19.999999999998863,0.9459302094659092
123.392,396.5502035487653,19.999999999998863,0.9459302094659092
123.424,396.5502035487653,19.999999999998863,0.9848789761259924
123.456,396.5502035487653,19.999999999998863,0.9848789761259924
123.488,394.2662424412591,9.999999999999432,0.9848789761259924
123.52,394.2662424412591,9.999999999999432,0.9848789761259924
123.552,396.5502035487653,19.999999999998863,0.9848789761259924
123.584,398.84739550836855,29.999999999998295,0.9848789761259924
123.616,408.1700114541761,-30.000000000001137,0.8911444948731203
123.648,422.5640958224419,29.999999999999716,0.6860828109301793
123.68,439.99999999999994,0.0,0.6159498854580681
123.712,463.4788558201278,-10.000000000000853,0.6860828109301793
123.744,479.82340237271336,50.0,0.8266685594724996
123.776,491.03874275729817,-9.999999999999432,0.9459302094659092
123.808,493.88330125612407,0.0,0.6159498854580681
123.84,496.74433811469765,9.999999999999432,0.5485250542599847
123.872,496.74433811469765,9.999999999999432,0.5485250542599847
123.904,496.74433811469765,9.999999999999432,0.5485250542599847
123.936,496.74433811469765,9.999999999999432,0.9459302094659092
123.968,499.62194879118596,20.000000000000284,0.8911444948731203
124.0,499.62194879118596,20.000000000000284,0.8266685594724995
124.032,502.5162292967395,29.999999999999716,0.8266685594724996
124.064,502.5162292967395,29.999999999999716,0.7571601330199094
124.096,499.62194879118596,20.000000000000284,0.9459302094659093
124.128,496.74433811469765,9.999999999999432,0.9848789761259925
124.16,496.74433811469765,9.999999999999432,0.9848789761259924
124.192,499.62194879118596,20.000000000000284,0.9848789761259924
124.224,502.5162292967395,29.999999999999716,0.9848789761259924
124.256,499.62194879118596,20.000000000000284,0.8266685594724996
124.288,493.88330125612407,0.0,0.6159498854580681
124.32,488.2105677098518,-19.999999999998863,0.6159498854580682
124.352,485.3986817520484,-30.000000000001137,0.6860828109301794
124.384,488.2105677098518,-19.999999999998863,0.8911444948731203
124.416,496.74433811469765,9.999999999999432,0.4260623290432815
124.448,499.62194879118596,20.000000000000284,0.32333605839064083
124.48,499.62194879118596,20.000000000000284,0.2407543944755743
124.512,496.74433811469765,9.999999999999432,0.17653060863289755
124.544,491.03874275729817,-9.999999999999432,0.6860828109301792
124.576,493.88330125612407,0.0,0.8266685594724996
124.608,496.74433811469765,9.999999999999432,0.8266685594724997
124.64,499.62194879118596,20.000000000000284,0.8911444948731204
124.672,499.62194879118596,20.000000000000284,0.8911444948731204
124.704,488.2105677098518,-19.999999999998863,0.8266685594724995
124.736,471.580323515969,19.999999999998863,0.6860828109301792
124.768,460.8094140410758,-20.000000000000284,0.8266685594724996
124.8,455.516566490206,-40.00000000000057,0.9459302094659094
124.832,450.28451247858095,40.00000000000057,0.9848789761259925
124.864,450.28451247858095,40.00000000000057,0.9848789761259924
124.896,450.28451247858095,40.00000000000057,0.9848789761259924
124.928,447.69106452518196,30.000000000001137,0.9848789761259925
124.96,447.69106452518196,30.000000000001137,0.9848789761259924
124.992,447.69106452518196,30.000000000001137,0.9848789761259925
125.024,445.11255373284587,19.999999999998863,0.6860828109301792
125.056,442.5488940698555,9.999999999999432,0.6159498854580681
125.088,442.5488940698555,9.999999999999432,0.615949885458068
125.12,442.5488940698555,9.999999999999432,0.5485250542599845
125.152,442.5488940698555,9.999999999999432,0.8911444948731203
125.184,445.11255373284587,19.999999999998863,0.7571601330199094
125.216,442.5488940698555,9.999999999999432,0.6860828109301793
125.248,439.99999999999994,0.0,0.6860828109301793
125.28,439.99999999999994,0.0,0.615949885458068
125.312,437.46578647972086,-9.999999999999432,0.8911444948731203
125.344,439.99999999999994,0.0,0.9459302094659092
125.376,439.99999999999994,0.0,0.9848789761259924
125.408,437.46578647972086,-9.999999999999432,0.9459302094659093
125.44,442.5488940698555,9.999999999999432,0.07797523762294818
125.472,447.69106452518196,30.000000000001137,0.010073751764282884
125.504,,,2.71033109365827e-14
125.536,,,8.40904641746475e-16
125.568,,,6.4292143462799825e-12
125.6,,,3.35405828317726e-09
125.632,,,1.9537978654301686e-09
125.664,,,3.353389408504851e-09
125.696,,,1.9537975903644267e-09
125.728,,,0.01010197459374499
125.76,,,7.441880028054431e-07
125.792,,,6.382694146581976e-06
125.824,,,2.301509865596958e-05
125.856,,,7.439639996044231e-07
125.888,,,1.1241891979225015e-09
125.92,293.6647679174075,-7.105427357601002e-13,0.03489742801962526
125.952,297.0769881570017,19.999999999998153,0.4849868077159112
125.984,295.3659506116579,9.999999999998721,0.615949885458068
126.016,293.6647679174075,-7.105427357601002e-13,0.6860828109301793
126.048,295.3659506116579,9.999999999998721,0.7571601330199093
126.08,295.3659506116579,9.999999999998721,0.7571601330199093
126.112,295.3659506116579,9.999999999998721,0.8266685594724995
126.144,295.3659506116579,9.999999999998721,0.8266685594724995
126.176,293.6647679174075,-7.105427357601002e-13,0.7571601330199093
126.208,291.9733833144849,-10.000000000000142,0.8266685594724994
126.24,293.6647679174075,-7.105427357601002e-13,0.17653060863289757
126.272,295.3659506116579,9.999999999998721,0.20650679911775233
126.304,297.0769881570017,19.999999999998153,0.24075439447557428
126.336,297.0769881570017,19.999999999998153,0.3233360583906408
126.368,295.3659506116579,9.999999999998721,0.7571601330199093
126.4,316.5653876023804,30.000000000000426,0.04069733156888105
126.432,349.2282314330038,0.0,0.010140046044704068
126.464,372.1377785978373,9.999999999999432,0.01002672467381077
126.496,417.7105332182284,9.999999999999432,0.01010197459374499
126.528,496.74433811469765,9.999999999999432,0.01010197459374499
126.56,564.0553960451207,29.999999999998295,0.015085587297504338
126.592,573.9149106968482,-40.00000000000057,0.07797523762294818
126.624,577.2395659524774,-30.000000000001137,0.10857977072874497
126.656,573.9149106968482,-40.00000000000057,0.2796051653363589
126.688,564.0553960451207,29.999999999998295,0.02616802860893576
126.72,538.5835590540482,50.0,0.07797523762294817
126.752,532.3973992564887,30.000000000001137,0.20650679911775227
126.784,529.3310158761313,19.999999999998863,0.42606232904328145
126.816,529.3310158761313,19.999999999998863,0.8911444948731203
126.848,551.1723529946163,-10.000000000000853,0.27960516533635893
126.88,560.8066760204753,19.999999999998863,0.20650679911775227
126.912,567.3229357134148,40.00000000000057,0.24075439447557426
126.944,570.6094040464443,-50.0,0.4260623290432815
126.976,583.9467666289698,-9.999999999999432,0.6860828109301792
127.008,597.5958752840215,29.999999999999716,0.6860828109301793
127.04,618.6700483138337,-9.999999999999432,0.6159498854580681
127.072,636.7984644737662,40.00000000000057,0.8266685594724996
127.104,647.9295055642311,-29.999999999999716,0.9459302094659093
127.136,651.6829230060883,-20.000000000000284,0.9459302094659093
127.168,655.4580837739891,-10.000000000000853,0.9848789761259924
127.2,659.2551138257398,-1.4210854715202004e-12,0.9848789761259925
127.232,663.0741398488134,9.999999999999432,1.0
127.264,663.0741398488134,9.999999999999432,1.0
127.296,666.9152892645752,19.999999999998863,1.0
127.328,666.9152892645752,19.999999999998863,1.0
127.36,666.9152892645752,19.999999999998863,1.0
127.392,666.9152892645752,19.999999999998863,1.0
127.424,666.9152892645752,19.999999999998863,0.8911444948731204
127.456,666.9152892645752,19.999999999998863,0.8911444948731204
127.488,666.9152892645752,19.999999999998863,0.8266685594724996
127.52,666.9152892645752,19.999999999998863,0.8266685594724997
127.552,663.0741398488134,9.999999999999432,0.8911444948731204
127.584,663.0741398488134,9.999999999999432,0.8266685594724996
127.616,666.9152892645752,19.999999999998863,0.8911444948731204
127.648,670.7786902325353,29.999999999998295,0.8266685594724996
127.68,666.9152892645752,19.999999999998863,0.9459302094659092
127.712,663.0741398488134,9.999999999999432,0.7571601330199094
127.744,633.1307752047608,30.000000000001137,0.1504646013433388
127.776,601.057712971934,39.99999999999915,0.15046460134333883
127.808,590.7319012233158,9.999999999999432,0.4849868077159113
127.84,587.329535834815,0.0,0.5485250542599845
127.872,583.9467666289698,-9.999999999999432,0.42606232904328145
127.904,583.9467666289698,-9.999999999999432,0.4260623290432815
127.936,580.5834807400734,-20.000000000001705,0.3721358982975087
127.968,577.2395659524774,-30.000000000001137,0.8266685594724996
128.0,573.9149106968482,-40.00000000000057,0.2407543944755743
128.032,541.703541871763,-40.00000000000057,0.011853505394683413
128.064,514.2619893669481,-30.000000000001137,0.03489742801962526
128.096,505.42727619869544,39.99999999999915,0.24075439447557428
128.128,499.62194879118596,20.000000000000284,0.8911444948731203
128.16,496.74433811469765,9.999999999999432,0.9459302094659091
128.192,496.74433811469765,9.999999999999432,0.9459302094659091
128.224,493.88330125612407,0.0,0.9459302094659092
128.256,493.88330125612407,0.0,0.9848789761259922
128.288,493.88330125612407,0.0,0.9848789761259925
128.32,496.74433811469765,9.999999999999432,0.9848789761259923
128.352,496.74433811469765,9.999999999999432,0.9848789761259924
128.384,496.74433811469765,9.999999999999432,0.9848789761259923
128.416,496.74433811469765,9.999999999999432,0.9848789761259923
128.448,496.74433811469765,9.999999999999432,0.9848789761259922
128.48,496.74433811469765,9.999999999999432,0.9848789761259924
128.512,499.62194879118596,20.000000000000284,0.9848789761259924
128.544,499.62194879118596,20.000000000000284,0.9848789761259924
128.576,496.74433811469765,9.999999999999432,0.9848789761259923
128.608,496.74433811469765,9.999999999999432,0.48498680771591124
128.64,493.88330125612407,0.0,0.48498680771591135
128.672,496.74433811469765,9.999999999999432,0.4260623290432815
128.704,496.74433811469765,9.999999999999432,0.4849868077159113
128.736,496.74433811469765,9.999999999999432,0.9459302094659093
128.768,493.88330125612407,0.0,0.6159498854580682
128.8,493.88330125612407,0.0,0.615949885458068
128.832,496.74433811469765,9.999999999999432,0.615949885458068
128.864,499.62194879118596,20.000000000000284,0.6159498854580682
128.896,499.62194879118596,20.000000000000284,0.9459302094659092
128.928,496.74433811469765,9.999999999999432,0.8911444948731203
128.96,493.88330125612407,0.0,0.945930209465909
128.992,493.88330125612407,0.0,0.9459302094659091
129.024,496.74433811469765,9.999999999999432,0.9459302094659093
129.056,496.74433811469765,9.999999999999432,0.6860828109301792
129.088,496.74433811469765,9.999999999999432,0.6159498854580682
129.12,493.88330125612407,0.0,0.4849868077159113
129.152,493.88330125612407,0.0,0.48498680771591124
129.184,496.74433811469765,9.999999999999432,0.9459302094659092
129.216,499.62194879118596,20.000000000000284,0.6860828109301793
129.248,499.62194879118596,20.000000000000284,0.6860828109301793
129.28,496.74433811469765,9.999999999999432,0.5485250542599845
129.312,493.88330125612407,0.0,0.4849868077159113
129.344,493.88330125612407,0.0,0.8266685594724995
129.376,496.74433811469765,9.999999999999432,0.9459302094659091
129.408,499.62194879118596,20.000000000000284,0.9848789761259924
129.44,502.5162292967395,29.999999999999716,0.9848789761259924
129.472,499.62194879118596,20.000000000000284,0.8266685594724996
129.504,493.88330125612407,0.0,0.24075439447557423
129.536,455.516566490206,-40.00000000000057,0.3233360583906408
129.568,450.28451247858095,40.00000000000057,0.6159498854580682
129.6,450.28451247858095,40.00000000000057,0.6860828109301794
129.632,450.28451247858095,40.00000000000057,0.7571601330199094
129.664,447.69106452518196,30.000000000001137,0.7571601330199094
129.696,455.516566490206,-40.00000000000057,0.056071395445892624
129.728,455.516566490206,-40.00000000000057,0.02031762855636058
129.76,458.1553471153147,-29.999999999999716,0.012403124793551348
129.792,,,0.012403124793551346
129.824,,,9.404083323663885e-09
129.856,,,6.280791715304709e-10
129.888,,,3.457092304193117e-10
129.92,,,3.617502822859152e-09
129.952,,,2.2498110867363847e-16
129.984,,,2.6721367708363966e-14
130.016,,,2.6721367708363966e-14
130.048,,,7.391446379837542e-14
130.08,,,2.7103485316514298e-14
130.112,2068.9643150591514,-20.000000000001705,0.010000016226422836
130.144,2045.2002330457979,-40.00000000000057,0.010000027850262286
130.176,2033.4207464951999,49.99999999999858,0.010000005216229449
130.208,2033.4207464951999,49.99999999999858,0.010000000208892744
130.24,2057.0479574677915,-30.000000000001137,0.010000001546554296
130.272,2045.2002330457979,-40.00000000000057,0.010000002871100368
130.304,2057.0479574677915,-30.000000000001137,0.010000001546554296
130.336,2068.9643150591514,-20.000000000001705,0.010000001546554296
130.368,2093.004522404789,0.0,0.010000002871100368
130.4,,,1.6496744281660713e-08
130.432,,,2.5073952377147976e-08
130.464,,,2.4975943218964376e-08
130.496,,,2.4976267318693255e-08
130.528,,,2.6892838656286464e-08
130.56,,,3.574432575747988e-07
130.592,,,1.6337707084183222e-06
130.624,,,2.271139035533464e-06
130.656,,,1.5755372093302867e-06
130.688,,,3.3593160825377416e-09
130.72,272.42079928303684,-29.999999999999716,0.030106861794195007
130.752,278.7883336231537,10.000000000000142,0.37213589829750865
130.784,278.7883336231537,10.000000000000142,0.42606232904328145
130.816,282.02769802256034,29.999999999999005,0.4260623290432814
130.848,286.9574553484241,-40.00000000000057,0.37213589829750865
130.88,291.9733833144849,-10.000000000000142,0.2796051653363589
130.912,297.0769881570017,19.999999999998153,0.4849868077159112
130.944,297.0769881570017,19.999999999998153,0.6860828109301793
130.976,297.0769881570017,19.999999999998153,0.6159498854580678
131.008,293.6647679174075,-7.105427357601002e-13,0.6860828109301792
131.04,295.3659506116579,9.999999999998721,0.1765306086328976
131.072,297.0769881570017,19.999999999998153,0.09203757081218102
131.104,297.0769881570017,19.999999999998153,0.09203757081218102
131.136,298.79793764201077,29.999999999999716,0.06608151270920702
131.168,288.6197829762387,-30.000000000001137,0.4260623290432814
131.2,304.0208335929107,-39.99999999999986,0.1765306086328976
131.232,331.5370699244067,9.999999999999432,0.013100262550513395
131.264,357.39105439674364,39.99999999999915,0.01010197459374499
131.296,405.81912517781325,-40.00000000000057,0.010037765502929688
131.328,445.11255373284587,19.999999999998863,0.010622609040911533
131.36,520.2374258519452,-9.999999999999432,0.010824463728234167
131.392,564.0553960451207,29.999999999998295,0.01646758759311301
131.424,580.5834807400734,-20.000000000001705,0.07797523762294817
131.456,587.329535834815,0.0,0.20650679911775227
131.488,594.1539763140034,19.999999999998863,0.011422334250709074
131.52,597.5958752840215,29.999999999999716,0.013100262550513395
131.552,597.5958752840215,29.999999999999716,0.018187375734912182
131.584,597.5958752840215,29.999999999999716,0.03489742801962526
131.616,594.1539763140034,19.999999999998863,0.42606232904328145
131.648,560.8066760204753,19.999999999998863,0.016467587593113005
131.68,547.9978338378821,-20.000000000000284,0.07797523762294821
131.712,538.5835590540482,50.0,0.1765306086328976
131.744,532.3973992564887,30.000000000001137,0.3721358982975087
131.776,523.2511306011972,0.0,0.9459302094659091
131.808,523.2511306011972,0.0,0.9848789761259924
131.84,523.2511306011972,0.0,0.9848789761259924
131.872,523.2511306011972,0.0,0.9848789761259924
131.904,520.2374258519452,-9.999999999999432,0.9848789761259924
131.936,520.2374258519452,-9.999999999999432,0.9848789761259923
131.968,517.2410787647879,-20.000000000001705,0.9848789761259923
132.0,511.30005826144946,-40.00000000000057,0.9459302094659093
132.032,505.42727619869544,39.99999999999915,0.9848789761259924
132.064,508.35518662380014,49.99999999999858,0.9459302094659094
132.096,514.2619893669481,-30.000000000001137,0.9459302094659092
132.128,517.2410787647879,-20.000000000001705,0.9459302094659092
132.16,514.2619893669481,-30.000000000001137,0.8911444948731202
132.192,505.42727619869544,39.99999999999915,0.8911444948731202
132.224,499.62194879118596,20.000000000000284,0.5485250542599847
132.256,493.88330125612407,0.0,0.48498680771591135
132.288,493.88330125612407,0.0,0.42606232904328145
132.32,493.88330125612407,0.0,0.42606232904328145
132.352,493.88330125612407,0.0,0.8911444948731204
132.384,493.88330125612407,0.0,0.6860828109301793
132.416,493.88330125612407,0.0,0.6860828109301793
132.448,496.74433811469765,9.999999999999432,0.6860828109301793
132.48,491.03874275729817,-9.999999999999432,0.6860828109301793
132.512,477.05982293262406,39.999999999997726,0.6159498854580681
132.544,463.4788558201278,-10.000000000000853,0.6860828109301793
132.576,452.89298412313644,-50.0,0.8911444948731204
132.608,445.11255373284587,19.999999999998863,0.9848789761259924
132.64,445.11255373284587,19.999999999998863,0.9848789761259924
132.672,445.11255373284587,19.999999999998863,0.8911444948731204
132.704,445.11255373284587,19.999999999998863,0.7571601330199094
132.736,442.5488940698555,9.999999999999432,0.7571601330199094
132.768,442.5488940698555,9.999999999999432,0.7571601330199093
132.8,442.5488940698555,9.999999999999432,0.9459302094659092
132.832,442.5488940698555,9.999999999999432,0.7571601330199094
132.864,437.46578647972086,-9.999999999999432,0.5485250542599845
132.896,420.1303057205832,19.999999999998863,0.3721358982975086
132.928,408.1700114541761,-30.000000000001137,0.37213589829750865
132.96,398.84739550836855,29.999999999998295,0.8266685594724995
132.992,394.2662424412591,9.999999999999432,0.9459302094659092
133.024,394.2662424412591,9.999999999999432,0.9459302094659092
133.056,396.5502035487653,19.999999999998863,0.9848789761259924
133.088,396.5502035487653,19.999999999998863,0.9848789761259924
133.12,396.5502035487653,19.999999999998863,0.9848789761259923
133.152,396.5502035487653,19.999999999998863,0.9848789761259924
133.184,398.84739550836855,29.999999999998295,1.0
133.216,401.1578949656154,40.00000000000057,0.9848789761259923
133.248,412.91271853530293,-9.999999999999432,0.8266685594724995
133.28,427.4740541075866,50.0,0.5485250542599845
133.312,452.89298412313644,-50.0,0.4849868077159113
133.344,474.31216053885623,29.999999999998295,0.6860828109301794
133.376,491.03874275729817,-9.999999999999432,0.8911444948731205
133.408,496.74433811469765,9.999999999999432,0.9459302094659093
133.44,496.74433811469765,9.999999999999432,0.6159498854580682
133.472,496.74433811469765,9.999999999999432,0.48498680771591135
133.504,496.74433811469765,9.999999999999432,0.4260623290432814
133.536,499.62194879118596,20.000000000000284,0.3721358982975087
133.568,499.62194879118596,20.000000000000284,0.6860828109301793
133.6,496.74433811469765,9.999999999999432,0.5485250542599847
133.632,496.74433811469765,9.999999999999432,0.6159498854580682
133.664,493.88330125612407,0.0,0.6159498854580681
133.696,493.88330125612407,0.0,0.6159498854580681
133.728,499.62194879118596,20.000000000000284,0.8911444948731203
133.76,499.62194879118596,20.000000000000284,0.9459302094659092
133.792,496.74433811469765,9.999999999999432,0.9848789761259924
133.824,493.88330125612407,0.0,0.9459302094659093
133.856,488.2105677098518,-19.999999999998863,0.9848789761259923
133.888,491.03874275729817,-9.999999999999432,0.6159498854580682
133.92,493.88330125612407,0.0,0.4849868077159114
133.952,496.74433811469765,9.999999999999432,0.48498680771591135
133.984,493.88330125612407,0.0,0.4849868077159114
134.016,488.2105677098518,-19.999999999998863,0.8911444948731204
134.048,491.03874275729817,-9.999999999999432,0.17653060863289757
134.08,499.62194879118596,20.000000000000284,0.09203757081218102
134.112,508.35518662380014,49.99999999999858,0.06608151270920701
134.144,505.42727619869544,39.99999999999915,0.07797523762294818
134.176,493.88330125612407,0.0,0.7571601330199094
134.208,491.03874275729817,-9.999999999999432,0.9459302094659092
134.24,491.03874275729817,-9.999999999999432,0.9459302094659092
134.272,496.74433811469765,9.999999999999432,0.9459302094659092
134.304,496.74433811469765,9.999999999999432,0.9848789761259924
134.336,493.88330125612407,0.0,0.8911444948731204
134.368,474.31216053885623,29.999999999998295,0.6159498854580681
134.4,458.1553471153147,-29.999999999999716,0.7571601330199094
134.432,447.69106452518196,30.000000000001137,0.8911444948731203
134.464,442.5488940698555,9.999999999999432,0.9848789761259924
134.496,442.5488940698555,9.999999999999432,0.9848789761259924
134.528,442.5488940698555,9.999999999999432,0.9848789761259924
134.56,442.5488940698555,9.999999999999432,0.9848789761259924
134.592,439.99999999999994,0.0,0.9848789761259924
134.624,437.46578647972086,-9.999999999999432,0.9848789761259924
134.656,439.99999999999994,0.0,0.5485250542599847
134.688,439.99999999999994,0.0,0.42606232904328134
134.72,439.99999999999994,0.0,0.3721358982975086
134.752,439.99999999999994,0.0,0.42606232904328145
134.784,434.9461689552743,-20.000000000001705,0.8266685594724996
134.816,434.9461689552743,-20.000000000001705,0.5485250542599845
134.848,432.44106335991046,-30.000000000001137,0.5485250542599845
134.88,432.44106335991046,-30.000000000001137,0.5485250542599845
134.912,434.9461689552743,-20.000000000001705,0.48498680771591124
134.944,434.9461689552743,-20.000000000001705,0.9459302094659092
134.976,437.46578647972086,-9.999999999999432,0.9459302094659093
135.008,437.46578647972086,-9.999999999999432,0.9848789761259924
135.04,437.46578647972086,-9.999999999999432,0.9848789761259923
135.072,439.99999999999994,0.0,0.9848789761259924
135.104,460.8094140410758,-20.000000000000284,0.010000127845038722
135.136,,,2.984445473978967e-15
135.168,,,1.9337966668985202e-13
135.2,,,3.80175129923086e-09
135.232,,,0.010000001174728858
135.264,,,3.4570162403370225e-10
135.296,,,6.28073631669145e-10
135.328,,,1.8621908500350566e-10
135.36,,,4.912222643069189e-13
135.392,,,8.306449580651564e-14
135.424,,,7.748405769160863e-14
135.456,,,2.6818480706309043e-14
135.488,,,1.1477201431827308e-12
135.52,,,2.7056915691540357e-14
135.552,304.0208335929107,-39.99999999999986,0.1279370863012904
135.584,297.0769881570017,19.999999999998153,0.48498680771591124
135.616,297.0769881570017,19.999999999998153,0.615949885458068
135.648,298.79793764201077,29.999999999999716,0.6860828109301792
135.68,297.0769881570017,19.999999999998153,0.7571601330199091
135.712,297.0769881570017,19.999999999998153,0.7571601330199093
135.744,293.6647679174075,-7.105427357601002e-13,0.7571601330199093
135.776,293.6647679174075,-7.105427357601002e-13,0.7571601330199091
135.808,295.3659506116579,9.999999999998721,0.7571601330199093
135.84,295.3659506116579,9.999999999998721,0.8266685594724995
135.872,295.3659506116579,9.999999999998721,0.37213589829750865
135.904,295.3659506116579,9.999999999998721,0.24075439447557428
135.936,293.6647679174075,-7.105427357601002e-13,0.1765306086328976
135.968,291.9733833144849,-10.000000000000142,0.1504646013433388
136.0,291.9733833144849,-10.000000000000142,0.5485250542599844
136.032,291.9733833144849,-10.000000000000142,0.32333605839064083
136.064,291.9733833144849,-10.000000000000142,0.279605165336359
136.096,291.9733833144849,-10.000000000000142,0.2065067991177523
136.128,297.0769881570017,19.999999999998153,0.24075439447557428
136.16,297.0769881570017,19.999999999998153,0.6860828109301791
136.192,295.3659506116579,9.999999999998721,0.8266685594724995
136.224,293.6647679174075,-7.105427357601002e-13,0.7571601330199093
136.256,291.9733833144849,-10.000000000000142,0.8266685594724995
136.288,297.0769881570017,19.999999999998153,0.8266685594724995
136.32,297.0769881570017,19.999999999998153,0.06608151270920701
136.352,298.79793764201077,29.999999999999716,0.04069733156888106
136.384,297.0769881570017,19.999999999998153,0.018187375734912182
136.416,291.9733833144849,-10.000000000000142,0.01646758759311301
136.448,293.6647679174075,-7.105427357601002e-13,0.3721358982975087
136.48,302.26980244077964,-49.99999999999929,0.030106861794195014
136.512,302.26980244077964,-49.99999999999929,0.034897428019625254
136.544,302.26980244077964,-49.99999999999929,0.026168028608935755
136.576,302.26980244077964,-49.99999999999929,0.020317628556358953
136.608,300.528856485967,39.99999999999915,0.3721358982975086
136.64,293.6647679174075,-7.105427357601002e-13,0.7571601330199091
136.672,293.6647679174075,-7.105427357601002e-13,0.8266685594724995
136.704,293.6647679174075,-7.105427357601002e-13,0.9459302094659092
136.736,295.3659506116579,9.999999999998721,0.9459302094659092
136.768,298.79793764201077,29.999999999999716,0.8911444948731202
136.8,311.12698372208087,0.0,0.6159498854580682
136.832,341.2518476034216,-40.00000000000057,0.04069733156888105
136.864,376.4618113003449,29.999999999998295,0.012403124793551348
136.896,417.7105332182284,9.999999999999432,0.011422334250709076
136.928,460.8094140410758,-20.000000000000284,0.01646758759311301
136.96,505.42727619869544,39.99999999999915,0.1765306086328976
136.992,532.3973992564887,30.000000000001137,0.32333605839064083
137.024,557.5766672463074,9.999999999999432,0.3233360583906408
137.056,577.2395659524774,-30.000000000001137,0.24075439447557428
137.088,587.329535834815,0.0,0.3233360583906409
137.12,590.7319012233158,9.999999999999432,0.012403124793551348
137.152,594.1539763140034,19.999999999998863,0.011422334250709074
137.184,597.5958752840215,29.999999999999716,0.011085791888943373
137.216,597.5958752840215,29.999999999999716,0.012403124793551346
137.248,604.5396048815593,50.0,0.20650679911775227
137.28,597.5958752840215,29.999999999999716,0.615949885458068
137.312,590.7319012233158,9.999999999999432,0.8911444948731203
137.344,590.7319012233158,9.999999999999432,0.9459302094659091
137.376,590.7319012233158,9.999999999999432,0.9848789761259924
137.408,590.7319012233158,9.999999999999432,0.9848789761259924
137.44,590.7319012233158,9.999999999999432,0.9848789761259923
137.472,594.1539763140034,19.999999999998863,0.9848789761259924
137.504,594.1539763140034,19.999999999998863,0.9848789761259924
137.536,594.1539763140034,19.999999999998863,0.5485250542599844
137.568,594.1539763140034,19.999999999998863,0.4849868077159113
137.6,594.1539763140034,19.999999999998863,0.4849868077159113
137.632,597.5958752840215,29.999999999999716,0.48498680771591124
137.664,594.1539763140034,19.999999999998863,0.8266685594724994
137.696,597.5958752840215,29.999999999999716,0.10857977072874499
137.728,590.7319012233158,9.999999999999432,0.04069733156888106
137.76,580.5834807400734,-20.000000000001705,0.026168028608935755
137.792,577.2395659524774,-30.000000000001137,0.0229442191246386
137.824,573.9149106968482,-40.00000000000057,0.48498680771591135
137.856,570.6094040464443,-50.0,0.6860828109301793
137.888,560.8066760204753,19.999999999998863,0.6860828109301793
137.92,541.703541871763,-40.00000000000057,0.5485250542599844
137.952,520.2374258519452,-9.999999999999432,0.48498680771591135
137.984,488.2105677098518,-19.999999999998863,0.27960516533635893
138.016,447.69106452518196,30.000000000001137,0.2796051653363589
138.048,417.7105332182284,9.999999999999432,0.2407543944755743
138.08,398.84739550836855,29.999999999998295,0.1765306086328976
138.112,378.64263238750516,40.00000000000057,0.2065067991177523
138.144,353.2860680198856,20.000000000000284,0.5485250542599845
138.176,339.28638158974695,50.0,0.8911444948731204
138.208,337.3322358273121,39.999999999997726,0.8911444948731203
138.24,335.38934511626763,29.999999999998295,0.8911444948731204
138.272,335.38934511626763,29.999999999998295,0.9459302094659091
138.304,335.38934511626763,29.999999999998295,0.9848789761259924
138.336,333.4576446322876,19.999999999998863,0.32333605839064083
138.368,333.4576446322876,19.999999999998863,0.2796051653363589
138.4,333.4576446322876,19.999999999998863,0.24075439447557434
138.432,333.4576446322876,19.999999999998863,0.42606232904328134
138.464,335.38934511626763,29.999999999998295,0.6159498854580681
138.496,339.28638158974695,50.0,0.6159498854580681
138.528,339.28638158974695,50.0,0.5485250542599844
138.56,335.38934511626763,29.999999999998295,0.37213589829750865
138.592,325.8414615030442,-20.000000000000284,0.6159498854580681
138.624,322.09885310803753,-40.00000000000128,0.8266685594724995
138.656,323.96475278211557,-29.999999999999716,0.7571601330199094
138.688,329.6275569128699,-1.4210854715202004e-12,0.8911444948731203
138.72,333.4576446322876,19.999999999998863,0.8911444948731204
138.752,331.5370699244067,9.999999999999432,0.37213589829750865
138.784,329.6275569128699,-1.4210854715202004e-12,0.27960516533635893
138.816,331.5370699244067,9.999999999999432,0.20650679911775233
138.848,331.5370699244067,9.999999999999432,0.1279370863012904
138.88,331.5370699244067,9.999999999999432,0.37213589829750865
138.912,320.24370022528115,49.99999999999929,0.010140046044704068
138.944,316.5653876023804,30.000000000000426,0.010000000091242323
138.976,,,2.5175268004058283e-11
139.008,,,1.8690808162735756e-10
139.04,,,1.5146173789466265e-07
139.072,,,1.6343410672522483e-06
139.104,,,6.419835860062331e-06
139.136,,,8.888582712472123e-06
139.168,,,1.600737698935935e-06
139.2,,,7.559298626014118e-07
139.232,,,6.356921226156539e-09
139.264,335.38934511626763,29.999999999998295,0.1279370863012904
139.296,335.38934511626763,29.999999999998295,0.6860828109301792
139.328,341.2518476034216,-40.00000000000057,0.8266685594724996
139.36,345.2170030745703,-19.999999999998863,0.7571601330199094
139.392,357.39105439674364,39.99999999999915,0.6860828109301794
139.424,369.9944227116344,0.0,0.7571601330199094
139.456,383.04224785029453,-40.00000000000057,0.8911444948731203
139.488,391.9954359817493,0.0,0.9459302094659091
139.52,391.9954359817493,0.0,0.9459302094659092
139.552,394.2662424412591,9.999999999999432,0.6159498854580681
139.584,394.2662424412591,9.999999999999432,0.6159498854580681
139.616,396.5502035487653,19.999999999998863,0.615949885458068
139.648,396.5502035487653,19.999999999998863,0.6159498854580681
139.68,396.5502035487653,19.999999999998863,0.9459302094659092
139.712,396.5502035487653,19.999999999998863,0.8911444948731203
139.744,394.2662424412591,9.999999999999432,0.8911444948731203
139.776,394.2662424412591,9.999999999999432,0.8266685594724996
139.808,396.5502035487653,19.999999999998863,0.8911444948731204
139.84,396.5502035487653,19.999999999998863,0.9848789761259924
139.872,396.5502035487653,19.999999999998863,0.9848789761259923
139.904,391.9954359817493,0.0,0.9848789761259924
139.936,387.49298438230534,-20.000000000000284,0.9459302094659093
139.968,383.04224785029453,-40.00000000000057,0.9848789761259924
140.0,380.8360868427029,50.0,0.8911444948731203
140.032,383.04224785029453,-40.00000000000057,0.8266685594724997
140.064,387.49298438230534,-20.000000000000284,0.8266685594724996
140.096,391.9954359817493,0.0,0.8266685594724995
140.128,394.2662424412591,9.999999999999432,0.9848789761259924
140.16,396.5502035487653,19.999999999998863,0.6860828109301792
140.192,394.2662424412591,9.999999999999432,0.615949885458068
140.224,396.5502035487653,19.999999999998863,0.5485250542599845
140.256,394.2662424412591,9.999999999999432,0.5485250542599844
140.288,394.2662424412591,9.999999999999432,0.9459302094659092
140.32,391.9954359817493,0.0,0.9848789761259924
140.352,391.9954359817493,0.0,0.9848789761259924
140.384,391.9954359817493,0.0,0.9848789761259923
140.416,391.9954359817493,0.0,0.9848789761259924
140.448,391.9954359817493,0.0,0.9848789761259924
140.48,389.7377084050387,-10.000000000000853,0.9459302094659093
140.512,383.04224785029453,-40.00000000000057,0.9459302094659092
140.544,376.4618113003449,29.999999999998295,0.9459302094659093
140.576,372.1377785978373,9.999999999999432,0.9848789761259924
140.608,369.9944227116344,0.0,0.9848789761259924
140.64,369.9944227116344,0.0,0.9848789761259924
140.672,369.9944227116344,0.0,0.9848789761259924
140.704,369.9944227116344,0.0,0.9848789761259924
140.736,372.1377785978373,9.999999999999432,0.9848789761259924
140.768,369.9944227116344,0.0,0.6860828109301793
140.8,369.9944227116344,0.0,0.6159498854580681
140.832,369.9944227116344,0.0,0.5485250542599845
140.864,369.9944227116344,0.0,0.6860828109301794
140.896,369.9944227116344,0.0,0.8266685594724995
140.928,372.1377785978373,9.999999999999432,0.6860828109301793
140.96,374.29355081837645,19.999999999998863,0.6860828109301793
140.992,374.29355081837645,19.999999999998863,0.6860828109301793
141.024,372.1377785978373,9.999999999999432,0.8911444948731203
141.056,369.9944227116344,0.0,0.9459302094659092
141.088,367.86341164694414,-9.999999999999432,0.9459302094659093
141.12,372.1377785978373,9.999999999999432,0.9459302094659092
141.152,374.29355081837645,19.999999999998863,0.9848789761259924
141.184,372.1377785978373,9.999999999999432,0.9848789761259924
141.216,369.9944227116344,0.0,0.8266685594724996
141.248,369.9944227116344,0.0,0.6860828109301793
141.28,374.29355081837645,19.999999999998863,0.6159498854580681
141.312,376.4618113003449,29.999999999998295,0.7571601330199094
141.344,376.4618113003449,29.999999999998295,0.9459302094659092
141.376,376.4618113003449,29.999999999998295,0.48498680771591124
141.408,374.29355081837645,19.999999999998863,0.3721358982975086
141.44,374.29355081837645,19.999999999998863,0.32333605839064083
141.472,376.4618113003449,29.999999999998295,0.6159498854580682
141.504,372.1377785978373,9.999999999999432,0.9459302094659092
141.536,369.9944227116344,0.0,0.9459302094659093
141.568,367.86341164694414,-9.999999999999432,0.9459302094659092
141.6,369.9944227116344,0.0,0.9459302094659093
141.632,369.9944227116344,0.0,0.9848789761259924
141.664,367.86341164694414,-9.999999999999432,0.9459302094659092
141.696,359.461399713042,-50.0,0.37213589829750865
141.728,335.38934511626763,29.999999999998295,0.10857977072874499
141.76,305.78200836531414,-30.000000000000426,0.42606232904328145
141.792,298.79793764201077,29.999999999999716,0.8266685594724994
141.824,297.0769881570017,19.999999999998153,0.9459302094659092
141.856,295.3659506116579,9.999999999998721,0.9459302094659092
141.888,295.3659506116579,9.999999999998721,0.9848789761259924
141.92,295.3659506116579,9.999999999998721,0.9848789761259923
141.952,295.3659506116579,9.999999999998721,0.48498680771591124
141.984,298.79793764201077,29.999999999999716,0.24075439447557428
142.016,300.528856485967,39.99999999999915,0.15046460134333883
142.048,300.528856485967,39.99999999999915,0.07797523762294818
142.08,300.528856485967,39.99999999999915,0.32333605839064083
142.112,293.6647679174075,-7.105427357601002e-13,0.24075439447557428
142.144,297.0769881570017,19.999999999998153,0.20650679911775233
142.176,298.79793764201077,29.999999999999716,0.1765306086328976
142.208,298.79793764201077,29.999999999999716,0.17653060863289757
142.24,297.0769881570017,19.999999999998153,0.4260623290432814
142.272,290.2917403700367,-20.000000000001705,0.6860828109301792
142.304,295.3659506116579,9.999999999998721,0.8266685594724995
142.336,297.0769881570017,19.999999999998153,0.8911444948731203
142.368,298.79793764201077,29.999999999999716,0.9459302094659092
142.4,298.79793764201077,29.999999999999716,0.2065067991177523
142.432,300.528856485967,39.99999999999915,0.1504646013433388
142.464,300.528856485967,39.99999999999915,0.07797523762294818
142.496,304.0208335929107,-39.99999999999986,0.03010686179419501
142.528,305.78200836531414,-30.000000000000426,0.2065067991177523
142.56,,,1.945849204517969e-13
142.592,,,5.7468873998017764e-12
142.624,,,5.746887316234445e-12
142.656,,,3.781668740123817e-09
142.688,,,9.949234857540426e-11
142.72,,,1.3836068398518983e-11
142.752,,,1.9213704420363496e-10
142.784,,,2.5829455151630893e-11
142.816,,,1.2522379909438664e-11
142.848,,,9.18051265483631e-15
142.88,266.19869962824436,30.000000000000426,0.24075439447557428
142.912,264.6655079380657,19.999999999998863,0.7571601330199091
142.944,266.19869962824436,30.000000000000426,0.8911444948731203
142.976,266.19869962824436,30.000000000000426,0.9459302094659092
143.008,266.19869962824436,30.000000000000426,0.9848789761259924
143.04,266.19869962824436,30.000000000000426,0.9848789761259924
143.072,264.6655079380657,19.999999999998863,0.9848789761259923
143.104,263.1411467822288,9.999999999999432,0.9848789761259924
143.136,261.6255653005986,0.0,0.9848789761259923
143.168,264.6655079380657,19.999999999998863,0.2065067991177523
143.2,264.6655079380657,19.999999999998863,0.09203757081218102
143.232,264.6655079380657,19.999999999998863,0.05607139544589262
143.264,266.19869962824436,30.000000000000426,0.04069733156888095
143.296,264.6655079380657,19.999999999998863,0.6159498854580681
143.328,266.19869962824436,30.000000000000426,0.4849868077159112
143.36,264.6655079380657,19.999999999998863,0.4849868077159112
143.392,266.19869962824436,30.000000000000426,0.5485250542599844
143.424,264.6655079380657,19.999999999998863,0.4849868077159112
143.456,264.6655079380657,19.999999999998863,0.8911444948731203
143.488,266.19869962824436,30.000000000000426,0.9459302094659092
143.52,269.2917795270241,49.99999999999929,0.9459302094659092
143.552,275.58617649730814,-10.000000000000853,0.8911444948731202
143.584,285.30470202322215,-50.0,0.7571601330199093
143.616,300.528856485967,39.99999999999915,0.1765306086328976
143.648,307.5533855193843,-20.000000000000995,0.10857977072874497
143.68,312.9293240034019,9.999999999999432,0.06608151270920701
143.712,318.3992322368831,39.99999999999986,0.047686993082531035
143.744,325.8414615030442,-20.000000000000284,0.6159498854580681
143.776,325.8414615030442,-20.000000000000284,0.32333605839064083
143.808,327.72904188699454,-10.000000000000853,0.24075439447557434
143.84,329.6275569128699,-1.4210854715202004e-12,0.20650679911775233
143.872,331.5370699244067,9.999999999999432,0.24075439447557434
143.904,335.38934511626763,29.999999999998295,0.6159498854580682
143.936,335.38934511626763,29.999999999998295,0.8911444948731203
143.968,333.4576446322876,19.999999999998863,0.9459302094659092
144.0,333.4576446322876,19.999999999998863,0.9459302094659092
144.032,331.5370699244067,9.999999999999432,0.9848789761259924
144.064,331.5370699244067,9.999999999999432,0.9848789761259924
144.096,327.72904188699454,-10.000000000000853,0.9459302094659092
144.128,316.5653876023804,30.000000000000426,0.6159498854580682
144.16,305.78200836531414,-30.000000000000426,0.6860828109301793
144.192,297.0769881570017,19.999999999998153,0.8911444948731202
144.224,295.3659506116579,9.999999999998721,0.9848789761259924
144.256,293.6647679174075,-7.105427357601002e-13,0.9459302094659092
144.288,293.6647679174075,-7.105427357601002e-13,0.9848789761259923
144.32,293.6647679174075,-7.105427357601002e-13,0.9848789761259924
144.352,295.3659506116579,9.999999999998721,0.9848789761259923
144.384,302.26980244077964,-49.99999999999929,0.10857977072874499
144.416,304.0208335929107,-39.99999999999986,0.04768699308253103
144.448,305.78200836531414,-30.000000000000426,0.03489742801962526
144.48,305.78200836531414,-30.000000000000426,0.022944219124638603
144.512,298.79793764201077,29.999999999999716,0.27960516533635893
144.544,290.2917403700367,-20.000000000001705,0.1765306086328976
144.576,293.6647679174075,-7.105427357601002e-13,0.2065067991177523
144.608,297.0769881570017,19.999999999998153,0.24075439447557428
144.64,297.0769881570017,19.999999999998153,0.32333605839064083
144.672,293.6647679174075,-7.105427357601002e-13,0.7571601330199093
144.704,293.6647679174075,-7.105427357601002e-13,0.8911444948731202
144.736,295.3659506116579,9.999999999998721,0.8911444948731203
144.768,297.0769881570017,19.999999999998153,0.9459302094659092
144.8,298.79793764201077,29.999999999999716,0.9459302094659091
144.832,298.79793764201077,29.999999999999716,0.20650679911775233
144.864,298.79793764201077,29.999999999999716,0.10857977072874497
144.896,298.79793764201077,29.999999999999716,0.07797523762294818
144.928,302.26980244077964,-49.99999999999929,0.02616802860893576
144.96,302.26980244077964,-49.99999999999929,0.24075439447557428
144.992,,,6.701803183393977e-10
145.024,,,7.401157621729357e-14
145.056,,,2.706970815137329e-14
145.088,,,5.667124370163154e-11
145.12,,,1.8920971556131712e-10
145.152,,,1.0990901129119303e-10
145.184,,,5.3314866831847235e-11
145.216,,,9.803625223568862e-11
145.248,,,5.039214267616173e-13
145.28,,,2.6726546407348677e-12
145.312,302.26980244077964,-49.99999999999929,0.04069733156888106
145.344,288.6197829762387,-30.000000000001137,0.32333605839064083
145.376,286.9574553484241,-40.00000000000057,0.3721358982975087
145.408,286.9574553484241,-40.00000000000057,0.48498680771591124
145.44,286.9574553484241,-40.00000000000057,0.615949885458068
145.472,288.6197829762387,-30.000000000001137,0.7571601330199093
145.504,290.2917403700367,-20.000000000001705,0.8911444948731203
145.536,290.2917403700367,-20.000000000001705,0.8911444948731203
145.568,290.2917403700367,-20.000000000001705,0.8266685594724996
145.6,291.9733833144849,-10.000000000000142,0.8266685594724995
145.632,293.6647679174075,-7.105427357601002e-13,0.07797523762294818
145.664,293.6647679174075,-7.105427357601002e-13,0.030106861794195014
145.696,290.2917403700367,-20.000000000001705,0.01646758759311301
145.728,290.2917403700367,-20.000000000001705,0.026168028608935752
145.76,290.2917403700367,-20.000000000001705,0.27960516533635893
145.792,291.9733833144849,-10.000000000000142,0.20650679911775227
145.824,290.2917403700367,-20.000000000001705,0.2065067991177523
145.856,290.2917403700367,-20.000000000001705,0.24075439447557428
145.888,291.9733833144849,-10.000000000000142,0.27960516533635893
145.92,293.6647679174075,-7.105427357601002e-13,0.6860828109301793
145.952,295.3659506116579,9.999999999998721,0.8266685594724995
145.984,295.3659506116579,9.999999999998721,0.8911444948731202
146.016,293.6647679174075,-7.105427357601002e-13,0.8911444948731202
146.048,290.2917403700367,-20.000000000001705,0.8911444948731203
146.08,290.2917403700367,-20.000000000001705,0.01646758759311301
146.112,305.78200836531414,-30.000000000000426,0.013100262550513395
146.144,305.78200836531414,-30.000000000000426,0.015085587297504338
146.176,305.78200836531414,-30.000000000000426,0.02031762855636058
146.208,302.26980244077964,-49.99999999999929,0.3233360583906409
146.24,302.26980244077964,-49.99999999999929,0.011853505394683415
146.272,304.0208335929107,-39.99999999999986,0.010824463728234169
146.304,305.78200836531414,-30.000000000000426,0.011085791888943371
146.336,305.78200836531414,-30.000000000000426,0.018187375734912182
146.368,304.0208335929107,-39.99999999999986,0.2407543944755743
146.4,297.0769881570017,19.999999999998153,0.4849868077159112
146.432,291.9733833144849,-10.000000000000142,0.7571601330199093
146.464,293.6647679174075,-7.105427357601002e-13,0.8266685594724995
146.496,298.79793764201077,29.999999999999716,0.8266685594724995
146.528,307.5533855193843,-20.000000000000995,0.8266685594724995
146.56,327.72904188699454,-10.000000000000853,0.17653060863289763
146.592,372.1377785978373,9.999999999999432,0.01646758759311301
146.624,398.84739550836855,29.999999999998295,0.013100262550513395
146.656,439.99999999999994,0.0,0.018187375734912182
146.688,477.05982293262406,39.999999999997726,0.05607139544589262
146.72,523.2511306011972,0.0,0.20650679911775233
146.752,547.9978338378821,-20.000000000000284,0.32333605839064083
146.784,570.6094040464443,-50.0,0.5485250542599845
146.816,580.5834807400734,-20.000000000001705,0.5485250542599845
146.848,594.1539763140034,19.999999999998863,0.010824463728234167
146.88,601.057712971934,39.99999999999915,0.011422334250709074
146.912,604.5396048815593,50.0,0.011853505394683413
146.944,604.5396048815593,50.0,0.013980210380185928
146.976,601.057712971934,39.99999999999915,0.4849868077159113
147.008,597.5958752840215,29.999999999999716,0.1504646013433388
147.04,597.5958752840215,29.999999999999716,0.1504646013433388
147.072,597.5958752840215,29.999999999999716,0.1504646013433388
147.104,597.5958752840215,29.999999999999716,0.1504646013433388
147.136,594.1539763140034,19.999999999998863,0.6860828109301793
147.168,594.1539763140034,19.999999999998863,0.8911444948731202
147.2,594.1539763140034,19.999999999998863,0.9459302094659092
147.232,590.7319012233158,9.999999999999432,0.9848789761259924
147.264,590.7319012233158,9.999999999999432,0.9848789761259923
147.296,594.1539763140034,19.999999999998863,0.03489742801962526
147.328,597.5958752840215,29.999999999999716,0.0229442191246386
147.36,597.5958752840215,29.999999999999716,0.01646758759311301
147.392,597.5958752840215,29.999999999999716,0.04069733156888105
147.424,597.5958752840215,29.999999999999716,0.6860828109301793
147.456,594.1539763140034,19.999999999998863,0.01019107549696831
147.488,590.7319012233158,9.999999999999432,0.010259050559778861
147.52,590.7319012233158,9.999999999999432,0.010140046044704068
147.552,580.5834807400734,-20.000000000001705,0.013100262550513395
147.584,580.5834807400734,-20.000000000001705,0.24075439447557426
147.616,573.9149106968482,-40.00000000000057,0.4849868077159113
147.648,564.0553960451207,29.999999999998295,0.48498680771591124
147.68,544.8415985660737,-29.999999999999716,0.4260623290432814
147.712,523.2511306011972,0.0,0.5485250542599845
147.744,496.74433811469765,9.999999999999432,0.17653060863289757
147.776,427.4740541075866,50.0,0.020317628556360583
147.808,387.49298438230534,-20.000000000000284,0.026168028608935755
147.84,365.74467430282664,-20.000000000001705,0.09203757081218102
147.872,349.2282314330038,0.0,0.4260623290432814
147.904,335.38934511626763,29.999999999998295,0.9459302094659093
147.936,333.4576446322876,19.999999999998863,0.9459302094659092
147.968,333.4576446322876,19.999999999998863,0.9848789761259924
148.0,333.4576446322876,19.999999999998863,0.9848789761259924
148.032,335.38934511626763,29.999999999998295,0.9848789761259924
148.064,331.5370699244067,9.999999999999432,0.2796051653363589
148.096,331.5370699244067,9.999999999999432,0.24075439447557434
148.128,331.5370699244067,9.999999999999432,0.24075439447557434
148.16,329.6275569128699,-1.4210854715202004e-12,0.3233360583906409
148.192,331.5370699244067,9.999999999999432,0.9459302094659092
148.224,333.4576446322876,19.999999999998863,0.8266685594724996
148.256,331.5370699244067,9.999999999999432,0.8266685594724996
148.288,331.5370699244067,9.999999999999432,0.8266685594724995
148.32,331.5370699244067,9.999999999999432,0.8266685594724996
148.352,333.4576446322876,19.999999999998863,0.9459302094659093
148.384,335.38934511626763,29.999999999998295,0.9459302094659092
148.416,333.4576446322876,19.999999999998863,0.9459302094659092
148.448,329.6275569128699,-1.4210854715202004e-12,0.9459302094659093
148.48,325.8414615030442,-20.000000000000284,0.24075439447557428
148.512,325.8414615030442,-20.000000000000284,0.10857977072874497
148.544,316.5653876023804,30.000000000000426,0.020317628556360583
148.576,347.21682482900223,-9.999999999999432,0.010467533617069903
148.608,325.8414615030442,-20.000000000000284,0.012403124793551348
148.64,365.74467430282664,-20.000000000001705,0.010000000000006925
148.672,,,9.18044286310315e-15
148.704,,,2.973248465173206e-15
148.736,,,2.5537055983279047e-16
148.768,,,1.2928698720853636e-11
148.8,,,6.686450343463045e-10
148.832,,,2.8294313014377267e-11
148.864,,,1.9764318211330586e-09
148.896,,,6.287521867745684e-10
148.928,,,6.0938224023832864e-12
148.96,,,6.053520396566705e-12
148.992,347.21682482900223,-9.999999999999432,0.010037765502929688
149.024,331.5370699244067,9.999999999999432,0.48498680771591124
149.056,335.38934511626763,29.999999999998295,0.7571601330199094
149.088,341.2518476034216,-40.00000000000057,0.7571601330199094
149.12,351.2512899969259,9.999999999999432,0.6159498854580681
149.152,367.86341164694414,-9.999999999999432,0.6159498854580681
149.184,383.04224785029453,-40.00000000000057,0.8266685594724995
149.216,389.7377084050387,-10.000000000000853,0.9848789761259924
149.248,391.9954359817493,0.0,0.9459302094659092
149.28,394.2662424412591,9.999999999999432,0.6159498854580681
149.312,396.5502035487653,19.999999999998863,0.615949885458068
149.344,396.5502035487653,19.999999999998863,0.6860828109301793
149.376,396.5502035487653,19.999999999998863,0.7571601330199094
149.408,396.5502035487653,19.999999999998863,0.9459302094659092
149.44,396.5502035487653,19.999999999998863,0.8266685594724996
149.472,396.5502035487653,19.999999999998863,0.8266685594724996
149.504,396.5502035487653,19.999999999998863,0.8266685594724996
149.536,396.5502035487653,19.999999999998863,0.8266685594724996
149.568,396.5502035487653,19.999999999998863,0.9848789761259924
149.6,396.5502035487653,19.999999999998863,0.9848789761259923
149.632,394.2662424412591,9.999999999999432,0.9848789761259924
149.664,389.7377084050387,-10.000000000000853,0.9848789761259923
149.696,387.49298438230534,-20.000000000000284,0.9848789761259923
149.728,387.49298438230534,-20.000000000000284,0.8266685594724996
149.76,391.9954359817493,0.0,0.7571601330199093
149.792,396.5502035487653,19.999999999998863,0.7571601330199094
149.824,396.5502035487653,19.999999999998863,0.8266685594724996
149.856,396.5502035487653,19.999999999998863,0.9848789761259924
149.888,394.2662424412591,9.999999999999432,0.8266685594724996
149.92,394.2662424412591,9.999999999999432,0.8266685594724996
149.952,396.5502035487653,19.999999999998863,0.8266685594724996
149.984,396.5502035487653,19.999999999998863,0.8911444948731204
150.016,396.5502035487653,19.999999999998863,0.9848789761259924
150.048,396.5502035487653,19.999999999998863,0.9848789761259924
150.08,396.5502035487653,19.999999999998863,0.9848789761259924
150.112,396.5502035487653,19.999999999998863,0.9848789761259924
150.144,396.5502035487653,19.999999999998863,0.9848789761259924
150.176,394.2662424412591,9.999999999999432,0.9848789761259924
150.208,391.9954359817493,0.0,0.9848789761259924
150.24,389.7377084050387,-10.000000000000853,0.9848789761259924
150.272,383.04224785029453,-40.00000000000057,0.9848789761259924
150.304,380.8360868427029,50.0,0.9848789761259923
150.336,378.64263238750516,40.00000000000057,0.9848789761259924
150.368,378.64263238750516,40.00000000000057,0.9848789761259924
150.4,378.64263238750516,40.00000000000057,0.9848789761259924
150.432,376.4618113003449,29.999999999998295,0.9848789761259924
150.464,376.4618113003449,29.999999999998295,0.9848789761259923
150.496,376.4618113003449,29.999999999998295,0.7571601330199094
150.528,380.8360868427029,50.0,0.6159498854580681
150.56,380.8360868427029,50.0,0.6159498854580681
150.592,383.04224785029453,-40.00000000000057,0.5485250542599845
150.624,380.8360868427029,50.0,0.8266685594724996
150.656,378.64263238750516,40.00000000000057,0.7571601330199094
150.688,376.4618113003449,29.999999999998295,0.7571601330199094
150.72,376.4618113003449,29.999999999998295,0.8266685594724995
150.752,378.64263238750516,40.00000000000057,0.8266685594724996
150.784,378.64263238750516,40.00000000000057,0.9459302094659091
150.816,376.4618113003449,29.999999999998295,0.9459302094659092
150.848,372.1377785978373,9.999999999999432,0.9848789761259924
150.88,369.9944227116344,0.0,0.9459302094659093
150.912,372.1377785978373,9.999999999999432,0.9848789761259924
150.944,374.29355081837645,19.999999999998863,0.6860828109301794
150.976,374.29355081837645,19.999999999998863,0.5485250542599845
151.008,374.29355081837645,19.999999999998863,0.42606232904328145
151.04,376.4618113003449,29.999999999998295,0.32333605839064083
151.072,376.4618113003449,29.999999999998295,0.8266685594724996
151.104,378.64263238750516,40.00000000000057,0.3233360583906408
151.136,376.4618113003449,29.999999999998295,0.2796051653363589
151.168,374.29355081837645,19.999999999998863,0.2065067991177523
151.2,372.1377785978373,9.999999999999432,0.10857977072874496
151.232,372.1377785978373,9.999999999999432,0.6860828109301793
151.264,374.29355081837645,19.999999999998863,0.8911444948731203
151.296,376.4618113003449,29.999999999998295,0.9459302094659092
151.328,374.29355081837645,19.999999999998863,0.9459302094659092
151.36,374.29355081837645,19.999999999998863,0.9848789761259924
151.392,367.86341164694414,-9.999999999999432,0.9459302094659092
151.424,359.461399713042,-50.0,0.6159498854580681
151.456,323.96475278211557,-29.999999999999716,0.12793708630129036
151.488,307.5533855193843,-20.000000000000995,0.37213589829750865
151.52,298.79793764201077,29.999999999999716,0.7571601330199091
151.552,297.0769881570017,19.999999999998153,0.9459302094659091
151.584,297.0769881570017,19.999999999998153,0.9459302094659092
151.616,295.3659506116579,9.999999999998721,0.9848789761259923
151.648,295.3659506116579,9.999999999998721,0.9848789761259924
151.68,293.6647679174075,-7.105427357601002e-13,0.9848789761259924
151.712,291.9733833144849,-10.000000000000142,0.2065067991177523
151.744,293.6647679174075,-7.105427357601002e-13,0.047686993082531035
151.776,295.3659506116579,9.999999999998721,0.020317628556360587
151.808,298.79793764201077,29.999999999999716,0.013100262550513395
151.84,302.26980244077964,-49.99999999999929,0.12793708630129036
151.872,304.0208335929107,-39.99999999999986,0.10857977072874497
151.904,304.0208335929107,-39.99999999999986,0.092037570812181
151.936,302.26980244077964,-49.99999999999929,0.07797523762294818
151.968,300.528856485967,39.99999999999915,0.034897428019625254
152.0,295.3659506116579,9.999999999998721,0.2796051653363589
152.032,293.6647679174075,-7.105427357601002e-13,0.5485250542599844
152.064,293.6647679174075,-7.105427357601002e-13,0.8266685594724996
152.096,293.6647679174075,-7.105427357601002e-13,0.8911444948731203
152.128,295.3659506116579,9.999999999998721,0.8911444948731202
152.16,290.2917403700367,-20.000000000001705,0.013980210380185928
152.192,,,0.010037765502929688
152.224,,,0.010000127845232444
152.256,,,0.01000001622293219
152.288,,,1.9444689647947804e-13
152.32,,,9.109096038196494e-15
152.352,,,2.6726263185727377e-14
152.384,,,1.9337943250407745e-13
152.416,,,3.0017601516860836e-14
152.448,,,0.010000027850262286
152.48,,,0.01000123296498612
152.512,,,0.01000003280622777
152.544,,,0.010000077737264815
152.576,,,0.010000127662784995
152.608,282.02769802256034,29.999999999999005,0.010000000047726025
152.64,254.17759331190004,-50.0,0.4849868077159112
152.672,252.71363809934766,39.99999999999915,0.8266685594724996
152.704,254.17759331190004,-50.0,0.8911444948731203
152.736,255.6500291307247,-40.00000000000057,0.9459302094659091
152.768,258.62053938239393,-20.000000000000995,0.9459302094659092
152.8,263.1411467822288,9.999999999999432,0.9459302094659092
152.832,263.1411467822288,9.999999999999432,0.9459302094659092
152.864,263.1411467822288,9.999999999999432,0.9459302094659092
152.896,260.1187129259726,-9.999999999999432,0.9848789761259923
152.928,264.6655079380657,19.999999999998863,0.27960516533635893
152.96,266.19869962824436,30.000000000000426,0.1765306086328976
152.992,266.19869962824436,30.000000000000426,0.1504646013433388
153.024,266.19869962824436,30.000000000000426,0.15046460134333883
153.056,264.6655079380657,19.999999999998863,0.6860828109301793
153.088,266.19869962824436,30.000000000000426,0.5485250542599844
153.12,267.74077300753,39.99999999999986,0.5485250542599844
153.152,267.74077300753,39.99999999999986,0.5485250542599844
153.184,267.74077300753,39.99999999999986,0.5485250542599844
153.216,267.74077300753,39.99999999999986,0.8911444948731203
153.248,267.74077300753,39.99999999999986,0.9459302094659092
153.28,269.2917795270241,49.99999999999929,0.9459302094659092
153.312,272.42079928303684,-29.999999999999716,0.8266685594724995
153.344,282.02769802256034,29.999999999999005,0.6860828109301793
153.376,293.6647679174075,-7.105427357601002e-13,0.5485250542599844
153.408,298.79793764201077,29.999999999999716,0.6159498854580678
153.44,300.528856485967,39.99999999999915,0.6159498854580678
153.472,304.0208335929107,-39.99999999999986,0.5485250542599844
153.504,309.33502415691686,-9.999999999999432,0.6860828109301792
153.536,316.5653876023804,30.000000000000426,0.1504646013433388
153.568,331.5370699244067,9.999999999999432,0.07797523762294818
153.6,339.28638158974695,50.0,0.07797523762294818
153.632,339.28638158974695,50.0,0.06608151270920701
153.664,337.3322358273121,39.999999999997726,0.48498680771591124
153.696,333.4576446322876,19.999999999998863,0.6860828109301793
153.728,333.4576446322876,19.999999999998863,0.8266685594724996
153.76,333.4576446322876,19.999999999998863,0.8266685594724996
153.792,331.5370699244067,9.999999999999432,0.8911444948731203
153.824,329.6275569128699,-1.4210854715202004e-12,0.9459302094659093
153.856,327.72904188699454,-10.000000000000853,0.8911444948731203
153.888,318.3992322368831,39.99999999999986,0.6860828109301794
153.92,305.78200836531414,-30.000000000000426,0.615949885458068
153.952,298.79793764201077,29.999999999999716,0.8266685594724995
153.984,295.3659506116579,9.999999999998721,0.9459302094659091
154.016,293.6647679174075,-7.105427357601002e-13,0.9848789761259924
154.048,293.6647679174075,-7.105427357601002e-13,0.9459302094659092
154.08,295.3659506116579,9.999999999998721,0.9848789761259924
154.112,297.0769881570017,19.999999999998153,0.9848789761259923
154.144,297.0769881570017,19.999999999998153,0.9848789761259923
154.176,298.79793764201077,29.999999999999716,0.9848789761259923
154.208,300.528856485967,39.99999999999915,0.9459302094659092
154.24,304.0208335929107,-39.99999999999986,0.9459302094659092
154.272,304.0208335929107,-39.99999999999986,0.9459302094659092
154.304,302.26980244077964,-49.99999999999929,0.9459302094659091
154.336,300.528856485967,39.99999999999915,0.9459302094659092
154.368,298.79793764201077,29.999999999999716,0.9848789761259923
154.4,300.528856485967,39.99999999999915,0.9459302094659091
154.432,300.528856485967,39.99999999999915,0.9459302094659091
154.464,298.79793764201077,29.999999999999716,0.9459302094659092
154.496,297.0769881570017,19.999999999998153,0.9848789761259923
154.528,291.9733833144849,-10.000000000000142,0.9848789761259924
154.56,291.9733833144849,-10.000000000000142,0.9459302094659091
154.592,295.3659506116579,9.999999999998721,0.42606232904328145
154.624,300.528856485967,39.99999999999915,0.09203757081218102
154.656,307.5533855193843,-20.000000000000995,0.013100262550513395
154.688,309.33502415691686,-9.999999999999432,0.01000123296498612
154.72,,,0.010000000814014906
154.752,,,0.01
154.784,,,0.01
154.816,,,0.01
154.848,,,0.01
154.88,,,0.010000000000017691
154.912,,,0.01000000000015483
154.944,,,0.0
154.976,65.40639132514966,0.0,0.010000000000017691
155.008,65.40639132514966,0.0,0.010000000000023851
155.04,65.40639132514966,0.0,0.01
155.072,65.40639132514966,0.0,0.01
155.104,65.40639132514966,0.0,0.01
155.136,65.40639132514966,0.0,0.01
155.168,65.40639132514966,0.0,0.01
155.2,65.40639132514966,0.0,0.01
155.232,65.40639132514966,0.0,0.01
155.264,65.40639132514966,0.0,0.01
155.296,65.40639132514966,0.0,0.01
155.328,65.40639132514966,0.0,0.01
155.36,65.40639132514966,0.0,0.01
155.392,65.40639132514966,0.0,0.01
155.424,65.40639132514966,0.0,0.01
155.456,65.40639132514966,0.0,0.01
155.488,65.40639132514966,0.0,0.01
155.52,65.40639132514966,0.0,0.01
155.552,65.40639132514966,0.0,0.01
155.584,65.40639132514966,0.0,0.01
155.616,65.40639132514966,0.0,0.01
155.648,65.40639132514966,0.0,0.01
155.68,65.40639132514966,0.0,0.01
155.712,65.40639132514966,0.0,0.01
