time_s,rms,centroid_hz,flatness,zcr,onset,lt300_ratio,novelty
0.0,2.5273855e-06,2133.0109471419973,0.11468057,0.13818359375,0.0,0.598338,0.0
0.032,7.642724e-05,2250.6392452201862,0.051234737,0.15625,0.0,0.8768442,0.0
0.064,0.00082828867,2005.006381007197,0.03613274,0.1728515625,0.0,0.8924876,0.0
0.096,0.002130527,1992.392326497961,0.023857798,0.11865234375,0.2006048,0.92060816,0.0
0.128,0.003535665,1917.5708276415583,0.012905602,0.0693359375,3.2260408,0.95829135,0.0
0.16,0.021458188,3831.823625306551,0.2523563,0.1640625,5.106629,0.029560369,0.0
0.192,0.048543267,3909.351457814865,0.23068573,0.2548828125,1.803375,0.004491895,0.0
0.224,0.038243413,3875.757548056983,0.2059851,0.3486328125,22.531652,0.0060886326,0.0
0.256,0.02029002,3661.384610085238,0.18274981,0.41162109375,7.0387063,0.027024673,0.0
0.288,0.011353124,3466.330467232334,0.19086039,0.3818359375,0.18693244,0.090602346,0.0
0.32,0.007739999,3433.0838516531876,0.16559666,0.373046875,0.093044184,0.2029404,0.0
0.352,0.023906797,4213.591691632584,0.23406756,0.4072265625,0.14144593,0.018358387,0.0
0.384,0.03554087,4209.934435800014,0.2118004,0.44091796875,0.1269612,0.010861959,0.0
0.416,0.022205066,4115.030352837102,0.19683178,0.4521484375,8.416269,0.024758175,0.0
0.448,0.011867684,3907.3308825076883,0.1870049,0.44091796875,2.9900968,0.09846252,0.0
0.48,0.0159899,3694.3655409653184,0.20890205,0.4150390625,0.22192763,0.05601631,0.0
0.512,0.057678252,3781.952129082885,0.18517627,0.404296875,0.2882182,0.0032306886,0.0
0.544,0.06039198,3806.771204318958,0.18818432,0.42431640625,3.3020096,0.0034419799,0.0
0.576,0.03309097,3845.362891682374,0.19992504,0.44580078125,9.889793,0.016239764,0.0
0.608,0.018431667,3834.4404786740756,0.19936018,0.44091796875,1.0883238,0.04355637,0.0
0.64,0.011130007,3665.216789242908,0.19148633,0.40283203125,0.05613418,0.14576933,0.0
0.672,0.007736401,3454.687088935246,0.15558758,0.328125,0.08678011,0.28974152,0.0
0.704,0.0060634813,3171.4155478803023,0.09767413,0.24560546875,0.20375147,0.52895564,0.0
0.736,0.005610868,2906.4741010701177,0.05563171,0.17138671875,0.16110201,0.7358745,0.0
0.768,0.0054968293,2706.491037578548,0.032148764,0.11474609375,0.14120777,0.82435054,0.0
0.8,0.0116205765,3779.678921936498,0.20846161,0.17578125,0.1790464,0.17549114,0.0
0.832,0.041060567,3958.989312360961,0.20808417,0.2783203125,0.21542428,0.010557376,0.0
0.864,0.0419052,4043.8125473703094,0.19548057,0.36865234375,9.514755,0.010091302,0.0
0.896,0.021610575,4078.3628870448383,0.18582746,0.4482421875,9.809907,0.038682688,0.0
0.928,0.012034987,3813.4577704330345,0.17648631,0.41552734375,1.1246426,0.13875808,0.0
0.96,0.008132486,3669.5726763759562,0.13444424,0.33935546875,0.23173925,0.31006652,0.0
0.992,0.0055522686,3384.4321122688516,0.11062021,0.25732421875,0.18834998,0.5312335,0.0
1.024,0.0044938475,3013.1144477696635,0.06840976,0.17626953125,0.08620781,0.7126311,0.0
1.056,0.004302876,2684.081414892371,0.039304942,0.1142578125,0.16642301,0.8483189,0.0
1.088,0.0043837265,2386.6428076902284,0.022950407,0.0712890625,0.2674831,0.91557777,0.0
1.12,0.005171438,3564.9598653727494,0.10300642,0.1064453125,0.26173297,0.67419845,0.0
1.152,0.030042991,4289.325446649111,0.21071252,0.21240234375,0.3520917,0.018557888,0.0
1.184,0.046528395,4308.623016095464,0.18248205,0.31640625,4.389181,0.009229824,0.0
1.216,0.030904036,4179.461487463549,0.16183832,0.412109375,15.498348,0.018361356,0.0
1.248,0.015311264,3947.7444695323456,0.1850666,0.43115234375,3.5680103,0.07324159,0.0
1.28,0.009110754,3731.934768228943,0.1665825,0.3662109375,0.12382397,0.24243888,0.2891599175408603
1.312,0.006862538,3502.3844761523605,0.1144922,0.287109375,0.107253775,0.40731594,0.5629257509217531
1.344,0.0061109154,3003.5715000185596,0.066633366,0.20166015625,0.1872833,0.6449574,0.819180153033384
1.376,0.0064080586,2439.6804896172034,0.026243513,0.12744140625,0.2614628,0.8512369,1.0426659500261688
1.408,0.0056595635,2243.4233170815387,0.016001575,0.07763671875,0.4854035,0.9134637,1.2410692111853387
1.44,0.0050313696,2248.0077451395664,0.013795878,0.0517578125,0.40018678,0.93710065,1.4544935775741807
1.472,0.0070847445,3612.975788825873,0.1770609,0.1025390625,0.1521456,0.40392628,1.7029032812219294
1.504,0.033351097,3889.4984940063764,0.23140313,0.18798828125,0.35529196,0.028569706,1.984051969908529
1.536,0.043460235,3876.844131771219,0.20151818,0.2734375,9.214092,0.019517208,2.2983220149828223
1.568,0.026874859,3762.568193679571,0.13908358,0.35009765625,13.583915,0.05121763,2.5624602903935774
1.6,0.014732224,3612.872509327539,0.13750936,0.333984375,2.0300024,0.15602551,2.8127262325587603
1.632,0.00980141,3390.643474416491,0.10531994,0.28173828125,0.040339507,0.40686426,3.047384300759704
1.664,0.0076783104,3091.3035468289672,0.06131897,0.21044921875,0.14124802,0.60777783,3.273291147149017
1.696,0.006159342,2810.4874248849833,0.03545878,0.14453125,0.13537781,0.74425405,3.5022762056133345
1.728,0.005426848,2544.2999280432914,0.023512663,0.1064453125,0.11241516,0.8499444,3.7416768338948647
1.76,0.0053347526,2350.883422017062,0.0154674435,0.06591796875,0.32445943,0.9001293,3.75244539704016
1.792,0.0054960703,2180.923935116636,0.010889104,0.05224609375,0.38490343,0.93836075,3.834745991777013
1.824,0.0051241806,2087.6616258983113,0.009650168,0.04931640625,0.3751429,0.95405763,4.001108243699174
1.856,0.0052975733,2023.7868685363574,0.007563391,0.0419921875,0.28561747,0.9676128,4.253424986757592
1.888,0.0054422566,1881.3512641614736,0.0060384823,0.041015625,0.49348652,0.97715324,4.575142658856829
1.92,0.0062907184,1885.4036687093867,0.008423358,0.0693359375,0.44525954,0.97391933,4.942825779555482
1.952,0.028267322,4031.858240453405,0.22366248,0.1826171875,0.7140424,0.05727697,5.277571185706156
1.984,0.057984468,4240.402325060302,0.20376214,0.29638671875,2.0800245,0.0072958693,5.574316941891078
2.016,0.04490103,4227.085244871256,0.20177397,0.40966796875,21.837069,0.009414824,5.82321791074596
2.048,0.025049958,3988.919230517482,0.18630733,0.4892578125,5.678804,0.034202334,6.124334504967939
2.08,0.018554028,3914.910872928326,0.14642501,0.47607421875,0.24406949,0.055494703,6.432785907775108
2.112,0.015585484,3873.28446504985,0.12136293,0.4599609375,0.095691025,0.072544225,6.741698509572155
2.144,0.012696573,3780.538277073987,0.100822225,0.44287109375,0.16615708,0.10479434,7.006653484815321
2.176,0.010155727,3706.765072915585,0.09383528,0.41943359375,0.32636377,0.14622222,7.208956063933285
2.208,0.008400547,3543.8370778066533,0.088150226,0.4033203125,0.1938998,0.19809502,7.347587726391913
2.24,0.007549071,3399.416943034287,0.07878661,0.36865234375,0.3121119,0.27625456,7.433455801094383
2.272,0.011804345,3795.2396361228375,0.340911,0.36767578125,0.6083094,0.12211364,7.47022878216703
2.304,0.040112395,3817.239745240531,0.34049186,0.373046875,0.5272074,0.030026035,7.468576931853374
2.336,0.044365205,3690.276719294485,0.28962967,0.35986328125,8.580518,0.023779273,7.456828622911869
2.368,0.02635057,3445.4600740806545,0.21533176,0.365234375,10.5136175,0.0377353,7.42524429350666
2.4,0.017609704,3205.888424642131,0.16565718,0.32470703125,1.1121663,0.08258961,7.353455267803712
2.432,0.0118686715,2996.7089352780977,0.12960292,0.27880859375,0.09568102,0.15769066,7.2876811610797345
2.464,0.008487547,2663.5378743735887,0.0987541,0.23193359375,0.093317255,0.33985484,7.230631013120934
2.496,0.007018608,2344.842691955066,0.055951558,0.18115234375,0.07162046,0.5131321,7.20026238583773
2.528,0.006134414,2126.352689459307,0.030446623,0.13671875,0.5498133,0.64618236,7.18694546994946
2.56,0.005140899,2003.6890126240824,0.019808248,0.095703125,0.25379395,0.73723,7.279466539163412
2.592,0.0049156654,1823.7365667120507,0.013871708,0.0634765625,0.27086532,0.83249515,7.435102486594889
2.624,0.00846867,1252.1997754899962,0.005774711,0.0517578125,0.12289041,0.83243483,7.67665726334
2.656,0.03274091,1280.6489477272453,0.0031136267,0.04541015625,0.3516087,0.060702614,7.990576625027086
2.688,0.06031945,1576.1707237014873,0.004493904,0.0419921875,2.4761503,0.08609918,8.356313340328587
2.72,0.06524639,1929.7211721182898,0.0039009734,0.046875,10.1421175,0.21491109,8.697817049460848
2.752,0.06264013,2094.5958629883885,0.0023139422,0.0400390625,6.638131,0.17938192,9.06259538117026
2.784,0.060143963,2073.306969692294,0.0024981964,0.03955078125,2.0262783,0.35869876,9.431245136598976
2.816,0.060734034,2020.0007829485805,0.0017382592,0.03759765625,0.4588886,0.59254426,9.800852894993184
2.848,0.06141489,1886.050705401572,0.0011218581,0.03759765625,0.88483477,0.67611635,10.19770255207072
2.88,0.0646089,1825.654479839458,0.001042846,0.037109375,0.8202175,0.80410933,10.61399711881961
2.912,0.06612111,1780.1173043275003,0.0009779212,0.037109375,0.6815242,0.8597045,11.026394138515398
2.944,0.060369913,2566.527766011836,0.018316219,0.1005859375,1.1877836,0.45115647,11.405907999441217
2.976,0.06093945,3400.564805488116,0.14340189,0.1337890625,0.6543481,0.055521745,11.751109837276308
3.008,0.061149485,3448.4083393113006,0.14392221,0.1533203125,8.453639,0.0065928292,12.058866627805688
3.04,0.05071542,2997.582208344065,0.06629086,0.158203125,7.967777,0.007852967,12.238882164529112
3.072,0.050907597,2361.106258514713,0.020706272,0.09912109375,0.9068818,0.009039418,12.42154148405342
3.104,0.04927472,1775.8351181644937,0.0086950185,0.07373046875,0.37288627,0.01035779,12.637926456254558
3.136,0.042047143,1680.6157002416853,0.007955077,0.0615234375,0.74921656,0.019278796,12.909226883648373
3.168,0.037295032,1800.4233098782329,0.009587042,0.06591796875,0.97454315,0.027964253,13.242804666787286
3.2,0.030295683,1604.3515417174092,0.007119727,0.07080078125,1.3648262,0.02928843,13.640486600684646
3.232,0.027864056,1452.3362033382339,0.0034577888,0.0712890625,1.555249,0.0374093,14.049693505320517
3.264,0.03403967,1215.3023448451463,0.0012988182,0.07080078125,1.0263839,0.022815464,14.449114740495217
3.296,0.038740285,1146.1265797838223,0.00081365503,0.06787109375,0.60984826,0.015775334,14.801485020404641
3.328,0.044017438,1132.2443627847338,0.00037591267,0.0673828125,0.5028744,0.012881954,15.074108918227664
3.36,0.041229416,1078.6870338102472,0.00050737214,0.06787109375,1.5113926,0.017025432,15.275009751538361
3.392,0.035363436,1064.188463043466,0.00049402344,0.0712890625,0.9969008,0.024294814,15.43804641803937
3.424,0.04043679,2785.3179304586392,0.031481605,0.099609375,1.7935047,0.021565184,15.602906923062003
3.456,0.053512864,3287.3389738307314,0.08203971,0.1044921875,1.3959134,0.009278395,15.769054222977775
3.488,0.050824087,3335.869556612347,0.04734195,0.10546875,12.208655,0.008191088,15.940273139920997
3.52,0.042921245,2785.164046274057,0.018166358,0.10546875,5.8499703,0.011383642,16.12834603149169
3.552,0.037112158,2265.6164342983175,0.009002584,0.091796875,0.3731228,0.019959526,16.231780382869978
3.584,0.026478563,2382.56274485188,0.018702717,0.087890625,0.38238674,0.041713793,16.228364537897946
3.616,0.023867527,2688.409238583071,0.028965473,0.0869140625,0.5973842,0.055184063,16.139912535966303
3.648,0.025010841,2056.7987930448267,0.0070733763,0.0849609375,1.7495792,0.048056737,15.983346525894481
3.68,0.027214032,1449.4211588566984,0.0017072782,0.072265625,1.492832,0.041632622,15.775316116221584
3.712,0.028933963,1321.6473837117185,0.0008545429,0.07275390625,0.29234853,0.026731791,15.52801587950561
3.744,0.030924989,1236.5410381301072,0.00045640706,0.07275390625,0.6039734,0.019253882,15.21458245377042
3.776,0.03480335,1153.2980674962641,0.0002421218,0.0732421875,0.88855696,0.018188044,14.89659677330558
3.808,0.041504875,1088.7409715033973,0.00013094083,0.07373046875,0.884359,0.016837372,14.587244739928584
3.84,0.044663306,1136.8096890464985,0.00011139777,0.07373046875,0.58294725,0.015315951,14.272423552328481
3.872,0.045626268,1240.8170359504127,0.000103430946,0.07373046875,0.69424653,0.0107842535,13.954808835087531
3.904,0.048894435,1284.4514933730347,9.450757e-05,0.07421875,0.9018135,0.008799675,13.634900818732989
3.936,0.05334006,1258.4743751716064,8.504561e-05,0.07373046875,1.3275664,0.00942072,13.305717048316001
3.968,0.05567184,1287.5360522087035,7.9571866e-05,0.07373046875,1.0615823,0.008361054,12.96056698114186
4.0,0.056977674,1302.8383486949697,7.488216e-05,0.07373046875,1.2652073,0.0064434893,12.589045439057731
4.032,0.054900873,1290.3508935467353,8.472714e-05,0.07373046875,0.93420005,0.00847878,12.203352632151516
4.064,0.054681547,1283.696417452312,8.072848e-05,0.07421875,0.6339388,0.007823662,11.74094682062307
4.096,0.05648079,1321.5116991435475,8.9334404e-05,0.07421875,1.069766,0.0073418594,11.195532854353607
4.128,0.05673098,1386.74955485402,0.000105903506,0.0751953125,0.79682004,0.008540453,10.582876254343908
4.16,0.054931823,1471.826164032915,0.00013236311,0.0751953125,0.87823856,0.009393856,9.925014308398541
4.192,0.056633785,1506.6263336316465,0.00019821367,0.0751953125,1.5209782,0.008838722,9.236716921072054
4.224,0.06233184,2704.2624602527712,0.01061607,0.12255859375,1.2865002,0.009087293,8.58528954750522
4.256,0.06797593,3582.3661093570304,0.08830669,0.14306640625,2.3428261,0.006816531,7.932747601343204
4.288,0.06493857,3663.5531506233337,0.097780645,0.14892578125,11.513824,0.0053816275,7.277178611092327
4.32,0.06250322,3461.9285477629187,0.029097103,0.1484375,9.132722,0.004823239,6.641837761911823
4.352,0.060396105,2905.229294673343,0.009118194,0.10107421875,0.9027332,0.006443709,6.025115204136657
4.384,0.061383095,2433.598904044067,0.0032316153,0.087890625,0.092976734,0.004606878,5.419307859356514
4.416,0.06382792,2930.9158668829923,0.013008179,0.0830078125,0.29401705,0.0045991694,4.8261713066109575
4.448,0.061239462,3201.552460967476,0.0329408,0.083984375,0.55765134,0.00758563,4.2619485049192845
4.48,0.054748733,2754.544583794372,0.013319414,0.08447265625,4.645796,0.007449853,3.734263643599933
4.512,0.04803497,2187.8948306654147,0.0038991952,0.076171875,3.3385663,0.009911779,3.2511713051908777
4.544,0.05213967,1653.1451504053514,0.0016028491,0.07421875,0.54923904,0.010493337,2.8950704320028646
4.576,0.051933214,1461.2473562730636,0.0012067218,0.072265625,0.37263864,0.011021493,2.6443549436785436
4.608,0.042541567,1472.4239840167177,0.000998201,0.0712890625,0.9880454,0.016510997,2.4693779494071144
4.64,0.04055255,1403.522145939631,0.0009230473,0.07177734375,1.9971269,0.016231108,2.3363395117629464
4.672,0.044752654,1412.455622070478,0.0009915527,0.08837890625,1.1911238,0.011785861,2.222424423305619
4.704,0.048765924,2909.880722354564,0.031493764,0.119140625,0.7843232,0.010119991,2.112928828544324
4.736,0.054540135,3232.4421054262075,0.07208232,0.12451171875,1.8884315,0.006293464,2.014237016972642
4.768,0.04592497,3263.769285609226,0.045771115,0.123046875,11.176207,0.0057490654,1.904420540116617
4.8,0.03689887,2820.730372443765,0.019773267,0.10693359375,4.276817,0.011922734,1.7666259188012272
4.832,0.036192022,2288.2602714372933,0.0099135805,0.08447265625,0.32433838,0.017707365,1.6788803833582637
4.864,0.044213887,3013.7792888204663,0.04841135,0.078125,0.34675413,0.010876681,1.6429852805845948
4.896,0.048872788,2751.7126448189974,0.044262305,0.0771484375,1.3645111,0.0072260825,1.628653258720105
4.928,0.048289765,2048.341742553308,0.0072025456,0.07421875,6.2884116,0.0072281407,1.6144848763073034
4.96,0.051179357,1741.3540992652534,0.0010000448,0.06494140625,2.0594318,0.0059416867,1.605593238147789
4.992,0.053963628,1518.6821417565502,0.00036102696,0.0654296875,0.69529825,0.005518016,1.5943665659075297
5.024,0.05166517,1478.90511812707,0.00033795653,0.064453125,0.45201844,0.006959987,1.555146934809821
5.056,0.05105148,1510.6282062397345,0.00030926644,0.06396484375,0.46066058,0.0090778945,1.4646399423944216
5.088,0.053295694,1539.2502443483413,0.00029483688,0.06689453125,0.55443287,0.0073913205,1.3944330420942554
5.12,0.05239126,1538.1793318304724,0.00028972968,0.06884765625,0.6875299,0.007963109,1.3578565110739729
5.152,0.049969096,1602.0563485034318,0.00033269194,0.07080078125,0.9219474,0.012384006,1.3365429545526715
5.184,0.047933444,1611.0901855389,0.00036094183,0.07275390625,0.7278979,0.0128026875,1.3258750088554458
5.216,0.049077075,1561.2726524952243,0.00028911346,0.07080078125,0.97467005,0.010104576,1.3196055305905
5.248,0.05089312,1529.1637124291904,0.00023746914,0.06689453125,0.78377736,0.008852613,1.3317926163294742
5.28,0.051353138,1599.19792283904,0.00025307914,0.06591796875,0.5626099,0.006919623,1.3479354300042468
5.312,0.050960343,1612.3363147200973,0.00032034042,0.0654296875,0.5751766,0.007984196,1.3155922111298277
5.344,0.051888462,1607.0830741016748,0.00033625684,0.06396484375,0.8828969,0.008025424,1.2599402834030742
5.376,0.052462146,1639.3558326928053,0.00037172405,0.06591796875,1.1686063,0.007417497,1.2074137705136918
5.408,0.053366378,1619.8092263961803,0.00037933403,0.08203125,0.99092925,0.007714931,1.1698012203616857
5.44,0.054628335,1655.568709037079,0.00039801112,0.1005859375,1.1003308,0.0072261556,1.1464725654300227
5.472,0.05415858,2385.2022536219583,0.0063255494,0.14794921875,1.0317318,0.0074322014,1.1418337682971393
5.504,0.055675402,3407.257356947242,0.08267717,0.18408203125,1.0245477,0.008088399,1.1519054961739892
5.536,0.0564666,3478.5665246174653,0.07968821,0.185546875,6.922839,0.009239855,1.1918109774910557
5.568,0.052813027,3035.860301239074,0.020103203,0.18359375,9.377148,0.009390189,1.1959295940258994
5.6,0.048257362,2444.499803508831,0.0067047607,0.150390625,0.8820149,0.0088495,1.1740476577914767
5.632,0.047059264,2082.590105211122,0.0032929836,0.12744140625,0.10187964,0.008732646,1.146133006486795
5.664,0.04478178,2252.0667426955206,0.008482925,0.1142578125,0.34284204,0.008218878,1.110616540923463
5.696,0.049953464,2287.792700326975,0.0064189113,0.10546875,0.5354617,0.0075789425,1.0726400730939902
5.728,0.053035036,1818.3840025615207,0.002634611,0.1025390625,2.6958945,0.0130329635,1.0614413421350188
5.76,0.05321605,1747.8905895533162,0.0019713626,0.1025390625,1.365637,0.014385531,1.0940170494667107
5.792,0.04961145,1780.4526661067703,0.001377395,0.1123046875,0.66899025,0.008648491,1.1501989027185313
5.824,0.04536346,1716.4884635113644,0.0016110806,0.10400390625,1.3149648,0.010886057,1.2229562773347664
5.856,0.047937196,1678.9095110641915,0.0011118422,0.1044921875,0.86735696,0.009606534,1.313073576689154
5.888,0.05484273,1577.2508110715364,0.00071094447,0.09130859375,1.5074426,0.0067380024,1.3855418588616462
5.92,0.0524566,1678.115609218611,0.0012436236,0.10009765625,1.3491116,0.007933591,1.4375111475107623
5.952,0.04584627,3036.995882594984,0.045137458,0.142578125,0.7361291,0.012651087,1.477051462000264
5.984,0.046089582,3348.4284151680495,0.09638946,0.158203125,1.9986084,0.009311237,1.5178503659703892
6.016,0.04499442,3116.261614334768,0.03197022,0.169921875,10.09868,0.009314708,1.5760974246752595
6.048,0.044131324,2612.0287104858853,0.0075832345,0.1513671875,3.4921403,0.011119712,1.6226244464483155
6.08,0.044351965,2137.6085551296887,0.0028160156,0.125,0.23910071,0.011549653,1.6465149832397723
6.112,0.04809208,2917.9481072634444,0.03142619,0.123046875,0.074589685,0.009929074,1.6888771730912493
6.144,0.0497007,3112.7556161695975,0.059089843,0.1259765625,0.21657273,0.00964174,1.7455483284631004
6.176,0.047751244,2792.223882028869,0.02006369,0.1337890625,7.870675,0.010977402,1.8019533225582898
6.208,0.047035,2283.7958397681678,0.0051974775,0.13037109375,3.4459734,0.010403096,1.8720272927721888
6.24,0.046861347,1901.7489691716037,0.0016462054,0.119140625,0.18122345,0.011340187,1.9744743698280953
6.272,0.046897013,1736.614095199047,0.0008448321,0.1142578125,0.1575709,0.0117575815,2.0666005982915694
6.304,0.04686719,1627.2041013944308,0.0005899995,0.109375,0.2328161,0.012846471,2.099782125728872
6.336,0.045295265,1589.938879296641,0.0005527197,0.10986328125,0.37907076,0.01515725,2.0777933452287365
6.368,0.044677857,1585.3121727137177,0.00053384714,0.11083984375,0.49323902,0.012249933,2.0526374977422774
6.4,0.045784384,1589.456086677918,0.00048258787,0.111328125,0.623106,0.0110144485,2.016930767460663
6.432,0.045730677,1598.984261107484,0.00044554807,0.11474609375,0.6379491,0.0121246725,1.9629492115508946
6.464,0.043397747,1624.6990891925552,0.00044673457,0.1162109375,0.6246342,0.013584873,1.9112998085468071
6.496,0.039825846,1686.3088827367283,0.0006341458,0.1181640625,0.7130113,0.016778708,1.897590889453011
6.528,0.035003383,1777.2465200056554,0.0010590602,0.107421875,0.60860515,0.025284747,1.9825111399880273
6.56,0.032795552,1815.3018010699157,0.0011222991,0.099609375,1.0945216,0.02982159,2.1616613224822294
6.592,0.03599083,1774.277664529741,0.0009149755,0.0986328125,1.6174306,0.022991639,2.3902380877225187
6.624,0.036418535,1815.5013468705788,0.0009997123,0.11083984375,1.0409691,0.027021078,2.6385950197566714
6.656,0.033976067,1868.4806828172364,0.0016142062,0.1328125,1.0585387,0.025654757,2.961287973048949
6.688,0.034433708,1851.8158003745766,0.0017669955,0.14208984375,1.2078942,0.019069264,3.3330398079855668
6.72,0.040104512,1770.2803178098502,0.0016007614,0.15478515625,1.9313312,0.015371317,3.738047989373652
6.752,0.04458231,3107.8458550553632,0.06849552,0.16162109375,2.1187065,0.013006956,4.171737983454895
6.784,0.051339004,3434.7052458367657,0.12447976,0.15869140625,1.9112375,0.007154415,4.637035096373834
6.816,0.048119225,3233.845472785288,0.05571369,0.1572265625,11.689248,0.006776285,5.138615728270894
6.848,0.039338756,2638.491534814403,0.029242462,0.14111328125,3.8116648,0.013301571,5.658155128802839
6.88,0.031138744,2334.9680139245766,0.016133983,0.130859375,0.25159523,0.020326698,6.205460932333933
6.912,0.032850623,3265.6699113832,0.09031014,0.1689453125,1.0626867,0.016946644,6.7708728156132825
6.944,0.038595203,3513.9602860814703,0.15186027,0.16796875,0.5159776,0.013258853,7.322927156431947
6.976,0.036317553,3285.592168166625,0.058469594,0.169921875,4.9148765,0.015195555,7.830970732512688
7.008,0.031963125,2548.5386820384433,0.014906139,0.14990234375,3.6332018,0.016847607,8.264255201062674
7.04,0.027602755,2163.6245376759443,0.009170104,0.10302734375,0.4699095,0.023988375,8.605607620922072
7.072,0.024649585,2027.1375835126594,0.004369681,0.09423828125,0.31127733,0.028929986,8.844576001156684
7.104,0.0233812,1822.5650401117464,0.004451266,0.08154296875,0.8517561,0.030711593,9.034426751911202
7.136,0.025552984,1638.743693117231,0.002867135,0.09130859375,0.19882502,0.035633735,9.141883440301314
7.168,0.022884278,1629.87479189337,0.0028663576,0.09619140625,1.5133033,0.036154754,9.176192564846003
7.2,0.02739322,3541.68842488003,0.13157794,0.18310546875,1.2408708,0.01699786,9.122684456166951
7.232,0.042497072,3767.6721357544748,0.1845192,0.2744140625,0.43762538,0.008514148,9.002866775548233
7.264,0.027268907,3767.450551317542,0.19831212,0.314453125,12.176651,0.022838522,8.870864440549418
7.296,0.013162209,3527.55000264541,0.18017665,0.32861328125,4.9798913,0.15436888,8.771233096943254
7.328,0.008858069,2929.1200422746156,0.098596536,0.296875,0.21723785,0.42067018,8.729657691447827
7.36,0.019554384,3912.943673396962,0.20431535,0.302734375,0.2928297,0.07202513,8.730724355998907
7.392,0.030863084,4034.70259930099,0.19198948,0.31982421875,0.36201978,0.019052155,8.765709554161202
7.424,0.020048339,3680.3997870325634,0.19079222,0.35009765625,6.6628933,0.059803158,8.825528019936595
7.456,0.01454784,3181.96168990918,0.112412594,0.3544921875,3.7959623,0.10122606,8.896588237947894
7.488,0.01333756,3035.078261207252,0.09086194,0.31396484375,0.8620947,0.102359,8.949466814452842
7.52,0.013386122,2807.520912258369,0.06692515,0.29736328125,0.33738315,0.11491822,9.001177722979822
7.552,0.012241662,2680.0378990211893,0.048088703,0.279296875,0.7900745,0.17176896,9.025788512262046
7.584,0.00883298,2631.2513066637243,0.04836083,0.2216796875,0.928156,0.31414747,8.98600024545585
7.616,0.006514214,2352.263205723393,0.030149454,0.1611328125,0.4477189,0.55344176,8.91423099008088
7.648,0.005560459,2068.822027156025,0.016432906,0.1103515625,0.15680437,0.78961957,8.779155277738555
7.68,0.0070761824,1668.387171554005,0.013681632,0.07080078125,0.18178084,0.5205332,8.608654738335366
7.712,0.024910834,1422.554430272573,0.0054911957,0.0615234375,0.16206245,0.2840624,8.41237180562132
7.744,0.0505516,1565.6037977478977,0.0033801051,0.06298828125,2.4862978,0.6549289,8.188936789271898
7.776,0.061979663,1748.2211689259511,0.0018234609,0.0517578125,8.053078,0.81422806,7.932827526641248
7.808,0.056162965,1816.0793912089941,0.001298681,0.0458984375,4.4262643,0.8492633,7.610848727115133
7.84,0.049607396,1710.0544551904177,0.0012109699,0.04248046875,1.2697891,0.8784619,7.232013555489105
7.872,0.044641685,1639.4171681557925,0.0012608898,0.04052734375,0.21332924,0.92439413,6.806249840894967
7.904,0.03787673,1610.7905619564972,0.0022960855,0.04443359375,0.39777794,0.8717243,6.356882078240042
7.936,0.03197671,1679.3664941844045,0.0036894274,0.04150390625,0.527563,0.23742825,5.9165601686512534
7.968,0.031951007,1715.5245252595853,0.0032052507,0.0439453125,2.085847,0.13600212,5.524651201619865
8.0,0.031499367,3183.216456104094,0.058771055,0.12548828125,1.4949067,0.25227898,5.148732198971853
8.032,0.049725633,3713.830806649254,0.17164609,0.19140625,0.7040374,0.057232488,4.7902306039288485
8.064,0.044988878,3786.9293900054663,0.16167559,0.21826171875,8.32876,0.036590714,4.427979027480558
8.096,0.028642891,3566.593601307095,0.09844316,0.2265625,7.159931,0.07043434,4.055500880016732
8.128,0.024477066,2938.711188257253,0.039717905,0.15576171875,0.65066177,0.05743074,3.725082381397454
8.16,0.020946227,2239.698653022847,0.020472296,0.10107421875,0.21450967,0.06656036,3.471227366911931
8.192,0.026774377,2549.013742152173,0.062458422,0.1142578125,0.5237117,0.044657476,3.3321186150751645
8.224,0.03375359,2932.918724979881,0.115041666,0.12109375,0.72451717,0.026234277,3.2894202154471386
8.256,0.02886254,2979.156017038292,0.07037064,0.140625,6.034521,0.03630672,3.279274773614108
8.288,0.018979318,2647.391009275088,0.035118684,0.1474609375,4.2810936,0.07963532,3.314166637638086
8.32,0.009547418,2485.6856378416596,0.044225454,0.12060546875,0.4455862,0.29789913,3.424643271300434
8.352,0.016276928,1844.8963285871928,0.008184706,0.111328125,0.24392225,0.12490741,3.617913930192826
8.384,0.031678684,1492.1934698988912,0.0010234955,0.08984375,0.29284835,0.024801718,3.8741029173735053
8.416,0.03680705,1527.735769311293,0.00056969665,0.07763671875,1.3810031,0.018722242,4.138726454024587
8.448,0.039358035,2390.129151834987,0.009038406,0.10986328125,0.81200093,0.019164326,4.387336208125049
8.48,0.045867916,3482.0977205807194,0.088829435,0.13671875,0.79657686,0.011786145,4.6635628364587856
8.512,0.050220057,3662.0835958051384,0.086861275,0.142578125,8.092436,0.009207506,5.018818291901572
8.544,0.04864997,3470.381864193728,0.026781494,0.14208984375,9.356551,0.009993533,5.457280470834204
8.576,0.045912664,2788.913433035703,0.007847455,0.10693359375,1.195097,0.010052867,5.900469705680129
8.608,0.043561745,2439.818888842451,0.005425908,0.10693359375,0.20806956,0.013551624,6.338507923916822
8.64,0.049809273,3508.701804772239,0.10727727,0.125,0.27192724,0.010640915,6.744854662849818
8.672,0.058917657,3489.9092365712395,0.11813918,0.13232421875,0.69755185,0.0066108187,7.102129540958113
8.704,0.054644242,2973.976340072011,0.035638623,0.1298828125,10.840406,0.0072301757,7.379651466649841
8.736,0.055751417,2548.2418959618117,0.007917805,0.107421875,2.3850303,0.01006004,7.554304196450246
8.768,0.05586389,2120.2973386301574,0.0022404874,0.08349609375,0.44744626,0.008459271,7.658976810201533
8.8,0.048083954,1989.809926423352,0.0012943351,0.07470703125,0.3277712,0.008231059,7.695949704646151
8.832,0.046382893,1834.8750525226055,0.0008269759,0.07470703125,0.31649488,0.009089065,7.695337952970791
8.864,0.04668981,1717.9733583813709,0.0005210133,0.07177734375,0.33770064,0.009378785,7.686895460112905
8.896,0.045209575,1673.8377998921433,0.0004834566,0.07177734375,0.38222986,0.008646211,7.6858680210684165
8.928,0.040620364,1737.204097828071,0.00049505744,0.07568359375,0.85091144,0.008480452,7.714867195018853
8.96,0.04297688,1735.1215485071677,0.0005079838,0.07470703125,0.92871916,0.0063003222,7.7607257650515935
8.992,0.046551447,1612.0796681140116,0.0003038882,0.0712890625,0.9701204,0.00636913,7.765489059078252
9.024,0.046804175,1491.4798766746464,0.00028927348,0.0693359375,1.2849841,0.008493211,7.751021089805642
9.056,0.04459034,1404.31531196727,0.00037840594,0.06640625,0.7752297,0.010157822,7.730375382413382
9.088,0.037395805,1333.2761345587865,0.0006217714,0.06591796875,0.77850926,0.013576031,7.685291109674407
9.12,0.04591268,1213.8402103997425,0.00068477436,0.064453125,1.9588547,0.007536326,7.631521391341165
9.152,0.05078677,1220.2616276880526,0.00045401682,0.0634765625,2.11916,0.0082575865,7.526526036563829
9.184,0.055222962,1289.8539088121274,0.00038718327,0.0625,3.2207294,0.006525008,7.39127013908389
9.216,0.05227657,1321.1904586653995,0.00040177358,0.06298828125,1.5580466,0.007666235,7.261650784498487
9.248,0.05320109,2528.6289485232237,0.01031224,0.10107421875,1.3675318,0.0060883122,7.13141037503444
9.28,0.062752575,3246.7644952037294,0.07408505,0.1240234375,1.4787871,0.0026939593,6.995111595916935
9.312,0.062043693,3422.3822849530807,0.07747796,0.140625,9.647565,0.002903752,6.816218073123566
9.344,0.049936343,3279.3488034591196,0.03599325,0.14501953125,8.864304,0.006268415,6.579760731858009
9.376,0.04331124,2908.5093870560618,0.009842568,0.1162109375,1.0916506,0.008388732,6.299207600498247
9.408,0.042697594,2967.033782677101,0.020283263,0.11962890625,0.18007737,0.0070625544,5.960836901958906
9.44,0.043734133,3407.5562553539785,0.11134841,0.15478515625,0.19936946,0.0051160245,5.581010540118141
9.472,0.035893444,3408.3900314273305,0.12042119,0.18896484375,2.641736,0.0074155773,5.218049851592071
9.504,0.017951133,3266.5227002564798,0.10238601,0.19921875,6.490626,0.029241934,4.880232179327674
9.536,0.0144504,2735.601027452084,0.047349602,0.17138671875,0.6850627,0.08760387,4.586251564996017
9.568,0.033659164,1755.1671261016008,0.0036491065,0.1181640625,0.13784645,0.018776773,4.348508121680092
9.6,0.04674733,1405.5420427776153,0.0008164915,0.0771484375,0.31473783,0.0067942413,4.144759170901013
9.632,0.05555432,1226.9024516882523,0.00043322158,0.05712890625,0.85092485,0.004468246,4.003116214815196
9.664,0.06158111,1109.095087082614,0.00028820403,0.05615234375,0.669594,0.0038079435,3.9137913954408257
9.696,0.066176325,1059.5202535995413,0.00017203305,0.0556640625,1.0025774,0.0050957054,3.886937508996947
9.728,0.06994969,2217.473951415941,0.0041901567,0.06494140625,1.4094495,0.0047577186,3.9142106079166883
9.76,0.06808427,2880.3964335515984,0.032564405,0.0654296875,0.9831743,0.005628078,3.9758653344586485
9.792,0.06584695,2755.472825336542,0.021964097,0.06591796875,9.500576,0.006378674,4.060725380303923
9.824,0.06322738,2187.039076491258,0.003652665,0.06591796875,7.7697954,0.0051491004,4.08024352982672
9.856,0.062248085,1685.928268540904,0.0011798977,0.056640625,0.37644613,0.0053370423,4.001021053708212
9.888,0.06361436,2974.521693182249,0.020868758,0.08837890625,0.058052875,0.004454537,3.900624942952219
9.92,0.07572593,3344.0582598672613,0.08475938,0.08984375,0.257224,0.002757968,3.7853160022664776
9.952,0.08073863,3178.4433218103677,0.047543794,0.0888671875,7.8876567,0.0025122587,3.6438750204787884
9.984,0.091327086,2665.973601294868,0.0075232964,0.087890625,6.9841666,0.0015508317,3.4740277194218834
10.016,0.09172376,2176.35346420693,0.0018679549,0.05419921875,0.61687183,0.001575574,3.299149697193119
10.048,0.081727065,1899.5387485911147,0.0011706492,0.05078125,0.15779947,0.0026967588,3.139837284738445
10.08,0.07604308,1560.1655999598051,0.00065050146,0.05029296875,0.17047843,0.0027261851,2.9554878560806723
10.112,0.073921524,1367.2569443599336,0.0003839315,0.0498046875,0.5152372,0.003900604,2.731643909365863
10.144,0.07850441,1124.8593379738832,0.000187837,0.04931640625,0.4306935,0.004354058,2.5137549410691142
10.176,0.08242781,975.8339167835319,0.00010063194,0.0498046875,0.58293474,0.0028783944,2.2946680926200473
10.208,0.07919098,962.8337414468716,9.11884e-05,0.0498046875,0.67711484,0.003109899,2.0447874144706977
10.24,0.07604989,951.4375017067941,9.63935e-05,0.0498046875,0.7992249,0.003575848,1.7986378056019723
10.272,0.06760634,928.182342644083,0.000111477035,0.05078125,0.8054351,0.0035203923,1.5653658003991793
10.304,0.048334472,853.2448522578331,0.00016520762,0.05029296875,0.5755014,0.0057025393,1.3958548579956784
10.336,0.034623977,821.3480161054338,0.00025103072,0.0556640625,0.600735,0.022661062,1.2884679190177988
10.368,0.016662475,941.2338796733143,0.0011625893,0.0576171875,0.9843814,0.17971426,1.2008355252841065
10.4,0.016985772,1016.0275755850646,0.0013222783,0.06005859375,1.0504851,0.08321402,1.1288899636514287
10.432,0.03370407,1107.123472503399,0.00038344986,0.06298828125,1.3205966,0.01180825,1.0896019868932867
10.464,0.03808902,1244.3164481631832,0.00030302373,0.0615234375,1.9956064,0.008862851,1.1535227277146478
10.496,0.037130557,2348.63754818409,0.0074297003,0.09912109375,1.9676988,0.011212748,1.2973866611339104
10.528,0.04786019,3493.8001312696424,0.14711966,0.15087890625,1.3192647,0.009215277,1.4542043057574878
10.56,0.052072644,3506.9571852575955,0.20265892,0.1708984375,8.345525,0.007635099,1.6186650798389592
10.592,0.04116064,3251.6489768267875,0.091520675,0.17431640625,13.008578,0.012719604,1.7969881050826912
10.624,0.04568085,2788.8667754588278,0.019673767,0.14111328125,2.7685518,0.014475345,1.9657638157045156
10.656,0.043222483,2453.0215407021747,0.00658329,0.09521484375,0.2524969,0.011710892,2.132981937835773
10.688,0.03763183,2247.783468139169,0.0037800933,0.0888671875,0.21139032,0.012311584,2.291093680385043
10.72,0.03761776,3026.820226190734,0.04471339,0.10693359375,0.1780782,0.014903243,2.382242256886825
10.752,0.04684533,3231.245732012635,0.072827734,0.10546875,0.316921,0.009917529,2.430885582404237
10.784,0.05206671,3112.985272614469,0.021268006,0.099609375,7.008593,0.005311886,2.4926472560223125
10.816,0.050639804,2481.7728043969746,0.005467966,0.0869140625,3.8898215,0.005482216,2.557204635002013
10.848,0.04395395,2130.545890812333,0.0030556745,0.06494140625,0.21658051,0.008133896,2.593885288114923
10.88,0.04120289,1833.8151653309926,0.0017375303,0.06298828125,0.22956982,0.008734409,2.654813116167501
10.912,0.04607428,1618.3976829525714,0.00095111266,0.06298828125,0.7677711,0.0066453028,2.6992859604400166
10.944,0.04943863,1429.654205326702,0.00043448198,0.06201171875,0.45741266,0.007350027,2.6536846549346818
10.976,0.04113019,1945.2255332978211,0.003236956,0.08935546875,1.1795437,0.012680815,2.525373412364353
11.008,0.042244222,3245.331969469683,0.074944444,0.140625,0.34523514,0.012261496,2.3571558280207636
11.04,0.048491415,3563.7733711015753,0.11567967,0.162109375,4.576101,0.007783193,2.1877514727790177
11.072,0.040193945,3554.3680861073512,0.07742532,0.16357421875,11.666838,0.010071946,2.052099355304024
11.104,0.0400223,2967.445286591943,0.020491777,0.13623046875,3.1636117,0.010623268,1.9516846912806667
11.136,0.040211514,3015.065436192131,0.026760345,0.15185546875,0.17973793,0.011114727,1.9052240924559822
11.168,0.047800045,3665.5443922440395,0.1561269,0.17578125,0.24563181,0.007669419,1.893926987901199
11.2,0.049917202,3708.0554946351804,0.15696014,0.19140625,1.3016938,0.0069348635,1.920224267453193
11.232,0.040568314,3402.3561792895616,0.07206734,0.19384765625,7.728808,0.008888537,2.0126719854659694
11.264,0.043562245,2945.9822420376213,0.01906728,0.12744140625,1.3076189,0.007653112,2.190520655653743
11.296,0.044300694,2490.4554855270167,0.006179551,0.08251953125,0.24346602,0.005115622,2.471246081466339
11.328,0.043595217,2139.537969481143,0.0025962414,0.06494140625,0.22802164,0.005130501,2.7521893634318495
11.36,0.042247612,1857.043272699013,0.001383003,0.0625,0.18891388,0.007723181,2.9222142462001055
11.392,0.04348849,1551.6170625993934,0.0006812465,0.0615234375,0.36625594,0.0065055573,3.0637173263260613
11.424,0.045899384,1358.8876596335258,0.0003581748,0.06103515625,0.33440083,0.0068365387,3.2040018496357203
11.456,0.05022314,1141.6958463733158,0.00039446133,0.05908203125,0.50848126,0.0056377565,3.3149942807019688
11.488,0.054934617,1046.0507895822739,0.00044242293,0.0576171875,0.40751156,0.0049025016,3.4067247208033486
11.52,0.06409343,1128.0767510064265,0.00025790517,0.05615234375,1.9897366,0.003243528,3.541619597035798
11.552,0.06709907,1177.7908603414517,0.00019629064,0.05517578125,2.2302618,0.0029541915,3.704673418961806
11.584,0.061314933,1176.4092732195295,0.00018665666,0.05517578125,1.0452509,0.004095917,3.8959143209623206
11.616,0.05529248,1135.3454681504618,0.00015956319,0.0556640625,0.66415197,0.006868313,4.089138304267539
11.648,0.05575432,1101.1150266234836,0.00014117562,0.0556640625,1.0346073,0.005270395,4.293580018195697
11.68,0.05844601,1090.1949979889318,0.0001379475,0.05517578125,0.9266194,0.0039944695,4.546540148593966
11.712,0.060269505,1066.130654139185,0.00013526408,0.05517578125,0.5463332,0.0051997327,4.837638777532951
11.744,0.05414145,1131.6049045447571,0.00033434213,0.07568359375,1.6494771,0.0063388734,5.138593597008683
11.776,0.047874294,3142.55780920516,0.07717505,0.16064453125,0.97141993,0.0065714004,5.469113589767662
11.808,0.059631217,3616.575250310156,0.1938334,0.2021484375,2.4005718,0.004806597,5.891015637921544
11.84,0.052323528,3704.5272387742634,0.16200879,0.21337890625,18.297062,0.006231332,6.417419757877469
11.872,0.043619793,3525.810522605779,0.056488343,0.19580078125,5.506503,0.0072931265,6.993151698747742
11.904,0.04372215,3057.7015498868477,0.015241643,0.11865234375,0.29186946,0.00803526,7.61498080206381
11.936,0.043512125,3098.130644844218,0.048425596,0.15869140625,0.16295762,0.011785987,8.31165402190059
11.968,0.048987146,3524.2237248941337,0.14796789,0.20361328125,0.22845832,0.01136191,9.016978115678633
12.0,0.04024255,3585.3229041855493,0.13892524,0.21728515625,4.3583174,0.018190986,9.65244324926817
12.032,0.03116874,3420.124343862689,0.058032908,0.21484375,5.444702,0.02528512,10.219761427264762
12.064,0.028677518,2969.4519837030416,0.020704288,0.14111328125,0.40732205,0.022404872,10.698540594990936
12.096,0.021368323,2647.1213139437914,0.014421662,0.10302734375,0.21811986,0.031066667,11.060999431971826
12.128,0.012551278,2467.272547456366,0.017587623,0.099609375,0.099369854,0.11737247,11.33882489738473
12.16,0.0067628687,2254.174985215537,0.025898535,0.11865234375,0.2963758,0.3620206,11.544119269798582
12.192,0.0062768525,2764.1968868765694,0.07352459,0.17431640625,0.2602073,0.46428704,11.658708941510245
12.224,0.026159676,4033.6466248293746,0.23445211,0.25537109375,0.29445958,0.033119086,11.665236953780214
12.256,0.042391926,4046.258487771328,0.22522843,0.330078125,2.1810586,0.013791743,11.545135494960208
12.288,0.029440526,3872.565964863937,0.22039999,0.37158203125,13.300889,0.024793088,11.346939822286728
12.32,0.01681493,3500.4669012342097,0.17516218,0.36962890625,4.0525875,0.07666331,11.18041440757892
12.352,0.0136180185,3119.2879516616413,0.118291974,0.33740234375,0.18912071,0.13861093,11.09484548007238
12.384,0.03171066,3323.026727423552,0.16213767,0.34326171875,0.26168293,0.03752654,11.043633181791966
12.416,0.059496593,3518.7115480241373,0.18749823,0.3837890625,0.53347987,0.008222227,10.983099288073612
12.448,0.046157982,3790.0038399785835,0.22628254,0.423828125,6.6645064,0.013114542,10.937650905338023
12.48,0.031141203,3939.5577212991166,0.24113292,0.44189453125,5.7428875,0.02353636,10.905002110214825
12.512,0.022722008,3763.3692507969795,0.21546984,0.423828125,0.77372986,0.034875054,10.871252203913341
12.544,0.019916896,3552.937535934174,0.16738832,0.39404296875,0.103759535,0.049501516,10.853586293916113
12.576,0.01641238,3457.4755795652572,0.15129955,0.359375,0.1469865,0.07818867,10.821273384393445
12.608,0.0134016825,3370.553532641191,0.1299085,0.34375,0.28214753,0.097034335,10.726478400396847
12.64,0.009774426,3150.0356723400014,0.13074334,0.3076171875,0.3950359,0.18815872,10.55885981574818
12.672,0.0067115356,2939.5638723953834,0.09984454,0.25341796875,0.27508056,0.4187302,10.329599397062815
12.704,0.0068822424,2403.14032725519,0.05579178,0.1982421875,0.43288124,0.5061449,10.055816306007332
12.736,0.028747104,1496.5691382544267,0.0066476776,0.12451171875,0.23555137,0.12143845,9.75173805828052
12.768,0.052809305,1398.407584138716,0.0032843128,0.0791015625,1.2958724,0.5385288,9.403038496339263
12.8,0.06063893,1561.305328916464,0.0020564094,0.052734375,5.657058,0.9292843,8.983573052540224
12.832,0.060253967,1611.0666821999253,0.0014290687,0.03662109375,2.585445,0.95810777,8.448141866938972
12.864,0.05563687,1605.5707194107918,0.0019102262,0.0400390625,0.77284163,0.8775503,7.8188567116523595
12.896,0.044917326,1742.0817877607533,0.0034870096,0.04345703125,0.5007901,0.32237607,7.165610269758869
12.928,0.036515698,1896.6975568883142,0.0045787347,0.04345703125,1.6189032,0.09906782,6.515785616154877
12.96,0.03816549,1864.612958501123,0.0035096654,0.04345703125,1.5708294,0.6262513,5.855255951301366
12.992,0.04400699,1763.4136741069851,0.0019017496,0.04541015625,0.7720816,0.8478873,5.1925647825952375
13.024,0.046892118,3212.908681471985,0.061879396,0.1220703125,0.91816574,0.52140677,4.575012156918016
13.056,0.060889654,3553.853602571946,0.18055539,0.169921875,0.59478277,0.05986411,4.056750930581232
13.088,0.05388049,3548.186588178811,0.1590623,0.18603515625,10.66535,0.006933829,3.67529464184695
13.12,0.047070682,3088.506839496684,0.06674621,0.1865234375,6.7050133,0.008017566,3.425106276473571
13.152,0.047095403,2409.7979639600244,0.0229917,0.11962890625,0.70076185,0.009778712,3.273787830123174
13.184,0.034925945,2147.348155036929,0.021349404,0.12353515625,0.6095224,0.020196294,3.2344354401472604
13.216,0.033661615,3010.2555515108525,0.11325487,0.1455078125,0.8081407,0.019357622,3.328595457567921
13.248,0.03722008,3207.883475546795,0.11168791,0.15625,1.0922296,0.016398167,3.5744967639422343
13.28,0.03657221,2941.539795119159,0.035101008,0.15869140625,5.449305,0.023698637,3.92376426642458
13.312,0.039350353,2505.1760014597207,0.009948048,0.1171875,1.5162344,0.016940264,4.376189921306344
13.344,0.040190615,2052.9666012185016,0.003671648,0.091796875,0.23974055,0.014618805,4.963579460948614
13.376,0.04019859,1742.1691556705498,0.0017494474,0.08447265625,0.19895342,0.013739841,5.653959657303088
13.408,0.04027947,1597.646914565713,0.0010244633,0.07958984375,0.5083567,0.0155969625,6.409352970617112
13.44,0.042468134,1462.2311467131246,0.0007509601,0.078125,0.77618957,0.016948286,7.2434364833239275
13.472,0.04816907,1871.8510574848667,0.0034033982,0.09912109375,0.43586057,0.0127161825,8.143453099627495
13.504,0.05457074,3128.9740211259423,0.055487365,0.11767578125,1.1084094,0.0069401255,9.068015637473746
13.536,0.054188468,3237.467044111346,0.07482649,0.1162109375,4.9622374,0.008229297,10.003415316735765
13.568,0.04671827,3042.0799061787843,0.0278033,0.1162109375,10.326694,0.0114091495,10.87635436021226
13.6,0.045392904,2360.418049057254,0.007880802,0.09130859375,1.839969,0.008887272,11.617515551647001
13.632,0.048694633,2344.6200114870207,0.008416797,0.107421875,0.21727145,0.007897917,12.258942133632573
13.664,0.052953817,3440.449549467864,0.0701568,0.119140625,0.24515676,0.006677302,12.82841822851315
13.696,0.059413884,3504.0503991254573,0.056215238,0.11962890625,1.8141031,0.0057962444,13.330430229896091
13.728,0.056920312,3126.7853532502436,0.015992451,0.11962890625,7.5917,0.006895917,13.737892839229877
13.76,0.047152475,2483.6917897518665,0.0067817736,0.08642578125,1.0054078,0.013746716,14.001215362191566
13.792,0.040381376,2094.5336374798117,0.0049423743,0.07861328125,0.091754094,0.02306877,14.134916910449567
13.824,0.041683506,1861.788522635758,0.0028277328,0.08056640625,0.47262293,0.02089186,14.178776617132543
13.856,0.046241544,1741.0717273841633,0.0010342038,0.0830078125,1.2894562,0.0139917,14.171608464919743
13.888,0.049114726,1644.5570729106355,0.0004941351,0.0830078125,1.3008682,0.011413554,14.14141595293961
13.92,0.051497232,1564.8304815686379,0.00033817466,0.08203125,0.8688201,0.010459515,14.07855836641004
13.952,0.054107707,1561.15730193612,0.0002790902,0.08740234375,0.6318418,0.013939057,13.993105676730742
13.984,0.053925723,1629.1060426616418,0.00023230595,0.087890625,0.67288816,0.012264511,13.84942594154211
14.016,0.05447271,1684.3431810420334,0.0002141519,0.08837890625,1.0936084,0.011590615,13.616225436375716
14.048,0.055932954,1677.9425942693206,0.00013962071,0.0888671875,1.2670519,0.010182308,13.349102701186167
14.08,0.05348174,1698.9931881830305,0.00011519252,0.08349609375,0.9947264,0.010396463,13.096771474175789
14.112,0.053439625,1601.064558540082,8.028663e-05,0.08349609375,0.8048148,0.010162519,12.854515092667624
14.144,0.054159544,1609.8975476167755,0.00010584728,0.08349609375,1.0462205,0.011171281,12.586122721130874
14.176,0.054412033,1732.3540704310672,0.00017517911,0.08740234375,0.49745148,0.010750402,12.22831073224972
14.208,0.05446166,1683.0021177322144,0.00019932959,0.09033203125,0.8775033,0.013007452,11.797655945646373
14.24,0.05424258,2425.5800813540563,0.0045519085,0.12109375,1.7286736,0.01079228,11.361617962870788
14.272,0.061095778,3373.5889650599274,0.07540786,0.14013671875,1.7543337,0.007229004,10.905389330381313
14.304,0.06602237,3414.0572899710564,0.09842453,0.146484375,7.2074313,0.005692543,10.386306757701405
14.336,0.061223403,3187.797934618353,0.042049605,0.14697265625,11.187089,0.007942712,9.785184503713001
14.368,0.05797928,2853.3205795322256,0.013296461,0.1240234375,2.4762664,0.008766229,9.102581186292255
14.4,0.054966737,2457.1298129453426,0.0039712717,0.10888671875,0.1262153,0.009061013,8.37720193196489
14.432,0.055377446,2665.0053999332117,0.010836775,0.1337890625,0.15122336,0.00910695,7.6138028097308705
14.464,0.057642285,3245.3774317705147,0.06949754,0.15283203125,0.26395842,0.0073563247,6.84053939051913
14.496,0.054576647,3209.3880500720065,0.0587243,0.1650390625,2.4237125,0.011316789,6.108313552535825
14.528,0.048613153,2840.603972906278,0.012943859,0.162109375,6.448245,0.016703324,5.44108964388285
14.56,0.046885602,2182.1440309684376,0.004867836,0.125,0.73905474,0.012904953,4.843438176055741
14.592,0.052696556,1751.2442789771128,0.0032571487,0.1005859375,0.22733566,0.008901325,4.30343785634928
14.624,0.05494559,1590.97016812386,0.0020381887,0.078125,0.72302383,0.010428082,3.813195056407811
14.656,0.050619602,1562.9490182027412,0.0010752731,0.076171875,2.4495873,0.013296645,3.414604943377909
14.688,0.04652301,1991.56773363411,0.005552015,0.10400390625,1.5817617,0.013592658,3.1057856894857205
14.72,0.052164644,3293.203092830715,0.07670746,0.11865234375,0.5080197,0.014989606,2.865491057481441
14.752,0.052931823,3368.7309092929554,0.10698746,0.12451171875,3.522041,0.016461069,2.698739243749914
14.784,0.04610522,3052.661122177472,0.041414827,0.12548828125,9.649228,0.014761141,2.587212651929161
14.816,0.040634222,2694.6461803247003,0.012817193,0.09619140625,2.0732284,0.015691187,2.470720249393008
14.848,0.0406961,2881.1250568828204,0.024680285,0.123046875,0.30969903,0.019945096,2.3149387382858406
14.88,0.05095634,3673.2350060589565,0.14919156,0.13037109375,0.17406413,0.009936839,2.16495270752153
14.912,0.053944174,3457.4066809053575,0.1211568,0.12646484375,2.4705908,0.0059044003,2.0636732644670066
14.944,0.04877809,2836.62187340105,0.03060104,0.12353515625,7.8890085,0.0075477096,1.9752519482316582
14.976,0.050903764,2396.1546378016747,0.005828817,0.08154296875,1.4464885,0.0044106254,1.919942041208493
15.008,0.052961137,1989.9719436726245,0.0017480748,0.06494140625,0.63528454,0.005455813,1.906417701678459
15.04,0.049224604,1880.8138298413905,0.0011501869,0.064453125,0.48606154,0.009901389,1.9056269694269607
15.072,0.04673084,1747.2892870339197,0.000831256,0.064453125,0.49885303,0.009143441,1.875300103939065
15.104,0.045176804,1641.0794770012963,0.00061628805,0.064453125,0.42079318,0.01295673,1.8048643398348994
15.136,0.045526568,1530.8345492802919,0.00042174765,0.06494140625,0.40806958,0.017500117,1.7278447093358105
15.168,0.047802355,1458.314781962366,0.00034328716,0.06494140625,0.6581399,0.014727014,1.6287866857199462
15.2,0.049824633,1469.5878774832058,0.00033741718,0.06494140625,0.6329145,0.012646498,1.5424036958100966
15.232,0.050697014,1460.3702874870864,0.00033983425,0.06298828125,0.6931856,0.013055887,1.4658670557924405
15.264,0.049491566,1445.2626288269657,0.00031147778,0.06396484375,1.1559283,0.010619959,1.3747412277713231
15.296,0.045507863,1491.642752506511,0.0003892929,0.06396484375,0.72573453,0.012283545,1.2949388484629818
15.328,0.044199117,1505.555692726126,0.0003959647,0.06396484375,0.81681633,0.019565271,1.282326120237131
15.36,0.04770141,1460.8927397702555,0.0003194689,0.06396484375,1.0084057,0.01837193,1.2883599798471286
15.392,0.050286826,1498.9247632908557,0.0003085256,0.06201171875,1.1805149,0.009691028,1.2704653887854522
15.424,0.050332155,1515.888576597265,0.00035428265,0.0634765625,1.1478403,0.009000449,1.2778832241008808
15.456,0.047691487,1577.7001236352412,0.0004272994,0.07421875,1.0472078,0.011458288,1.3228515940860484
15.488,0.04596936,2464.3023782080427,0.0072059883,0.11083984375,1.1019386,0.0114393225,1.3664345244487377
15.52,0.053442787,3564.410496360261,0.10062242,0.14990234375,1.0582695,0.008628521,1.3949030781438203
15.552,0.057412755,3657.5908980510612,0.1046832,0.16259765625,6.9913454,0.008410823,1.418749985007429
15.584,0.0524019,3293.4385730083645,0.033460896,0.15673828125,10.025713,0.008766229,1.45893560212312
15.616,0.049154773,2691.2672690719655,0.01004972,0.12353515625,1.5072947,0.009362488,1.505506128495833
15.648,0.04790861,2333.15538606421,0.004794411,0.111328125,0.1782034,0.009965246,1.5709288897231326
15.68,0.050054196,3164.887501645487,0.063432135,0.115234375,0.2612314,0.0091458345,1.5844207250941824
15.712,0.052124746,3336.375443046244,0.09619464,0.10986328125,0.35314688,0.008457036,1.5409684224821907
15.744,0.05269246,2983.4240816748515,0.023021542,0.10595703125,7.6002593,0.0076589035,1.4995106426920723
15.776,0.052882563,2292.593954402435,0.0048963544,0.08056640625,2.4217339,0.0076013748,1.4765723823679915
15.808,0.0511865,1938.2777153416837,0.0021064323,0.06298828125,0.29791257,0.008066762,1.454862580501543
15.84,0.049259294,1795.6967921233454,0.001423908,0.06298828125,0.37719595,0.008222683,1.4587606820028143
15.872,0.046768043,1744.2037403461013,0.0016705059,0.0625,0.68327093,0.007681749,1.4839628177315736
15.904,0.04682773,1661.7586656029234,0.0010410417,0.06103515625,0.6218884,0.008256764,1.490842856567221
15.936,0.050337486,2292.9352495077624,0.011583788,0.0927734375,1.7459211,0.01021094,1.44821969350112
15.968,0.056039616,3139.3947588242922,0.08561223,0.11669921875,1.3299019,0.008491661,1.3886141277580029
16.0,0.051938698,3355.566297228909,0.09405334,0.126953125,7.2362275,0.0072234883,1.3577959727553481
16.032,0.044119082,3024.2515309475775,0.041305277,0.126953125,7.830154,0.009400015,1.3460893342428788
16.064,0.046733428,2485.2486049781505,0.011297388,0.0947265625,0.8824341,0.009529223,1.3735485737918145
16.096,0.05292262,2855.698323903918,0.020208925,0.1259765625,0.38871148,0.007347991,1.453810748374622
16.128,0.05368252,3528.034449499108,0.0952663,0.15185546875,0.43865094,0.0075096805,1.6183454996260653
16.16,0.045471758,3560.677885199693,0.12104944,0.15869140625,2.7402341,0.013707905,1.8880386681573924
16.192,0.038959604,3252.884605370701,0.058327883,0.1591796875,5.969551,0.018088395,2.2514379397624995
16.224,0.038874596,2763.9412988497165,0.01686554,0.10546875,0.9667146,0.0128974775,2.6751825358247614
16.256,0.040556323,2239.916452573005,0.005197533,0.06982421875,0.19907722,0.012721058,3.1751937549795555
16.288,0.03884414,1800.0878501643872,0.0028055569,0.0732421875,0.27131706,0.012902749,3.7327164990021053
16.32,0.030020336,1620.0380567933403,0.0035548715,0.08349609375,0.3191717,0.023794562,4.264599016625301
16.352,0.01462358,1647.5613222432878,0.0075601325,0.09033203125,0.77811456,0.13907649,4.760917602230154
16.384,0.007567826,1806.1825110990794,0.013606293,0.099609375,1.2507452,0.43967056,5.249539185405505
16.416,0.020419251,1519.3884631552746,0.0035360677,0.0986328125,0.25353575,0.055274274,5.710509996037023
16.448,0.04140892,1426.6400505682566,0.0017299502,0.087890625,0.36513963,0.014043953,6.124973071683495
16.48,0.03769524,1520.2503592724438,0.002802967,0.0966796875,3.316082,0.012452027,6.54675468729595
16.512,0.02484085,1694.8303747126797,0.004878503,0.10107421875,3.9208624,0.03072177,7.032198214954215
16.544,0.012796458,1840.7711781598052,0.012377759,0.1103515625,1.9609417,0.13677669,7.574827876551826
16.576,0.00809445,2013.8827062970577,0.017695041,0.11376953125,0.9320595,0.2977991,8.126242570492725
16.608,0.0068492824,1904.4104346249603,0.013939101,0.09228515625,0.5915083,0.522473,8.642214204365073
16.64,0.0064224144,1742.4160567922745,0.010608008,0.0810546875,0.18778694,0.74639857,9.172288576185762
16.672,0.006386434,1665.9987179274078,0.009544133,0.05859375,0.29072902,0.7517135,9.746345071903404
16.704,0.005386533,2100.612791486755,0.023831064,0.08642578125,0.6286589,0.77294683,10.35444571860388
16.736,0.021935424,3967.9079313771726,0.24383612,0.20263671875,0.5770446,0.050818354,10.954070519715177
16.768,0.043543514,4050.0807876760946,0.21292652,0.30224609375,1.8958347,0.015292421,11.514912142373081
16.8,0.033895686,4078.1296578348347,0.1973757,0.3974609375,16.122183,0.022565441,12.06494431500102
16.832,0.017066319,3909.3265425263426,0.19748649,0.43994140625,5.2254753,0.0671705,12.621313248080366
16.864,0.0100111365,3685.9400063117105,0.19678389,0.384765625,0.16995052,0.19699162,13.17985138194127
16.896,0.025673594,3507.0924627744444,0.19205506,0.3876953125,0.22747128,0.03081076,13.75473625610445
16.928,0.037226167,3620.6184944933766,0.19831958,0.38330078125,0.22900985,0.016000254,14.327510384246615
16.96,0.020465031,3795.8795620656,0.23378216,0.37158203125,6.4990063,0.054567967,14.831060138187615
16.992,0.010125234,3699.035139270156,0.1991973,0.349609375,3.3431973,0.21428613,15.255489357151319
17.024,0.006637275,3365.1262199581442,0.115970895,0.26025390625,0.20116737,0.48090047,15.526890041607036
17.056,0.0053061354,2974.637358751149,0.070259824,0.17578125,0.0650505,0.6891639,15.679008865235874
17.088,0.0049173003,2568.867369531101,0.036041446,0.10595703125,0.0997163,0.83479667,15.727627742401713
17.12,0.005257625,2110.9999754012515,0.018195732,0.07080078125,0.09387125,0.9117919,15.63728060391976
17.152,0.0058166427,1856.208074783603,0.010238394,0.0771484375,0.38364583,0.95263636,15.37839640936205
17.184,0.016598567,3979.9061737810116,0.22554852,0.1748046875,0.54269236,0.09992976,14.957489996244203
17.216,0.0345853,4059.676824657025,0.20671321,0.27294921875,0.49090204,0.021956183,14.415613855050852
17.248,0.027715337,3977.5965870395376,0.17519605,0.3447265625,15.306507,0.046453014,13.803681235297601
17.28,0.015336681,3708.277136013113,0.13708554,0.37548828125,6.1732616,0.1720489,13.178667087000564
17.312,0.010094679,3214.7243736389214,0.117537685,0.33642578125,0.45078275,0.34020615,12.5943430495149
17.344,0.02667122,3655.356763357612,0.24561824,0.32763671875,0.11530647,0.048622016,12.044551879667537
17.376,0.04548228,3670.8249364379926,0.21455339,0.3369140625,0.7046306,0.016646912,11.505225752079046
17.408,0.03178967,3513.4763854784733,0.17998202,0.345703125,8.642622,0.029823318,10.982025695764369
17.44,0.01821511,3198.939439615207,0.16489013,0.34228515625,4.2396393,0.08342494,10.481029010849465
17.472,0.014389284,2952.8702494596123,0.11510623,0.30517578125,0.29844218,0.11377106,9.967668252985913
17.504,0.013554453,2761.5128474123617,0.06659277,0.263671875,0.21727082,0.14579225,9.516173470543933
17.536,0.011682032,2547.236150657347,0.047068745,0.21533203125,0.43647864,0.21301764,9.029407779269905
17.568,0.008374399,2289.456584874716,0.031496305,0.1669921875,0.18768221,0.39788756,8.52158662903974
17.6,0.006114979,2136.1193057153696,0.021430366,0.12939453125,0.33510423,0.70380485,7.972888675708806
17.632,0.0055498076,2040.6482805611208,0.014896848,0.10302734375,0.22967504,0.805386,7.372622871138718
17.664,0.0074859797,1682.0527106706463,0.015935786,0.09326171875,0.08939695,0.38420933,6.828135155415667
17.696,0.035351757,1529.7608960470734,0.0065998053,0.0791015625,0.31415418,0.10083044,6.435655742278962
17.728,0.060499843,1586.578712702864,0.004685203,0.06396484375,4.403608,0.48200676,6.203005590175502
17.76,0.06616836,1748.8980551900308,0.0019888903,0.04736328125,10.243594,0.86319536,6.0466867200611105
17.792,0.060588785,1729.0898825857016,0.0014226469,0.0390625,3.2474034,0.8933658,5.877621778475997
17.824,0.052742172,1671.844714688803,0.001799861,0.04150390625,0.477043,0.68046415,5.708814517404789
17.856,0.04475172,1717.8333524135282,0.0029465284,0.0439453125,0.44412827,0.16801399,5.5584124987515375
17.888,0.03903567,1775.3516875308899,0.0030479904,0.04638671875,0.994573,0.060784988,5.426897734354474
17.92,0.03671112,1675.8139973807126,0.0030360224,0.046875,1.5992196,0.26812178,5.266758724162772
17.952,0.03606811,1557.5985089384665,0.0024266362,0.05615234375,0.9604918,0.7581061,5.1017111703604066
17.984,0.03767017,3180.289033628748,0.089623496,0.13330078125,0.882094,0.62190145,5.007544646033812
18.016,0.051484272,3501.269995601083,0.19014236,0.177734375,1.1164587,0.09172505,5.062789788131886
18.048,0.04208084,3439.4642069466495,0.14296083,0.19287109375,11.159543,0.023480088,5.2383226531375655
18.08,0.031271975,2933.2841940344997,0.059861433,0.1865234375,5.748637,0.033614907,5.562244644008998
18.112,0.03336803,2174.9812520802816,0.019026345,0.111328125,0.5624567,0.028664991,6.045586904991434
18.144,0.04394666,1546.3761818817547,0.0056395144,0.09326171875,0.27991888,0.010604485,6.613224204718186
18.176,0.049104664,2674.6627845299536,0.04798207,0.1123046875,1.1699213,0.008479171,7.14790142806816
18.208,0.047973588,3177.0481854103173,0.102141276,0.162109375,1.3008267,0.0094154915,7.63990032840797
18.24,0.033259504,3123.164502199902,0.07781568,0.20654296875,7.1656313,0.018565638,8.137561409652216
18.272,0.016293874,3020.3456968163564,0.0913098,0.18701171875,2.974585,0.047967874,8.677841589210834
18.304,0.016566027,2506.4963481901127,0.029117549,0.16015625,0.32350343,0.05119015,9.261629623691094
18.336,0.025976636,1941.537205721101,0.0044650375,0.11474609375,0.32573414,0.02696945,9.878022056384507
18.368,0.029142493,1642.9375051466923,0.0014095891,0.0751953125,0.6301489,0.024599662,10.51315266896598
18.4,0.032846607,1504.0506098437716,0.0006531737,0.07421875,0.71669126,0.017897597,11.201975821202234
18.432,0.03867154,2733.446777020624,0.016147887,0.1162109375,0.55029595,0.020334909,11.940383642031682
18.464,0.049678303,3404.5773231449402,0.10609658,0.15380859375,0.5429576,0.0136741325,12.6381422377663
18.496,0.05277575,3469.6108528151967,0.08497109,0.15966796875,9.393882,0.007645888,13.29323696781304
18.528,0.05143485,3219.313600754232,0.016235039,0.16162109375,9.250736,0.0076931603,13.82969279647887
18.56,0.051897496,2453.685695530189,0.0049595595,0.119140625,0.67694634,0.008013659,14.264027194858372
18.592,0.050003808,2451.3374416935603,0.009543082,0.1123046875,0.09720163,0.0074933353,14.59976600514002
18.624,0.05823296,3406.5614681965526,0.090802975,0.12744140625,0.42927146,0.0060166945,14.804321234355438
18.656,0.066902064,3509.291908583424,0.09249923,0.125,2.4742742,0.0047631436,14.881507103817095
18.688,0.06252976,3276.541944268725,0.032843724,0.12353515625,9.337826,0.0043881712,14.81613936820915
18.72,0.060104582,2614.237557826171,0.009915029,0.09130859375,1.9736295,0.006399199,14.623172174570165
18.752,0.056147117,2203.654220675177,0.0032297305,0.06884765625,0.17387629,0.007732609,14.331473891099803
18.784,0.05833695,1811.5730118351762,0.0012245044,0.06689453125,0.46034655,0.007047099,13.954010212368072
18.816,0.05652455,1547.3353963804393,0.0004966186,0.06689453125,0.16130863,0.0057761613,13.537135264560492
18.848,0.055310484,1404.618033793301,0.0003152671,0.06640625,0.08373281,0.0058345394,13.110734919040954
18.88,0.057702005,1265.8805085392228,0.00021530251,0.06640625,0.19957899,0.00567356,12.679236058305705
18.912,0.060939733,1163.3871550140732,0.0001955912,0.0654296875,0.5084648,0.0047102044,12.263478804706104
18.944,0.05998103,1093.5599740145267,0.00021439613,0.06494140625,0.7137735,0.0053427354,11.849029307622294
18.976,0.054219652,1082.038880742636,0.00018524226,0.06494140625,1.3494506,0.0054938765,11.366223408952603
19.008,0.057649516,1033.5907582379432,0.00020044229,0.0654296875,1.8709676,0.0058266805,10.91165120053427
19.04,0.050784048,1111.7335076979489,0.00031545057,0.06640625,0.80460656,0.011051594,10.471437937165346
19.072,0.04964037,1156.3911890822187,0.0004260153,0.06591796875,2.056015,0.009996971,10.068128465008614
19.104,0.056213442,1132.9857797623486,0.0003467739,0.0654296875,2.440695,0.0058059073,9.69006128672391
19.136,0.05399191,1267.1772696957505,0.00027700322,0.06396484375,1.4046733,0.0060302005,9.294425273745016
19.168,0.058911957,1324.49944487733,0.00025545497,0.076171875,1.84819,0.0051145847,8.912539820844058
19.2,0.056705672,3218.4020580108827,0.03976986,0.1181640625,0.88143396,0.0054826173,8.559247336545354
19.232,0.06296416,3588.674829182529,0.11589514,0.1240234375,1.1772255,0.0066690897,8.208145384860112
19.264,0.06035462,3440.290589466913,0.063938744,0.1240234375,15.191487,0.006060953,7.856459638729396
19.296,0.05724992,2934.71793086058,0.014368286,0.11083984375,5.5455856,0.0063959314,7.476800745581327
19.328,0.057730254,2364.7167845526546,0.0037376187,0.068359375,0.36488354,0.006966447,7.068152834457806
19.36,0.056692485,2982.2854037163142,0.017251387,0.11083984375,0.091850676,0.0071450034,6.642223973511627
19.392,0.05370913,3540.060520076628,0.08776525,0.12353515625,0.23537946,0.00848102,6.181940952707975
19.424,0.049345274,3495.3218663909443,0.06301238,0.123046875,3.9736125,0.012332132,5.708016014498719
19.456,0.05460757,2612.0854110494533,0.01245871,0.12158203125,5.7402697,0.01207408,5.305868580517987
19.488,0.061832603,1734.4295174166116,0.0028949082,0.06982421875,0.29487425,0.007984146,4.977813218781798
19.52,0.069111265,1414.3951778383346,0.0008199883,0.05615234375,0.5959587,0.005074909,4.715232936483321
19.552,0.07196,1187.2709509493334,0.00031452446,0.0546875,1.091832,0.005147336,4.486182431427848
19.584,0.06759313,1152.745569244173,0.00022858125,0.05517578125,0.5471128,0.006415368,4.289873135199527
19.616,0.061180677,1124.5787155966789,0.00019054602,0.0556640625,0.31088912,0.0070800493,4.173476127650629
19.648,0.059382122,2463.2613238001377,0.0060912813,0.080078125,0.9272583,0.01135014,4.130798181123525
19.68,0.06896364,3470.1688259480766,0.06978119,0.091796875,0.9997666,0.008823385,4.153683556284881
19.712,0.06786165,3502.453285042644,0.069051795,0.09375,8.311708,0.008333785,4.223808191267196
19.744,0.062557444,3031.0179039149552,0.014572212,0.09423828125,10.351516,0.010524313,4.284806866494575
19.776,0.061197024,2334.9887410120405,0.0037888614,0.06982421875,0.7398192,0.008337272,4.277840992624014
19.808,0.058336277,2394.242474160312,0.0071163476,0.078125,0.12297516,0.007287877,4.191452086783816
19.84,0.06504448,3132.2954569110702,0.05603014,0.0849609375,0.12181297,0.006309246,4.07775595434402
19.872,0.073538795,3052.2532571313186,0.05014681,0.083984375,2.0693138,0.004160891,3.96422867943807
19.904,0.07641839,2603.388566670702,0.012044402,0.08251953125,8.203524,0.003511884,3.8289675739739937
19.936,0.083435945,1958.367371181847,0.0020939054,0.060546875,1.5552859,0.0031092141,3.6625827400901603
19.968,0.08898322,1468.7189494081006,0.000474962,0.05078125,0.3945767,0.0021898146,3.473622464156594
20.0,0.09692558,1164.772977696747,0.00015397782,0.0498046875,0.14036417,0.0015547755,3.246887386972337
20.032,0.08819024,1091.301518469911,0.00010591311,0.04931640625,0.28006613,0.0025033283,2.9931267140665625
20.064,0.08120668,1117.3087607353766,9.530674e-05,0.0498046875,0.516526,0.0029404156,2.7265446007022778
20.096,0.07913815,1082.6197709019054,9.921578e-05,0.0498046875,0.5677619,0.0031997012,2.4733621366222245
20.128,0.07221155,1100.064316222288,0.00012807344,0.05029296875,0.49346468,0.004544044,2.2216507812433206
20.16,0.063748814,1139.0183263591343,0.00016643899,0.05029296875,0.7549422,0.0062029534,1.962525295800031
20.192,0.05390094,1215.1557688065088,0.00027964902,0.05126953125,1.2975233,0.008433309,1.7132441306570116
20.224,0.047931433,1243.5375677420902,0.00047914736,0.05224609375,1.2442681,0.01082997,1.4789110955469782
20.256,0.06134216,1158.6032124753465,0.0003991834,0.0537109375,1.5461183,0.0064716996,1.282179640054033
20.288,0.056776367,1177.0180086068062,0.0004363118,0.0556640625,2.3186135,0.0048682615,1.1510898200303281
20.32,0.047633495,1256.0725031586107,0.0005089738,0.05712890625,2.6209078,0.0070681446,1.0727117708631688
20.352,0.04832104,1255.5244304427897,0.00045872157,0.05908203125,2.0710266,0.0073197572,1.0201426766505517
20.384,0.048716832,1236.2346923206653,0.00035759996,0.06005859375,1.769076,0.007923996,1.0169257470486908
20.416,0.050125785,1467.180902176633,0.0007917513,0.08056640625,1.7904193,0.00888915,1.0879377573639306
20.448,0.05431643,3306.5237489611673,0.06342408,0.13330078125,1.5182586,0.00800715,1.1981501239667265
20.48,0.05910767,3572.388916928816,0.16052434,0.140625,2.984978,0.0055805035,1.3268630222807807
20.512,0.05042312,3415.3012750783737,0.09891779,0.14990234375,15.011759,0.005557917,1.4384200620698755
20.544,0.044541284,2920.695908467086,0.027763128,0.130859375,4.4563694,0.0084215095,1.5440385241975745
20.576,0.039322678,2491.4162979430885,0.011307397,0.08447265625,0.12733975,0.010746649,1.638302107416044
20.608,0.041841615,2984.7664555471647,0.033825982,0.11181640625,0.092800006,0.0127560375,1.7242073042933352
20.64,0.050935414,3421.664770198685,0.092462,0.1171875,0.3256787,0.011998236,1.7749759632558615
20.672,0.046537712,3461.5984630882654,0.057743333,0.11865234375,3.5718606,0.014862638,1.781469945409346
20.704,0.04191069,3039.466315700488,0.014570401,0.11376953125,4.8756356,0.014529923,1.7883242138211857
20.736,0.04270111,2394.212489632113,0.0043274937,0.07861328125,0.25840425,0.013047568,1.813790587803592
20.768,0.044652764,1976.8175819871205,0.0017354132,0.064453125,0.20695718,0.013522648,1.831059614888847
20.8,0.049009535,1621.9104432979618,0.00071974425,0.06103515625,0.26839,0.0075678513,1.8714424521509756
20.832,0.052368734,1372.7776338900803,0.00039282054,0.06201171875,0.2790052,0.0077542043,1.9134736928472422
20.864,0.048701577,1383.7622058467855,0.000665876,0.07763671875,0.45897365,0.0109333135,1.9185836782822911
20.896,0.04666114,3138.0411609828543,0.05258629,0.09619140625,0.47167614,0.011364575,1.8613460586731518
20.928,0.053547774,3314.801154012819,0.09701281,0.10400390625,2.0962055,0.007894802,1.7741140180730053
20.96,0.049726464,2967.3793826865412,0.039528377,0.10400390625,13.310775,0.008464034,1.6776817959879526
20.992,0.04948938,2508.7509109486446,0.007979115,0.08837890625,4.260077,0.0069043464,1.5982661663022704
21.024,0.046934117,1914.439842368386,0.0034488994,0.083984375,0.30824158,0.0075432532,1.551438068121243
21.056,0.046585415,3033.3456660463207,0.05213377,0.099609375,0.12832306,0.008449427,1.5584862675893862
21.088,0.052967705,3298.6297418343206,0.09749431,0.10693359375,0.5714785,0.0067008957,1.5829303721924073
21.12,0.045108557,3171.4129070026625,0.060518812,0.10791015625,8.301659,0.0100841625,1.6315708573959675
21.152,0.0413092,2855.6554112101257,0.02203318,0.095703125,3.9203637,0.01516224,1.7235662230867284
21.184,0.04157102,2412.28011315212,0.006619225,0.07275390625,0.39731508,0.0144389765,1.8491555826864159
21.216,0.03847287,2143.3861667032115,0.0034413794,0.06494140625,0.18543419,0.015722578,1.9992147750131606
21.248,0.03756518,1903.9277839002075,0.0019035228,0.0634765625,0.15589508,0.019289652,2.150752646042401
21.28,0.03871212,1741.6193562561189,0.0009460045,0.0625,0.33312535,0.015486547,2.2136856319057956
21.312,0.038472634,1689.0290143797324,0.0006044735,0.06201171875,0.40526995,0.010711273,2.23942235100827
21.344,0.039100405,1519.9903698175876,0.0006898098,0.060546875,0.34364244,0.011743894,2.255386119322459
21.376,0.046671223,1182.7755235835805,0.0006968613,0.05810546875,0.5573849,0.011609929,2.259204141833292
21.408,0.060658924,1017.731005713635,0.00029717106,0.05615234375,1.7464818,0.008369316,2.294661315668305
21.44,0.06735073,1002.9426968237367,0.00012583961,0.05517578125,3.3263571,0.0067109293,2.3688590079342173
21.472,0.062966235,1036.8034171822537,0.00010947993,0.0546875,1.4313034,0.0073891133,2.5046009876444937
21.504,0.055062104,1038.7618934487623,0.000106910324,0.0556640625,0.43915606,0.008437648,2.6990645648502665
21.536,0.05273075,1100.9891469888787,0.0001295583,0.05615234375,0.90547854,0.0075966883,2.8919423734633156
21.568,0.052839268,1126.4209039695832,0.00017368724,0.05517578125,0.89346397,0.008644729,3.123199588947233
21.6,0.05466592,1110.6516056813102,0.00024549168,0.0546875,1.2336912,0.009164079,3.4040326838654122
21.632,0.053781256,1299.3127463059661,0.0005908715,0.076171875,1.5027971,0.0105769085,3.742025475618826
21.664,0.05623658,3261.4942937554524,0.07266417,0.140625,2.21035,0.009413254,4.1307106933022695
21.696,0.061505646,3535.2542635566047,0.17687623,0.18701171875,3.0977304,0.00401495,4.559483211938847
21.728,0.047518615,3539.788015810362,0.14945075,0.1923828125,17.120413,0.006239157,5.038611057957716
21.76,0.0410241,3258.8481224185525,0.0677485,0.169921875,4.9146404,0.01084208,5.598218324541041
21.792,0.047418885,2723.713975160371,0.014112512,0.11865234375,0.17598933,0.0072060307,6.219308099727465
21.824,0.048869304,2926.738708607427,0.028029127,0.12646484375,0.2922224,0.00976638,6.892473094170721
21.856,0.044427544,3316.756007116188,0.08122705,0.14208984375,0.19821948,0.008156461,7.598297252046809
21.888,0.032508496,3421.010764218809,0.06977845,0.14599609375,2.3931599,0.017667588,8.23858861643406
21.92,0.029965535,2935.9097609052837,0.02487615,0.13330078125,3.6477814,0.025128843,8.828310808113583
21.952,0.03046538,2271.137502671,0.0076384144,0.080078125,0.30149633,0.025784874,9.342928183588862
21.984,0.03223423,1827.6428796325297,0.0024823744,0.0625,0.27266502,0.024343077,9.732608363137903
22.016,0.023423431,1604.6132380014888,0.002198443,0.06201171875,0.5034082,0.042054683,10.031485880059254
22.048,0.010720294,1631.7169972023898,0.00511971,0.06005859375,0.24736972,0.2662127,10.263125950474192
22.08,0.008908627,1662.1339375861037,0.009859356,0.07958984375,0.31083483,0.7285177,10.44264174451053
22.112,0.018810485,3444.861633752932,0.2171037,0.1708984375,0.44518825,0.23348787,10.543474253283955
22.144,0.046923175,3785.6600159417903,0.25288427,0.26953125,1.8936667,0.027267616,10.559232147447746
22.176,0.042216226,3866.0445895524963,0.22580625,0.345703125,14.076174,0.021618484,10.588674246843217
22.208,0.02276853,3676.799116161118,0.19663209,0.38623046875,8.085075,0.05333943,10.66583737736685
22.24,0.01765354,3274.6556052359633,0.1364372,0.3681640625,0.3154505,0.106640436,10.77501083845618
22.272,0.040872924,3409.2132768430774,0.15921469,0.35546875,0.18060622,0.015692402,10.909465739733456
22.304,0.06584452,3480.545151193306,0.1643153,0.36962890625,0.53288364,0.007919478,11.046626851704644
22.336,0.04528632,3540.4468556255893,0.19821128,0.3974609375,7.007906,0.0129086515,11.18263134633329
22.368,0.031283665,3549.401424344623,0.20251238,0.39794921875,4.246287,0.021278186,11.344748521252855
22.4,0.028442055,3344.894805968402,0.15716681,0.390625,0.23260029,0.024451626,11.469562629821281
22.432,0.023389736,3187.0260594291053,0.14518267,0.369140625,0.204651,0.04182285,11.575086653824767
22.464,0.018467331,3093.1632099403823,0.13729194,0.33837890625,0.77375996,0.056864705,11.663622340738216
22.496,0.015537323,2873.18211975058,0.12203798,0.32177734375,0.65365404,0.063470736,11.699341778693675
22.528,0.012282532,2738.7707826169317,0.11304148,0.28271484375,0.46503288,0.1418428,11.697087862779282
22.56,0.009811103,2479.278269130199,0.094782054,0.2421875,0.727991,0.2795064,11.662456045117509
22.592,0.044941824,1946.7512217830326,0.01239164,0.20703125,0.4072265,0.01721785,11.60808648804564
22.624,0.08720838,2097.619887212141,0.014209881,0.166015625,1.6358677,0.02520749,11.515309447171836
22.656,0.095872074,2157.406312302229,0.015396862,0.13232421875,6.831533,0.15624182,11.313248402453763
22.688,0.086825006,2234.21900100576,0.012961166,0.119140625,5.162545,0.2836713,11.021587842246541
22.72,0.0719633,2338.443127715057,0.014130116,0.10498046875,2.4043965,0.46049,10.66710877834912
22.752,0.061170604,2377.829586669419,0.013796904,0.1171875,1.0019497,0.7255901,10.24063408339088
22.784,0.043483548,2235.9193144891588,0.01698507,0.16796875,0.63647217,0.8266202,9.773392513205465
22.816,0.017793689,2368.7066171225692,0.036281172,0.19287109375,0.9880081,0.6559305,9.293367391392707
22.848,0.0082336115,2595.4672927858514,0.06597331,0.2177734375,0.6796167,0.41741303,8.814393006971967
22.88,0.019891303,3470.040739143727,0.26047242,0.263671875,0.13779843,0.09591672,8.401056619787997
22.912,0.051544134,3489.688344766627,0.23872252,0.2265625,0.14463338,0.079513416,8.03581224880521
22.944,0.06693995,3033.6224991881554,0.13444479,0.20458984375,9.101515,0.3482571,7.7391578622953325
22.976,0.08080268,2509.7014842947024,0.036336754,0.17431640625,7.951998,0.36224163,7.543565371657319
23.008,0.078726456,2327.5460735065517,0.009822927,0.09619140625,2.4659321,0.30402943,7.413443026379331
23.04,0.067630224,2161.5804572911093,0.0071758083,0.0751953125,1.0670874,0.635792,7.305688615662796
23.072,0.06965633,1948.6873385606987,0.003947655,0.0625,0.4277952,0.74329185,7.214223732719322
23.104,0.08304648,2085.2824015016913,0.001872146,0.06201171875,0.7812316,0.6782187,7.1869296505495415
23.136,0.08181696,2153.88179311357,0.001814965,0.09326171875,0.35454884,0.8388982,7.255006625040657
23.168,0.06696903,2309.8072893019557,0.00488171,0.15185546875,0.5686116,0.89497244,7.445361746114996
23.2,0.03210839,3056.7962284814603,0.018973121,0.1865234375,1.0228391,0.8415765,7.731921149767074
23.232,0.010408538,3554.95962563012,0.07648615,0.25048828125,2.3510509,0.6792224,8.10071686416003
23.264,0.007481464,3706.03091061552,0.09425523,0.3232421875,1.0200026,0.6421341,8.52311484986362
23.296,0.010134769,4295.427878407066,0.11543335,0.271484375,0.32081217,0.41625568,8.985100576557882
23.328,0.027508022,2807.5369527166367,0.022730693,0.2275390625,0.23547028,0.8470304,9.474905025122533
23.36,0.07454078,1260.9884418391857,0.0012534175,0.1572265625,2.945428,0.9585579,9.971363139550272
23.392,0.088796385,1241.3877717494015,0.0005599501,0.0517578125,3.626079,0.96261305,10.464420645004749
23.424,0.07645999,1515.660611077266,0.0009628101,0.0400390625,1.9310923,0.88097084,10.952292354814334
23.456,0.07207758,1570.710523256623,0.0010159271,0.04150390625,2.3070905,0.8492823,11.368383681180484
23.488,0.07338116,1747.5102388954392,0.0014597928,0.05126953125,1.975652,0.81630886,11.67067752541429
23.52,0.07845546,2841.590972965567,0.026537955,0.07470703125,1.2229315,0.69884247,11.911593836844565
23.552,0.08382518,3258.1946821393476,0.0732012,0.07861328125,2.2360902,0.59013367,12.09073478328679
23.584,0.083913796,3092.346841321567,0.0359068,0.08056640625,8.4316025,0.7832711,12.212597447409665
23.616,0.08558683,2638.4761523529955,0.008306933,0.072265625,4.518652,0.9341732,12.232657632215902
23.648,0.08474816,2211.036984208379,0.002718526,0.0478515625,0.2477062,0.9498383,12.12692925154291
23.68,0.07637724,1964.2920804639002,0.0016297457,0.0439453125,0.17223775,0.95302004,11.972824551381159
23.712,0.061612748,1685.8343836997706,0.0017494088,0.04638671875,0.12598974,0.68975383,11.80591065837537
23.744,0.04709183,1487.7516958013637,0.0018575649,0.05517578125,0.23579837,0.13536541,11.621457113375705
23.776,0.022825517,1615.3808743958596,0.0044516167,0.0654296875,1.0778325,0.17181051,11.406894858018289
23.808,0.010008686,1818.9437789275783,0.012794413,0.0751953125,0.9585136,0.55344117,11.172494994102351
23.84,0.015702285,1870.1832841997832,0.017385928,0.08544921875,0.5579955,0.23402959,10.939192892766197
23.872,0.05406191,1959.4198418462736,0.012595364,0.09326171875,0.38403615,0.06785569,10.713734115883318
23.904,0.07630035,2038.326167533307,0.011170073,0.09228515625,5.714278,0.15241253,10.38045862281962
23.936,0.07147168,2229.499915346147,0.006109019,0.0849609375,9.538837,0.37700123,10.006691092130323
23.968,0.06750781,2204.816674884137,0.004169941,0.0732421875,2.7134144,0.56751907,9.648964651715053
24.0,0.060203575,1920.4100172202202,0.0046752887,0.07373046875,0.54481494,0.6111601,9.301667363084464
24.032,0.06063579,1771.5292221511477,0.0038028385,0.08056640625,1.0317767,0.51419306,8.991592699809818
24.064,0.06991212,1994.2033384579584,0.002876358,0.099609375,1.9523195,0.42954075,8.669736520366124
24.096,0.06635112,2026.2156606117615,0.0038311046,0.1318359375,1.2080145,0.3827546,8.382826188302996
24.128,0.053772714,2106.6337526244542,0.015241919,0.18310546875,1.8726541,0.3862745,8.086609234392105
24.16,0.04850433,2932.887183214315,0.14298888,0.240234375,2.2469275,0.15055117,7.698822169100595
24.192,0.04598426,3157.9559752176483,0.177132,0.27978515625,2.9204583,0.038343124,7.19695792438038
24.224,0.027778856,3042.2583218900572,0.13056183,0.31005859375,5.977372,0.08703981,6.6134309883623335
24.256,0.020784477,3526.296865541772,0.20433855,0.384765625,1.0792152,0.10909843,5.987751742902255
24.288,0.034495078,4354.324930951681,0.1863531,0.39892578125,0.13448484,0.034501273,5.356555916557138
24.32,0.04382885,3763.894986446666,0.18748808,0.3544921875,0.9782965,0.030086374,4.737765449179007
24.352,0.06728806,2816.8886221812395,0.040526263,0.2890625,2.9286075,0.1708212,4.137676865202289
24.384,0.078280136,2347.5815371154563,0.009739964,0.1435546875,2.980379,0.4221244,3.670739840487958
24.416,0.07643356,1905.6152014969618,0.0022765552,0.05517578125,1.3684593,0.6745855,3.322403002154403
24.448,0.07529826,1498.0592297861945,0.00087400805,0.0380859375,0.5725849,0.62010396,3.0443351601082846
24.48,0.07277862,1417.4962512378079,0.0006528301,0.037109375,0.42424336,0.733798,2.814839062437857
24.512,0.07170536,1493.2010848999655,0.00071024295,0.0419921875,0.5000853,0.8283113,2.599970125535313
24.544,0.06715607,1517.9025724584733,0.0010558498,0.0419921875,0.8398132,0.6792892,2.421222888738354
24.576,0.046582785,1830.787995768856,0.0068482184,0.10986328125,1.7612877,0.6453218,2.267546341202234
24.608,0.038951077,3203.0089710048182,0.1582867,0.1171875,2.0890772,0.32600534,2.1608919411639236
24.64,0.07191787,3090.3398358777267,0.062826775,0.11328125,3.6522038,0.26895016,2.0731654931411327
24.672,0.084683925,2750.4236081023682,0.011453438,0.1142578125,9.269621,0.16447966,1.9970571416215508
24.704,0.07492395,2258.5453690483846,0.0041783853,0.04931640625,1.588212,0.2987418,2.0183876888468912
24.736,0.04910204,2011.3982742204366,0.0065862057,0.06298828125,0.13940896,0.6317051,2.120811848346962
24.768,0.043573856,3286.8321419348176,0.0897448,0.072265625,0.3733573,0.63980806,2.251076757081896
24.8,0.07728002,3062.8227448531493,0.041524693,0.0712890625,1.0414302,0.4029562,2.3632063890176322
24.832,0.08615625,2437.4332981643884,0.0064215455,0.0693359375,6.8196344,0.24012491,2.448522990393317
24.864,0.07382598,1967.0435364544117,0.0024266788,0.04833984375,2.485544,0.6215677,2.5020025768453618
24.896,0.067418255,1786.9455759692514,0.0013234479,0.03759765625,0.46193776,0.9171389,2.490482271717908
24.928,0.06224538,1746.6459704213128,0.001096577,0.05810546875,0.6385459,0.9467203,2.460933739244948
24.96,0.05116559,3181.119395087123,0.005805141,0.20849609375,0.7796363,0.93480635,2.41599369830118
24.992,0.03875181,4646.090904832556,0.024830155,0.29296875,0.6056379,0.568696,2.374861810373796
25.024,0.023877496,5009.9839279455755,0.045670636,0.31787109375,2.8642828,0.24478093,2.3541622727053824
25.056,0.014385504,4009.050015040903,0.08815819,0.34033203125,2.5199437,0.6241476,2.3097200401975946
25.088,0.02106428,3266.101067077396,0.058427263,0.1943359375,0.57939136,0.75079244,2.253033774961117
25.12,0.061557446,2494.723441481664,0.011234243,0.12109375,2.2948415,0.6216908,2.2531862530829807
25.152,0.08889452,2145.7323689963428,0.0049483185,0.10205078125,3.6138902,0.25420508,2.3091127480379057
25.184,0.08681597,2049.762415594826,0.0015983855,0.05908203125,3.2470171,0.29198557,2.3177481021869517
25.216,0.086142235,1897.4014596398238,0.001127433,0.1455078125,1.8170497,0.5440274,2.2747089347884257
25.248,0.056972247,2613.7535853246613,0.0061299345,0.24267578125,0.53777236,0.6545977,2.1927183949401314
25.28,0.016942492,3870.137594560877,0.061683252,0.3232421875,0.82923746,0.5560678,2.089568470571566
25.312,0.009223416,4511.9227678615825,0.10788759,0.353515625,2.750404,0.35193112,1.9626923678032395
25.344,0.00813343,3848.802516754524,0.075892694,0.271484375,0.88456845,0.63303804,1.7991874756028403
25.376,0.029898116,2984.064270245106,0.044043798,0.181640625,0.19106773,0.537179,1.706730516504824
25.408,0.08100328,3231.9588237479447,0.066914864,0.1298828125,1.1464891,0.3257108,1.6757759948978939
25.44,0.095847934,3028.6280289292426,0.05734753,0.1220703125,8.811428,0.13847724,1.6730114561236527
25.472,0.08525072,2673.83347009041,0.025471652,0.1220703125,10.674495,0.3031774,1.6790352556727741
25.504,0.076826446,2466.2279312457586,0.0088953795,0.10986328125,2.2955034,0.6015229,1.685237082242701
25.536,0.07114067,2291.5077486769037,0.0054639643,0.0751953125,0.6404078,0.8302929,1.7073867054752652
25.568,0.06939311,2010.766444005938,0.0031076563,0.052734375,0.3839038,0.9256238,1.7561359416273161
25.6,0.06388585,1390.7300177334164,0.0011732073,0.0751953125,0.7606872,0.94507986,1.8187546063788798
25.632,0.04005073,1797.2110442201893,0.007812527,0.11962890625,0.27865082,0.9212425,1.8944566039613915
25.664,0.01417087,2617.7626265045565,0.09036649,0.1689453125,0.7869623,0.55443865,1.9762248422524331
25.696,0.009735794,2948.396033148526,0.12178999,0.2060546875,3.8972025,0.517778,2.0681605439878
25.728,0.0127942795,2483.507841475178,0.090782866,0.19482421875,1.5676788,0.37300983,2.1745417363967072
25.76,0.050488062,1699.534451169602,0.016329175,0.15380859375,0.2912015,0.23772861,2.291931460965086
25.792,0.07442348,1681.0849119982734,0.007385439,0.1171875,2.849684,0.317942,2.44292666969234
25.824,0.06865134,1905.1512391869132,0.0032524734,0.087890625,6.474848,0.47815195,2.6539997323358424
25.856,0.06327003,1893.8232063431067,0.0020688311,0.06982421875,1.6811534,0.5813841,2.8653733410825852
25.888,0.061206218,1846.328234713265,0.0017608518,0.060546875,0.7223526,0.6358592,3.060404497192532
25.92,0.05679219,1798.047841443799,0.002022643,0.0576171875,0.6106279,0.6545282,3.2492831234490014
25.952,0.047946822,1726.9527700886301,0.0037822258,0.05712890625,0.5539659,0.583247,3.405901896936152
25.984,0.036050018,1342.0620461561612,0.0044475123,0.07080078125,0.8172841,0.20645444,3.482841192532455
26.016,0.030423079,2499.765448325087,0.08824117,0.13427734375,1.9138455,0.03193918,3.5130071057356234
26.048,0.04828646,3188.674898259211,0.22607581,0.158203125,2.0010624,0.015214886,3.5132972073358872
26.08,0.06016315,2883.6360217824204,0.12324074,0.1650390625,7.228932,0.17382462,3.5177794832132605
26.112,0.067094654,2371.7283258672887,0.023352621,0.1572265625,7.2659225,0.5321076,3.54181208106435
26.144,0.0706587,2040.2306305290567,0.0057481783,0.10302734375,1.8290076,0.53857756,3.5637604322990812
26.176,0.067130335,1775.2230476729017,0.002524066,0.076171875,0.5084902,0.6455828,3.575705121181784
26.208,0.068477444,1524.978219429608,0.0012817758,0.06494140625,0.4829106,0.7509726,3.5636503474712677
26.24,0.066962264,1225.3837568945742,0.0005588916,0.05615234375,0.29588342,0.81472296,3.521944066120247
26.272,0.05454734,1027.4343612053992,0.0003924729,0.04541015625,0.48952705,0.82902575,3.455465529659592
26.304,0.037753314,927.4352135584768,0.000557774,0.0390625,0.16763607,0.6533912,3.3539642873357343
26.336,0.037339594,841.1252868944499,0.0004104515,0.0361328125,0.45924568,0.93165666,3.2287142322012943
26.368,0.05968072,768.0494185917762,0.00023894188,0.03857421875,0.9279114,0.88252693,3.121210715224148
26.4,0.07008294,1093.5989004361259,0.0011395437,0.0498046875,0.59397763,0.6326287,3.113427138797152
26.432,0.056498002,1344.8717486727783,0.0045786346,0.06494140625,2.3692799,0.25241387,3.2120902433796124
26.464,0.032933928,1288.2286592765058,0.004265349,0.07080078125,7.2803173,0.045656424,3.4078470020942575
26.496,0.01256656,1414.7523186882818,0.012412417,0.0908203125,4.1740217,0.16054223,3.635459209844742
26.528,0.03784473,1870.3581383663343,0.024168333,0.11279296875,0.2474969,0.068394184,3.8487736224897877
26.56,0.06310665,2039.2721708263207,0.018621197,0.11767578125,0.8112048,0.17089951,4.029498906032405
26.592,0.066423774,2225.3740267740077,0.010133818,0.1357421875,11.06425,0.41089046,4.177953303731231
26.624,0.06312083,2321.129309703165,0.009124246,0.12841796875,3.4625082,0.45846364,4.333402656278443
26.656,0.055035472,2546.354980825351,0.03823612,0.17236328125,0.9582648,0.4194009,4.497325911880326
26.688,0.04944555,3151.5862272866507,0.18103458,0.2373046875,0.9738661,0.19921154,4.687172748039343
26.72,0.04249174,3409.799168389666,0.22031778,0.2880859375,3.5860217,0.026963616,4.940455851880241
26.752,0.02541415,3368.3863861114532,0.21474409,0.337890625,4.9322147,0.042429313,5.230434476946944
26.784,0.016717806,3100.7120203133263,0.1597847,0.30322265625,0.64532286,0.07951336,5.572684864107384
26.816,0.01230551,2796.3045571348903,0.11469959,0.28271484375,0.039702542,0.19714424,5.928745439725425
26.848,0.026362382,2408.400453818178,0.033674102,0.20849609375,0.17647265,0.33445594,6.227142349360163
26.88,0.07789972,1878.7911151182257,0.0036881252,0.14501953125,0.47281072,0.3552275,6.432975631101752
26.912,0.096235886,1730.424660132385,0.0010999308,0.10302734375,2.251491,0.4834352,6.640135904085979
26.944,0.08941876,1713.808342907294,0.000651814,0.04296875,1.6859055,0.7191406,6.885291823273716
26.976,0.06873503,1454.496791304394,0.0008270413,0.06005859375,0.5510895,0.6918468,7.107449124654875
27.008,0.02694457,1723.795985237342,0.0051685246,0.154296875,0.6285373,0.6258529,7.285822790987135
27.04,0.012838827,4159.5861807656165,0.2149225,0.24365234375,1.2725079,0.14241016,7.387829395021995
27.072,0.01655618,4453.779923912334,0.2321615,0.267578125,0.9801501,0.08833506,7.449937853153778
27.104,0.0131587535,3849.648852613831,0.23119873,0.33154296875,6.838166,0.25656137,7.499502173331869
27.136,0.03516095,3754.1686433760374,0.21040168,0.31787109375,1.8560334,0.028724698,7.556618146436699
27.168,0.04195779,3434.286845641742,0.165343,0.2353515625,1.0451443,0.06655272,7.616433374642878
27.2,0.07477614,2344.7395214683634,0.013953073,0.21337890625,7.8884535,0.14271274,7.670915750615198
27.232,0.0858071,2034.9689811213543,0.003893647,0.13330078125,2.3940835,0.3682957,7.795073719741996
27.264,0.07657431,2157.0530103910746,0.0033049295,0.060546875,1.0528126,0.84914106,7.989471707533312
27.296,0.07643568,3155.4419706051976,0.031956013,0.0537109375,0.5795787,0.86420816,8.256912649991946
27.328,0.079436496,3143.168409428752,0.031123353,0.095703125,0.93162477,0.7082317,8.543662377111827
27.36,0.06811208,2730.841801484639,0.013891262,0.24072265625,7.2649164,0.7714282,8.785700281198455
27.392,0.03538604,3913.4579432388005,0.04960217,0.27978515625,1.0964211,0.6809247,8.896889855443892
27.424,0.0141622545,4512.185885061713,0.14936626,0.32373046875,0.50781286,0.20037015,8.896610522564549
27.456,0.014025074,3012.0213737338827,0.084918514,0.33544921875,0.97674024,0.18843418,8.910606533539461
27.488,0.020325048,2944.4245264618266,0.08378968,0.2412109375,0.23730077,0.08229323,8.967535703184248
27.52,0.01614483,2905.927635271205,0.095949695,0.2060546875,2.584349,0.161649,9.045445682610843
27.552,0.00970198,2470.5978975295384,0.067941256,0.17822265625,3.6092796,0.47209144,9.088320773355298
27.584,0.008748292,3056.737474363268,0.09439053,0.20068359375,0.48869902,0.5511891,9.071460708197616
27.616,0.02378671,4087.2686697648746,0.27235904,0.21044921875,0.34447697,0.09044216,8.992255796977215
27.648,0.028122399,3936.242978325833,0.25541773,0.2216796875,1.0212656,0.07285064,8.878852188278689
27.68,0.038110185,2316.694201897381,0.041755654,0.220703125,10.87292,0.19416082,8.708202575362519
27.712,0.06289435,1984.760941897666,0.010489624,0.14599609375,2.1809902,0.26758164,8.395045104623721
27.744,0.067617156,2104.592057030735,0.0042274,0.08837890625,3.2944005,0.3175282,7.954683141271511
27.776,0.07075014,1969.0486889222361,0.0030478477,0.06494140625,1.8460766,0.28300676,7.403401340729548
27.808,0.06883718,1963.0443446649574,0.0051811906,0.0576171875,0.53392506,0.58546156,6.855573862041497
27.84,0.06742609,1906.6246096682125,0.0036265862,0.05126953125,0.9115994,0.8458401,6.363658102958468
27.872,0.067903355,1788.2371570721107,0.002198282,0.07080078125,2.2831872,0.9184588,5.923529719591033
27.904,0.055217396,2909.8213706759507,0.0390987,0.15966796875,1.3713403,0.7325197,5.4404204832559175
27.936,0.047747333,3601.0667172725985,0.2269734,0.2470703125,0.6963354,0.077689186,4.919729102286362
27.968,0.039586086,3701.442504345633,0.28145477,0.322265625,6.59305,0.014474326,4.384014313320731
28.0,0.026371794,3785.0982705665824,0.27137703,0.35693359375,5.879734,0.03650511,3.902887749009658
28.032,0.01748212,3521.5793062837956,0.21386781,0.32275390625,1.1260768,0.08234707,3.519124413764377
28.064,0.015836576,2875.867265872743,0.12998547,0.29296875,0.17242305,0.10810722,3.2320133644155136
28.096,0.039387755,2872.7597977075848,0.09462421,0.267578125,0.3176072,0.017139742,3.0145281874650967
28.128,0.044815067,2505.0337897225545,0.07581493,0.25,1.195537,0.038952604,2.821013900750062
28.16,0.07976486,2043.571512372527,0.016672943,0.220703125,6.1328588,0.057284337,2.732593713308522
28.192,0.085896045,2062.972451528506,0.011164068,0.158203125,2.9698303,0.16245152,2.7449189172436497
28.224,0.06925688,2052.4785117055126,0.0078700185,0.1083984375,2.8267362,0.5443619,2.7339548569875216
28.256,0.0656651,2003.0928571751956,0.0050130663,0.07275390625,1.3204149,0.7481098,2.644555553657332
28.288,0.0659403,1893.6793663920935,0.003418253,0.04541015625,0.61447847,0.826779,2.480040704642294
28.32,0.063485675,1723.9981782039708,0.0021961697,0.0419921875,0.38485444,0.8928445,2.3286463467053045
28.352,0.051245783,1468.8347894958042,0.0016211125,0.0400390625,0.27349737,0.8474629,2.2269798062527726
28.384,0.05116987,1135.8639338882251,0.00060748437,0.037109375,0.34109306,0.7834457,2.265130375585406
28.416,0.056171175,1038.479643074802,0.00033066218,0.037109375,0.48321933,0.2822879,2.4736855721653903
28.448,0.056368425,964.2764272854608,0.00025157284,0.0400390625,0.1663339,0.078131266,2.790544321295898
28.48,0.044327278,825.4628815643871,0.00031943168,0.04248046875,0.6401377,0.45630938,3.0469647832054605
28.512,0.016770072,1138.6426391298405,0.00196931,0.091796875,0.43958524,0.77549994,3.1637960616834357
28.544,0.009815899,2815.6928342036517,0.10843082,0.17333984375,0.8359326,0.31267458,3.1036481677550296
28.576,0.03620094,3652.5353378792215,0.21307117,0.2548828125,0.53129923,0.016945805,3.026880456393286
28.608,0.051984113,3631.120275344999,0.19679312,0.333984375,8.185546,0.008652749,3.058764739896938
28.64,0.037118573,3416.5192857037027,0.17554726,0.3525390625,11.066504,0.019808052,3.054669646628047
28.672,0.02752737,3165.738780458966,0.13857584,0.3359375,3.3988793,0.026820878,3.0115655264922196
28.704,0.024454134,3065.58666992496,0.10442488,0.31640625,0.6277617,0.02991329,3.013046989778462
28.736,0.01835339,3033.2013482984576,0.114552006,0.29833984375,0.6895247,0.05111801,3.05165690550694
28.768,0.012553807,2930.4340239602066,0.12012991,0.25830078125,0.3969379,0.09737523,3.0878283867534035
28.8,0.0077677974,2651.130182264392,0.097790174,0.21630859375,0.45862484,0.34007248,3.0521697800269334
28.832,0.007176888,1957.7106005888256,0.035077326,0.19482421875,0.26165384,0.5860619,2.971056518399304
28.864,0.018109394,4189.259469911188,0.26316598,0.22509765625,0.15909618,0.08011555,2.862915281508175
28.896,0.034273688,4328.287030106931,0.24662624,0.24658203125,0.4947018,0.049082708,2.675453066295723
28.928,0.024045352,3704.920753325215,0.23683134,0.2392578125,11.30318,0.13776565,2.436107228638111
28.96,0.04524526,1988.300741085657,0.019553015,0.2021484375,5.219667,0.43404737,2.238235001445299
28.992,0.07208522,1887.122326537945,0.0049908515,0.11328125,1.70605,0.3787549,2.128675927427632
29.024,0.075518854,1982.5736886810291,0.0024654088,0.06787109375,2.704044,0.3334884,2.1690731015129394
29.056,0.07531033,1913.4187285209978,0.003026906,0.05712890625,1.3705823,0.32119605,2.231069802313076
29.088,0.07552187,1881.6539033789654,0.0032907207,0.06005859375,0.50967383,0.55075675,2.1635710766568383
29.12,0.07775129,1935.5961434646129,0.0022439244,0.0576171875,1.4461865,0.8764025,2.0088348281859423
29.152,0.08777411,1887.9469002230653,0.0019797285,0.08740234375,1.6657203,0.8598616,1.8672312085065723
29.184,0.08643011,2913.821151015426,0.031306315,0.173828125,1.381403,0.55276906,1.749584054825766
29.216,0.063850746,3286.3141218653855,0.1305814,0.25537109375,1.2687696,0.26262417,1.6621746525749725
29.248,0.035894375,3598.0775007662937,0.25928786,0.37060546875,8.76732,0.067196436,1.62000377730169
29.28,0.0262401,4001.1284618629625,0.25876614,0.427734375,3.8438697,0.05645176,1.6297209116267888
29.312,0.021395968,4146.612268608249,0.2574428,0.376953125,0.4973163,0.07416231,1.6783084594227553
29.344,0.019501276,3332.074758834779,0.1031478,0.2958984375,0.37000513,0.63325715,1.7154404570090958
29.376,0.04024608,1685.8259075444282,0.013529341,0.181640625,0.58252543,0.7207637,1.7141357998714162
29.408,0.06988944,1490.4632067325563,0.0057505043,0.09521484375,0.61152685,0.23133907,1.706292843562979
29.44,0.091315255,1659.5413081271477,0.0020188093,0.056640625,4.832674,0.046428666,1.7312121248870573
29.472,0.085525885,1739.1057840784733,0.0011622483,0.04638671875,2.5044074,0.28178295,1.7279224250323681
29.504,0.07857121,1577.0539190287384,0.00080343185,0.04296875,0.6496021,0.7375858,1.6579894709124585
29.536,0.071482435,1463.1540305989554,0.0006018073,0.037109375,0.723366,0.9625774,1.607286457476143
29.568,0.06911232,1238.0291414144342,0.00038500366,0.0361328125,0.8316403,0.9753875,1.6911508843116907
29.6,0.06532167,943.9444674211604,0.00027680089,0.03662109375,0.9044806,0.91504735,1.909579400849049
29.632,0.064155325,2398.833835872429,0.008325816,0.0703125,0.559023,0.39756414,2.099263864977204
29.664,0.05956799,3477.4274752052615,0.08267518,0.1123046875,0.6017406,0.15965174,2.295658990848424
29.696,0.049109407,3451.0103100771175,0.10618983,0.16943359375,9.867035,0.48680344,2.5109939993131145
29.728,0.025068127,3289.7530308845035,0.09455646,0.1826171875,8.374668,0.59157735,2.6841215914893604
29.76,0.015888566,3004.15394337331,0.051345687,0.16162109375,1.1290826,0.6732409,2.735846964780257
29.792,0.023016192,3248.216128640879,0.14681017,0.1962890625,0.124647334,0.28081533,2.7237415381244188
29.824,0.04434695,3425.934801468773,0.1781918,0.21728515625,0.15930046,0.052060388,2.72664633698389
29.856,0.036127616,3414.723197106656,0.15116335,0.2763671875,6.046065,0.071905956,2.776959260392072
29.888,0.023971941,3205.9259892945474,0.14455092,0.3359375,6.081527,0.12055667,2.8435544073809345
29.92,0.02272149,3103.003402292098,0.12894657,0.32568359375,0.36680487,0.07971022,2.9119265100245024
29.952,0.023287307,3071.291010062768,0.10525755,0.3154296875,0.43432498,0.107900836,3.0260265018186008
29.984,0.023258932,3008.9945652961824,0.07893984,0.3056640625,0.9020206,0.08696222,3.1646351572850517
30.016,0.020839345,2864.2412381850236,0.07346948,0.28125,0.93830043,0.08938956,3.197883795415449
30.048,0.015643962,2575.385155118718,0.072815664,0.23828125,0.43101996,0.20106299,3.0685292450862147
30.08,0.011212279,2022.8890466665284,0.04026162,0.19140625,0.78952324,0.3811716,2.9162256505590674
30.112,0.033153225,1831.6480985748549,0.016493194,0.1455078125,0.68918276,0.10191094,2.8969237351212667
30.144,0.08546129,2022.5734241335617,0.013215651,0.1044921875,1.0955257,0.12061586,2.9330887713438654
30.176,0.10758352,2116.8765153301583,0.009527976,0.08154296875,6.138341,0.48769808,3.0408522840219634
30.208,0.10919791,2008.2847448061057,0.002391635,0.06005859375,6.540196,0.8312323,3.271559036913509
30.24,0.10324716,1743.9886535087562,0.0012162947,0.15966796875,1.4670079,0.8936374,3.6461493105621035
30.272,0.069177896,2966.3187998269814,0.0058510522,0.2939453125,0.09337195,0.8287079,4.047574398944643
30.304,0.023736358,4280.959972118987,0.055729676,0.4365234375,0.61423236,0.43933347,4.4245980386809265
30.336,0.0195092,4615.372487364616,0.14801286,0.5087890625,2.3848033,0.10957951,4.723085675732653
30.368,0.019414026,3859.1877041511966,0.20340762,0.43115234375,0.8939757,0.17206626,4.880213907579634
30.4,0.0227401,3356.0186112535057,0.29298526,0.38037109375,3.493738,0.10113438,4.92461512397963
30.432,0.056253046,3426.62686588186,0.26964027,0.2763671875,2.8782842,0.044195026,4.927171518455475
30.464,0.07043227,3018.2884042587084,0.1573216,0.2099609375,4.316703,0.38228974,4.946658612839777
30.496,0.091260836,2469.2048599481677,0.03421914,0.17578125,7.1082916,0.52654463,5.018721343399544
30.528,0.09131973,2169.5878116838458,0.008502645,0.08935546875,2.1109002,0.43691903,5.135145843756654
30.56,0.08423184,1838.05402658589,0.0046613794,0.07470703125,0.8528572,0.48318207,5.166619716732652
30.592,0.054475866,1632.2475216313433,0.005503035,0.091796875,0.17807396,0.55656236,5.092018649369151
30.624,0.017983519,1753.2206608968304,0.023453105,0.11083984375,0.6925939,0.49120694,5.016515144720847
30.656,0.021930298,1787.3881144083327,0.038042355,0.1298828125,0.7541647,0.16151366,4.9148884416855525
30.688,0.02848912,1761.998770774456,0.028250884,0.10498046875,1.0814067,0.56722224,4.795901674248312
30.72,0.04837039,1601.0269365070462,0.005044797,0.08154296875,4.026169,0.95044595,4.628446220364805
30.752,0.066939496,1405.9598079039251,0.0038086702,0.078125,1.8124762,0.7403816,4.494134608083947
30.784,0.09413773,1705.15089507441,0.004005939,0.06591796875,0.29551512,0.37692,4.350983650437655
30.816,0.09063503,1953.036061404548,0.0029951194,0.07861328125,3.4397364,0.2840669,4.236323674789064
30.848,0.082460865,1949.615845934757,0.0021843708,0.0927734375,3.738195,0.32404688,4.248257477892234
30.88,0.08211703,1737.067945458988,0.0015464459,0.080078125,0.9842271,0.39407378,4.352454202473495
30.912,0.0784055,1618.7154762345301,0.0017420971,0.13623046875,0.99851,0.42188132,4.504035623335983
30.944,0.050702583,2484.1945844600355,0.013935314,0.26123046875,1.422721,0.51759595,4.675215783025479
30.976,0.024434503,4100.970454653209,0.060357463,0.35693359375,1.7142843,0.32986706,4.811676008070892
31.008,0.0243664,4358.931465632958,0.054964144,0.3896484375,2.5986338,0.38233793,4.8511041663377386
31.04,0.049023364,3433.3381480805438,0.1046962,0.41845703125,1.164717,0.5091813,4.798536332626701
31.072,0.061970428,3257.8789057050935,0.1730316,0.30078125,0.72511977,0.19513077,4.716371196047402
31.104,0.07834311,2759.221717515566,0.07404189,0.228515625,9.2248745,0.12000566,4.5996340156784985
31.136,0.09627511,2441.353324011866,0.019521404,0.22412109375,5.102819,0.10270037,4.449316172989149
31.168,0.09160679,2431.212220271008,0.00740064,0.14013671875,1.7125592,0.14648888,4.231372057212538
31.2,0.078863114,2287.2380321528153,0.008190015,0.1298828125,0.8886184,0.29808378,4.009614538393034
31.232,0.07216916,1937.7900311525873,0.005476955,0.107421875,0.51652527,0.4490548,3.7909024032622756
31.264,0.08257523,1887.7779588369276,0.003198015,0.09375,0.9313756,0.34906432,3.6313117090405083
31.296,0.08450869,1946.4237183479681,0.0020097469,0.08984375,1.1183456,0.34392858,3.51763524660627
31.328,0.07611755,1818.182910838686,0.002109303,0.1123046875,0.90803266,0.4159898,3.4246862184958524
31.36,0.053096462,1928.5938949569434,0.009484089,0.20166015625,0.8371294,0.48673898,3.376710548992843
31.392,0.024532996,3199.7397661572095,0.12222419,0.24658203125,0.8629339,0.34533677,3.35360187580853
31.424,0.01700584,3822.131680704368,0.18768172,0.30078125,2.1820405,0.22891235,3.3394902983470467
31.456,0.013349333,3412.293444857007,0.106292054,0.3408203125,2.579007,0.39606622,3.3352895494630603
31.488,0.011586394,3522.9939930614137,0.12813027,0.31103515625,0.33833793,0.3750756,3.3514538554572293
31.52,0.013200688,3088.639358975134,0.13529818,0.283203125,0.30697992,0.40078938,3.404800417282735
31.552,0.056270577,2021.9706428412876,0.02428254,0.2568359375,0.7260258,0.11982474,3.4078179564178126
31.584,0.10070744,2062.7234411545046,0.011554167,0.19970703125,2.9144151,0.11795344,3.2808700066825125
31.616,0.09874177,2325.498531389064,0.005952523,0.14404296875,8.447789,0.18854055,3.2223837069244015
31.648,0.086608395,2642.93237914756,0.033396203,0.18994140625,3.3523593,0.2451388,3.30779616011062
31.68,0.0751944,3010.23538179384,0.1411042,0.23486328125,0.984172,0.13374886,3.4785294263857174
31.712,0.04685117,3252.243018217784,0.21120897,0.28759765625,4.4436097,0.03779923,3.626026987178806
31.744,0.027781524,3187.089194027071,0.17882648,0.33349609375,4.4981794,0.049458835,3.75003900392906
31.776,0.020274337,2884.59586877767,0.10910344,0.29833984375,0.17394288,0.07287388,3.841272109375783
31.808,0.014885403,2617.6402891951266,0.08038633,0.24658203125,0.03946212,0.13511485,3.8812934806320225
31.84,0.02752349,1956.2024039214702,0.0536964,0.19970703125,0.19776607,0.19190791,3.8577096342725414
31.872,0.076355405,1934.0345812351572,0.020423025,0.14453125,0.32076684,0.32936922,3.752832477796589
31.904,0.09554153,2072.8718428714437,0.008596089,0.09619140625,6.0888357,0.54976207,3.6190206726506733
31.936,0.09657952,1896.1022661522975,0.0023520684,0.06982421875,4.7559123,0.8795377,3.504915709640472
31.968,0.10589209,1584.6867124689977,0.0010243957,0.052734375,0.82857466,0.96286225,3.4192075729458082
32.0,0.09873769,1658.627864956426,0.0026331171,0.04443359375,0.21402791,0.76118726,3.3456825698936603
32.032,0.09130807,2001.561794841018,0.0036883457,0.04345703125,0.71296173,0.5753805,3.304207082746869
32.064,0.09371189,1902.9522277944966,0.0017651499,0.03955078125,3.813723,0.90550196,3.359503086077458
32.096,0.09647585,1435.2239642131276,0.00050274865,0.04052734375,1.5851932,0.9816616,3.3589455891118805
32.128,0.08741693,2680.5590629430544,0.010617804,0.1240234375,0.4852879,0.9624551,3.262555096291057
32.16,0.06353863,3410.8243641323847,0.08028442,0.19677734375,0.5901767,0.7100994,3.136120907327215
32.192,0.036681592,3505.1501332853986,0.15243573,0.2451171875,8.259423,0.31597555,3.034866519142266
32.224,0.023391245,3151.064236165933,0.124581024,0.3095703125,5.6239514,0.33929422,2.932091983506672
32.256,0.023429686,3060.280620968681,0.13271838,0.3046875,0.54204005,0.22548148,2.8550426307107193
32.288,0.049185675,3339.699838733895,0.200185,0.31689453125,0.35911536,0.021801453,2.777417985817656
32.32,0.054050684,3375.3874717479875,0.18370709,0.3525390625,1.7820473,0.020925527,2.6773936377022216
32.352,0.03970568,3417.894001363618,0.18277374,0.357421875,7.0592895,0.035192434,2.620123493862489
32.384,0.033804495,3470.629847248829,0.16956373,0.36279296875,1.2610627,0.03838914,2.5798247498832834
32.416,0.03118723,3364.546884015078,0.12290502,0.35009765625,0.22551182,0.043779455,2.550687209337125
32.448,0.025188792,3165.382524584783,0.117466755,0.31591796875,0.42939734,0.07806197,2.5502464566029643
32.48,0.021289108,2862.9128242575107,0.09428418,0.2763671875,0.51357245,0.10606033,2.5301758077848397
32.512,0.01382168,2458.059725185616,0.06658636,0.2294921875,0.7047115,0.19326518,2.5123602805081995
32.544,0.00979404,2032.448877414889,0.03260439,0.16357421875,0.9699906,0.49873644,2.5489203548412975
32.576,0.05904501,1350.7825628622795,0.0031583123,0.1279296875,0.11295513,0.6887098,2.6316516546532496
32.608,0.12977588,1472.2230158803363,0.006008728,0.103515625,0.30611894,0.6471173,2.7498907542708704
32.64,0.17684941,1516.7574214931815,0.005598682,0.0771484375,7.0925536,0.73851365,2.8726281979660926
32.672,0.17864983,1631.2787263636083,0.0032155053,0.0869140625,10.019293,0.8059937,2.9774452905277506
32.704,0.1328101,1871.3074307532058,0.0039021769,0.08740234375,2.5188627,0.72898567,3.080009146642115
32.736,0.07854253,1789.1799111751698,0.005252996,0.1083984375,0.5039036,0.6985046,3.188157689311048
32.768,0.03212428,1667.255107209803,0.01011064,0.12646484375,0.5846426,0.776152,3.3137193542555208
32.8,0.01733526,1979.718764871481,0.020430874,0.14111328125,0.26970184,0.5368664,3.4694618363750576
32.832,0.01489007,1711.1209504115589,0.014428672,0.12939453125,0.10979092,0.48825932,3.5971324376044334
32.864,0.0627346,1279.8128235189108,0.0028469362,0.11279296875,0.17595597,0.73840475,3.645674391021253
32.896,0.11945852,2765.2554616361676,0.019507384,0.1025390625,1.0449388,0.8006826,3.666310696089865
32.928,0.118963204,3081.6238608035187,0.049728576,0.083984375,4.100294,0.5862948,3.6973945092887384
32.96,0.099950746,2906.253709382395,0.036252648,0.10009765625,8.861357,0.30809283,3.819308969712824
32.992,0.08666559,2521.760704009115,0.016260287,0.111328125,4.5789957,0.293083,4.00891176423177
33.024,0.07062142,2176.9295716426686,0.013041715,0.13330078125,0.9012171,0.14485332,4.170816127065475
33.056,0.036865186,2132.4547892982773,0.028411105,0.150390625,0.59332883,0.09706108,4.316419026490539
33.088,0.047142126,2319.99974465972,0.037707496,0.1572265625,1.7025334,0.08991076,4.442077810793812
33.12,0.089832805,2356.4029631394037,0.020508522,0.15185546875,0.7518281,0.12866536,4.517786810226003
33.152,0.093426295,2353.2629737137418,0.010218302,0.1279296875,3.2145782,0.27489263,4.567822144399595
33.184,0.07306163,2129.466297311379,0.007340157,0.1357421875,2.981073,0.4482285,4.578408041960676
33.216,0.039937258,1809.8674522840552,0.007113958,0.15771484375,0.43397447,0.51030564,4.554239477713983
33.248,0.013132943,2341.589649801963,0.050686207,0.2236328125,0.7554611,0.36676437,4.542819762621207
33.28,0.013033705,3469.5876636102976,0.1367293,0.3251953125,0.23493111,0.26709726,4.528147267458966
33.312,0.014728178,4131.493482432059,0.118228026,0.40087890625,0.9928979,0.29354015,4.528218072413796
33.344,0.013881711,4375.386422448366,0.0978069,0.46728515625,2.6322021,0.28760222,4.614436099701229
33.376,0.013116681,4334.363447731437,0.093567446,0.47265625,0.84492224,0.30409062,4.737244109607728
33.408,0.026409011,3284.2435885271493,0.03495647,0.35595703125,0.36173394,0.29669532,4.875150794483744
33.44,0.08421071,2083.185388224672,0.00405752,0.244140625,0.6218318,0.21589383,4.992639190490808
33.472,0.10653048,2016.118523483838,0.0015078688,0.130859375,3.1914964,0.1308308,5.021999747421343
33.504,0.10165173,2304.3313538812044,0.0026295474,0.05712890625,3.2840679,0.2461443,4.9352601004531635
33.536,0.108686976,2929.2232929231986,0.035311427,0.08203125,1.0294845,0.5104286,4.770936474923949
33.568,0.10272789,3099.0500012760053,0.06667206,0.08984375,2.6272335,0.6665511,4.598085862717768
33.6,0.082174465,2987.532805926581,0.03621678,0.09228515625,10.855034,0.7649115,4.452319669938122
33.632,0.07262234,2454.7612520988964,0.013515241,0.078125,2.6930888,0.2871912,4.322580162869875
33.664,0.066245966,2112.6334321260083,0.006043947,0.05810546875,0.16633435,0.030087557,4.23114218834548
33.696,0.049184002,1931.1135897019603,0.006368932,0.07470703125,0.312263,0.31514508,4.161691462054552
33.728,0.027335048,1997.8550574295707,0.011725826,0.08984375,0.30100375,0.7354092,4.080611528765683
33.76,0.0107494155,2154.4736073343593,0.03206758,0.10205078125,0.5956801,0.6277645,3.9988274434783664
33.792,0.011013453,3341.8904693278537,0.14918767,0.21435546875,0.3439759,0.40096667,3.9293107492432124
33.824,0.027503205,4052.207243882127,0.23214193,0.32177734375,0.20871648,0.08002131,3.858233886880291
33.856,0.03909702,4346.975151154429,0.16929151,0.4052734375,4.170379,0.031172363,3.8050077450126
33.888,0.036570553,3983.349659401483,0.096249096,0.40087890625,7.899757,0.06269004,3.7731297273733135
33.92,0.0842971,2687.1307136380506,0.010816426,0.29248046875,1.5726275,0.03264831,3.7546616698502584
33.952,0.10768209,2562.7347117466743,0.004491943,0.16845703125,0.7039988,0.013002083,3.761246825098781
33.984,0.09886864,2626.2954936965625,0.0034009216,0.07470703125,1.8113241,0.079623096,3.797362420409223
34.016,0.09780266,2308.372430917423,0.0030868151,0.07177734375,1.0209174,0.42744613,3.836727810873539
34.048,0.09333805,2089.5831192986293,0.0025762557,0.072265625,1.5436026,0.7372197,3.8426471756435605
34.08,0.09864623,2121.9906794278504,0.0012383735,0.0654296875,2.3475308,0.5315854,3.8197810595379647
34.112,0.098024644,2064.030283007097,0.0011023504,0.056640625,0.85042703,0.5961816,3.7506560891361986
34.144,0.10866379,2189.0510838787286,0.0034482477,0.064453125,1.0797731,0.8815015,3.619237629863144
34.176,0.12170427,3153.343336428667,0.037353992,0.0625,0.9263381,0.8246639,3.458273033558409
34.208,0.10941614,3069.0005087290533,0.060522985,0.064453125,3.7381449,0.62374604,3.3192596547478477
34.24,0.094421715,2768.0141188045454,0.022493895,0.0654296875,9.739309,0.49319124,3.2256435041018343
34.272,0.09036846,2501.8952072843904,0.007009014,0.052734375,2.6283214,0.5342803,3.1629342405450087
34.304,0.08997883,2233.954532904441,0.0047402997,0.060546875,0.35529566,0.59866333,3.109553019474105
34.336,0.0912792,2239.4033067703667,0.0034630264,0.05810546875,0.17363364,0.62328357,3.030050774837993
34.368,0.088689215,2269.2325133053596,0.0034396928,0.0869140625,0.679329,0.54326516,2.908549860058499
34.4,0.068123385,2168.8098655785243,0.007868083,0.13134765625,0.68988657,0.61701566,2.7831951558423693
34.432,0.03611928,2218.1677557253893,0.033233114,0.15869140625,0.88777846,0.46944788,2.6767005090970963
34.464,0.032238714,2317.0638946719005,0.039944336,0.1982421875,3.0889478,0.06519766,2.6147803047424016
34.496,0.03402064,2328.651824644471,0.033705313,0.19189453125,3.1990383,0.08158965,2.5873352341994797
34.528,0.052881617,2010.043880452114,0.012509504,0.15625,1.9550699,0.3774735,2.5724010890177436
34.56,0.08428271,2016.6004257776012,0.005064151,0.1220703125,1.0598221,0.4024091,2.565605218310352
34.592,0.08540945,2240.406006870813,0.0037431517,0.09619140625,2.2787051,0.41188684,2.5617468054783514
34.624,0.080504045,2165.9593310077616,0.004210708,0.087890625,1.7371393,0.50001884,2.5780732648096394
34.656,0.07111881,1847.4830916308176,0.0060063414,0.0927734375,1.0084355,0.38774008,2.6370341849069607
34.688,0.0699658,1878.870573197265,0.006490134,0.09521484375,1.3989391,0.24606891,2.6886021801348328
34.72,0.07465901,2259.007705470183,0.00551619,0.1025390625,2.5152822,0.38834688,2.7176870903545316
34.752,0.06608761,2397.954272859123,0.009505179,0.14306640625,1.7141995,0.47096834,2.743440436187048
34.784,0.046487562,3171.620683943504,0.12960355,0.20556640625,1.3493526,0.32679465,2.7575854376454823
34.816,0.05314727,3583.932913438436,0.278221,0.2939453125,1.7634313,0.02269057,2.764142940794742
34.848,0.04136459,3675.7432062762036,0.27976468,0.35693359375,5.3948274,0.036810238,2.781196509158394
34.88,0.024369149,3730.3887279107976,0.24843203,0.37744140625,4.0782256,0.10175389,2.7985670636378446
34.912,0.022915734,3379.358523235008,0.16406748,0.38232421875,0.3472589,0.09944729,2.8100982043448366
34.944,0.045063093,2693.390740259332,0.08798269,0.28173828125,0.097898126,0.6327161,2.816592679305748
34.976,0.12287675,1855.577969468808,0.015809616,0.19677734375,0.7001416,0.9382644,2.817473563095265
35.008,0.16355576,1675.9582357212025,0.0054751774,0.1162109375,5.1564894,0.972585,2.806806022908783
35.04,0.12615898,1733.0095490202693,0.0039493036,0.02978515625,2.755709,0.975293,2.8015216562707743
35.072,0.06737495,1615.4901314479416,0.003617374,0.04248046875,0.40386808,0.97798127,2.8242999540057503
35.104,0.071766585,1414.4098655180194,0.0112714125,0.04833984375,0.17802268,0.89247537,2.8372449687523
35.136,0.15622418,1465.13995817381,0.008909788,0.0673828125,0.18271068,0.86828476,2.8148671817462736
35.168,0.17719114,1688.6850534385612,0.007250858,0.0908203125,6.5925817,0.83014196,2.7821368472559564
35.2,0.1377774,2013.4721246982945,0.0049353996,0.091796875,5.695401,0.7551124,2.741437166669326
35.232,0.10015083,2166.2010863980454,0.0037327982,0.1005859375,1.7352377,0.6127459,2.6889518313375373
35.264,0.08601998,2321.802357332317,0.006886657,0.09375,0.6911397,0.47979477,2.6344049652621715
35.296,0.08377396,2214.9952124835363,0.0067321677,0.08642578125,0.24989268,0.47673008,2.5920342153718265
35.328,0.06481412,2031.7146917640728,0.0072126314,0.09912109375,1.6758745,0.61432594,2.5410912736329174
35.36,0.026790166,1892.8928674515873,0.013511149,0.11328125,1.5493462,0.68597674,2.451279270644133
35.392,0.018297983,2964.3491865678525,0.13738674,0.18359375,0.5831413,0.31223434,2.3549868263072096
35.424,0.044272155,3732.4838763936646,0.26304063,0.2197265625,0.17569087,0.026599474,2.259689708689005
35.456,0.070704125,3490.952630409276,0.13083567,0.20751953125,4.705421,0.058696795,2.1384434834957435
35.488,0.1023797,2961.8557258832825,0.020966299,0.18701171875,8.01931,0.0437405,2.012331291108488
35.52,0.09965245,2671.050473045242,0.008439336,0.1171875,2.049882,0.15237136,1.8872264874421845
35.552,0.070437975,2238.6393779499504,0.007718689,0.07080078125,0.35883248,0.5734692,1.7656601565030825
35.584,0.04348452,2047.85714081507,0.0102495495,0.06298828125,0.5583973,0.8098899,1.6747087408065602
35.616,0.069402486,1823.9372083801043,0.0062427605,0.08935546875,1.1290172,0.42101598,1.588025090020046
35.648,0.09865297,2016.2345861005083,0.0040437323,0.11767578125,1.0253143,0.24335481,1.4817585111025515
35.68,0.095074914,2303.704188093715,0.003447865,0.13427734375,4.2769127,0.26681694,1.4318595923642357
35.712,0.08513988,2397.2888438805367,0.0034164872,0.1298828125,2.559961,0.38614622,1.504307412900566
35.744,0.08381741,2113.806311993913,0.0022841499,0.09375,0.68612254,0.7215668,1.6391981800475837
35.776,0.09204556,1574.4967415255323,0.0005609072,0.05810546875,0.52364576,0.85076255,1.7815422302913506
35.808,0.091542676,1213.2049262723676,0.00029833594,0.0595703125,0.7363822,0.83412343,1.9437133085414753
35.84,0.06049893,2081.3234844613053,0.01081653,0.08203125,0.35154128,0.8804454,2.1444660726045583
35.872,0.04391155,2707.4003716559546,0.04607972,0.087890625,0.6136018,0.6167314,2.359878370110264
35.904,0.09108149,2092.479873682805,0.0056426013,0.1083984375,7.589288,0.5586385,2.5886197331381813
35.936,0.0963486,2149.7968930276447,0.005081468,0.09765625,2.8947484,0.35818946,2.7727834218181138
35.968,0.08180048,2291.6683880391506,0.005269333,0.087890625,2.0170867,0.377577,2.894589670789103
36.0,0.07648924,2256.363971507725,0.0035323205,0.09765625,2.7323704,0.46783385,2.946153119850785
36.032,0.07534637,2641.9013362610785,0.02168041,0.12646484375,0.9207782,0.53455573,2.9922292484059536
36.064,0.0793116,3144.536198621504,0.08182718,0.1337890625,0.78574103,0.46493945,3.03691584588262
36.096,0.07821242,3117.3559483244817,0.06090701,0.17724609375,5.025112,0.44474107,3.0878097008009866
36.128,0.057693444,2778.643050409291,0.04244812,0.2109375,5.119993,0.5054832,3.1497845233118085
36.16,0.024806669,2639.743946346315,0.07421195,0.19873046875,0.765845,0.3696481,3.1521041204837186
36.192,0.035732664,2182.1464160303485,0.043361783,0.19580078125,0.37245587,0.090743564,3.0494143332437726
36.224,0.06494058,2101.180280559194,0.02120615,0.14990234375,0.37415928,0.33418992,2.9489383303516985
36.256,0.081094384,2145.2974554449142,0.008753091,0.1240234375,3.4978802,0.42244235,2.8636495505278563
36.288,0.053974602,1850.858829070322,0.0066402378,0.10400390625,2.910002,0.45717886,2.7695521935586767
36.32,0.018671945,2020.528365971214,0.03531402,0.11181640625,1.1762073,0.49060825,2.6813665407904175
36.352,0.050835755,2133.680280755414,0.024265409,0.10107421875,0.3324555,0.35352984,2.618390487478903
36.384,0.084156975,1989.9146377523034,0.008507377,0.0859375,0.854607,0.5087932,2.5699881731585124
36.416,0.07120909,1904.5678247670317,0.007062552,0.06884765625,6.4508286,0.7431707,2.6105459025219133
36.448,0.09031294,1750.5271212473724,0.0023904731,0.04541015625,1.4327892,0.7724385,2.7520618271755874
36.48,0.10024481,1779.1472517054603,0.0006623304,0.044921875,0.7018369,0.8566921,2.9745307599275908
36.512,0.10143957,1603.9551446553526,0.0004742989,0.03662109375,0.50005877,0.7663306,3.197625946594315
36.544,0.10260397,1238.3442863012742,0.00032429857,0.037109375,0.3692188,0.9387465,3.3303460053849467
36.576,0.094460495,1013.0341185097293,0.0003887943,0.04443359375,0.5051518,0.98936325,3.3492853233019253
36.608,0.051523082,1422.2537616740233,0.0029950833,0.09375,1.2965136,0.97400737,3.3509603696800974
36.64,0.0428689,3689.9414049623783,0.27116126,0.20849609375,3.43266,0.08967883,3.4119712549821606
36.672,0.069499314,3948.6364048390797,0.26762286,0.2548828125,2.5950754,0.014756758,3.505237448428524
36.704,0.05772559,3633.8382450606914,0.18644114,0.24951171875,13.03943,0.33889282,3.5636793406165936
36.736,0.088619255,2655.808877062256,0.024176283,0.2001953125,4.1672525,0.7966733,3.621169231758302
36.768,0.10046314,2276.3374207054703,0.006410788,0.08544921875,0.9760757,0.82549226,3.686114207674316
36.8,0.092867285,2153.4405386031776,0.003508348,0.0400390625,1.031879,0.777258,3.7448456352354373
36.832,0.08637176,2007.1611373219403,0.0041642766,0.04736328125,0.66086525,0.614123,3.7739196231339043
36.864,0.073066935,1758.765193346559,0.007594731,0.0654296875,0.68467045,0.38195992,3.769072096930763
36.896,0.07612086,1737.5336272748063,0.0061616916,0.0771484375,2.305887,0.30727106,3.7416651710726194
36.928,0.076552294,2038.4556706444496,0.0045096907,0.09326171875,3.0874171,0.43486187,3.6187077232614144
36.96,0.073439986,2230.576148052456,0.004451279,0.08837890625,1.6271118,0.5392426,3.439873777623169
36.992,0.074297965,2123.406781712884,0.0036644994,0.07080078125,1.1233101,0.70444965,3.262693313947073
37.024,0.08146121,1761.7630524321858,0.0014811899,0.05859375,0.94322777,0.92391557,3.1682542183141194
37.056,0.08898133,1277.643475982184,0.00035840264,0.04150390625,0.6384409,0.9519888,3.190403162077196
37.088,0.09390822,2630.189823894241,0.0064071943,0.0556640625,0.33572215,0.8782315,3.250226057282773
37.12,0.09463597,3155.1225075580005,0.030986695,0.0595703125,0.04895131,0.5589621,3.253757377792278
37.152,0.08120066,2905.8601754234037,0.026182843,0.11083984375,7.096711,0.3844909,3.207986503384995
37.184,0.057626072,2299.5414701416034,0.01586639,0.15234375,6.1797223,0.75616014,3.171062373439661
37.216,0.02178984,2309.3790453241572,0.028974473,0.15869140625,1.0852661,0.8197851,3.1917217723040596
37.248,0.026327875,3262.206277099648,0.28956813,0.2431640625,0.42870152,0.14988558,3.24855426118908
37.28,0.046609934,3446.0303186166575,0.29772416,0.22607421875,0.3172016,0.10188885,3.310143336601412
37.312,0.0542532,3011.9875450623877,0.13333255,0.20068359375,9.525854,0.30985305,3.3746427431625188
37.344,0.0754514,2467.690706074168,0.021101816,0.18701171875,4.919872,0.41999438,3.454591938315317
37.376,0.07863747,2216.4798157746827,0.006141867,0.11328125,1.3635789,0.45186824,3.550909242735428
37.408,0.07505438,2082.2638352061285,0.004403635,0.087890625,0.5112049,0.5526379,3.7196609961509357
37.44,0.071544066,1908.4199368303844,0.0041407305,0.08349609375,0.4085182,0.6406078,3.837885215152189
37.472,0.072887324,1914.298910226792,0.0035935878,0.07568359375,0.9363467,0.6491804,3.8663837755682042
37.504,0.06827283,2099.4831134012115,0.0045061135,0.06787109375,1.4847593,0.6838405,3.837736575248704
37.536,0.051709127,1955.3554262950595,0.0067582787,0.0712890625,1.0035852,0.71786904,3.7613957183525604
37.568,0.07340434,1746.6100902068774,0.026450977,0.0634765625,1.3119333,0.88742965,3.719594308381733
37.6,0.15850839,1603.7155640178535,0.011281132,0.056640625,1.0870646,0.9526688,3.7126363535428784
37.632,0.17302321,1789.4485146680158,0.0072321286,0.08251953125,8.013571,0.97282434,3.707405782047256
37.664,0.1226467,2512.663738757429,0.017563008,0.13427734375,3.4013453,0.8904305,3.657566039783633
37.696,0.07448793,3086.85554074224,0.051705692,0.20947265625,0.74315685,0.59920406,3.5268642515573734
37.728,0.046812005,3271.4782184284823,0.11463248,0.27099609375,1.9108899,0.28753752,3.3581454916335947
37.76,0.03221518,3220.5924131536403,0.1765717,0.28662109375,0.98980725,0.17628969,3.1800719074668806
37.792,0.022946626,2840.7525864610197,0.13545893,0.26025390625,0.6052625,0.3086029,2.9964226541331125
37.824,0.01329471,2435.035344666065,0.07279861,0.19580078125,0.7512828,0.44371438,2.775904162963791
37.856,0.04493652,1542.735098240145,0.0064539206,0.14794921875,0.36038733,0.82125074,2.5015276047893833
37.888,0.104725346,2367.3402458153832,0.02741165,0.130859375,0.0,0.81367564,2.2213784188513657
37.92,0.11146436,2765.7021568922787,0.062561914,0.09912109375,2.3305378,0.623493,2.024663139613092
37.952,0.09639395,2850.2949022848916,0.03534851,0.083984375,11.214855,0.6084337,1.8952195320557566
37.984,0.09250676,2324.049831505949,0.010082506,0.07666015625,3.9953487,0.7930131,1.8371964622549046
38.016,0.0937873,1846.2292472578656,0.004291142,0.0478515625,0.4793662,0.7545954,1.855130813284295
38.048,0.10004089,1966.9055058314834,0.0026519883,0.0419921875,0.30030334,0.5685141,1.9565324644344344
38.08,0.10158386,2183.6221363705886,0.0028204152,0.04150390625,0.9875849,0.75311625,2.149088926146767
38.112,0.10450394,1914.4954576002747,0.0016800109,0.03857421875,1.2088653,0.95014757,2.3619834898412613
38.144,0.102295615,1504.810129876103,0.00082492485,0.0419921875,1.1241103,0.9124536,2.529463753538879
38.176,0.09316985,1829.1590687342505,0.0007810559,0.0537109375,0.77064747,0.59155405,2.6833290612366425
38.208,0.08568236,2229.935935227606,0.0017718618,0.07373046875,0.5270452,0.48370263,2.84971144843423
38.24,0.083641104,2338.0920518297335,0.0038523932,0.09375,1.7478368,0.44928035,3.031059934329901
38.272,0.086108245,2423.612043884451,0.0040198355,0.1142578125,2.7922904,0.32361707,3.2233925735357443
38.304,0.08242006,2470.890803093488,0.0033464374,0.119140625,3.897009,0.3624896,3.454898032307427
38.336,0.07810609,2492.8529813402624,0.0032891638,0.10302734375,1.8322183,0.52697337,3.741581563574493
38.368,0.07516551,2305.411504757388,0.0022623627,0.08251953125,0.9395694,0.7801217,4.049345693549145
38.4,0.08335617,1647.064939576455,0.0007189442,0.05712890625,0.35831803,0.91156924,4.365422153373179
38.432,0.09374319,1139.4631377728474,0.00020693282,0.04052734375,0.50445664,0.7796261,4.6022948417852625
38.464,0.09899576,1048.8376567169967,0.00015090758,0.05029296875,0.52073574,0.60989416,4.732217595774834
38.496,0.090945125,2264.7847785850104,0.0094549935,0.091796875,0.5074079,0.6861149,4.769542606371863
38.528,0.07808383,3019.5202046233535,0.09823026,0.12255859375,0.81245255,0.3850748,4.649456586235778
38.56,0.086944066,3041.156557652445,0.069252804,0.13671875,11.721169,0.2961006,4.402138414662058
38.592,0.08210754,2910.3531631501533,0.017090335,0.1328125,7.980982,0.42071354,4.13394013452169
38.624,0.080320776,2647.6760077791264,0.0072826035,0.0947265625,1.0401357,0.4478354,3.9164786580858526
38.656,0.08347155,2333.9059480401925,0.0036781153,0.0634765625,0.2896577,0.69729817,3.7139302697353136
38.688,0.09374863,1933.5206403050806,0.0016202976,0.0498046875,0.3000625,0.9337486,3.5134460937708583
38.72,0.10638073,1277.65807520376,0.0003744747,0.0400390625,0.45658538,0.8417921,3.320329115241604
38.752,0.10489204,1053.7115404192305,0.00018959929,0.03857421875,0.42188647,0.7576334,3.123444468053049
38.784,0.07545103,1021.8978184731977,0.0004041995,0.1015625,0.171618,0.7854753,2.9293307724659203
38.816,0.03028742,3706.895881696905,0.08292666,0.2119140625,0.5784162,0.5609035,2.7556096511061505
38.848,0.04348434,4260.76253393764,0.1607086,0.21337890625,1.2923851,0.086459726,2.5897143632046595
38.88,0.0731764,3228.2106965277103,0.042230114,0.212890625,8.573642,0.28503782,2.431353883156034
38.912,0.08772584,1937.937552621133,0.004671308,0.1494140625,5.0368695,0.5445447,2.3647969015997714
38.944,0.08776568,1721.2864653907257,0.0014837508,0.03955078125,2.3145914,0.7737173,2.370578582092633
38.976,0.08946762,1503.8400784617954,0.000758972,0.0419921875,1.1930809,0.8084373,2.4059200321209575
39.008,0.089104295,1710.032687659743,0.0011653712,0.05859375,0.73828745,0.682803,2.450175767444574
39.04,0.0828822,2028.8704035178973,0.0025424906,0.0703125,0.57403773,0.57555133,2.4969649980514186
39.072,0.07669331,2201.757315626004,0.0028087313,0.07958984375,3.3855212,0.6282638,2.6375227724206383
39.104,0.080214456,2358.401327451844,0.006173452,0.09912109375,3.1371906,0.73498243,2.8492495681059715
39.136,0.0894723,2972.1601022984796,0.05197729,0.09716796875,1.5593889,0.71482503,3.0770428302396597
39.168,0.093657225,3130.5581465727437,0.06176863,0.1640625,2.5412207,0.59204406,3.3216932768220637
39.2,0.06811232,3118.9433722553863,0.050284207,0.2861328125,7.541998,0.48368952,3.594105008802426
39.232,0.031537168,4040.8058097800263,0.16842784,0.4169921875,1.5054811,0.26618573,3.9150176920569013
39.264,0.026368098,4726.072626483683,0.14144182,0.55908203125,0.14222202,0.10919736,4.274270918236662
39.296,0.024625504,5017.46617102359,0.106910534,0.56005859375,0.70423764,0.0885398,4.636179651508485
39.328,0.032801107,4068.452854783941,0.076128624,0.43212890625,0.22732148,0.12366739,4.971670000021273
39.36,0.070396885,2497.0932717786036,0.018588644,0.27978515625,0.3723634,0.1261793,5.294329301363305
39.392,0.08128476,2126.0120899984386,0.006828741,0.12255859375,3.462436,0.32045886,5.6192838136525465
39.424,0.07886213,2160.9429310277355,0.0029200313,0.04296875,3.8119645,0.6071958,5.947319268575277
39.456,0.082385264,1663.193610688265,0.0020011675,0.0400390625,1.0539237,0.59660375,6.28976726576482
39.488,0.08344829,1378.1357324751648,0.0018976511,0.0380859375,0.38672394,0.44021526,6.643317256394847
39.52,0.09882015,1300.5616119076017,0.0007955422,0.0380859375,1.8228112,0.34939203,6.974479782507071
39.552,0.09836413,1311.3565778396314,0.00042581337,0.03759765625,1.8764615,0.59646934,7.209199976627404
39.584,0.09900923,1264.7762326144828,0.00024579256,0.037109375,0.73069686,0.8596005,7.370141547843065
39.616,0.10161988,2385.992194725066,0.007525612,0.07373046875,0.7018874,0.84524107,7.475116415365256
39.648,0.087155774,3071.9000675538955,0.059040412,0.14501953125,0.53657603,0.70784426,7.483053773504724
39.68,0.056276813,3166.0085542440156,0.10866902,0.19482421875,10.934893,0.45446238,7.502288262128986
39.712,0.030828767,3022.917269047025,0.11548122,0.2451171875,7.1130686,0.17576662,7.525638397135386
39.744,0.023466364,2789.1661499831835,0.072787724,0.27978515625,0.8543463,0.20386034,7.5245743865157575
39.776,0.044660345,3520.3082323518984,0.19504753,0.29736328125,0.1380628,0.039568946,7.50414191854486
39.808,0.059867024,3549.0279383528023,0.20469005,0.3212890625,0.1092419,0.014220012,7.496380724099582
39.84,0.038182188,3371.0557297717114,0.17298198,0.34228515625,6.7103586,0.039968926,7.507195279141449
39.872,0.026604192,3213.5641050407476,0.15427518,0.337890625,3.0053046,0.07309548,7.524771437265262
39.904,0.0227057,3131.25353018647,0.14984544,0.30224609375,0.38066074,0.099888936,7.558379895113594
39.936,0.020235717,2957.235401125905,0.13794422,0.2900390625,0.24211147,0.13211487,7.57302373589454
39.968,0.01857099,2846.522461124859,0.1187773,0.255859375,0.5539196,0.15506452,7.532011901640712
40.0,0.018693509,2527.270460147791,0.069874965,0.21875,0.85551655,0.1441911,7.450002109661408
40.032,0.01575296,2132.4495503404323,0.039966762,0.1962890625,0.8941469,0.21256599,7.280537483368848
40.064,0.01591348,1691.840343949939,0.038465578,0.1533203125,0.9919112,0.3668658,6.999437839577424
40.096,0.09824492,1499.1670694597526,0.018668719,0.1240234375,0.29947415,0.7121446,6.653646620048512
40.128,0.1739612,1468.2891078930827,0.010971825,0.10302734375,3.0394542,0.80580103,6.32394334742481
40.16,0.17072228,1565.873480932286,0.0051285834,0.08544921875,12.260233,0.8195919,5.967207380300053
40.192,0.12479869,1765.1236502352165,0.004329226,0.09033203125,2.7434714,0.74686486,5.608640015784365
40.224,0.0948489,2048.019595465208,0.006740446,0.0888671875,0.7226209,0.5717828,5.273042671625778
40.256,0.08336426,2140.6155407857646,0.0063162176,0.08203125,0.2852019,0.52187365,4.968767925443905
40.288,0.079758815,1958.4269451600317,0.0041156393,0.072265625,1.0862095,0.7546282,4.688466715692524
40.32,0.06877082,1790.8904714390032,0.003097007,0.06494140625,0.7136345,0.91087264,4.374469124644441
40.352,0.03677659,1760.5963074331248,0.006501962,0.12060546875,0.4731834,0.880158,4.02059249451333
40.384,0.024663636,3444.7647016977426,0.25006676,0.16796875,0.5246215,0.26003242,3.654731868710524
40.416,0.071494564,3324.1316601052226,0.12227659,0.17333984375,0.55796146,0.37850627,3.30921749239269
40.448,0.11345496,2970.076017962853,0.028999005,0.15576171875,8.115627,0.69586885,2.9966706312715856
40.48,0.11165788,2739.7740594818206,0.008365844,0.11376953125,5.8336124,0.8235164,2.7224188578232837
40.512,0.07929405,2512.1871126194737,0.009369371,0.1103515625,0.42987508,0.8301555,2.5348402969941723
40.544,0.03481747,2519.157043013377,0.042593937,0.11181640625,0.08628621,0.86786145,2.4745929165998968
40.576,0.094439335,1562.0094605331649,0.012123214,0.1142578125,0.41733018,0.9406124,2.5466155650059115
40.608,0.16384618,1296.3221969975848,0.0043631396,0.11083984375,2.4672835,0.89551324,2.6933980895355876
40.64,0.15917958,1605.4989805664154,0.003734433,0.08447265625,5.6831975,0.79546463,2.819231618142335
40.672,0.11302017,2132.1280242058615,0.004506745,0.0947265625,2.3492994,0.68134576,2.977030528835665
40.704,0.086809136,2377.983722715016,0.004266612,0.10107421875,1.8098193,0.53213125,3.1645803854532817
40.736,0.07869648,2330.9891116139297,0.0035960756,0.0927734375,1.1499907,0.5248902,3.3096436211126115
40.768,0.07831696,2369.2037540364186,0.0044733337,0.0859375,0.65064955,0.58986807,3.419214646569822
40.8,0.08204886,2246.98807884766,0.0044092303,0.06494140625,0.6671498,0.6200625,3.5690816227361544
40.832,0.09107501,1780.4823665937179,0.0019986457,0.05712890625,1.1121039,0.8694625,3.784744416249241
40.864,0.11664127,1745.5646084025695,0.010709343,0.05078125,1.766562,0.9590236,4.036079605695029
40.896,0.1678206,1553.7554236644812,0.012225128,0.04736328125,0.56319207,0.9411238,4.303662343612429
40.928,0.17946582,1378.6703961715853,0.004993684,0.05859375,8.506622,0.8794386,4.574556815758282
40.96,0.13426064,1606.2682092585624,0.0047876295,0.0625,4.44752,0.7902411,4.822463427018554
40.992,0.09760633,1771.584005269595,0.006434203,0.0947265625,1.0249269,0.69154596,5.027132790652865
41.024,0.08476236,2862.8496492172417,0.087782025,0.15234375,0.6031419,0.48754153,5.160957705822625
41.056,0.06912335,3088.592512686908,0.1957098,0.22705078125,0.83391786,0.24048683,5.2101410335221
41.088,0.039211806,3094.12469343261,0.20354867,0.27880859375,7.5124626,0.115950994,5.182231999452114
41.12,0.022518022,3050.3174053754783,0.17365892,0.27392578125,2.416036,0.092091694,5.098974739350176
41.152,0.017461294,2691.882849550432,0.09916347,0.2431640625,0.17352365,0.34759668,4.905265613454138
41.184,0.026465924,2028.710284454099,0.035953183,0.17578125,0.03885877,0.21416844,4.691890251847612
41.216,0.070824556,1998.1627588218125,0.01526541,0.12255859375,0.2825129,0.15158921,4.50302619958535
41.248,0.09380079,2078.223742982391,0.008090414,0.09423828125,2.761737,0.5780184,4.328863907694905
41.28,0.09472171,2019.971300020369,0.0024737776,0.05859375,4.69044,0.89050233,4.142193634885232
41.312,0.0999796,1404.5678004076703,0.00066723395,0.04052734375,1.2098316,0.90506226,3.957007111279538
41.344,0.097082645,1082.815322536311,0.00031890013,0.04736328125,0.21412534,0.79258865,3.8306178431970372
41.376,0.058706034,1117.5511606946286,0.00078970107,0.05712890625,0.20409548,0.86868834,3.7677493469257266
41.408,0.017126465,2120.470189815257,0.01962945,0.13330078125,0.5773997,0.75866574,3.7219840325277707
41.44,0.027950455,4197.45397823564,0.20362447,0.24267578125,0.89021623,0.08114712,3.6722628136894238
41.472,0.052403934,3902.6749123066343,0.19289473,0.2353515625,1.8513037,0.2818326,3.595799225156698
41.504,0.1200485,2221.06664114443,0.03550386,0.22314453125,10.168114,0.89318925,3.5138492902849894
41.536,0.1733242,1316.7139940942297,0.0056165564,0.15234375,6.37733,0.9413581,3.4046847210828552
41.568,0.15612443,1258.1231020146984,0.0023756516,0.05126953125,4.078077,0.8477132,3.285255392493537
41.6,0.11269967,1438.0378126153769,0.0016252012,0.0498046875,1.103555,0.7071956,3.3362595539780973
41.632,0.09183287,2092.657447986585,0.0107266065,0.08984375,0.6567382,0.59862995,3.5311332450000577
41.664,0.0875289,2871.126739783868,0.062601924,0.10693359375,0.290549,0.34056452,3.7678258750043945
41.696,0.08374912,2969.075334668488,0.056177273,0.1201171875,4.3108497,0.20986895,4.067061509124939
41.728,0.08234875,2751.768839854284,0.016607076,0.13916015625,6.147407,0.21675211,4.376915370528106
41.76,0.08099958,2555.354586351591,0.008567018,0.11474609375,0.86139226,0.24507026,4.701974626567528
41.792,0.07809082,2560.5973873728703,0.008609916,0.1064453125,0.40971005,0.3991548,5.048694426263135
41.824,0.07308808,2526.53092776898,0.005991672,0.10693359375,0.6940071,0.57047653,5.3390451773348255
41.856,0.059871484,2248.8731404777113,0.009080447,0.103515625,1.0508882,0.5446053,5.528260431450258
41.888,0.033986878,2049.8804139373824,0.02004263,0.1142578125,0.8157877,0.31412902,5.665875352234578
41.92,0.018350461,1814.9481448693584,0.03641696,0.11083984375,1.8179531,0.28309542,5.779199208826616
41.952,0.094338305,1406.0160184457443,0.016085356,0.0888671875,0.9856348,0.72696424,5.895391239892813
41.984,0.18305337,1172.1746013366703,0.0057677114,0.0693359375,2.0583262,0.77853036,6.0321685459997045
42.016,0.18455085,961.7169232929607,0.0014696816,0.04541015625,10.536496,0.83960056,6.228324594535121
42.048,0.13370992,1047.7031561506474,0.00112715,0.0419921875,1.9972413,0.9133421,6.4741518881836
42.08,0.07392973,1893.1894843716427,0.0131555,0.09375,0.22761525,0.84697574,6.587590360699819
42.112,0.059834253,2996.367510858725,0.1882577,0.1630859375,0.1412764,0.18517537,6.579036819119843
42.144,0.05808898,3045.721635664143,0.17968993,0.21533203125,4.0305624,0.08115673,6.474151106771249
42.176,0.035104226,2886.8299794399645,0.13555571,0.27001953125,8.152141,0.12389947,6.363571892696345
42.208,0.024426023,2739.086136057244,0.107052214,0.28125,0.8579693,0.15133663,6.273636063514212
42.24,0.026065726,3118.489602565417,0.18541116,0.3076171875,0.08373339,0.10424765,6.119027229938421
42.272,0.044657655,3760.749194237716,0.24559243,0.33935546875,0.10294629,0.036207393,5.874709697076191
42.304,0.045535166,3799.3740228041606,0.24309449,0.353515625,1.9310573,0.033468597,5.621811735719806
42.336,0.037129078,3474.1567216696067,0.16060543,0.36767578125,3.840501,0.05884501,5.4427568581105055
42.368,0.03659485,3321.758983012728,0.11206887,0.34326171875,0.99389106,0.044369116,5.33784638651352
42.4,0.032476418,3282.877384066282,0.10502201,0.32080078125,0.6599343,0.043665998,5.2518642773303315
42.432,0.032202505,3231.9684558310246,0.094405785,0.31640625,0.5903108,0.046730727,5.169366112342881
42.464,0.026766218,3100.2918737942928,0.11237327,0.2919921875,0.639318,0.07711197,5.07067386257935
42.496,0.019392861,2782.3343348686,0.09651253,0.27587890625,0.8260429,0.1550689,4.95290277507532
42.528,0.011947123,2617.6053302685364,0.081159495,0.22998046875,0.92937416,0.38603723,4.847252471241672
42.56,0.050428733,1500.2473998908947,0.016564257,0.16259765625,0.47291785,0.812389,4.7257900585367665
42.592,0.15813929,1248.3133531931414,0.0069918395,0.10791015625,0.11895915,0.9291055,4.589881011348629
42.624,0.19611341,1116.5480155087944,0.003322094,0.0576171875,7.564888,0.94311225,4.455380396536873
42.656,0.16426115,1149.263360271861,0.0018742027,0.041015625,6.8505917,0.85020304,4.243107399627888
42.688,0.12990445,1299.6599219816646,0.0011170267,0.0380859375,0.99453723,0.73061895,3.9837537516209753
42.72,0.116758816,1398.1377076774565,0.00083192915,0.03955078125,0.29168236,0.7181825,3.7501757759658223
42.752,0.10940862,1460.4873119072636,0.00094674237,0.03759765625,0.11305673,0.8180486,3.555328940539856
42.784,0.11078872,1373.914358137531,0.000780188,0.037109375,0.29214406,0.85410243,3.350871333679917
42.816,0.11242808,1496.945915295565,0.00073157484,0.037109375,1.2775245,0.73606503,3.1042578944769503
42.848,0.112023406,2370.7397958028587,0.005399743,0.06103515625,1.3237554,0.7203553,2.8323125501746835
42.88,0.11466577,3168.2114187536017,0.040107783,0.08544921875,1.1015077,0.7548072,2.637800959655522
42.912,0.103771135,3038.0592123133074,0.05935264,0.1044921875,5.0638247,0.6558813,2.5069156789906604
42.944,0.08212613,2625.3243341443886,0.04264254,0.13525390625,7.3845606,0.3970813,2.430711218560855
42.976,0.053511176,2343.422935345244,0.04262838,0.16064453125,2.771185,0.16083986,2.40044672074102
43.008,0.025744546,2245.7249879812543,0.057622157,0.16455078125,1.4154608,0.090555385,2.369200647469333
43.04,0.018939247,2149.797926991825,0.052160483,0.17578125,0.9631766,0.13685913,2.3614310869469866
43.072,0.05204551,2026.8221617829463,0.032926302,0.17236328125,0.19796526,0.09740685,2.3999876891448397
43.104,0.07521261,2163.690151035892,0.022180902,0.13427734375,0.97483987,0.34410512,2.491795392636848
43.136,0.0797291,2409.265581723257,0.010973463,0.1220703125,6.817211,0.49383217,2.62624345971621
43.168,0.061972402,2203.673391626656,0.008100429,0.125,1.950423,0.58370906,2.8119022446393678
43.2,0.026954068,2013.269837677415,0.019817643,0.20068359375,0.56812185,0.574239,3.058579010577701
43.232,0.019601377,4358.397073794953,0.2090525,0.35009765625,0.6177677,0.13546072,3.286179436808045
43.264,0.045974676,5089.75570774167,0.13596778,0.47509765625,0.14481904,0.02200656,3.494105331680456
43.296,0.05966464,5016.543951283489,0.094953574,0.58935546875,4.0758686,0.0094866725,3.731707552821105
43.328,0.05978112,4889.465830439952,0.08817849,0.6279296875,3.4780664,0.0091250595,4.01284708801277
43.36,0.053055372,4839.549608703636,0.11704526,0.5244140625,1.2175853,0.017597243,4.280044911247199
43.392,0.060048748,3910.65380137195,0.06766101,0.39404296875,0.890934,0.20855947,4.547320693383879
43.424,0.10527384,2654.530834627278,0.010187833,0.2578125,1.0229851,0.16675955,4.800770657596118
43.456,0.104323104,2471.4031674040816,0.0044198255,0.1279296875,2.4836674,0.21079732,4.993389638814544
43.488,0.097004905,3013.752937436522,0.027141158,0.08056640625,1.6282164,0.5308261,5.159131122643153
43.52,0.09667716,3318.4772231874144,0.05616792,0.0712890625,1.2637957,0.547735,5.379657111680969
43.552,0.09723613,3112.320957782456,0.025346687,0.06201171875,6.2497873,0.5714018,5.611139818020492
43.584,0.085802615,2465.9980622960647,0.012996866,0.05029296875,3.053343,0.6813107,5.818013479489283
43.616,0.07453353,1963.8167845333228,0.008142084,0.0439453125,0.2632391,0.7693353,6.011509524843433
43.648,0.05538953,1751.6259404241157,0.0075662765,0.05419921875,0.75664705,0.8426221,6.198464351555311
43.68,0.041656986,1910.8117136832877,0.015056132,0.06494140625,0.8776773,0.67408574,6.312016397806002
43.712,0.07734915,1896.0160520363893,0.005293062,0.0859375,0.5135338,0.43892667,6.389148318838102
43.744,0.086713605,2163.781929313897,0.0029915757,0.09912109375,1.9351969,0.43040898,6.429751304179243
43.776,0.08156844,2280.5798942831198,0.0026634692,0.095703125,2.8566966,0.39766815,6.454240292134015
43.808,0.08051012,2183.8040699100006,0.0024045021,0.0908203125,0.93687665,0.36514586,6.476067036191437
43.84,0.08017196,2041.327200687535,0.0020334513,0.0908203125,0.62412167,0.44451535,6.5097029518392
43.872,0.08317745,1888.0598847988813,0.0014249238,0.08740234375,1.045012,0.45250553,6.545411684454535
43.904,0.07561303,1927.5807600193284,0.0026757184,0.1044921875,1.1310142,0.5423235,6.5268239905112875
43.936,0.05430066,2740.7220734614934,0.009752216,0.12353515625,0.9916729,0.73896337,6.498289175290185
43.968,0.041392475,3457.9376131908784,0.015362007,0.10498046875,1.5935733,0.7252401,6.453541009995271
44.0,0.06649542,2637.684596623946,0.00786629,0.0927734375,2.0532005,0.53697616,6.319387329854597
44.032,0.08761012,2171.7009354397137,0.0033449712,0.06787109375,0.8275913,0.5417283,6.086266499750352
44.064,0.09125661,1999.2969052496042,0.0013201623,0.04052734375,3.1901233,0.8317963,5.738319939418975
44.096,0.099775754,2530.3427208782778,0.0102994405,0.0927734375,1.9883858,0.8843933,5.339041090469798
44.128,0.09725989,3136.3262314264803,0.060520537,0.17041015625,0.50087154,0.6643498,4.931143754264357
44.16,0.06678118,3273.0875091171,0.12338135,0.17529296875,7.072922,0.41063717,4.575301679650078
44.192,0.08795327,2886.615487301623,0.032273285,0.17529296875,6.8643556,0.52584845,4.310804293140711
44.224,0.10488329,2575.4791922192917,0.006281491,0.12451171875,1.2138474,0.6792658,4.152953304320763
44.256,0.101753674,2267.5543550576,0.0024346404,0.0615234375,0.3444048,0.55484015,4.041112441664703
44.288,0.0763676,1920.268826628616,0.0028939636,0.06982421875,0.28246805,0.55528474,3.9372681973405936
44.32,0.028428674,1937.0259767795671,0.007990192,0.09130859375,0.23313609,0.670404,3.820436565832517
44.352,0.011525832,2146.23646364427,0.019189155,0.12451171875,0.85859233,0.5388645,3.6942535343862866
44.384,0.017812224,4044.3026835140777,0.18907432,0.23583984375,0.2437411,0.24835475,3.634055614972091
44.416,0.03566679,4383.875053530064,0.21531364,0.28662109375,0.24529538,0.06794689,3.6143673096552837
44.448,0.03371366,3863.7164099816728,0.20664987,0.28173828125,8.5790415,0.08152458,3.597183200854816
44.48,0.048934985,2315.6595553154866,0.028154587,0.24462890625,5.893099,0.6199466,3.5934805763902835
44.512,0.08081058,1785.3383521504084,0.005078206,0.11865234375,1.9791211,0.6901437,3.645596784034617
44.544,0.086437926,1734.5952692197213,0.0017544156,0.0703125,2.4808943,0.6044026,3.7836095904883327
44.576,0.081100136,2531.0258552328664,0.018105898,0.08056640625,1.2611239,0.5575069,3.944595175285107
44.608,0.07873832,3133.3921841910123,0.065109804,0.09814453125,0.54868823,0.43046546,4.079896285381872
44.64,0.081117116,3168.8580811832094,0.03314845,0.10546875,6.103242,0.2805964,4.193853302383697
44.672,0.07756009,2713.6391746359104,0.010887095,0.14013671875,4.4637055,0.34582916,4.251442590772665
44.704,0.048352547,2422.9016207412474,0.015885524,0.16455078125,0.39873564,0.53770345,4.233138042910161
44.736,0.035348266,3436.9698874790897,0.22217524,0.23486328125,0.2719989,0.10877357,4.129351794349442
44.768,0.041047964,3572.93567058838,0.22615796,0.30126953125,0.67280567,0.043026082,3.97790522598995
44.8,0.030136168,3333.331213202775,0.13811341,0.3310546875,5.77397,0.036147356,3.8148552355097523
44.832,0.033617456,3321.701476639446,0.11130041,0.3544921875,1.9424582,0.050367735,3.6654749971473874
44.864,0.033474375,3422.3404487150992,0.12219112,0.35205078125,0.594552,0.05648725,3.594202753233308
44.896,0.03146776,3395.6965296727294,0.117037065,0.3515625,1.1004844,0.053328555,3.5462147925201046
44.928,0.028257633,3283.4973380294823,0.11616492,0.32470703125,1.1034255,0.07599115,3.517760692036752
44.96,0.024812182,3094.09043318202,0.096056886,0.2880859375,0.65962446,0.10852677,3.472018553690185
44.992,0.014669656,2617.8067558179273,0.07336621,0.240234375,0.46451133,0.28138578,3.4230893027036053
45.024,0.013968808,1910.4047964045126,0.020032397,0.1689453125,0.49401742,0.61312264,3.368930922424248
45.056,0.08372045,1384.5301918193268,0.0057529095,0.12158203125,0.24109235,0.7470393,3.2928235986004806
45.088,0.16679993,1469.354892892729,0.008618151,0.0849609375,0.54128915,0.7299647,3.2299109924799465
45.12,0.18773548,1474.293527494909,0.004785501,0.0498046875,9.702849,0.7831659,3.198164818562401
45.152,0.1621236,1502.2307701254422,0.0027889884,0.0478515625,7.5142813,0.8406487,3.197421004073204
45.184,0.12721379,1433.4640197062936,0.0018846992,0.04150390625,0.783332,0.95840377,3.157644878379214
45.216,0.11824772,1208.9423469674368,0.0008921395,0.0390625,0.15416205,0.9522701,3.0837999590626155
45.248,0.109089606,1352.9733731686642,0.0012465897,0.0390625,0.43428478,0.73300576,2.9967603728358494
45.28,0.10338587,1468.625091111767,0.0013048293,0.03955078125,0.704057,0.57852656,2.9116069238582485
45.312,0.102214694,1580.9377234485257,0.0013930483,0.041015625,1.8174745,0.54919285,2.8565259414559336
45.344,0.094157375,2237.1798092854574,0.013521421,0.06982421875,1.0488992,0.4885492,2.7486190983761203
45.376,0.0868139,3119.6692235110568,0.07230835,0.07470703125,1.6147598,0.4027514,2.643465267454645
45.408,0.106195234,3130.0811456446986,0.03326682,0.078125,6.065174,0.62597805,2.5318999377193467
45.44,0.10869903,2716.831669955212,0.00868714,0.08251953125,5.3560886,0.8380744,2.451037337344944
45.472,0.10015875,2345.1905468805035,0.0038168738,0.10009765625,0.5973637,0.9218612,2.381927956016794
45.504,0.07815337,2795.0651379384985,0.008972872,0.22314453125,0.16876301,0.8257037,2.311494797338385
45.536,0.034338403,3923.5440206831418,0.045378324,0.3203125,0.313119,0.60039395,2.2188432961004234
45.568,0.021232521,3912.9690491169554,0.26588207,0.33642578125,1.274819,0.191719,2.116799954788823
45.6,0.057332996,3000.1134561515555,0.052005373,0.2890625,0.8589677,0.792288,2.0116532009659838
45.632,0.1027021,2301.0148593878957,0.0056294026,0.1689453125,4.070086,0.9664538,1.930035602942603
45.664,0.10609329,1999.232034591555,0.0034730274,0.09033203125,3.1402707,0.8934093,1.9685871740933414
45.696,0.09328855,2189.312603350303,0.006322086,0.0810546875,0.617463,0.37479785,2.1199103670533685
45.728,0.08596642,2233.157464962098,0.008489089,0.1533203125,2.2086554,0.288295,2.328203304572503
45.76,0.06291418,2454.729482186567,0.019297061,0.2568359375,3.4538271,0.5257675,2.556217666394547
45.792,0.02684881,3587.3579898989474,0.07458499,0.31591796875,1.8884326,0.48614922,2.762345299446749
45.824,0.016439445,3973.4844572846696,0.11265128,0.3388671875,1.6300733,0.27487636,2.9667803294695134
45.856,0.033701524,2713.947095675612,0.040071342,0.27294921875,0.6866451,0.1919531,3.2390569469554693
45.888,0.06698918,1949.0938763351296,0.009212421,0.177734375,0.4763211,0.334502,3.4845751709033186
45.92,0.054520555,1879.3928220963714,0.007965972,0.12060546875,3.940919,0.5496145,3.686972751167843
45.952,0.025008313,3045.007810962389,0.16004108,0.18310546875,2.5298064,0.36476073,3.8334339088947273
45.984,0.04816543,3535.885866039722,0.2678593,0.22412109375,0.5050483,0.03827012,3.9736120122392857
46.016,0.05607051,3196.3528747352475,0.1652793,0.21484375,4.3330812,0.3096932,4.159650751202248
46.048,0.079523735,2431.997347551536,0.027010491,0.1904296875,7.2425137,0.68719625,4.350308538329652
46.08,0.092393406,2015.7564227041496,0.005924736,0.0927734375,1.7354457,0.8302873,4.534833343463399
46.112,0.105046794,1561.7015169631009,0.0011464749,0.044921875,0.80624616,0.9688832,4.669840415158398
46.144,0.10300759,1338.8351111719362,0.0006949203,0.03955078125,0.3417223,0.97291154,4.695106337666558
46.176,0.09600262,1696.0515743716262,0.0015101528,0.04736328125,0.13040349,0.88395375,4.6148094643490785
46.208,0.10523755,1974.9245575018526,0.0012748969,0.0537109375,0.5151833,0.7858157,4.449097056434643
46.24,0.09630056,1995.8346458278234,0.0015853399,0.05615234375,2.4135408,0.63661957,4.236202642314474
46.272,0.07814509,1824.0240885282096,0.0036303792,0.05517578125,1.5787486,0.53113186,4.034973405272399
46.304,0.07635092,1625.5106924287088,0.0031957703,0.05419921875,2.1798587,0.4709251,3.862610507526231
46.336,0.0828952,1732.956460493745,0.0020178957,0.05029296875,2.8786004,0.5544999,3.64552798466517
46.368,0.077345744,1878.3028745240897,0.0017400305,0.06005859375,1.6239388,0.61681694,3.542472933046584
46.4,0.0768721,2004.249399406246,0.0017320446,0.06884765625,1.645868,0.6210494,3.4726633543425147
46.432,0.07469564,2065.535800310613,0.002147889,0.08251953125,1.3889802,0.5946762,3.438857927009408
46.464,0.0753745,2243.1479176147886,0.004115973,0.08544921875,1.4179507,0.57327545,3.406166626404483
46.496,0.07609624,2323.8046987584185,0.0049833446,0.09375,1.8612206,0.6258541,3.300381677274413
46.528,0.06990578,2236.712762721074,0.005399073,0.166015625,1.9774439,0.7433697,3.1014140876546836
46.56,0.042353082,2912.9466193499566,0.050385155,0.22705078125,1.412464,0.7313921,2.9407845231043206
46.592,0.046847194,3262.945912038848,0.21935852,0.2392578125,1.0103736,0.08930906,2.854924621301665
46.624,0.076751664,2974.8720960258925,0.09268573,0.2294921875,4.3911805,0.3266142,2.8526542604354166
46.656,0.093662255,2709.4842418724734,0.023423042,0.15283203125,7.236062,0.6084912,2.9652714748861433
46.688,0.093728006,2607.3957740305764,0.00701077,0.0712890625,1.9721303,0.7101224,3.191638221675461
46.72,0.09335641,2201.242612982275,0.0036592258,0.0537109375,0.53916204,0.7845958,3.496930906469268
46.752,0.09356212,1567.0079070627742,0.0013063804,0.07763671875,0.10367181,0.6998491,3.7771050589498336
46.784,0.060492154,1968.0402624317153,0.007885331,0.16259765625,0.4410631,0.6956174,3.995743237606267
46.816,0.022300119,3100.335741046282,0.17592193,0.220703125,0.27749044,0.3693459,4.160193327665213
46.848,0.014889985,3450.380116294253,0.2298019,0.2412109375,2.9525495,0.25405025,4.247119108356313
46.88,0.010540994,3067.550567622997,0.11575777,0.25146484375,3.9215405,0.50990456,4.276832583994423
46.912,0.01723771,2190.8782117639485,0.051690932,0.166015625,0.18439525,0.34165403,4.29363866116891
46.944,0.0645122,1433.5410593734423,0.005838665,0.10791015625,0.13664103,0.3311794,4.315370047553588
46.976,0.089753024,1387.0864563607497,0.0017121128,0.08740234375,4.1204166,0.46919528,4.403291659797976
47.008,0.08662926,1599.9446870821243,0.00091048155,0.044921875,4.4480844,0.65147245,4.572567835309964
47.04,0.08748005,2356.946361579786,0.011655399,0.0634765625,0.83333445,0.6334547,4.678201371962962
47.072,0.085428186,3015.9429910322015,0.048131157,0.068359375,0.7020767,0.5370645,4.722904603837316
47.104,0.07689609,2985.793169199468,0.03321637,0.07666015625,7.2828207,0.71884936,4.688151970603
47.136,0.062342633,2501.987920041372,0.010585642,0.10595703125,4.34389,0.82831687,4.541782886900835
47.168,0.030856028,2257.622161241356,0.016185408,0.146484375,0.37661153,0.7244274,4.321004687280991
47.2,0.033521026,3200.215605808293,0.22931513,0.22509765625,0.2519507,0.072143555,4.05135168985693
47.232,0.047053806,3301.0426803008377,0.21340759,0.29150390625,0.4726153,0.022202665,3.800984273527255
47.264,0.036873084,3297.3535080562106,0.17581049,0.33740234375,9.685575,0.033832364,3.5646636977414774
47.296,0.033843372,3347.035342877929,0.13894878,0.34228515625,3.1751213,0.043562856,3.359094809191829
47.328,0.033027817,3355.85575041433,0.1126574,0.33056640625,0.49418527,0.03921283,3.1843809158697938
47.36,0.027118979,3234.38248921647,0.10534946,0.2998046875,0.46641532,0.05907616,3.135986230005645
47.392,0.01916095,2996.834647681875,0.09837777,0.2529296875,0.44043213,0.10348521,3.052699911454484
47.424,0.012007083,2635.001050970098,0.062623136,0.24072265625,0.58878565,0.3697428,2.945771362973301
47.456,0.009777152,2921.0535265068274,0.08210983,0.234375,0.31541502,0.58756435,2.8322704477398193
47.488,0.009226318,3336.1146026404313,0.14899124,0.25146484375,0.098363996,0.44151103,2.6603983490719054
47.52,0.052332707,1942.2221934930114,0.049045086,0.2373046875,0.61910963,0.6491989,2.4779823852445997
47.552,0.1478068,1691.243365200272,0.019417094,0.18701171875,1.8081123,0.75744545,2.3105205149240984
47.584,0.1780945,1688.3358002233417,0.007434995,0.1396484375,13.742165,0.8434977,2.210061192222027
47.616,0.14551614,1800.5845274309204,0.0033096878,0.08447265625,6.0911574,0.8532839,2.170618346610971
47.648,0.10867198,1933.535497566474,0.003194342,0.06787109375,0.631511,0.85457927,2.14703899152685
47.68,0.100226015,1715.3024409688833,0.001804365,0.06005859375,0.1657791,0.9419953,2.125735826825102
47.712,0.107395716,1233.8361334053668,0.0004806298,0.048828125,0.22794178,0.96229786,2.0807489439689806
47.744,0.102676325,1607.9588091235296,0.0032628232,0.044921875,0.23254193,0.8693052,2.0795200261414046
47.776,0.08382949,1882.5334655954093,0.011940868,0.0654296875,0.16030629,0.62599134,2.1572925999823536
47.808,0.08897786,2391.514782427641,0.021529252,0.08349609375,5.8872256,0.58700234,2.3043534802866708
47.84,0.08872066,2857.1098060480417,0.045678884,0.08984375,3.6094468,0.49760956,2.4417745922467606
47.872,0.08360204,2789.5841014408707,0.024191545,0.1376953125,2.7517664,0.5620453,2.6628725456572027
47.904,0.06095631,2617.0248412322944,0.0284665,0.19189453125,2.7423832,0.6365647,2.9348184428080515
47.936,0.029618474,3314.329008213264,0.086234,0.19873046875,0.35685995,0.5936141,3.232700507556515
47.968,0.043741252,3044.6618919655634,0.036257572,0.20166015625,0.5708587,0.7327148,3.6006161664440515
48.0,0.06881386,2428.6296198629725,0.014999939,0.16552734375,0.68540823,0.8626645,3.9251369430836354
48.032,0.07450381,2382.8089521661045,0.012799383,0.0986328125,1.1461633,0.82764626,4.1902446036025225
48.064,0.09944238,2125.069109931446,0.0042855944,0.07470703125,1.9555504,0.81396383,4.388646124157138
48.096,0.10676623,1986.238309176672,0.0010082115,0.0595703125,2.0424733,0.80698025,4.526444700500294
48.128,0.10207798,1949.7714429454606,0.0008177892,0.052734375,1.0821196,0.81505126,4.60246729650968
48.16,0.074568704,1816.8218107556208,0.0016647883,0.05712890625,0.3862821,0.7044201,4.628165946051178
48.192,0.026719257,1849.3318652816415,0.005382732,0.1083984375,0.45823252,0.60947436,4.617293412281341
48.224,0.011846085,3985.816800263625,0.14806205,0.2509765625,1.2605457,0.5085652,4.538095949642045
48.256,0.027883444,4964.421349212333,0.15154423,0.3935546875,0.2546114,0.07749005,4.37539020960576
48.288,0.052408498,5050.28045821268,0.12483225,0.51953125,4.3125997,0.020212296,4.15120922791659
48.32,0.058034986,4926.525185117791,0.11609659,0.58740234375,5.10736,0.014901961,3.8487580913991857
48.352,0.049401615,4767.8402505767635,0.1251471,0.54541015625,3.4412618,0.020240994,3.5762231650374585
48.384,0.029763978,4389.728137442096,0.15033682,0.46337890625,1.473649,0.047916017,3.4331285791520862
48.416,0.027798153,3429.9389046652027,0.23755136,0.4091796875,1.072548,0.05904016,3.385357567026574
48.448,0.059288245,3359.7636473612447,0.21594986,0.37353515625,0.68074536,0.013815061,3.408076086647246
48.48,0.050628886,3354.442589410135,0.1939272,0.3505859375,5.7574253,0.011266591,3.553489403901819
48.512,0.03360378,3273.0839296352724,0.15043047,0.353515625,6.4485607,0.041671123,3.778460449149973
48.544,0.026565779,3205.9334267347303,0.11963116,0.3349609375,0.41175985,0.09959696,4.0268043986465
48.576,0.019560551,3082.253477473204,0.12265786,0.30126953125,0.09542756,0.12735015,4.285882205426111
48.608,0.015813475,2737.0588550780594,0.087506875,0.26025390625,0.24560614,0.20435408,4.595474447463397
48.64,0.012442116,2407.7704782677188,0.045864087,0.22802734375,0.5816492,0.3373424,4.9483835827698925
48.672,0.0083011,2355.3252825391137,0.037167404,0.1728515625,0.53498036,0.54919827,5.307345868812527
48.704,0.007715484,2214.1082650947064,0.026776712,0.13720703125,0.28020465,0.7009015,5.624155493393724
48.736,0.027685879,2232.776468012973,0.054625183,0.11083984375,0.07857138,0.31741753,5.860427369681593
48.768,0.10302711,2045.3081658160706,0.015126012,0.078125,0.2745498,0.43827692,6.014534944466858
48.8,0.13321903,1987.5259478186072,0.0040156967,0.07177734375,12.258782,0.65725213,6.194967503287626
48.832,0.11940866,1964.5099087563458,0.00076286885,0.05810546875,6.318253,0.7325112,6.339017962356622
48.864,0.093883224,1735.7082395662833,0.0012658949,0.06005859375,0.49688885,0.6347856,6.331425298675413
48.896,0.0430123,1541.8112374280772,0.003078166,0.05908203125,0.046734717,0.6763671,6.208835136243458
48.928,0.015597782,1729.3568973420645,0.005870373,0.06494140625,1.2001635,0.554724,6.00063333983772
48.96,0.01284447,1826.6201066578965,0.0056757936,0.07275390625,0.5593284,0.4395221,5.725939499548536
48.992,0.010115021,1923.4705475228898,0.011637106,0.11328125,0.20329906,0.65574735,5.482015516553859
49.024,0.024348963,3871.6498108982214,0.27351308,0.232421875,0.34338012,0.1973925,5.27037471289377
49.056,0.06186566,4151.676803375514,0.29946965,0.365234375,1.2014269,0.027696868,5.113238946864126
49.088,0.069366865,4366.251207926874,0.28587386,0.50634765625,16.582773,0.0138313705,4.948556503779108
49.12,0.06186027,4657.425211744618,0.2151772,0.611328125,8.278224,0.0119679505,4.771506726735271
49.152,0.054900046,4836.015605718835,0.17884018,0.60888671875,0.9716354,0.013056826,4.609997442745234
49.184,0.038928367,4973.9193971670675,0.17514507,0.5703125,0.20228082,0.022250775,4.496612745075129
49.216,0.01737103,4441.015915093118,0.23263636,0.50439453125,0.17030245,0.13712174,4.410592315448512
49.248,0.03494749,3251.669173196614,0.07418238,0.3466796875,0.1619548,0.36835942,4.338124278725939
49.28,0.10169561,2564.768391870549,0.0091582835,0.22705078125,0.37755772,0.41696453,4.251113215647109
49.312,0.12289415,2113.7881824910796,0.0017899533,0.12451171875,4.193325,0.5894444,4.058372283309323
49.344,0.11235434,2035.6303292513312,0.00082052685,0.03955078125,1.5802684,0.83363,3.921145094336052
49.376,0.10478744,1991.2835700076246,0.0012524386,0.0419921875,0.42122188,0.64023894,3.908121438120652
49.408,0.085175954,1950.3858269924388,0.0025848567,0.052734375,0.6554371,0.21945703,4.00392935968693
49.44,0.04833832,1760.7548563221308,0.0065659247,0.0673828125,1.6336848,0.061981082,4.173566135972619
49.472,0.027702993,1574.6569029070556,0.008273963,0.08984375,2.7563744,0.06804596,4.348396193616361
49.504,0.029294249,3337.375501022918,0.14773755,0.1640625,2.637913,0.08100174,4.601950059087699
49.536,0.054036506,3342.436676072736,0.18007213,0.17578125,0.72459733,0.034218825,4.887967411300321
49.568,0.0847261,2532.538537869843,0.057391267,0.1630859375,9.15504,0.07153965,5.17166209434951
49.6,0.09286382,2004.405461113061,0.015229376,0.1396484375,7.644243,0.4096319,5.412135649428791
49.632,0.093347095,1867.4192061677782,0.0050944276,0.0751953125,2.458897,0.6604919,5.573095780199296
49.664,0.08849889,2397.058729415984,0.017391743,0.0625,0.43631738,0.4641628,5.675490056230863
49.696,0.08030698,2694.315678571507,0.027071714,0.0634765625,0.23636864,0.36583075,5.773059549642139
49.728,0.07288055,2451.9555550451296,0.011992035,0.091796875,3.2969503,0.69099575,5.849284342455177
49.76,0.050194617,2218.4349832046173,0.01065768,0.10986328125,1.4682853,0.857541,5.9278725599087005
49.792,0.021259086,2089.083735755934,0.024757499,0.1181640625,0.3745117,0.75029784,6.1277115331421586
49.824,0.06015575,1716.4026551954967,0.0133256735,0.10986328125,0.47019953,0.9350581,6.39929712222209
49.856,0.11618935,1505.316452415937,0.0052860007,0.07666015625,0.8491452,0.97806233,6.662571250542708
49.888,0.11928958,1444.4516848074804,0.0028449001,0.04443359375,5.9197044,0.98854655,6.925227008266971
49.92,0.074927114,1551.7010956364438,0.0029566512,0.02392578125,1.5178926,0.9806743,7.195029952722046
49.952,0.044818945,1474.7671547517584,0.011851967,0.0283203125,0.34231183,0.93273336,7.460815591499107
49.984,0.10692658,1427.5289628096184,0.015632259,0.0322265625,0.20542093,0.8811843,7.697958871780568
50.016,0.17333733,1313.3143003370851,0.0067261644,0.03173828125,4.4307146,0.80917275,7.900329171440461
50.048,0.15717663,1326.389531094067,0.003737419,0.03515625,8.8141575,0.84337944,8.081940477579172
50.08,0.08410098,1476.9016968298479,0.0041558254,0.046875,1.5814892,0.95333093,8.27699997912809
50.112,0.045181368,1670.5187298121718,0.012549016,0.08544921875,0.25622132,0.7731923,8.518594428962789
50.144,0.056493193,2018.112571411445,0.02774489,0.115234375,0.037837896,0.111613765,8.782048658396823
50.176,0.060534492,1914.585365989316,0.024926191,0.1162109375,3.053455,0.10146291,9.044141174186448
50.208,0.079290085,1462.9317566588359,0.008007871,0.1064453125,5.375103,0.5583252,9.286370991796664
50.24,0.09871057,1832.782565875264,0.010475448,0.09765625,1.6751747,0.6006775,9.482561907839004
50.272,0.091820925,2816.145347358961,0.066073254,0.17919921875,1.3436482,0.43488973,9.597216532693523
50.304,0.06633991,3294.17402472415,0.14476784,0.2607421875,2.9654202,0.39791903,9.57794496506118
50.336,0.03391805,3845.7959613568282,0.24602257,0.35498046875,5.6195197,0.22538333,9.421193092401088
50.368,0.02142414,3779.565839319706,0.21280344,0.4248046875,1.1739004,0.19539262,9.096559344035207
50.4,0.01650032,3715.1935700145777,0.1710289,0.39599609375,0.20187838,0.2713028,8.65089144176447
50.432,0.013580567,3562.911862677769,0.16810724,0.3427734375,0.11830684,0.35359463,8.123331927974734
50.464,0.04759797,2209.588615981359,0.029767381,0.2734375,0.11424772,0.1762485,7.536130559407178
50.496,0.09132454,2067.0212518008334,0.01253013,0.1904296875,0.73866415,0.21831386,6.950537502920914
50.528,0.091219336,2190.0083436326777,0.008198452,0.1181640625,6.1087174,0.38894364,6.382010117186434
50.56,0.077037014,2063.6041597944195,0.003988782,0.09130859375,3.5480149,0.74595183,5.852218324134972
50.592,0.08034438,1911.1276387784526,0.0022192048,0.1015625,0.8940941,0.9157946,5.401235667035865
50.624,0.058145713,1884.6446320444875,0.0045030126,0.11474609375,0.31520486,0.8675475,5.07166518858173
50.656,0.019322215,1970.9403158644418,0.016436819,0.123046875,0.33276933,0.5999527,4.86435508358564
50.688,0.012627098,1971.1358624067443,0.027788991,0.14306640625,1.6159779,0.43946064,4.794047020094432
50.72,0.035270143,2271.561703718173,0.07223918,0.13525390625,0.3243691,0.20459811,4.8368358084109415
50.752,0.097436726,2037.143542123731,0.034991536,0.1162109375,1.3633208,0.7108956,4.942151457481656
50.784,0.16260058,1717.2500991814293,0.011436127,0.1123046875,11.938577,0.91655415,5.0245119569004055
50.816,0.16892044,1670.535354433432,0.006260423,0.10400390625,6.1089134,0.87708974,5.043790435370936
50.848,0.1314184,1901.687871922136,0.004149405,0.0908203125,1.709576,0.70896775,5.038056691175625
50.88,0.10296169,2598.8138005993146,0.015252229,0.0927734375,1.1073341,0.7112211,4.9788513866364354
50.912,0.10290267,3205.3562946084658,0.042665664,0.0849609375,0.50618255,0.8001128,4.8849760334545405
50.944,0.10996837,2900.442923411237,0.018436305,0.0693359375,2.0287664,0.8922323,4.77817738533947
50.976,0.10543673,2126.61020547914,0.004718828,0.08984375,3.6263525,0.84762317,4.655323012277187
51.008,0.06635231,1957.849771738976,0.008713664,0.14453125,0.32033172,0.74004006,4.557220887220059
51.04,0.023114737,2789.4424889415327,0.118636966,0.1767578125,0.4095328,0.38236585,4.456711730222894
51.072,0.014700463,3140.447666403683,0.15982762,0.21044921875,1.8319415,0.44941825,4.311398745777546
51.104,0.011587934,2796.1895531411346,0.081136346,0.2099609375,1.4359559,0.6119411,4.093591557321611
51.136,0.010267257,2659.9488822600506,0.06379243,0.1796875,0.124227315,0.7215428,3.859059153207503
51.168,0.022102626,2350.449280811059,0.06805198,0.171875,0.15755269,0.7729079,3.6249798905827917
51.2,0.105523996,1966.9336075300769,0.03357868,0.1416015625,0.26411903,0.8547526,3.3970371318717083
51.232,0.17072694,1769.5253807720849,0.01842149,0.12353515625,7.3518143,0.8050352,3.2056276152939613
51.264,0.16163133,1831.6559044059745,0.008796072,0.1103515625,10.954497,0.757541,3.0470807161663824
51.296,0.12020302,2046.369396119107,0.0059031094,0.09423828125,2.838967,0.6602907,2.9073485845853386
51.328,0.093405426,2012.8077750561408,0.0047317706,0.109375,0.4912001,0.5634178,2.7892326541372254
51.36,0.083807565,2035.2690285557628,0.0043089204,0.107421875,0.3428118,0.4747641,2.7376199704417585
51.392,0.083520025,1860.881548713866,0.0033475356,0.0869140625,0.39269167,0.44073504,2.718782486964917
51.424,0.07402533,1487.1268763392773,0.0028973662,0.09716796875,0.80248076,0.6358169,2.6876645133924884
51.456,0.047480628,1206.9592774968048,0.00268113,0.1279296875,1.110548,0.6956262,2.6570974134159187
51.488,0.042088605,2645.805641622638,0.12312628,0.1357421875,1.443411,0.38411266,2.633049460834551
51.52,0.12372434,2382.4604568727455,0.056553997,0.1337890625,0.37202337,0.6683654,2.6126251361432677
51.552,0.16845222,2059.4477226755735,0.017526919,0.11962890625,10.202681,0.89652765,2.6011227066447273
51.584,0.15076159,1868.8633428384192,0.005284866,0.07275390625,6.36722,0.95936936,2.628106434994394
51.616,0.11730116,1862.0289333579167,0.002926183,0.05029296875,0.6782108,0.9628214,2.6452537550277673
51.648,0.101051144,1844.0604232263177,0.0026833352,0.05029296875,0.11017813,0.91171217,2.667549766142127
51.68,0.09893114,1911.4001980732767,0.0020892236,0.04443359375,0.18559332,0.62669986,2.6688859051229743
51.712,0.09876979,1793.632154088838,0.0015178378,0.04248046875,0.55928636,0.45627826,2.6493348690998064
51.744,0.09335549,1564.9897612512982,0.0010289298,0.04150390625,1.145012,0.53777975,2.678903313894547
51.776,0.09043854,1363.2031124219375,0.00066318514,0.0400390625,1.0018494,0.7415473,2.763308014221255
51.808,0.101904795,1447.5868431298804,0.0039630053,0.0361328125,1.0842148,0.84641826,2.901261223180194
51.84,0.1522432,1384.6016778606247,0.0068957317,0.03369140625,0.63528824,0.9234478,3.026214365495715
51.872,0.18830459,1099.9888973624861,0.0022605734,0.03369140625,8.07879,0.97792053,3.1199783254517035
51.904,0.15467936,963.1972139887522,0.0009444421,0.03271484375,6.1936064,0.9845209,3.2207653856738667
51.936,0.117799796,1041.2526101177664,0.00081404625,0.04150390625,0.49168995,0.8328765,3.326708576176106
51.968,0.106645726,2499.236868068934,0.017860333,0.130859375,0.10425871,0.6394744,3.416563569517211
52.0,0.0805842,3239.006404535162,0.121584795,0.20849609375,0.30203772,0.5144286,3.5019546817861604
52.032,0.04673639,3401.917686173351,0.21222241,0.2685546875,7.9249635,0.25082567,3.5872918076931684
52.064,0.02897291,3264.3753246959945,0.1718907,0.32470703125,5.4908457,0.24081022,3.6820428717770346
52.096,0.023807792,3042.199423772977,0.12246701,0.3212890625,0.35269696,0.25155112,3.8340335074546976
52.128,0.03554947,3492.1661949320346,0.21621017,0.33056640625,0.021285648,0.08478278,4.083542415175206
52.16,0.04325735,3572.5818061985533,0.21090987,0.35009765625,0.39583758,0.028622352,4.442102272925815
52.192,0.035599444,3417.899071776049,0.14842166,0.36376953125,3.9946089,0.037587766,4.889245524726265
52.224,0.0298234,3371.151707772821,0.14020179,0.34716796875,1.6511998,0.07808561,5.383798039393698
52.256,0.03118223,3271.1709268534346,0.094076216,0.3251953125,0.44759887,0.07760663,5.916942280471884
52.288,0.024601078,3147.7040915343755,0.09259308,0.27294921875,0.4925532,0.097755335,6.408212770403212
52.32,0.014401655,2821.7638707121396,0.08722618,0.2861328125,0.26450562,0.29766276,6.868887148103057
52.352,0.021667114,4348.188898513132,0.1837545,0.36962890625,0.40033048,0.13171451,7.325829556926645
52.384,0.051824152,4875.89182207406,0.12447742,0.45849609375,0.28036743,0.015455157,7.761931446985589
52.416,0.06302848,4962.045654849269,0.11286506,0.53369140625,3.9622133,0.010235123,8.129437467581756
52.448,0.09157237,3801.4709115724654,0.16168179,0.45849609375,3.4985788,0.50067097,8.43669993568123
52.48,0.16470993,2751.9341538668136,0.051868312,0.3203125,1.8489585,0.8637317,8.71078647281785
52.512,0.1867965,2063.732297854729,0.013232695,0.1826171875,9.584685,0.87477446,8.974752217000328
52.544,0.15274899,2145.956849518466,0.005626676,0.0927734375,2.701381,0.8044561,9.18946567439965
52.576,0.12051763,2386.213218401315,0.003956403,0.0859375,0.6772838,0.74896115,9.31817765825441
52.608,0.093866795,2252.4335530807757,0.00724542,0.1171875,0.4381581,0.6377956,9.310728843763876
52.64,0.05538023,2262.274360670309,0.025847187,0.1083984375,0.24983859,0.5864921,9.144056065759795
52.672,0.08413546,2304.216413611625,0.01731034,0.0966796875,1.3695922,0.4627855,8.895930332939697
52.704,0.093484014,2258.301505709459,0.0050711907,0.0947265625,2.6223884,0.74964917,8.59217834477433
52.736,0.09378671,2698.617200366845,0.012864275,0.1025390625,2.5085979,0.8306607,8.272793203027215
52.768,0.09405527,3226.029664885763,0.068306215,0.2216796875,0.55418414,0.6466681,8.038592662459097
52.8,0.064893305,3688.162356428401,0.14459604,0.349609375,3.2932382,0.4458531,7.883412017923224
52.832,0.034612305,4250.9261559067945,0.23454195,0.41943359375,6.4685154,0.118840285,7.7960031762794175
52.864,0.020555604,4223.0073789011985,0.21668501,0.41552734375,0.84772474,0.12288397,7.771181487712621
52.896,0.012258453,3484.2077779701253,0.17047049,0.330078125,0.15766951,0.2962186,7.807858041466646
52.928,0.016634705,2818.7025758149352,0.124250256,0.22509765625,0.11317777,0.2934284,7.856197042771708
52.96,0.06298437,2388.400916122967,0.032541685,0.17041015625,0.28878903,0.16948698,7.889328410672454
52.992,0.09571275,2256.2468710519024,0.01179215,0.14990234375,2.8214135,0.14924453,7.893761611679684
53.024,0.096215226,2308.120247676349,0.0055775805,0.11474609375,6.9158278,0.17243066,7.853888332197003
53.056,0.09023705,2218.6043701080575,0.004567717,0.0908203125,1.9433373,0.40799794,7.751408667057552
53.088,0.087233745,2010.7548175126508,0.0027192628,0.07080078125,0.6394202,0.6754608,7.559194619204816
53.12,0.082063325,1836.0447315475344,0.0020208706,0.04443359375,1.1052796,0.8211978,7.296228905655621
53.152,0.07469075,1622.8771360614887,0.0015832338,0.03759765625,1.0821146,0.8326792,6.930579458396846
53.184,0.0692766,1682.6377381008983,0.0025353627,0.05029296875,0.5606886,0.47415784,6.518168302772218
53.216,0.06918314,2930.792609950651,0.036315694,0.14697265625,0.65951693,0.5059962,6.1044236531339475
53.248,0.05755365,3253.805506328335,0.07326595,0.21728515625,1.8934135,0.63278234,5.6761478289515725
53.28,0.023841275,3654.6185052987985,0.12800816,0.30859375,7.975135,0.47000745,5.216159153157888
53.312,0.014587343,4109.945197785263,0.1389233,0.341796875,1.6908407,0.47990134,4.8030387573601825
53.344,0.013923289,4081.6170330037758,0.1212253,0.29736328125,0.108857095,0.49873194,4.382851501973295
53.376,0.03395338,3674.499774805661,0.24362797,0.3037109375,0.3087328,0.042030293,3.979195376657381
53.408,0.047083817,3614.96226681531,0.23104244,0.2822265625,0.6804692,0.011089574,3.626807481794513
53.44,0.03575253,3313.0070328841452,0.16142519,0.31103515625,9.790068,0.033525653,3.3217904582017646
53.472,0.030130632,3259.312115898889,0.13658856,0.33447265625,3.7705674,0.04177972,3.0527025988161034
53.504,0.025130471,3265.1211043320236,0.12667292,0.3115234375,0.5693057,0.05723813,2.8249265436019892
53.536,0.019637259,3114.216821079767,0.11561479,0.2744140625,0.45229134,0.113833465,2.635818944170384
53.568,0.016188579,2678.413897436116,0.07984745,0.2236328125,0.35990936,0.20202708,2.4790212987333557
53.6,0.013766112,2114.7190069203775,0.034757696,0.173828125,0.44166765,0.42359936,2.4004832080140215
53.632,0.0100797545,1902.4640283182525,0.024742695,0.1279296875,0.706514,0.65246785,2.462205019753121
53.664,0.018436756,1590.4832328325176,0.012034123,0.09765625,0.70342255,0.9167952,2.648245120817606
53.696,0.06646118,1407.117584501022,0.0046721403,0.0927734375,0.19697385,0.84830904,2.90609019951221
53.728,0.10064288,1810.440421397458,0.0056238547,0.08544921875,2.6739688,0.69365084,3.1968585843898145
53.76,0.09395843,2313.427628038335,0.005848554,0.0830078125,8.157208,0.5623709,3.492640290990957
53.792,0.08552277,2437.6271637985583,0.0045863637,0.14453125,4.002935,0.5351018,3.6925854095305013
53.824,0.070555635,2853.7596473152917,0.014133736,0.2685546875,1.5722158,0.6128708,3.8442349569772367
53.856,0.037894897,3999.2629628033715,0.04274373,0.39013671875,1.0376406,0.5140179,3.955469704988734
53.888,0.02146881,4713.928713272343,0.103536904,0.462890625,2.1785836,0.15727358,4.031049366559445
53.92,0.025340546,4584.546454710932,0.123867795,0.43359375,0.7736875,0.14225248,4.037960978167842
53.952,0.017167788,4052.7291784440395,0.1302876,0.3447265625,0.7957515,0.29968703,3.981531013068748
53.984,0.03976135,3272.625562370606,0.2839671,0.2763671875,2.2868564,0.09044124,3.904619562108904
54.016,0.07186374,3229.755159762223,0.26556462,0.22607421875,0.5378481,0.12897445,3.8260601275600514
54.048,0.08373221,2973.9135072395393,0.12307155,0.22900390625,11.412473,0.25690076,3.769830705221841
54.08,0.09262754,2736.0873633668634,0.02613731,0.197265625,5.4693556,0.23841779,3.7325674652912695
54.112,0.08792328,2702.1649242546832,0.008402277,0.13720703125,0.8824016,0.25744498,3.640994079348182
54.144,0.079016455,2467.717242928505,0.007769699,0.111328125,0.30680043,0.3735089,3.4351706088033236
54.176,0.07009479,2159.7419089408613,0.00940788,0.076171875,0.19929205,0.3735435,3.1876955626425314
54.208,0.08805915,1976.7352300143189,0.0034541658,0.05712890625,1.3115294,0.5369368,2.9509427188694772
54.24,0.09824947,2116.4338339037367,0.0014722077,0.05029296875,1.4420015,0.6817784,2.768511262325161
54.272,0.09905391,2019.6695151013566,0.0010756537,0.0458984375,0.5356549,0.6377488,2.730578717311138
54.304,0.09565133,1725.3482139229911,0.00095884135,0.0498046875,0.37256354,0.8268986,2.848474972029872
54.336,0.08431083,1551.5658516906092,0.0018144771,0.1279296875,0.40757632,0.8821559,3.0743242267938804
54.368,0.0484201,2707.100715756358,0.0312683,0.2060546875,1.0496255,0.6391216,3.3736619760517943
54.4,0.02344978,3600.358383451393,0.15896393,0.26513671875,2.6116962,0.14186393,3.762823809736765
54.432,0.015667887,3497.1706889982433,0.14848207,0.3369140625,5.274413,0.3067423,4.2246070387215875
54.464,0.018047405,3588.976798835025,0.22315751,0.33544921875,1.2183199,0.22091146,4.715112294223942
54.496,0.0398792,3375.8291922868793,0.14072745,0.2568359375,0.15322973,0.19564563,5.220314208528591
54.528,0.09442337,2502.437461891609,0.015602908,0.2021484375,3.1174622,0.24934764,5.675468534846051
54.56,0.11041681,2228.6955487456316,0.002763733,0.13232421875,4.710895,0.1744137,6.021660382223302
54.592,0.104726195,2758.4293129090156,0.009062196,0.072265625,1.3018843,0.1949938,6.283332524209543
54.624,0.10545243,3135.3200688174866,0.03546123,0.07373046875,0.36566058,0.4353121,6.469597248631739
54.656,0.10451015,3055.648054887556,0.020933999,0.07373046875,3.6786957,0.64825976,6.581907144302309
54.688,0.102939405,2597.9946526984363,0.0047900854,0.0703125,5.429181,0.6397173,6.6703966028438
54.72,0.096154615,2187.069927422127,0.0029767388,0.0625,0.38801193,0.6312929,6.7740480311484115
54.752,0.061057117,1970.547043989519,0.005110363,0.103515625,0.11589365,0.73241925,6.8655526779255975
54.784,0.02516039,2698.815555420544,0.08655098,0.10595703125,0.5422979,0.43830067,6.958686986226817
54.816,0.052396886,2187.650629032847,0.022302028,0.1005859375,1.1119722,0.6327383,7.060044932625062
54.848,0.07296925,1364.8959567997777,0.002373996,0.087890625,4.449439,0.8614345,7.162002709302801
54.88,0.052028567,1319.7549682726594,0.0017331418,0.05224609375,1.6274047,0.9655477,7.263895693954645
54.912,0.03143148,1679.141444471699,0.013711584,0.05712890625,0.6353274,0.92503387,7.375598021556578
54.944,0.09995104,1595.701092814228,0.020528898,0.06591796875,0.47495097,0.7880078,7.475853113941458
54.976,0.1831148,1528.7930465573747,0.008649291,0.07275390625,4.8678875,0.7642933,7.526268274483464
55.008,0.17860495,1612.3652718695007,0.0030065246,0.06298828125,11.677069,0.7629749,7.572333680679122
55.04,0.13954145,1715.991054009561,0.0020000113,0.05224609375,2.0890021,0.7022088,7.671072457635022
55.072,0.11881851,1513.339117874024,0.0012559256,0.04443359375,0.2560076,0.6206249,7.818295001024933
55.104,0.11081152,1302.9844073462211,0.0007160591,0.0380859375,0.24697705,0.49135366,7.995375024499067
55.136,0.107347675,1262.0532083171515,0.00061266473,0.046875,0.53000605,0.5699938,8.164950700649296
55.168,0.10079922,2043.6967690014408,0.0021136971,0.14013671875,0.81129366,0.6419471,8.223092304255129
55.2,0.06970133,3322.414946410117,0.01126969,0.263671875,0.7061808,0.62871313,8.198264661810972
55.232,0.03810483,3878.6091107442535,0.20495325,0.359375,2.4031181,0.26348135,8.063531931194184
55.264,0.045626305,3628.4975320826625,0.25132823,0.36181640625,2.6433082,0.111336716,7.785010949338626
55.296,0.0720184,2929.0764520157372,0.060096446,0.2724609375,7.249751,0.358839,7.375268113490295
55.328,0.09319258,2439.5107564887503,0.0112602,0.15087890625,3.6390722,0.44913596,6.851938719090383
55.36,0.086180404,2260.8831607536777,0.004876418,0.0751953125,1.2215971,0.55692506,6.251326612110523
55.392,0.0659126,1982.313516257145,0.009375815,0.07275390625,0.5797127,0.47038576,5.6019242715123045
55.424,0.07410845,1857.6754561132484,0.0051713237,0.08056640625,0.76620287,0.44551975,4.960145094532342
55.456,0.08935861,2085.791309556042,0.002223408,0.08837890625,2.3082392,0.577003,4.383700952513504
55.488,0.09030927,2267.6952517887266,0.0015772795,0.0693359375,0.84566575,0.7091589,3.8985347236796275
55.52,0.096434966,1982.1730939274894,0.000979054,0.06689453125,1.152154,0.78931093,3.5001843848624
55.552,0.08638036,1533.7678579482354,0.00095013203,0.080078125,0.7785622,0.6999245,3.18722058494404
55.584,0.039069436,1390.4821884891353,0.0022183298,0.08447265625,0.5718347,0.67432046,2.962271068748541
55.616,0.011647463,1840.1614691230125,0.012564407,0.12548828125,1.0711094,0.83481467,2.791238360981228
55.648,0.015053756,2932.2323940038177,0.0791728,0.189453125,0.5962159,0.61249524,2.684484643444053
55.68,0.021025859,3306.6990965712957,0.19892384,0.25048828125,0.64333296,0.22617686,2.5644033970897593
55.712,0.039968092,3220.6640675500294,0.18793729,0.26171875,7.960732,0.077088974,2.39343402555495
55.744,0.06469363,2684.9840148064814,0.065772705,0.22607421875,5.918713,0.30192804,2.2112832995392626
55.776,0.09088837,2089.2255831464804,0.00907999,0.16015625,5.343063,0.52867275,2.183038992047773
55.808,0.09071187,2184.802962615719,0.003314548,0.0732421875,1.934117,0.6642921,2.3536495530026946
55.84,0.09506547,2513.3946127627796,0.009898354,0.0703125,0.85013884,0.5946887,2.635071404957313
55.872,0.08991271,3017.351756527998,0.043883476,0.08984375,0.41306916,0.59455544,2.9699990004836545
55.904,0.07157955,3032.0883718109317,0.04861664,0.15576171875,2.7055378,0.7594023,3.3168440342704866
55.936,0.040290598,2814.5749793061314,0.045060914,0.22119140625,4.7881265,0.74427265,3.651376614610996
55.968,0.019437674,2908.3733213654496,0.110318996,0.2744140625,0.5354774,0.1767973,3.9811084162107666
56.0,0.026154783,3127.165146781664,0.1085621,0.31982421875,0.10844575,0.10911254,4.253102161928037
56.032,0.027272277,3212.0192766625796,0.11391649,0.314453125,0.97458506,0.086679205,4.382966334242691
56.064,0.023953766,3106.877641567045,0.103852116,0.291015625,2.3343604,0.08540177,4.39043918291242
56.096,0.016788816,2736.0035580755366,0.07890455,0.2392578125,1.1200243,0.14170359,4.375197755646705
56.128,0.010410446,2280.519312571503,0.038594585,0.18603515625,0.5668097,0.46659833,4.37296549148107
56.16,0.010163249,2622.4333141637544,0.050987974,0.150390625,0.3431836,0.6930186,4.409675421256951
56.192,0.05323399,2226.008666962237,0.016847933,0.10791015625,0.14330402,0.5471945,4.539576881475061
56.224,0.11902121,1877.711019892332,0.0038854529,0.0849609375,1.3315969,0.6876738,4.731967247743502
56.256,0.1247105,1730.4670921012969,0.00075473526,0.06640625,8.7938175,0.8811456,4.874180317264625
56.288,0.115310796,1439.7108521418488,0.00026197304,0.037109375,1.7649137,0.90448666,4.908133728780118
56.32,0.10749553,1103.6665354053082,0.0002293358,0.099609375,0.093451634,0.8647009,4.863647596680651
56.352,0.07759655,1804.0859039641198,0.0022619353,0.1943359375,0.22689466,0.78956383,4.768849098299395
56.384,0.027032027,3206.9226796916864,0.030929374,0.28271484375,1.3708094,0.6571712,4.655146017858744
56.416,0.0125085525,4296.254108615418,0.10969256,0.365234375,5.108397,0.49527863,4.570199978409561
56.448,0.012661764,3824.287011552771,0.19141313,0.39453125,1.5623754,0.40471086,4.4966729155076
56.48,0.03986937,3437.8109757801317,0.26550233,0.33544921875,0.61199605,0.03215233,4.4358793526353315
56.512,0.071997516,3068.673638807468,0.14105749,0.267578125,3.4437284,0.10001458,4.436522652832198
56.544,0.091661006,2696.5538435788912,0.033719573,0.19287109375,11.588213,0.28096437,4.540902124347825
56.576,0.084467016,2507.117987467387,0.011842219,0.1298828125,3.5096614,0.5223857,4.731025211367245
56.608,0.0631788,2383.5579886161877,0.015628077,0.12890625,0.7594319,0.6799462,4.9801137607212285
56.64,0.027297504,2646.165801274086,0.052752335,0.18212890625,0.26851824,0.72116005,5.26903422088289
56.672,0.019973008,3562.81930092916,0.24187304,0.19775390625,1.0773426,0.14547712,5.517020006919043
56.704,0.020787142,3379.5293949931834,0.15958792,0.1953125,0.40909573,0.087891124,5.682242902085424
56.736,0.014784489,2278.63695539373,0.035299204,0.17333984375,3.3051386,0.25555745,5.717240530972455
56.768,0.010619141,1754.9646042396507,0.024049498,0.115234375,0.51864314,0.58859223,5.610235715000647
56.8,0.044491157,1216.297913699646,0.0058838245,0.09716796875,0.11291808,0.12070902,5.456344723979927
56.832,0.0899862,1228.9898704972888,0.0026785375,0.07177734375,1.0389086,0.2333959,5.272714290077534
56.864,0.09859702,1372.7684185292144,0.000944905,0.05908203125,8.406663,0.471012,5.063845997683233
56.896,0.096176066,1339.0444950883332,0.00043383494,0.04345703125,2.724062,0.60360646,4.822072846667342
56.928,0.08749915,2235.7103892185937,0.010185926,0.07421875,0.31781086,0.64311224,4.574416446711103
56.96,0.06665753,3237.343909738667,0.09794534,0.0810546875,0.23300265,0.5755806,4.377330145768768
56.992,0.08859533,2868.523176731662,0.03236938,0.0810546875,8.109247,0.35900292,4.22316805463418
57.024,0.11343744,2174.601270680509,0.0039660484,0.083984375,6.2221375,0.5851225,3.9699781991963787
57.056,0.10412543,2167.0275036972166,0.0030994955,0.07275390625,0.87575406,0.59273577,3.6923862861047705
57.088,0.09056425,2904.5199021590115,0.03064711,0.15478515625,0.19924875,0.21863003,3.3928541298801074
57.12,0.056106247,3294.948403442738,0.091684885,0.22607421875,0.62479806,0.176403,3.0782235766737993
57.152,0.025605427,3405.454195747497,0.1602487,0.306640625,6.753605,0.1621683,2.7718752411738348
57.184,0.025610842,3250.237985796978,0.1609827,0.3701171875,1.6215606,0.09100003,2.51510975521141
57.216,0.031660333,3448.64549806778,0.15548615,0.365234375,0.5266289,0.050656993,2.3237695269677894
57.248,0.032819886,3552.7226113826964,0.16313845,0.37158203125,1.5876284,0.045911275,2.2385398566773285
57.28,0.03352502,3422.474702156802,0.12722294,0.35595703125,1.7566807,0.04534802,2.2055424798999663
57.312,0.028898623,3280.3395418806067,0.13745171,0.29931640625,0.9114654,0.05894609,2.237893716507149
57.344,0.023149122,2833.7279949955737,0.10969687,0.2509765625,0.7561152,0.1271,2.3138675304409135
57.376,0.016225873,2265.551067013597,0.04525346,0.1923828125,0.9288977,0.31077316,2.403324010933994
57.408,0.043434553,1493.4750110562486,0.005658509,0.126953125,1.0194434,0.8921622,2.4886846945005923
57.44,0.13441022,1298.0615241221144,0.0064322455,0.095703125,0.17980872,0.9208161,2.566577123836828
57.472,0.19269125,1224.5631259553868,0.005340171,0.05859375,2.384714,0.9040109,2.673041258078232
57.504,0.17933437,1273.5962222870685,0.002849325,0.04150390625,10.94359,0.83820575,2.883920976878664
57.536,0.13546729,1348.9656289738878,0.0015890097,0.04052734375,2.5751724,0.63525134,3.0924242048342894
57.568,0.11171001,1263.4271202972996,0.00087018526,0.03955078125,0.5314606,0.5633939,3.314597876795916
57.6,0.10641869,1207.8259032773485,0.0007635359,0.0400390625,0.16579142,0.36500347,3.5662553692077736
57.632,0.10255734,1514.9175807108345,0.0015434003,0.04345703125,0.18240026,0.08333199,3.846894300288069
57.664,0.08968872,1745.2995928901491,0.0037060657,0.0439453125,0.94025767,0.2778451,4.102358931916767
57.696,0.06075814,2289.7740881306327,0.025033975,0.12451171875,2.7029314,0.51199347,4.331100792780951
57.728,0.04957772,3361.0328070000096,0.21783055,0.16259765625,2.7473822,0.1257565,4.5617947133202685
57.76,0.06983685,3051.114460600893,0.115737975,0.19775390625,3.6515694,0.06588964,4.802907944839676
57.792,0.08644931,2615.9978854807996,0.023752004,0.2099609375,6.3823357,0.089267,5.0055145371504
57.824,0.082627796,2388.8829032819904,0.007857765,0.15087890625,2.4221873,0.14086083,5.155956251007942
57.856,0.06476352,2118.549589514176,0.008213052,0.15234375,0.60453606,0.35733515,5.240572804071919
57.888,0.028000874,2050.395180748069,0.014716176,0.14892578125,0.25805756,0.5025759,5.266804408714772
57.92,0.014592101,2482.387201697772,0.056647196,0.189453125,0.7407328,0.26200306,5.260243451848781
57.952,0.021419484,2694.6968433086467,0.102857254,0.189453125,0.15879752,0.20179285,5.234201085903422
57.984,0.057513658,2262.491974176365,0.01712967,0.1533203125,1.4160614,0.620719,5.2275866999871425
58.016,0.10570139,1917.1808407611563,0.0020999345,0.12109375,4.789113,0.750133,5.293815767851825
58.048,0.1102394,1959.1842946358177,0.0016530778,0.095703125,1.7604396,0.7101745,5.401244351178282
58.08,0.09600292,2191.1973041533865,0.004005816,0.0859375,0.61568403,0.5474478,5.519462387128077
58.112,0.084210925,2360.4225016465098,0.0036916374,0.09375,2.7590017,0.50409317,5.666287678860688
58.144,0.082815684,2397.0612882219357,0.0026870386,0.09521484375,3.446201,0.6296994,5.8803776831676515
58.176,0.087680735,2205.547644808446,0.001736554,0.06689453125,0.58892673,0.8139122,6.13635803058489
58.208,0.09167916,1791.0553643839523,0.00082776474,0.05517578125,0.44011837,0.93074316,6.389241618811577
58.24,0.09627468,1298.835328727458,0.00040251124,0.0439453125,0.7095811,0.6096851,6.621992023473943
58.272,0.10466051,1131.3730580074289,0.0002486342,0.048828125,0.3318367,0.4296679,6.7862750579107125
58.304,0.100198045,1493.4384962567824,0.0021477954,0.05517578125,1.0224725,0.72555214,6.933192514546462
58.336,0.08043087,2378.012675925358,0.025347264,0.099609375,1.0462518,0.5553002,7.119547710500455
58.368,0.081934266,2938.282281428569,0.093599305,0.1240234375,7.316951,0.18940721,7.348093377053691
58.4,0.087200604,2820.4565291221597,0.05481735,0.12353515625,7.0071206,0.23807588,7.5727734815005645
58.432,0.08403956,2622.7997886880335,0.012266862,0.13037109375,4.9527307,0.36218446,7.7499665744175985
58.464,0.077097744,2408.9649517224725,0.006791434,0.09619140625,0.8916515,0.4213909,7.797841196342867
58.496,0.07178563,2367.6994060060833,0.008851098,0.18359375,0.36018166,0.43115932,7.678790416589879
58.528,0.04729934,3363.495821838338,0.028375406,0.318359375,0.20789286,0.41014907,7.52195436635048
58.56,0.026381927,4724.917958270282,0.077696934,0.408203125,1.2443225,0.14760181,7.339403022514935
58.592,0.023995975,4708.23800087677,0.084012814,0.4228515625,1.4491835,0.20341787,7.109795376728607
58.624,0.058099344,2929.045658282409,0.013641638,0.31005859375,0.85806686,0.9240932,6.853121373195876
58.656,0.109588996,1913.0486934857581,0.002300399,0.16796875,0.9405321,0.9824952,6.625461369295827
58.688,0.11557601,1641.266437062751,0.0026524265,0.06689453125,2.9669259,0.89394605,6.444976448194991
58.72,0.09614956,1874.7281269468715,0.00552141,0.04443359375,1.4212143,0.64919966,6.304658732452844
58.752,0.08322273,1879.8732928236295,0.0026718327,0.044921875,4.2706876,0.5575521,6.219881448089255
58.784,0.08523489,1515.5880954533282,0.00089053356,0.041015625,2.545976,0.55750555,6.1364992406948415
58.816,0.09562607,1276.4336370728845,0.000423365,0.04052734375,0.7217244,0.6234059,6.046616648118337
58.848,0.09587193,1331.2984120463668,0.00059171347,0.05322265625,0.500092,0.52173454,5.938065203534157
58.88,0.08662633,1723.9412615787035,0.0021572702,0.0654296875,0.56086904,0.46169877,5.798931583122433
58.912,0.07983418,1990.7221007316125,0.0029612107,0.0654296875,2.7219722,0.5162628,5.6069066117076725
58.944,0.0800772,2463.256107049002,0.011010036,0.09326171875,4.8625975,0.58638287,5.410456093335019
58.976,0.08533235,2944.5228256192395,0.07033087,0.08984375,2.328843,0.56944954,5.190385652006914
59.008,0.09500402,3040.7964218580064,0.0593333,0.07861328125,3.6760364,0.7382726,4.9217309491905485
59.04,0.1019884,2829.9285326500503,0.01633003,0.0791015625,6.8407345,0.9294735,4.696585544904663
59.072,0.10461545,2313.5201418629385,0.0048485463,0.04931640625,0.90014917,0.9515556,4.547288524920607
59.104,0.1039254,1843.2589613456917,0.0018561073,0.0390625,0.12233013,0.81405437,4.470607468970554
59.136,0.10337161,1599.9968036021057,0.0010379241,0.04345703125,0.15847772,0.56857115,4.425273010621134
59.168,0.101109914,1590.9449749533173,0.0018811466,0.04296875,0.25576282,0.25237477,4.358823653995617
59.2,0.0944795,1722.3670356808848,0.0022599576,0.04296875,0.7710581,0.20084171,4.279844214023614
59.232,0.09964045,1580.6418805949731,0.0008707443,0.04248046875,3.2928143,0.45950064,4.242284117650755
59.264,0.09844177,1268.3046010463174,0.00030455453,0.037109375,1.4177583,0.5087221,4.244243956856669
59.296,0.09215344,1177.5368406714115,0.00021438405,0.037109375,0.43673474,0.67477256,4.254368545755295
59.328,0.09426591,1136.5463879494132,0.00029329027,0.03662109375,0.29498208,0.87891585,4.271751748760103
59.36,0.097309165,1038.3740775864208,0.00024701693,0.037109375,0.325495,0.98254275,4.3345652317599574
59.392,0.09070766,2298.1925064022703,0.00607671,0.1025390625,2.2630093,0.9149362,4.484281263698166
59.424,0.074304774,3202.6523667679594,0.06422707,0.185546875,1.3759658,0.5969227,4.717562018420689
59.456,0.04685764,3435.214816288826,0.17537153,0.244140625,8.7870455,0.23913804,5.031556431153559
59.488,0.027391382,3421.789755529247,0.19094384,0.306640625,8.154942,0.1238659,5.369305782542505
59.52,0.021070525,3051.9531235783647,0.11905727,0.31298828125,1.4032184,0.2270186,5.71214169547329
59.552,0.040330347,3233.1135995720474,0.15303114,0.31103515625,0.06259963,0.048992768,6.017284272476091
59.584,0.053690527,3280.783318151949,0.15525615,0.33251953125,0.42699152,0.022822155,6.2551197857776195
59.616,0.054313432,3180.802807393579,0.11088007,0.34619140625,5.550022,0.02665657,6.436353924341376
59.648,0.045170296,3196.8383967980208,0.10107011,0.3427734375,2.8055954,0.037220977,6.621157511993729
59.68,0.03149937,3163.515729875318,0.104714245,0.3037109375,0.707791,0.055746183,6.8143225572885004
59.712,0.021992981,2888.433595040998,0.08336674,0.2900390625,0.35900944,0.13834077,7.010186049468037
59.744,0.013392384,3046.0743090169626,0.10058234,0.35888671875,0.35866323,0.39504138,7.210501258830887
59.776,0.0143672675,4409.6623733130955,0.11396458,0.435546875,0.24849486,0.26620644,7.365963043878084
59.808,0.016110262,4880.02083423592,0.098982714,0.5341796875,0.39196137,0.16373447,7.487065915297351
59.84,0.014649201,4833.8358597682945,0.09397054,0.57958984375,1.2168598,0.18008068,7.547960038813854
59.872,0.057947565,2232.6796244996303,0.042307567,0.439453125,0.66490984,0.7858703,7.54466856495177
59.904,0.15810105,1674.2146483292554,0.01682588,0.306640625,0.6010886,0.8219186,7.507731077513711
59.936,0.18688568,1697.23442778425,0.008159462,0.18115234375,13.861527,0.8281399,7.431918413057583
59.968,0.140779,1791.2385421115757,0.0040455707,0.08544921875,6.28791,0.78502905,7.292329467836629
60.0,0.073265575,1745.0314736524692,0.0059940675,0.10107421875,1.0558697,0.79488605,7.03849315738786
60.032,0.028143594,2053.3382060698104,0.021054935,0.1826171875,0.06512236,0.7890008,6.716480645115656
60.064,0.024040157,3509.0166547263216,0.15563026,0.28564453125,0.3824355,0.36479208,6.358048833885316
60.096,0.027073482,4055.4294355979837,0.18464957,0.294921875,0.32868305,0.15858367,5.983956659042749
60.128,0.058843587,3103.8467769443173,0.02567075,0.279296875,4.520052,0.35882464,5.5915649464610935
60.16,0.10653339,2759.371073895216,0.014254749,0.23828125,1.7765211,0.36947834,5.227832842550821
60.192,0.10974212,3222.9750302755674,0.05414886,0.15283203125,1.2665315,0.2610336,4.8907843699204365
60.224,0.10201023,3156.9757459209395,0.04132704,0.15869140625,3.3504891,0.10832521,4.560567267905319
60.256,0.09883644,2826.7766004155255,0.0125429025,0.17431640625,6.2157826,0.16303556,4.291482201744637
60.288,0.08927583,2600.2600514880924,0.008944361,0.12353515625,0.94978786,0.31930867,4.041030071334316
60.32,0.08732761,2451.2141078235245,0.006524759,0.09130859375,0.1292165,0.4330232,3.8241177664504273
60.352,0.10081624,2154.838041246938,0.0020423802,0.0634765625,0.8471888,0.4591604,3.622640589145707
60.384,0.09758036,1914.6465729781971,0.0015536705,0.05712890625,0.35634792,0.6813177,3.4471609120317073
60.416,0.0617699,1851.6917764107006,0.0035351273,0.07177734375,0.36844957,0.7959672,3.3042027368003266
60.448,0.028298466,2165.6841467039803,0.02662373,0.09765625,0.6075765,0.38410142,3.1934844627492645
60.48,0.074871674,2224.397695488293,0.01741822,0.1298828125,1.3177161,0.084562525,3.116159454428285
60.512,0.102169506,2289.237721576191,0.010036314,0.140625,2.624069,0.1126127,3.0656010255425152
60.544,0.090700105,2469.0112346340643,0.006588465,0.14501953125,6.6788173,0.19531697,3.047349034723384
60.576,0.084890895,2354.4704142400255,0.0044233296,0.13427734375,1.9087615,0.3245798,3.0548035011421866
60.608,0.07474451,2025.1714614605735,0.005665,0.111328125,0.7389309,0.47967717,3.094338823606777
60.64,0.07695137,1820.6606677933714,0.005048929,0.09130859375,0.68930626,0.39823565,3.127534653898886
60.672,0.08381534,1780.128975489487,0.0028511465,0.1025390625,1.9793012,0.34164107,3.106098458797446
60.704,0.053627007,1916.5567192888425,0.008087339,0.10498046875,1.4251292,0.43335193,3.040259118744975
60.736,0.020521345,2565.106333739103,0.038345527,0.14794921875,0.7008612,0.36354187,2.9561453352963842
60.768,0.017922241,2938.361914344273,0.071766265,0.19287109375,1.1879671,0.2583975,2.87827819347483
60.8,0.05213506,3284.336863019026,0.15383674,0.1806640625,0.30391812,0.2411247,2.7952828668591674
60.832,0.09898812,3191.8877109851246,0.07904081,0.1708984375,1.883632,0.4585042,2.7376750748384078
60.864,0.10701152,2990.333894449089,0.02457249,0.1318359375,10.855957,0.7624911,2.7283707412448983
60.896,0.09170283,2417.195877628833,0.011490993,0.15185546875,2.8536139,0.90513283,2.776958027226758
60.928,0.048277866,2710.9006628968027,0.038855642,0.2021484375,0.17235112,0.7324173,2.8457345946149615
60.96,0.029722368,3383.1445737570866,0.15760036,0.2138671875,0.81480116,0.2491202,2.9220914704450562
60.992,0.06029722,2616.387723805174,0.024351737,0.2001953125,1.8608515,0.27371138,3.0089304152557337
61.024,0.092278644,2303.193822413206,0.007230894,0.1572265625,2.029374,0.25109786,3.1065263310712976
61.056,0.083965324,2347.204936311713,0.010548265,0.2275390625,1.7140974,0.49144664,3.213382076449074
61.088,0.048465144,3336.113527168146,0.03196084,0.33984375,1.1842101,0.6314109,3.3493851908233223
61.12,0.022427954,4591.4181616254955,0.07434404,0.44287109375,1.5067027,0.1677227,3.4924085035551937
61.152,0.020378023,4348.529791546628,0.08991296,0.43701171875,1.2355306,0.13078494,3.6766874012806143
61.184,0.022650927,3144.9656662637462,0.05834443,0.31005859375,0.22053565,0.19765577,3.903848745871332
61.216,0.017852271,1858.3629577021195,0.02285858,0.18701171875,1.8865136,0.40307528,4.1300752753465515
61.248,0.045800075,1408.2119124371889,0.007929017,0.08740234375,2.4052453,0.16993065,4.361249529396328
61.28,0.087037854,1270.685814807046,0.004124396,0.07177734375,0.909683,0.35627818,4.530012159000815
61.312,0.0656792,1149.9792867346582,0.0028293352,0.06494140625,6.081314,0.5736805,4.626512119646208
61.344,0.021176249,1497.1681899328908,0.01699126,0.08349609375,3.4488654,0.6365415,4.622013335891456
61.376,0.033282556,2541.980665863628,0.16313682,0.1591796875,0.23388043,0.1104694,4.54831909626849
61.408,0.05751656,3203.6251577287967,0.24781509,0.19287109375,2.115922,0.071490675,4.481322859738908
61.44,0.07361162,3126.19360403047,0.118386336,0.1845703125,11.62942,0.46249348,4.429905070821684
61.472,0.107465565,2506.822585172339,0.018662078,0.15771484375,4.801303,0.7894147,4.391507969718688
61.504,0.113258734,2222.8565607594824,0.0062158527,0.0751953125,0.9463289,0.8582068,4.35280552319909
61.536,0.11455183,1892.175993719411,0.0027962946,0.0419921875,0.37851936,0.94910604,4.301198279328631
61.568,0.11015629,1799.5930770811879,0.0026318561,0.0419921875,0.5226166,0.8204685,4.206715533297033
61.6,0.09999883,2108.092326545183,0.0039131152,0.05859375,0.2635009,0.5751885,4.058230389796032
61.632,0.0811692,2270.2035361314975,0.003955757,0.07470703125,1.8289876,0.5835027,3.8990628742926985
61.664,0.046620596,2083.1056079164964,0.010050355,0.09375,1.826368,0.4203472,3.7090291196099936
61.696,0.026691575,1594.2908517272067,0.01301672,0.09619140625,0.924225,0.23649351,3.466876424577
61.728,0.08062136,1102.6566174608813,0.0016121395,0.07861328125,1.3487895,0.04526772,3.202493621029462
61.76,0.114406936,1082.6066663158308,0.0007532419,0.0625,1.3387151,0.22759818,2.9824795889293063
61.792,0.10700185,1194.8800662908702,0.00040866027,0.03955078125,2.8894532,0.7846277,2.8383167819387674
61.824,0.1001287,1426.338280077366,0.0009145138,0.044921875,0.95469666,0.90231806,2.7704064693794543
61.856,0.09781364,2791.9545263759737,0.023256693,0.060546875,0.37917995,0.7686506,2.7709108555642925
61.888,0.09035855,3036.2443156678355,0.048778143,0.09912109375,2.8510795,0.6775468,2.842485887833077
61.92,0.067914456,2743.4814488301013,0.032071453,0.1513671875,10.845943,0.5826219,2.9453688417778334
61.952,0.029178383,2628.3889978247366,0.06432216,0.2099609375,2.8715775,0.39515203,3.0638937085305984
61.984,0.026743004,2985.0259541388136,0.1477774,0.27392578125,0.21927233,0.07507856,3.209542577523485
62.016,0.05081535,3261.3562393820707,0.17445515,0.3173828125,0.26253486,0.021259252,3.385538413945139
62.048,0.05050712,3309.3530253170684,0.15117592,0.34375,2.706555,0.022319159,3.5941278854276915
62.08,0.041953247,3340.879355827491,0.13146566,0.359375,4.9644656,0.02976614,3.835022130404851
62.112,0.03726027,3297.3888281347877,0.14307435,0.3447265625,0.74602044,0.037430108,4.081428185634968
62.144,0.033665214,3212.2563986637547,0.121591546,0.31591796875,0.76506156,0.054621015,4.364590768126836
62.176,0.028821472,2961.346834385476,0.0970511,0.2822265625,0.6912269,0.07884323,4.659455127164207
62.208,0.01978492,2588.6232067577043,0.06946518,0.23388671875,0.5401119,0.18220411,4.9062812468033865
62.24,0.012726711,2158.8030433030835,0.038000897,0.1884765625,0.49554598,0.50716245,5.141562591006197
62.272,0.0195744,1670.4126542210693,0.01156449,0.1376953125,0.34326386,0.60017157,5.332435627067396
62.304,0.09125554,1349.8408010797798,0.0037012466,0.09765625,0.2178684,0.5799474,5.4705664225625315
62.336,0.1628835,1535.6670789453015,0.009310187,0.06640625,0.94179404,0.66445845,5.533717325712041
62.368,0.18868896,1354.555828973187,0.006146175,0.0517578125,7.733966,0.7064284,5.484176483766445
62.4,0.1703327,1211.5464712947114,0.0019246531,0.0537109375,8.10576,0.71833473,5.35388197909025
62.432,0.1292443,1633.7921405460654,0.0029626118,0.1396484375,1.1557353,0.6177968,5.147866042206995
62.464,0.0865328,2806.8717779338062,0.0134720635,0.2861328125,0.2830093,0.44039646,4.8559146626521
62.496,0.04083827,4095.288206065158,0.053582158,0.39404296875,0.78642,0.34170243,4.491725001593501
62.528,0.023621907,4683.121392949143,0.06934084,0.41650390625,2.0324228,0.12498009,4.092639356995997
62.56,0.019508699,4140.471260702772,0.05097889,0.36767578125,0.57423836,0.17276059,3.7187185367260236
62.592,0.018429786,3313.0714667344787,0.15084895,0.30517578125,0.20192157,0.17350458,3.4200256922871155
62.624,0.045766775,3608.8829726844333,0.23007965,0.2802734375,0.55357516,0.040503435,3.1962521507839514
62.656,0.046776474,3590.3410279646487,0.22915153,0.3349609375,4.884034,0.03825267,3.068217892931491
62.688,0.027476724,3428.887772793585,0.18124174,0.34521484375,7.981293,0.09018225,3.0267080594582487
62.72,0.01815662,3107.9352366905327,0.1374228,0.3017578125,1.3966141,0.18087626,3.039147511198927
62.752,0.017779812,2695.028171230857,0.12174824,0.2470703125,0.11383869,0.21071272,3.1101829133809695
62.784,0.07435255,1777.1518386348262,0.027032083,0.17626953125,0.17280829,0.83710986,3.155276796261765
62.816,0.16326727,1718.0353751772038,0.014027292,0.13818359375,2.1345334,0.874898,3.1448086487885227
62.848,0.18697108,1998.0217537504511,0.009212433,0.126953125,7.728356,0.81990373,3.1190973118421472
62.88,0.1462036,2357.480513215045,0.0082177995,0.12353515625,4.0445004,0.71220374,3.096883200775738
62.912,0.10620506,2429.6957538427587,0.0054859524,0.125,1.5199121,0.56443065,3.0853938007898374
62.944,0.08916034,2293.2580573759224,0.005337741,0.138671875,1.0743364,0.5186902,3.109951073116106
62.976,0.061842237,2199.137999303489,0.011183662,0.1923828125,0.54071045,0.5656844,3.175646375980262
63.008,0.02544339,3017.3786656801094,0.060080867,0.21484375,0.66053766,0.55635786,3.2605960590969363
63.04,0.015749149,3578.858187267687,0.091265336,0.22509765625,0.9502972,0.25687835,3.3332479251530516
63.072,0.013717782,2936.623415238034,0.05333364,0.24658203125,0.72939765,0.53380126,3.327403552239272
63.104,0.02191584,2610.779214412531,0.059616294,0.16943359375,0.18207987,0.3822492,3.2563583096055875
63.136,0.080367744,2325.9600770111715,0.011392437,0.12451171875,0.43427014,0.25443822,3.141812633775498
63.168,0.112939246,2371.8254532397264,0.0043519465,0.10546875,5.0786276,0.29730657,2.9786216639238243
63.2,0.108076416,2504.5060249962444,0.0032975646,0.0703125,4.115526,0.53783244,2.793358770589972
63.232,0.108070865,2941.55301767128,0.032454636,0.12255859375,0.9634405,0.58426714,2.646793114577462
63.264,0.087576784,2982.1621226596308,0.06900653,0.1826171875,1.4415717,0.5080392,2.5963112107399144
63.296,0.039429933,2963.5531976557522,0.11668828,0.24462890625,8.499015,0.37603617,2.625866222315626
63.328,0.01906993,2910.32405888982,0.1345475,0.27490234375,2.066308,0.15677063,2.663660322218665
63.36,0.013344915,2627.778045245245,0.09194794,0.24072265625,0.2608366,0.25200298,2.7117045215445708
63.392,0.05555832,1878.851824596753,0.033029392,0.1796875,0.08812823,0.8537434,2.7573681879194507
63.424,0.14762644,1698.2995817667281,0.017736528,0.13330078125,0.26463625,0.830068,2.804208812167351
63.456,0.17779802,1719.2356410443876,0.007881741,0.1103515625,7.99775,0.7955115,2.8545811783959993
63.488,0.13785698,1859.9838666218045,0.0037914433,0.1201171875,6.7412877,0.72919166,2.910048757228791
63.52,0.08566362,2095.731212334001,0.013536969,0.22216796875,1.0181557,0.6611605,2.983668956045826
63.552,0.040208727,3172.8765219234074,0.07296605,0.33740234375,0.13885054,0.6169263,3.1109090509188384
63.584,0.023902059,4177.365762646337,0.13023113,0.43896484375,1.5707829,0.3128126,3.2727419962732736
63.616,0.021990195,4421.796967418492,0.10282479,0.45361328125,1.2252783,0.23178881,3.487903595897228
63.648,0.01641249,4152.47953288163,0.10882891,0.37548828125,0.31760603,0.26859888,3.7786366928344677
63.68,0.016595194,2491.768609399133,0.075757734,0.259765625,0.20822418,0.67108184,4.07251906212693
63.712,0.09490904,1673.1763893843377,0.018633353,0.14697265625,0.24841632,0.81115645,4.270267255875319
63.744,0.16775218,1687.996320019549,0.010707619,0.11669921875,3.1459258,0.7725389,4.325098786650884
63.776,0.15948178,1814.5197497589543,0.004490554,0.09765625,10.733372,0.7734437,4.263347190162646
63.808,0.11804537,1926.3365208751923,0.003069275,0.08544921875,2.9098232,0.78545934,4.172027350336876
63.84,0.113008216,2463.406862953557,0.018801574,0.13525390625,0.6662146,0.81850773,4.0820520116711085
63.872,0.093905665,2944.540049252516,0.05595678,0.24951171875,0.13340303,0.6984063,4.011879414661228
63.904,0.051392317,3826.618426931277,0.16186364,0.39013671875,4.7124186,0.26216298,3.9433459821228016
63.936,0.05792008,4629.217705052476,0.14750434,0.52734375,2.9314022,0.03139076,3.871157844496476
63.968,0.06270114,4707.451163407816,0.121047795,0.55126953125,0.98394877,0.034804292,3.7807076432230944
64.0,0.0798191,3764.6576296983703,0.14779884,0.4404296875,0.9856109,0.52687114,3.671823062351207
64.032,0.137699,3017.865173987038,0.044879373,0.29150390625,1.0187004,0.8700538,3.5069746458501574
64.064,0.15054433,2445.063909504689,0.016400026,0.15087890625,5.5282393,0.8759679,3.2938248694027443
64.096,0.12805814,1894.921100038897,0.0058971383,0.06640625,1.5666641,0.5205937,3.0236304599994868
64.128,0.1080206,1912.1265129849917,0.003400431,0.04736328125,1.0442537,0.2897441,2.6891326413712515
64.16,0.10807354,1691.5983406597493,0.008021936,0.0419921875,0.77169824,0.61671966,2.3214700632143193
64.192,0.14708585,1504.2386565261763,0.010605661,0.033203125,0.67174256,0.91696835,2.0116913314844234
64.224,0.17924713,1221.1955470173789,0.0032213123,0.03466796875,5.4079294,0.9808515,1.8530846985880411
64.256,0.14268178,1053.0488703669691,0.0014328065,0.03125,4.2860794,0.9084102,1.8174045007427895
64.288,0.10023415,1188.800947992319,0.0015485674,0.03369140625,0.22479941,0.43054152,1.8293047893916021
64.32,0.082425736,1332.7514842723695,0.0020668216,0.0576171875,0.33177894,0.36447132,1.814825460991781
64.352,0.05775786,1586.3806658585177,0.0053487523,0.0859375,0.3148464,0.6807859,1.801357750994013
64.384,0.022655278,1843.1332962120619,0.024035795,0.103515625,0.6945136,0.70449686,1.8035453340264338
64.416,0.012513466,2618.4104851285038,0.10767844,0.1611328125,1.9106249,0.4540426,1.8079949719415256
64.448,0.036683813,3685.6598793373364,0.30126655,0.23681640625,0.4473868,0.044276778,1.8301025484663638
64.48,0.05265579,3687.6254400845073,0.28175083,0.28955078125,1.5409014,0.018720392,1.8697567985102823
64.512,0.04592685,3503.289210937027,0.18655536,0.34912109375,10.476921,0.016231116,1.9561738787228116
64.544,0.04431443,3298.208448792973,0.10601481,0.36767578125,3.4307358,0.027493937,2.100967606118031
64.576,0.04135129,3392.059356475932,0.102144815,0.35009765625,0.5324873,0.038706917,2.2711693432515236
64.608,0.040858816,3391.194630426564,0.092158504,0.3173828125,0.64281815,0.02609077,2.4765132327576733
64.64,0.031073097,3113.3949822677755,0.098260686,0.27978515625,0.61873806,0.06449038,2.717372986502356
64.672,0.020828906,2679.7867057265294,0.068915725,0.2431640625,0.62730527,0.28692943,2.9180572566388068
64.704,0.012093933,2411.9562442843353,0.04922734,0.181640625,0.6199223,0.45275024,3.0006931387546434
64.736,0.029333081,1831.7601649169592,0.009251261,0.13330078125,0.33723107,0.9266629,2.992506785881872
64.768,0.09464219,1831.3968533399811,0.0035066896,0.1044921875,0.15989675,0.9220325,3.037894968889987
64.8,0.1231077,2315.752067809409,0.0063632135,0.091796875,1.777283,0.73221374,3.2031377723393497
64.832,0.10361374,2591.7132193509306,0.0074821897,0.10595703125,5.2363324,0.391505,3.4005528120072848
64.864,0.08685915,2418.6883436595854,0.0059757167,0.1123046875,4.887215,0.2277912,3.600790661198734
64.896,0.06897688,2074.881608730462,0.0061563244,0.13330078125,2.0325484,0.32238603,3.787380532478779
64.928,0.03291991,1849.0249797446781,0.009078156,0.15234375,1.109023,0.54123247,3.959268663579571
64.96,0.016398575,3519.3330888135524,0.08354747,0.267578125,0.9314927,0.4094725,4.097284419883974
64.992,0.02280757,4486.6761287159325,0.12289161,0.396484375,0.115839064,0.15030612,4.149300060303782
65.024,0.023686308,4710.328032760055,0.10015904,0.474609375,2.071702,0.09973651,4.092506140240355
65.056,0.036371164,3622.7346450554787,0.23542899,0.44091796875,3.1751575,0.16270286,3.986218689666586
65.088,0.09873187,3125.7911523344255,0.09468693,0.3154296875,0.82243484,0.16227265,3.884740353394456
65.12,0.1125673,2863.7803140956967,0.033805937,0.18798828125,8.900124,0.15077886,3.8001338074081583
65.152,0.09147091,2623.317923987768,0.012239069,0.08544921875,5.7039046,0.32153484,3.7448419645798903
65.184,0.08390126,2380.7686494848667,0.0059490516,0.07958984375,0.7455066,0.47095916,3.753404196979117
65.216,0.08387633,2198.843500043046,0.006252091,0.06884765625,0.46915585,0.5085137,3.8153346392624963
65.248,0.07848212,1900.5847741585171,0.010140171,0.06005859375,0.32772613,0.437825,3.791371389372127
65.28,0.08486824,1784.7315621118396,0.005840665,0.0537109375,1.5584936,0.423093,3.7426723462286935
65.312,0.08109059,1777.1564745756452,0.0036812176,0.046875,3.0434456,0.66569656,3.7373194913350174
65.344,0.051500205,1740.5449609607172,0.0060349186,0.0390625,0.88290715,0.84804934,3.791194612868066
65.376,0.044466134,1833.6323406395695,0.00687088,0.03955078125,0.7317467,0.8810749,3.859599335756702
65.408,0.07879874,1540.2586235696706,0.002068027,0.041015625,0.75285834,0.65752417,3.920771737670483
65.44,0.09890339,1365.8053629005167,0.00060276635,0.0419921875,0.91165215,0.4639018,3.97576874680926
65.472,0.098953135,1312.9322227703474,0.00031550773,0.044921875,1.637125,0.3662379,4.065494291414764
65.504,0.09745457,1344.7702613263173,0.0002773591,0.04931640625,1.0272973,0.33074132,4.22111764965165
65.536,0.0904096,1600.3694998673823,0.00095059007,0.06689453125,0.684312,0.35341185,4.412024594748903
65.568,0.08946056,2003.8723408516043,0.0039030171,0.0966796875,0.8330617,0.36105505,4.596334546623342
65.6,0.08621993,2338.362738087917,0.005585151,0.1123046875,4.707476,0.31015134,4.752096847736762
65.632,0.079898186,2397.7243996989278,0.004984621,0.1611328125,5.627946,0.34238592,4.844832892752498
65.664,0.06776997,2645.9104951380764,0.025697256,0.2421875,2.1439774,0.4502581,4.862862858703324
65.696,0.050152197,3450.321206790637,0.2003944,0.29931640625,0.9495018,0.20239244,4.805278642891268
65.728,0.04296048,3709.5614597242266,0.26213834,0.375,3.8267338,0.030233994,4.74113987157714
65.76,0.028441455,3675.955373484035,0.24069734,0.39892578125,5.3636613,0.04974457,4.60882346131418
65.792,0.023241274,3362.271163058398,0.20482713,0.3193359375,0.7596561,0.10945131,4.389755495008671
65.824,0.062391806,2605.6737100847217,0.0201183,0.240234375,0.21673289,0.6799177,4.101857451847782
65.856,0.10725537,2375.554869216559,0.004832375,0.1708984375,0.85149825,0.8165728,3.8664927598206402
65.888,0.10396582,2499.2666910357075,0.0049099065,0.11279296875,1.0856557,0.6455133,3.656035373810741
65.92,0.08934827,2526.4187391063874,0.00394862,0.1025390625,1.3464649,0.49153125,3.466473573531689
65.952,0.08484715,2460.8199300351234,0.0021465456,0.09521484375,2.372501,0.65065795,3.3060350469013264
65.984,0.088076636,2271.358946501086,0.0016111145,0.06982421875,0.7142087,0.8539141,3.2040576294515493
66.016,0.09425954,1782.3485549233155,0.0007143922,0.05078125,0.2258017,0.8711711,3.189133930129579
66.048,0.099618316,1525.9661729643458,0.0003456146,0.0390625,0.47263932,0.56593764,3.255895669214554
66.08,0.10419506,1436.0461164720105,0.00025258856,0.03759765625,0.5388184,0.4744451,3.3667609641226344
66.112,0.108867414,1329.4686027721182,0.0006219549,0.0478515625,1.3274891,0.67717403,3.4667163019263048
66.144,0.08904915,1590.085301993632,0.0060431077,0.05810546875,1.1021045,0.627795,3.605450068830133
66.176,0.0824904,1790.2285973603118,0.008703065,0.08251953125,3.3896284,0.20143984,3.8007822940015625
66.208,0.09140457,2060.118408055232,0.0043515405,0.10595703125,7.4114127,0.18825705,3.9700336729609833
66.24,0.08437056,2318.5275539220343,0.004989239,0.125,2.1910903,0.26281342,4.0185608595862465
66.272,0.08023333,2572.112279972355,0.009740891,0.1611328125,1.795694,0.32579798,4.038488650209686
66.304,0.07779821,2909.3332898547897,0.06055038,0.26025390625,1.9160973,0.34252056,4.133471590110471
66.336,0.05721419,3291.36653219048,0.1563129,0.36962890625,2.3333483,0.30256402,4.224937195501679
66.368,0.03278928,3972.4029222674844,0.20471674,0.43896484375,6.1015267,0.11563688,4.349166472243827
66.4,0.028621936,3966.6225751015136,0.14843301,0.396484375,1.1250644,0.19312441,4.517844706985572
66.432,0.07615206,2472.8827070997695,0.00834191,0.2724609375,0.12966675,0.59930134,4.715157546670166
66.464,0.119630985,1491.7351727038317,0.00083609705,0.14013671875,0.48350328,0.7281061,4.8713724449159095
66.496,0.12313187,1326.1085366359364,0.000811723,0.04150390625,0.8963001,0.8196487,4.935531173407438
66.528,0.1133635,1309.4647060390084,0.0010211534,0.03759765625,0.32620558,0.42002138,4.858603105117548
66.56,0.10457543,1276.5756978630122,0.00047691856,0.03759765625,2.3902843,0.39043307,4.681184532084873
66.592,0.101732776,1246.5221123661756,0.0003502931,0.03759765625,1.3886951,0.73359036,4.487813648057238
66.624,0.10088135,1226.8735557896111,0.00027180434,0.037109375,0.37318784,0.89195925,4.282546964065142
66.656,0.090667516,1136.3650297300264,0.000293699,0.03759765625,0.57386696,0.859541,4.052690886718635
66.688,0.08308081,1049.4894251604683,0.00029811476,0.03759765625,0.61282796,0.2252035,3.85314645463821
66.72,0.0922415,1080.0730665087049,0.00034563534,0.0615234375,0.7371611,0.16201347,3.7853943648699104
66.752,0.08883069,2816.785318677341,0.024964312,0.15283203125,1.4520353,0.6466936,3.7852028309715786
66.784,0.057629738,3490.712156464576,0.14382765,0.22216796875,2.1181474,0.53747696,3.747412290085771
66.816,0.028074466,3472.7229877342834,0.21970889,0.2705078125,13.532523,0.108959205,3.7093910644209105
66.848,0.018436356,3106.411917166455,0.1328217,0.30517578125,4.0436826,0.2576643,3.731533013026419
66.88,0.021978633,2872.0391816609504,0.10588087,0.28857421875,0.25880066,0.14872201,3.7942185613390462
66.912,0.053151272,3018.957122753356,0.1223323,0.296875,0.15317634,0.014852631,3.881916107400933
66.944,0.05664604,3163.392017530811,0.14772005,0.33349609375,1.8167658,0.020208243,3.996997784977389
66.976,0.044738032,3302.327168253482,0.14431328,0.3564453125,6.803232,0.041412458,4.124141140070425
67.008,0.040710643,3408.9674540063347,0.14035097,0.35302734375,1.5990068,0.038443673,4.312152804053181
67.04,0.039727025,3402.9515031225565,0.111608535,0.3427734375,0.42324424,0.033858635,4.567955759062684
67.072,0.032876603,3273.833729820659,0.1034425,0.3134765625,0.48684764,0.05127146,4.856005207947614
67.104,0.019917876,2993.810217829284,0.116546355,0.25244140625,0.46801573,0.12813579,5.104374779139305
67.136,0.012672257,2498.9669265876037,0.07711064,0.1943359375,0.51383495,0.43899128,5.321870451892569
67.168,0.015558836,2482.14101365803,0.041224986,0.21630859375,0.24545977,0.7666336,5.479212859255779
67.2,0.03867547,3586.2905748677244,0.13573597,0.2001953125,0.44145638,0.5381349,5.546212658479069
67.232,0.119420126,2895.841666782526,0.05952151,0.18212890625,0.8496277,0.8343113,5.534577713838285
67.264,0.17768213,2195.256962867283,0.01703099,0.17431640625,11.439788,0.9175673,5.436723564201082
67.296,0.17082302,1710.1128701873806,0.0045181145,0.08984375,6.50578,0.6971966,5.278232788820387
67.328,0.13446663,1973.4972142926363,0.0029332044,0.056640625,0.9825503,0.33391604,4.981420390581735
67.36,0.110688336,2254.381591916998,0.002430285,0.07080078125,0.5856503,0.14181235,4.58029156099859
67.392,0.09909191,2487.6849988399467,0.0039420887,0.09375,0.43996868,0.12196461,4.102144878881871
67.424,0.085475504,2543.06681293111,0.0073410613,0.1083984375,0.6416486,0.2305745,3.6338313929442436
67.456,0.08199191,2532.8663319733823,0.0077175545,0.12646484375,2.131652,0.28847137,3.237933649919587
67.488,0.08490346,2691.925211493569,0.01653077,0.1669921875,2.9468353,0.32738438,2.929198758472789
67.52,0.08440948,2989.982703862255,0.08593439,0.21923828125,1.4453102,0.2897485,2.743200480653738
67.552,0.059605405,3138.433689299141,0.1532907,0.333984375,2.8575776,0.27794936,2.7071103312393983
67.584,0.038070776,3790.947754699324,0.20898251,0.4150390625,5.831341,0.15637687,2.805035305985747
67.616,0.029024817,4231.782735242047,0.15469578,0.4765625,0.766778,0.0736019,2.9403158747500417
67.648,0.030631477,3318.24808446834,0.11394357,0.41259765625,0.311577,0.45995757,3.137381165841249
67.68,0.10538071,2074.716907557495,0.029544668,0.27685546875,0.18714152,0.9107926,3.389193891418501
67.712,0.16616271,1641.0261032759527,0.009402773,0.18017578125,2.5402071,0.9461988,3.653907673276486
67.744,0.1612218,1457.6019037014548,0.0044111228,0.06298828125,6.099229,0.8162527,3.901490632603462
67.776,0.13069929,1575.7220493918055,0.0030127466,0.04638671875,1.2632779,0.7044384,4.084847782774478
67.808,0.12153692,1567.8115317631741,0.0013308196,0.046875,1.0220042,0.6083778,4.212489387099994
67.84,0.120130084,1638.6059201986213,0.0011549752,0.04833984375,0.5372947,0.5854045,4.284978124977213
67.872,0.11164848,1956.1678746888692,0.003647413,0.05224609375,0.28141433,0.474149,4.347624758049379
67.904,0.097788095,2270.6927741629706,0.005528392,0.05322265625,0.760833,0.47469234,4.395003369870506
67.936,0.09166023,2287.1016442210007,0.0027646672,0.05810546875,4.218029,0.6180897,4.411331873797206
67.968,0.07043387,2114.9156954113564,0.004062107,0.0712890625,1.8512764,0.7196244,4.353734564533546
68.0,0.031841874,2080.9902088896497,0.01050941,0.13134765625,0.6316006,0.62623405,4.211392378759053
68.032,0.02768432,3713.821778037141,0.1668172,0.21142578125,0.7645981,0.12850714,3.9624868751702
68.064,0.03272709,3946.8973280137066,0.18648116,0.23974609375,0.21472189,0.0841073,3.654547556478501
68.096,0.019732574,3580.5381162381104,0.12518123,0.30029296875,7.0858903,0.2613481,3.3813134629878663
68.128,0.038635958,3630.2201221107443,0.27578977,0.3251953125,1.9240414,0.052218232,3.0992120946872497
68.16,0.059697166,3687.371213319845,0.25714654,0.3232421875,0.2791369,0.010756897,2.8003593158710447
68.192,0.05155371,3496.670946883439,0.17072277,0.35546875,7.7080355,0.012883611,2.537562313229242
68.224,0.039965797,3171.123364126002,0.13722707,0.3330078125,3.756705,0.028477669,2.333571863644969
68.256,0.02759215,2833.536805898916,0.124786235,0.29833984375,0.58565825,0.07823833,2.197778820960687
68.288,0.032426592,2096.8744231544197,0.062377095,0.234375,0.8013502,0.67721057,2.1492726443716155
68.32,0.11989473,1661.5931140027192,0.021368233,0.18212890625,0.26959658,0.8594123,2.193155099450454
68.352,0.17903088,1635.9307069908632,0.013053199,0.1416015625,2.4075127,0.8137797,2.332393746783346
68.384,0.16447073,1848.29304576416,0.008528285,0.09228515625,7.01215,0.73909664,2.5345392338931894
68.416,0.11865972,2001.6769905707279,0.0062572095,0.078125,2.7835891,0.73128617,2.832822004026887
68.448,0.10759523,1654.9395009836107,0.0023741666,0.06494140625,0.6869364,0.5445641,3.245524027219726
68.48,0.104963854,1377.0456307249387,0.0009206645,0.07080078125,0.19563058,0.27165994,3.693598090951778
68.512,0.06990543,1255.5149510109604,0.0013310035,0.080078125,0.13150813,0.45320103,4.193104586118792
68.544,0.023810996,2768.129243654735,0.03593149,0.208984375,0.45643649,0.46867725,4.745588293704829
68.576,0.028480724,3876.084932889132,0.11567806,0.234375,0.6615287,0.21017915,5.280865344424761
68.608,0.06666799,2671.700613042164,0.046104785,0.20849609375,2.6863077,0.7922161,5.760482418148723
68.64,0.111891896,1916.8153676701936,0.013339331,0.20068359375,5.263974,0.9265543,6.206435619363965
68.672,0.1283682,1483.678770964963,0.005436456,0.0771484375,4.9640703,0.7650636,6.573417048477176
68.704,0.11444185,1545.4069793800218,0.0045086658,0.06591796875,1.3216273,0.5475773,6.849391439940765
68.736,0.09134743,2733.802748630491,0.04155195,0.068359375,1.4717644,0.5643759,7.0274668062227414
68.768,0.09020384,2975.5306444280823,0.056668516,0.0615234375,1.1538033,0.5600118,7.11001603467155
68.8,0.09259192,2410.0258911617334,0.010203767,0.0576171875,4.9835267,0.5190661,7.087651113065608
68.832,0.092601396,1979.0755019084932,0.0042655226,0.0537109375,1.3511925,0.43861642,6.967410538107192
68.864,0.06486505,1711.3788477042847,0.0045782086,0.0712890625,0.21096456,0.49499762,6.766978242990749
68.896,0.0566925,1737.5971493589575,0.02684928,0.0673828125,0.6928665,0.86528486,6.421573982130491
68.928,0.14234623,1612.1436476517133,0.0122566,0.0712890625,0.6910316,0.9033825,5.993969937713756
68.96,0.18278423,1432.0556580236384,0.003755794,0.0615234375,6.7412324,0.8366382,5.561613903647325
68.992,0.13624656,1463.759868984039,0.0027321344,0.04296875,4.467628,0.83268493,5.094043837805185
69.024,0.066437006,1400.7768888542557,0.006673788,0.04638671875,0.5613388,0.9074752,4.627853598427542
69.056,0.10612112,1557.9486828454515,0.0152105875,0.0439453125,0.24453759,0.9182068,4.254794238123836
69.088,0.16812067,1503.5044247732535,0.008152192,0.05322265625,1.7864844,0.870016,4.010163750570413
69.12,0.16677523,1630.6238134925063,0.0039586104,0.052734375,7.289273,0.82474476,3.857644993193765
69.152,0.12845337,1915.2425900340393,0.003367511,0.05419921875,1.797245,0.9068009,3.7911653741426634
69.184,0.10602969,1790.5693207043919,0.0027600403,0.06103515625,0.6028253,0.77000296,3.812661502028172
69.216,0.06810256,1601.8792957736425,0.003679151,0.0595703125,0.430898,0.58178586,3.9168193100743167
69.248,0.022788584,1694.5917958962073,0.009938087,0.06982421875,0.45408252,0.55647063,4.083397928571939
69.28,0.015765062,2256.6148729206343,0.06288688,0.10400390625,0.51782453,0.5076372,4.25277414860365
69.312,0.031173619,2578.3938860396674,0.13580601,0.12890625,0.30519292,0.20598987,4.391416702966386
69.344,0.046211954,2874.9398313293696,0.14396815,0.2021484375,3.4097064,0.29113853,4.4684265172201085
69.376,0.043914713,3178.674432016777,0.1581869,0.263671875,8.164616,0.23417777,4.521864200993293
69.408,0.03973851,3252.5028583069284,0.12868446,0.30224609375,3.4280071,0.0838035,4.495069609986259
69.44,0.04257096,3323.487434452594,0.0929034,0.345703125,1.0938588,0.038387377,4.377822703593793
69.472,0.041853406,3342.889189231204,0.08307121,0.33642578125,0.75015426,0.03087914,4.260368448182177
69.504,0.03471398,3183.7767247879756,0.0865603,0.30615234375,0.78146267,0.035686955,4.124362396680903
69.536,0.025917036,2785.325190943178,0.071777895,0.279296875,0.50576586,0.0747508,3.958962543473386
69.568,0.015256629,2364.058690343949,0.05354646,0.2392578125,0.6394307,0.20991,3.807831993635091
69.6,0.0075240848,2188.110826891082,0.04145004,0.20751953125,0.51879764,0.43861562,3.6681205637162773
69.632,0.017403742,2483.3756798939694,0.06705339,0.18359375,0.058978096,0.28987798,3.5032053636467317
69.664,0.07610782,2187.649652624645,0.022808893,0.15966796875,0.09542015,0.3236925,3.3076971655021725
69.696,0.09891799,2093.7579968298105,0.015508071,0.1572265625,7.4748425,0.2953931,3.0939098820338593
69.728,0.09485637,2079.2581139967097,0.008923124,0.13427734375,8.307381,0.2551468,2.876390226390648
69.76,0.096382014,2371.391446851158,0.0038147047,0.123046875,1.8665512,0.45610115,2.7181064604195835
69.792,0.09343203,2549.286833102452,0.0023762237,0.09912109375,1.1479398,0.7027788,2.6038489809539724
69.824,0.10587924,2306.3022748976045,0.0014829923,0.06201171875,0.8426742,0.8093556,2.5162542000410593
69.856,0.11913312,1649.978458191097,0.0004312282,0.04638671875,0.41980195,0.7602373,2.4680861050282363
69.888,0.12573552,1309.665277155433,0.00017286393,0.04248046875,0.4442013,0.5516623,2.484493726425323
69.92,0.12426121,1988.9548791571783,0.0012308601,0.12841796875,0.37282145,0.5405881,2.5921038827321654
69.952,0.08451924,3106.110278054339,0.027392607,0.22705078125,0.48521075,0.6212159,2.7754147957474373
69.984,0.043693844,3571.3098903919936,0.17347689,0.236328125,4.2693343,0.28037322,3.009696329959924
70.016,0.07199221,2779.7463287010905,0.03744105,0.23583984375,8.119049,0.28599286,3.277924229306468
70.048,0.09724047,2356.948414102877,0.008284962,0.1640625,3.1419172,0.4365073,3.5564567768999473
70.08,0.08238687,2451.262196466347,0.008390055,0.1640625,1.6026658,0.6648284,3.8233721942246808
70.112,0.05010718,2927.5266959476785,0.029130831,0.2529296875,0.8106444,0.67118454,4.081181349324307
70.144,0.020282215,3878.2530491841553,0.11927972,0.37939453125,0.9861007,0.26819646,4.325857735337839
70.176,0.0150898695,4295.729106055278,0.11917588,0.490234375,1.4171005,0.15262365,4.540397971149287
70.208,0.01579252,4542.525650915123,0.12586914,0.443359375,0.4088657,0.13092321,4.721446774210022
70.24,0.013004682,4194.939004519605,0.18348534,0.44580078125,0.25134557,0.20696647,4.855012870253782
70.272,0.019677509,4149.840894875888,0.28436613,0.44482421875,0.8848971,0.069590025,4.9058188043478275
70.304,0.034629334,4204.987396210516,0.21059097,0.33642578125,1.1534716,0.11939355,4.916626871873867
70.336,0.08134925,3324.3771483454066,0.026506847,0.28564453125,5.6063914,0.624342,4.8986028550336185
70.368,0.10834457,2467.794974998541,0.00515881,0.19287109375,3.450798,0.74678427,4.86554507197115
70.4,0.05882962,2054.5792737970883,0.0044005075,0.0712890625,1.3022468,0.8432793,4.753395752262649
70.432,0.019814907,2922.735305126397,0.05834246,0.11865234375,0.63249445,0.8380157,4.5041354303889225
70.464,0.04727972,3364.313985371421,0.096877284,0.12939453125,0.3319404,0.3268599,4.171216897786255
70.496,0.10280098,2813.0739786430636,0.020246731,0.12158203125,2.5387607,0.37623882,3.7850404508832103
70.528,0.112286456,2250.792381720772,0.0032483402,0.11279296875,8.923032,0.42127022,3.382172582877986
70.56,0.106882304,2525.9697419161885,0.008985842,0.06005859375,1.6028644,0.51108116,3.0161234713310674
70.592,0.10143494,2894.3442110905726,0.04076509,0.08154296875,0.5210352,0.5543644,2.722868220786051
70.624,0.0701938,2649.8599574723194,0.05405224,0.10791015625,4.0314617,0.41975063,2.4544635599419764
70.656,0.03977531,2290.173677106783,0.05917055,0.14697265625,5.749611,0.15309028,2.2240376980185634
70.688,0.027694948,2135.489330971026,0.035789385,0.16064453125,1.2880541,0.07960908,2.036504908724688
70.72,0.015089298,2169.6812243179056,0.03845737,0.14697265625,0.8619091,0.2616131,1.9142211947054515
70.752,0.03728647,1680.4127418585638,0.015124351,0.13330078125,0.27257738,0.026703253,1.9176382054471048
70.784,0.091630824,1636.5179325590184,0.0061401124,0.10009765625,0.23502734,0.1437582,2.024359664795485
70.816,0.111704096,1767.649043252933,0.0033281182,0.07763671875,6.3504777,0.46630943,2.1526927331760857
70.848,0.10584662,2020.3468108119298,0.0019001059,0.05859375,4.103562,0.6991449,2.274077271175225
70.88,0.102929406,1800.0517323903287,0.0013109522,0.0458984375,1.3203282,0.8849322,2.429043343630918
70.912,0.11230783,1452.4142952805819,0.00046676767,0.0400390625,0.7968259,0.92604285,2.6556676515845057
70.944,0.11949869,1413.3098315102984,0.00027937858,0.0380859375,0.7550537,0.81163675,2.9414577761785585
70.976,0.122512385,1236.230478892327,0.00022564532,0.03662109375,0.28020954,0.74119455,3.2450030406311976
71.008,0.09735008,1082.62634653752,0.00057978136,0.091796875,0.45426053,0.8446699,3.5235724905556958
71.04,0.047174644,2222.356456337168,0.017809931,0.095703125,0.92495435,0.86563545,3.7734992391100497
71.072,0.082434386,2397.434148972448,0.010835411,0.0966796875,2.4125051,0.5160433,3.996388041516724
71.104,0.120882705,2222.5388714059527,0.0018582561,0.09912109375,6.3145037,0.6603595,4.200478785238481
71.136,0.1145137,2363.8186982377,0.0009568178,0.0576171875,2.6768694,0.8006785,4.339761692182374
71.168,0.10929072,2753.452624667592,0.012554781,0.08544921875,0.631233,0.84445375,4.4056112152594
71.2,0.103769384,3130.8418716264846,0.054034274,0.15087890625,0.40393364,0.7650785,4.395392306579277
71.232,0.071542844,3151.3872634882646,0.08345797,0.19677734375,8.986695,0.6413812,4.316075851294275
71.264,0.030089594,2978.1531358525417,0.104490526,0.21533203125,5.345658,0.41025996,4.169146675983881
71.296,0.020796865,2741.8122825060136,0.06734662,0.1982421875,0.7940933,0.3998826,4.00017292351796
71.328,0.056201454,2171.4341098652194,0.040124238,0.16015625,0.17725044,0.2028072,3.827960248326068
71.36,0.10004036,2215.8129740287986,0.018969733,0.14306640625,0.26939896,0.13413864,3.6509353843364583
71.392,0.092721164,2478.906500101564,0.00871838,0.13525390625,6.9163556,0.14434364,3.4527119054235578
71.424,0.08196638,2557.955633909072,0.0059700077,0.1259765625,2.4488301,0.2808313,3.2208677367100393
71.456,0.07709699,2209.1196767389174,0.0050073033,0.1015625,0.680624,0.39351797,2.9599669911889475
71.488,0.076789044,1922.9962126380344,0.004954317,0.08203125,0.7307458,0.3772746,2.682687147334033
71.52,0.101268046,2034.1429567426417,0.0020817919,0.060546875,1.4511907,0.21445124,2.390957298800076
71.552,0.10056974,2168.0358771537667,0.0016630174,0.0576171875,1.7516255,0.40825018,2.0850072744352754
71.584,0.09482861,2169.8250990612087,0.0026440066,0.068359375,0.73862064,0.46587697,1.8131694761458192
71.616,0.09334392,3019.9710944077146,0.027627664,0.12109375,0.85444725,0.10788709,1.6197185810463481
71.648,0.070452094,3253.469722406865,0.064470254,0.21826171875,1.6277764,0.1571623,1.5141385955483715
71.68,0.033243477,3660.0196899289267,0.12963901,0.3427734375,7.358661,0.38093707,1.4799971803113512
71.712,0.019684402,4151.779490702524,0.16902041,0.36865234375,1.8229303,0.1381951,1.4629424574719423
71.744,0.018129257,3683.395846336234,0.1566248,0.3623046875,0.15472372,0.08582292,1.426194120905035
71.776,0.033960205,3330.729125356047,0.18714602,0.3408203125,0.20690316,0.027187984,1.3781356085753351
71.808,0.04258776,3370.3449587437754,0.18627098,0.2861328125,0.8922086,0.022487827,1.336883306714106
71.84,0.036349338,3246.3137400355645,0.1392895,0.29296875,5.39481,0.01969206,1.2893788400732724
71.872,0.031947628,2939.682274759488,0.11548718,0.28515625,2.9812906,0.06594099,1.2425364163478954
71.904,0.023174552,2470.4555861315253,0.07770715,0.25341796875,1.2251385,0.12998818,1.1896808207938125
71.936,0.024934335,1782.1183875731845,0.029244099,0.19140625,1.1106714,0.3548348,1.159793940120068
71.968,0.077067375,1549.9741518863452,0.011673206,0.2109375,0.3201884,0.5085101,1.1330321268575667
72.0,0.06939448,1845.7112755970227,0.023486644,0.22412109375,2.030512,0.59160924,1.088430941550871
72.032,0.020171378,2772.2562529966526,0.11588206,0.2373046875,6.1646314,0.52149653,1.0548522708266095
72.064,0.025174215,2189.3268671342744,0.064350665,0.2373046875,1.6787055,0.7412021,1.0327849552961226
72.096,0.11136364,1467.2409754786693,0.01261039,0.1689453125,0.11563106,0.92846936,1.0056375426606392
72.128,0.17360653,1345.201488507813,0.0072278874,0.11962890625,2.145092,0.9196314,0.9959258878470324
72.16,0.16254693,1480.2426703059032,0.0052337744,0.076171875,6.9405465,0.75559187,1.0194075740600461
72.192,0.12236366,1829.9235044815468,0.0036972924,0.07373046875,2.8102722,0.53784597,1.0918608290797256
72.224,0.100226305,2040.2047080324633,0.0032391187,0.0869140625,1.4822147,0.38473582,1.2039266859339737
72.256,0.099682644,2198.546398321043,0.003674783,0.07763671875,0.44398722,0.3658305,1.3251517866395195
72.288,0.104963414,2207.3090603672517,0.003035612,0.0615234375,0.49526477,0.56210625,1.4030057740195783
72.32,0.10929135,1965.7618667555416,0.0016214984,0.0546875,1.2733798,0.91727203,1.4675362295449856
72.352,0.11614929,1783.9953188676518,0.001628251,0.0576171875,0.98646176,0.9655584,1.5441547270318676
72.384,0.11895349,3048.2227539010937,0.023003744,0.078125,0.6232565,0.6995442,1.6380909216479953
72.416,0.10890674,3253.339544966587,0.049116123,0.08984375,1.351615,0.24698913,1.7511029272762864
72.448,0.09115783,2969.4963887451995,0.027015628,0.09619140625,9.210148,0.2666334,1.9058184965143679
72.48,0.08496063,2499.3337932206687,0.011815801,0.08740234375,2.9003282,0.49090618,2.0800831319761746
72.512,0.07840433,1929.8517465800094,0.00972417,0.07666015625,0.69531155,0.6025529,2.2210185723892417
72.544,0.09748783,1573.0461876991385,0.01878729,0.0654296875,0.64176434,0.8708836,2.313963192368992
72.576,0.1667599,1396.6170936175463,0.009670027,0.0634765625,1.7701442,0.90331584,2.3629451093103517
72.608,0.16651775,1379.7402991044826,0.0061161635,0.06640625,5.9396987,0.83165586,2.331464742949619
72.64,0.12007848,1605.9383618297998,0.0048993607,0.056640625,3.0113006,0.6828052,2.2334674199771474
72.672,0.09865376,1622.661923555881,0.0033951534,0.06005859375,0.83043814,0.65895265,2.1003116246515017
72.704,0.107453465,1496.3397084827152,0.0011962326,0.0615234375,0.4801042,0.7284335,1.9980139337377043
72.736,0.10798279,1736.2355094842235,0.0018113881,0.0654296875,0.4699216,0.6991453,1.9402636817152084
72.768,0.09535182,2109.288646070016,0.0046410607,0.064453125,0.33921903,0.45924768,1.9330038700822034
72.8,0.08975111,2302.6014436592677,0.0035704658,0.0595703125,2.392147,0.49501988,1.9528235154413156
72.832,0.09394083,2158.413611432273,0.0018427806,0.05615234375,3.2940252,0.64348507,1.998667902122823
72.864,0.09574009,1992.8761799564159,0.0015481377,0.04248046875,0.7972518,0.62250596,2.0377081725033483
72.896,0.098828286,1692.963398900938,0.0006895732,0.0517578125,0.49022427,0.53248817,2.0431662770041292
72.928,0.09094647,2239.912780131872,0.0016519023,0.20361328125,0.8641988,0.5989132,2.015629641568206
72.96,0.05595204,3753.5659242552656,0.01013823,0.29638671875,0.37158632,0.67392564,1.9857426482466143
72.992,0.022739738,4292.716796793882,0.19263594,0.3828125,1.8962758,0.22168025,1.9571833530650407
73.024,0.033968292,3833.419273574363,0.33429125,0.45166015625,2.4364934,0.021456847,1.93121369479003
73.056,0.04052489,3597.2176890518826,0.21383122,0.3623046875,4.911589,0.027580697,1.924734151715035
73.088,0.041722443,3257.610683737823,0.10364818,0.3447265625,6.2725763,0.025117155,1.95231478557911
73.12,0.037244596,3257.3014688815792,0.11081612,0.32861328125,1.5977497,0.036467765,1.9772334398926692
73.152,0.032339998,3261.4244233683157,0.13206823,0.30224609375,0.86225617,0.050462313,1.9805265787964625
73.184,0.029728506,2975.400853645526,0.10227383,0.27294921875,0.93401325,0.08718874,1.954987869376709
73.216,0.026860852,2447.2406367469694,0.06293185,0.2294921875,0.94861895,0.11971167,1.918038214224168
73.248,0.02002696,2022.0835012850625,0.03715829,0.19482421875,0.97490734,0.19924936,1.8682917498030698
73.28,0.010357109,1999.322297213943,0.03346515,0.1611328125,1.0926175,0.42012304,1.858939063648671
73.312,0.030928154,1624.3320209711442,0.010780374,0.1484375,0.13807082,0.11360031,1.9035491263994624
73.344,0.09416255,1732.538548314696,0.005073987,0.1298828125,0.05276532,0.1357708,1.9642030142219622
73.376,0.11388049,1937.21129386383,0.003977108,0.111328125,5.657432,0.28354993,1.9980173623374224
73.408,0.100486115,2171.504117543063,0.005076863,0.09765625,5.863099,0.3362305,2.0012044795383384
73.44,0.10353875,2075.3733012876064,0.0040293904,0.078125,1.761685,0.3525165,2.014153689370646
73.472,0.12511273,1616.002719727263,0.0014626435,0.0673828125,1.9162147,0.66399723,2.0345683078039314
73.504,0.1301257,1512.9605279595303,0.0012183186,0.0634765625,1.5559255,0.86042666,2.052816786520908
73.536,0.10930856,1781.2560861646243,0.0036176082,0.05908203125,0.88788736,0.6588976,2.056136663366047
73.568,0.09389257,2011.7600996566102,0.0036237356,0.05712890625,2.0205424,0.49484196,2.0334106677525527
73.6,0.10038165,1864.1037606754717,0.0016295889,0.05908203125,3.2532775,0.5233705,2.0233746398173063
73.632,0.10311047,2271.4370571818463,0.00986516,0.04931640625,1.1015565,0.5908308,2.0741428362499135
73.664,0.101293154,2526.352278041558,0.021162529,0.0458984375,0.5441915,0.6551954,2.1793442310962194
73.696,0.09871842,2284.9685930172163,0.00874716,0.04931640625,5.976191,0.74682283,2.325695004536012
73.728,0.08221576,1872.957243033598,0.0043513635,0.044921875,3.1928215,0.7624625,2.5094150320344197
73.76,0.054113977,1945.2954432978186,0.006533616,0.06591796875,0.23413524,0.8391791,2.6621157059079494
73.792,0.045664683,2055.831073136926,0.013548736,0.08154296875,0.36615872,0.64996547,2.691372745359431
73.824,0.07809471,2193.8919829109445,0.014009819,0.087890625,0.52828205,0.19795616,2.640029281429605
73.856,0.09827724,2397.529911453382,0.008101651,0.09814453125,2.5451703,0.32169023,2.5717033678876016
73.888,0.08939097,2471.6457089435953,0.0035102456,0.07421875,5.2084403,0.53496355,2.496403890989857
73.92,0.08858187,2132.917830683752,0.0016737335,0.05859375,1.8856632,0.7948163,2.381527583074855
73.952,0.09876769,1797.6456176534268,0.0011442838,0.1435546875,0.3229415,0.79386145,2.280564681673501
73.984,0.08218139,3003.0211415440294,0.004610867,0.28955078125,0.3119959,0.59852606,2.213228227560167
74.016,0.03754524,4356.736387090184,0.04190531,0.39013671875,0.94077677,0.35291082,2.194373863706584
74.048,0.029353749,4394.18893291693,0.13981631,0.46630859375,2.719147,0.06330428,2.228189305313591
74.08,0.042017948,3408.3249179200784,0.21291058,0.4375,2.2019784,0.061700903,2.277258919587255
74.112,0.0475877,3171.996707821559,0.20437178,0.28515625,4.4241357,0.21602367,2.2878482998827723
74.144,0.0799298,2285.5555330849716,0.023087572,0.18408203125,7.1101975,0.82999074,2.2418849893755763
74.176,0.10955539,1754.0704937115258,0.0034772945,0.10791015625,2.2249272,0.85904336,2.1569138096393754
74.208,0.10988521,1920.3619749758996,0.0034253504,0.05224609375,1.2773632,0.87429994,2.0467675770680906
74.24,0.109290384,2471.9048573175414,0.020810666,0.048828125,0.4011842,0.7338619,1.9249915730049614
74.272,0.103837855,2553.001893219948,0.021442812,0.10302734375,1.2472376,0.64796704,1.8344936132963259
74.304,0.07196117,2305.9700310744083,0.011665671,0.15869140625,6.8384113,0.567026,1.7807070550049149
74.336,0.02240216,2478.7186952771535,0.0486244,0.2099609375,0.5641392,0.3615231,1.749419528286131
74.368,0.019810334,2821.0659578715968,0.09658791,0.2705078125,0.13845241,0.09358963,1.749054563941613
74.4,0.027588436,2969.431410369506,0.08758795,0.2744140625,0.27372122,0.120802246,1.8066256864919006
74.432,0.025280276,3020.6029335171506,0.09106452,0.2666015625,2.2419498,0.1909667,1.8579012270737596
74.464,0.01802967,2846.952831071483,0.07812222,0.22705078125,2.3400226,0.2911141,1.9017117894588624
74.496,0.011550303,2399.766904465377,0.04555794,0.18994140625,0.63632655,0.47148973,1.9061196615625156
74.528,0.045645148,1804.3163583441308,0.030677602,0.13037109375,0.39898935,0.90957975,1.901295745085741
74.56,0.16339897,1341.684104738113,0.009580168,0.08251953125,0.04856367,0.9517275,1.903525713623064
74.592,0.22943461,1202.43345169571,0.0039803013,0.0673828125,9.755181,0.91691756,1.915157851634414
74.624,0.1882264,1537.9529946499847,0.0030452986,0.05419921875,7.173381,0.8638024,1.9275568574254824
74.656,0.1263108,1684.9717429945554,0.0019192641,0.05810546875,1.7845087,0.66519284,1.9096117696153923
74.688,0.106990755,1828.4673163553452,0.0020325333,0.05908203125,0.8275731,0.41829726,1.8655549822319824
74.72,0.100438446,2102.6397683795085,0.004676236,0.17333984375,0.33326656,0.43963394,1.8101512341782384
74.752,0.072811805,3022.459565784478,0.017422246,0.28759765625,0.82456934,0.55236787,1.7657854873661962
74.784,0.029904852,4123.3166162887055,0.05876435,0.3623046875,2.2947426,0.37303105,1.739875986814854
74.816,0.020502184,4020.022719930368,0.11201544,0.44921875,2.0191617,0.2763267,1.7948530266548082
74.848,0.037471566,3374.1902128779193,0.19784895,0.37841796875,0.25997692,0.0717831,1.8946728655971528
74.88,0.05902192,2984.610834097566,0.13188834,0.2880859375,1.6572725,0.12974995,1.9521358535405011
74.912,0.08806909,2456.2326540243976,0.03419188,0.21826171875,8.115918,0.33151716,2.002043586166572
74.944,0.09264668,2342.150498089823,0.010833605,0.13623046875,3.731038,0.69727325,2.104753955323985
74.976,0.09681359,2255.574066787328,0.0034042497,0.08740234375,1.2971244,0.8545726,2.280174412127621
75.008,0.09721944,2090.3657710903703,0.0018599527,0.06201171875,0.22663048,0.9305184,2.480079184178729
75.04,0.09562968,2028.633602598358,0.0035146663,0.0830078125,0.10844322,0.8116587,2.674354295485255
75.072,0.09243626,2249.5006644742843,0.0068352576,0.0986328125,0.4151984,0.402824,2.837882666323784
75.104,0.083197564,2372.366714928035,0.0063955183,0.12060546875,3.0263727,0.31779253,2.965746167136858
75.136,0.062171392,2115.2392590720056,0.0070498344,0.14794921875,3.1198163,0.4065017,3.0482158132832287
75.168,0.026461883,2169.0000629341657,0.022865161,0.20947265625,0.96638715,0.45645928,3.087538895364046
75.2,0.021988634,3986.03969730423,0.15108693,0.326171875,1.270461,0.23573469,3.106347827837476
75.232,0.027136104,4490.465659317855,0.12423661,0.43505859375,0.4739963,0.19206549,3.1203847560570033
75.264,0.020737492,4749.637900947491,0.0891449,0.46875,4.1499662,0.18388666,3.1335943914739204
75.296,0.014237047,4444.529037559301,0.1040167,0.4287109375,1.1815954,0.23859598,3.0940817751382936
75.328,0.019628119,2753.3068832754184,0.088756986,0.3154296875,0.21365075,0.09917842,3.033966601421628
75.36,0.06413321,2335.5703627610546,0.030733062,0.193359375,0.27813658,0.049963098,2.994447128707783
75.392,0.096371025,2416.128670601892,0.022021545,0.1337890625,6.0323625,0.2415857,2.964527003262781
75.424,0.10290937,2507.9333941094446,0.007132331,0.09033203125,7.5507655,0.6221832,2.890614385958071
75.456,0.10586132,2574.205418011745,0.020379996,0.087890625,2.2277853,0.8025533,2.79390958249647
75.488,0.09673525,2835.137288671149,0.049433917,0.12451171875,0.6122862,0.7599931,2.6773051872974882
75.52,0.058468718,2811.2785936922073,0.057250235,0.17333984375,4.651162,0.5827317,2.5492835803599756
75.552,0.02490165,2752.9168725268974,0.08137217,0.2041015625,2.9002223,0.1675125,2.405899284938058
75.584,0.014037416,2652.874839872822,0.07296255,0.216796875,0.27338952,0.22828437,2.2697736558003485
75.616,0.018909836,2189.8178797169685,0.03430527,0.177734375,0.0807921,0.14583386,2.2137178933178796
75.648,0.065137275,2302.2452308438537,0.016277708,0.12890625,0.12736224,0.11274813,2.258118976808716
75.68,0.10375388,2407.8568266793945,0.011955402,0.09912109375,1.980225,0.44007728,2.3576730202871325
75.712,0.10606331,2525.383397648025,0.0056401673,0.07421875,5.964816,0.75744146,2.467212227032626
75.744,0.09228448,2489.1766842061948,0.006033618,0.0771484375,2.7900462,0.5964286,2.5879979828511472
75.776,0.062161546,2093.2959198940507,0.006371326,0.091796875,0.45930183,0.30318752,2.71398631318183
75.808,0.034781635,1751.1969061769244,0.006883421,0.09912109375,1.3066158,0.08289854,2.8212005931729385
75.84,0.017814366,1768.357877745633,0.0088393325,0.1103515625,1.3675214,0.22485532,2.890166127169374
75.872,0.01380327,1842.4292153702947,0.008599837,0.11279296875,0.41997284,0.55317205,2.9039018842979756
75.904,0.017502865,1599.4418324105186,0.017940821,0.1005859375,0.33043417,0.2208359,2.865928728373937
75.936,0.06799077,1403.2190084988094,0.007060246,0.09423828125,0.40853396,0.08411469,2.800405150002993
75.968,0.10226787,1418.2112228150102,0.0031906557,0.076171875,6.880385,0.24370481,2.7137540063867536
76.0,0.096210316,1598.6002332963883,0.0014057533,0.06201171875,7.805071,0.43035918,2.6348106341208095
76.032,0.09362515,2039.8631618342965,0.0058264835,0.07666015625,1.3075236,0.3849806,2.5944448994425415
76.064,0.092817634,2959.3683026718295,0.06254656,0.08837890625,0.18855533,0.47186124,2.5821087998714756
76.096,0.08743232,3049.2551890027125,0.08236995,0.18359375,4.4293847,0.6452461,2.5572683737210036
76.128,0.06765419,3120.617617051321,0.07424658,0.29736328125,8.263955,0.7112137,2.484486671829087
76.16,0.034850936,3872.314273007726,0.18153656,0.38134765625,1.5636809,0.32008618,2.379678724433985
76.192,0.030048793,4100.812829645727,0.16956311,0.40771484375,0.42348784,0.113607734,2.275697493100826
76.224,0.038144186,3317.650837694501,0.107997365,0.31787109375,0.4725122,0.12367839,2.192138332857763
76.256,0.052433487,2121.1974456434814,0.02914705,0.20361328125,0.7706938,0.6700737,2.1268175303146064
76.288,0.09433951,1458.8813492992085,0.00422009,0.09228515625,2.4870522,0.8182412,2.070213911288791
76.32,0.11400083,1523.0685705321052,0.001512077,0.044921875,2.1047177,0.74126965,2.0479693273579676
76.352,0.10992488,1589.2988301312803,0.00093984994,0.03662109375,1.2397661,0.8528616,2.0599553065752714
76.384,0.10207107,1462.0304419621737,0.0006572885,0.0361328125,0.54482245,0.9206841,2.088967324016231
76.416,0.093756214,1316.4727725436117,0.0005096703,0.0361328125,0.5179068,0.9331829,2.1295814961936377
76.448,0.097624496,1222.6729658161876,0.00039817038,0.03662109375,0.46778464,0.9289112,2.2093475883987304
76.48,0.10052608,1237.1629693203831,0.00043378217,0.03662109375,0.38968906,0.9435728,2.324879634606212
76.512,0.1082403,2340.951586066016,0.0049596834,0.05419921875,1.054564,0.9632058,2.4586638937382235
76.544,0.09848637,3107.1673479758847,0.0337519,0.06689453125,1.5182798,0.8712891,2.5882423852569505
76.576,0.07683296,3003.0065938715397,0.03689568,0.10888671875,7.7004256,0.8345255,2.696829996510102
76.608,0.046009663,2634.5384985888277,0.0238156,0.15283203125,6.694811,0.81166065,2.7934339575703846
76.64,0.018524244,2640.81047986452,0.06384825,0.1884765625,0.93477327,0.44471315,2.8662757534720926
76.672,0.027861936,3207.851673214,0.20565099,0.2470703125,0.25563955,0.07761651,2.9079969534586265
76.704,0.035066146,3209.7412966831353,0.17524885,0.2861328125,0.19479021,0.07201266,2.898565180709056
76.736,0.035468522,3200.4604849272337,0.10659952,0.32177734375,6.054276,0.069779314,2.856630172134952
76.768,0.034485094,3236.3327261935633,0.10642305,0.33447265625,2.1666732,0.049797423,2.798746128589702
76.8,0.03241532,3155.3438071719393,0.108596705,0.32861328125,0.78164285,0.0578981,2.7334979523698717
76.832,0.03144415,3005.9239235826144,0.08817945,0.31396484375,0.902847,0.081554316,2.6830474173073524
76.864,0.026148211,2994.3197941464823,0.09662576,0.287109375,0.7683194,0.07515545,2.648374018064177
76.896,0.020037789,2867.170588083012,0.082881644,0.25439453125,0.7058336,0.10863261,2.5996769792694545
76.928,0.013344156,2526.7616250928136,0.060253248,0.21630859375,0.41838998,0.28845632,2.550547830368207
76.96,0.008903924,2254.1567855758003,0.034387235,0.17626953125,0.3115634,0.5773775,2.5373850604646435
76.992,0.041464645,1178.6528507133426,0.0015368336,0.123046875,0.097581245,0.88387537,2.5492755569853967
77.024,0.11857312,970.8653199021749,0.0005388641,0.099609375,0.07766637,0.9395203,2.5897531919761883
77.056,0.13102105,1445.8468549585905,0.0017193868,0.08935546875,2.5289621,0.92613983,2.650999958736378
77.088,0.10490192,1735.2032800425918,0.0046080686,0.076171875,5.072498,0.8226235,2.72316874744648
77.12,0.10294273,1810.9271053779194,0.0038540259,0.0947265625,5.675831,0.77137136,2.7992041383686224
77.152,0.10254525,1871.2451679979642,0.0027932492,0.09521484375,2.9264455,0.7298188,2.8953205141894434
77.184,0.10221853,1849.7969293886977,0.0026797107,0.08642578125,1.1925006,0.77491224,3.0231313491609932
77.216,0.10276493,1801.801730202006,0.0023386998,0.07373046875,1.0298973,0.82966167,3.1729911923520473
77.248,0.099604726,1866.4742553619376,0.002165143,0.05908203125,0.6511908,0.8528255,3.336565620809579
77.28,0.098824196,1924.341499649714,0.002372147,0.0537109375,0.7820213,0.89388305,3.4878810349748224
77.312,0.102619715,2196.1989709930494,0.0064633014,0.06005859375,0.64682513,0.8661386,3.6438387067837006
77.344,0.106171355,2865.7739461880437,0.034911864,0.0634765625,0.9347159,0.70565116,3.828884860270432
77.376,0.10554494,2847.035706174566,0.029981757,0.060546875,3.463453,0.48320824,4.038785505278156
77.408,0.11597966,2269.614396566096,0.005597997,0.05712890625,5.859879,0.0903131,4.2584229800553866
77.44,0.12535416,1638.9875691155958,0.0014752717,0.04443359375,0.74575037,0.013839173,4.438209537386543
77.472,0.12864473,1022.4545710384241,0.00078623794,0.046875,0.31759804,0.0128946295,4.609353544132944
77.504,0.13557583,1120.8115353141047,0.0016832093,0.06005859375,0.5968817,0.008410072,4.785968006894809
77.536,0.13108228,2246.516847899873,0.013145463,0.07275390625,1.8352857,0.003134808,4.985947714950423
77.568,0.11233005,2765.5938547393584,0.017837947,0.0791015625,3.1853073,0.0025063527,5.225787857130399
77.6,0.10939578,2492.099072102501,0.0053772614,0.083984375,5.873381,0.0026755636,5.518242477111895
77.632,0.110700816,2255.758427482669,0.0026180628,0.078125,1.2011514,0.0033991712,5.841629052958044
77.664,0.10266279,2295.3927610759442,0.0018136473,0.07421875,0.6414963,0.0025892956,6.181468183759878
77.696,0.10119954,2320.1039363313857,0.0010073724,0.07470703125,1.130676,0.002411999,6.5229986226060355
77.728,0.10030293,2300.863347151416,0.00097435655,0.07421875,0.9003196,0.0026861974,6.875422484715535
77.76,0.09609669,2381.3381004916055,0.0013865792,0.07958984375,0.33990005,0.0029631204,7.255273905370173
77.792,0.09485935,2728.353836219344,0.014635331,0.09521484375,0.78459007,0.0028449139,7.64466989143688
77.824,0.09306861,3028.5639148424634,0.05276789,0.10009765625,1.487047,0.0026272852,8.03135984356292
77.856,0.08173506,3011.9755079972683,0.030745298,0.10107421875,8.139256,0.0043287124,8.401735992351076
77.888,0.07519458,2673.478227539677,0.008187077,0.09716796875,4.8260455,0.004899328,8.726052523126052
77.92,0.072347306,2422.531985846007,0.004548111,0.083984375,0.17636424,0.0047917226,8.987482883347147
77.952,0.07238371,2628.806171130439,0.017915169,0.099609375,0.073138654,0.008016294,9.161756995902616
77.984,0.08090871,3003.5629089767917,0.05514327,0.099609375,0.4255643,0.0062314933,9.272493884379694
78.016,0.08711454,3051.8624397491717,0.028017981,0.0986328125,4.4134436,0.0039638337,9.344526739469611
78.048,0.09291911,2693.1094918892004,0.005897735,0.095703125,4.955052,0.004225741,9.377615409479924
78.08,0.08736632,2467.692439149607,0.0036388673,0.07568359375,0.36332792,0.0037525962,9.368346297149875
78.112,0.081065364,2362.7370541110054,0.0029570232,0.07421875,0.13603094,0.0044146124,9.327737906451254
78.144,0.07812289,2374.0927581099254,0.002735358,0.07421875,0.48771703,0.007532801,9.26316857704949
78.176,0.08274551,2286.1511869157966,0.0020390912,0.07421875,0.58904386,0.0059292116,9.176787036347875
78.208,0.08874676,2198.9955276737273,0.0017801527,0.07421875,0.7567185,0.0044037523,9.059676309358549
78.24,0.09282399,2173.8592057369374,0.0014177131,0.0751953125,0.6507255,0.0037385956,8.917563852220317
78.272,0.08774813,2223.4564364855287,0.0014847423,0.076171875,1.046523,0.003534032,8.762981678999774
78.304,0.08151566,2295.8677722889356,0.0021867587,0.0791015625,0.6975247,0.005046764,8.587960974550846
78.336,0.08116985,2369.4569333410636,0.0022921162,0.0849609375,0.84945464,0.005615499,8.400600661235545
78.368,0.083662115,2291.378737338854,0.0017455674,0.0927734375,1.2080296,0.0054266243,8.20174605984485
78.4,0.08534442,2198.879396178254,0.001457643,0.109375,1.0353767,0.004361473,8.00751393125305
78.432,0.083758324,2186.0696208457966,0.0015949126,0.12646484375,0.8960346,0.004945869,7.831547959830551
78.464,0.08274866,2189.428271515122,0.001685306,0.14013671875,0.9487473,0.004554971,7.6373816149660545
78.496,0.08278329,2153.2997258384903,0.0016147014,0.150390625,1.1327647,0.004776783,7.418501344635325
78.528,0.08384965,2097.080417086234,0.0014910821,0.1513671875,1.0545187,0.005314295,7.185305591302036
78.56,0.08226727,2168.587823017875,0.0016542439,0.1494140625,0.89450926,0.0056094374,6.9427359033731255
78.592,0.084357396,2654.838466162933,0.010151676,0.1572265625,0.88920915,0.0038175678,6.692466369901124
78.624,0.08613584,3229.01054262136,0.054330125,0.158203125,0.87855923,0.0031440218,6.43992136574385
78.656,0.088655874,3067.205507290298,0.033146713,0.15771484375,5.526657,0.0034998506,6.187179590447451
78.688,0.09105313,2583.109805208735,0.0064593023,0.15771484375,6.155052,0.0040438995,5.949093043900473
78.72,0.09165,2277.138353318548,0.0025448746,0.1494140625,0.37517756,0.00358725,5.723623220736048
78.752,0.0880941,2263.1935909091435,0.0034935032,0.1640625,0.18013857,0.004401994,5.495423741981794
78.784,0.08581352,3045.142962559611,0.035100225,0.1640625,0.24599491,0.004945914,5.258684632715582
78.816,0.08764566,3120.059334969257,0.039797813,0.1640625,1.4548082,0.0044096513,5.018060854238829
78.848,0.08846356,2673.28266214242,0.0068617184,0.1640625,7.2730603,0.005042913,4.787100142829926
78.88,0.086255774,2214.611749336537,0.0023541714,0.1474609375,1.0941107,0.0055210125,4.56341061400624
78.912,0.09295018,1909.2149192843367,0.0019975672,0.1455078125,0.13630387,0.0043624663,4.349955973469829
78.944,0.10676853,1803.667375963674,0.0014766799,0.14453125,0.27133715,0.0035917624,4.16825342521193
78.976,0.101840876,1842.667594868918,0.0011555051,0.14453125,1.6684437,0.003078235,4.00610577394983
79.008,0.08311601,1914.3766445909273,0.0018458265,0.14697265625,1.8633473,0.0037789578,3.848266331090119
79.04,0.075509295,2068.6842916761852,0.003065446,0.1533203125,0.42330837,0.005318293,3.690053704255268
79.072,0.08871198,2765.1786449431556,0.03423256,0.15185546875,1.714868,0.003205262,3.527594857123898
79.104,0.11568148,2725.9614203327874,0.032152403,0.14892578125,2.4630475,0.0013049382,3.3596015161032056
79.136,0.117884256,2323.0030334304947,0.00609918,0.14208984375,9.251629,0.0009350706,3.1921989806867255
79.168,0.09040334,2026.6725824214832,0.004152287,0.13232421875,2.6436694,0.0019266757,3.0173245322273967
79.2,0.05981604,2049.2028588742837,0.0063006864,0.134765625,0.18314855,0.005632374,2.8371901563326
79.232,0.0762276,2184.2935911148124,0.018209977,0.15185546875,0.560138,0.0026838959,2.6672710297029663
79.264,0.10753122,2428.9380419497456,0.037323397,0.16650390625,1.464287,0.0011399782,2.518866468520969
79.296,0.119132146,2438.8812318072205,0.017229065,0.17236328125,5.731283,0.0013295691,2.389134302738312
79.328,0.11390489,2236.504255748412,0.002994111,0.16845703125,5.8257027,0.0021372705,2.278549978582196
79.36,0.11034382,2029.5796001993413,0.0010912403,0.14794921875,0.8547563,0.0026013295,2.1871910599229274
79.392,0.110433035,1840.784381607687,0.00062636624,0.13623046875,0.3062529,0.002739107,2.1178481418640347
79.424,0.113440976,1753.4815639299593,0.00041934566,0.1328125,0.19185859,0.0034257567,2.0606508936503447
79.456,0.11706418,1771.528863504912,0.0003156593,0.1298828125,0.6843024,0.0024766428,2.014211403452236
79.488,0.120409034,1725.9747003248467,0.00024740503,0.1298828125,0.66998017,0.0021883326,1.9820040689086245
79.52,0.12517065,1676.92045629063,0.00017726824,0.126953125,0.7386575,0.0021135702,1.9650644403511754
79.552,0.13076401,1660.3313985695218,0.00015660889,0.1259765625,0.7735435,0.0016351539,1.960862093392445
79.584,0.14449975,1632.5340942952312,0.00014494175,0.12744140625,0.5082445,0.00075563113,1.9668979916127434
79.616,0.14408174,1601.773014594794,0.000119748634,0.126953125,0.98850006,0.0021192518,1.975057271637303
79.648,0.12996459,1623.0272582189878,0.00012850254,0.1279296875,1.4620402,0.0043710023,1.977212038286182
79.68,0.12688719,1668.1614340075512,0.00012484823,0.13330078125,0.8418542,0.002428108,1.9740157076470546
79.712,0.1272488,1730.3015844818942,0.00013185966,0.13916015625,0.6823211,0.002284684,1.9696729229708483
79.744,0.12107587,1751.0590190707017,0.00013077642,0.14013671875,0.96402425,0.002231768,1.9574880945748738
79.776,0.11636202,1704.570192342193,0.00014018083,0.14990234375,0.6819258,0.0023443718,1.9340390774949938
79.808,0.117832236,1727.8420872821803,0.000139322,0.15087890625,0.72689676,0.0023630336,1.9035669910308
79.84,0.115024514,1751.4912543318007,0.00015930082,0.1494140625,0.76494336,0.002256073,1.881183487547268
79.872,0.114318706,2599.2046803294425,0.008023014,0.1611328125,1.0112357,0.0024331496,1.8619544778640142
79.904,0.11343215,2965.0554175237767,0.0274408,0.15283203125,1.0774091,0.0027569244,1.834436631854187
79.936,0.11611797,2694.242820807839,0.008674788,0.14599609375,9.585213,0.002516763,1.7862346433121299
79.968,0.12523872,2097.549689907711,0.0009890201,0.1435546875,4.4651623,0.00082987954,1.7320436914753319
80.0,0.13411115,1863.1725971151288,0.00034477693,0.1328125,0.16685969,0.00081732497,1.6753311500684358
80.032,0.13028146,2241.2442480998798,0.0015308574,0.14599609375,0.12349214,0.0014775522,1.6141133368006024
80.064,0.124535106,3038.694982255154,0.0106414985,0.14453125,0.36962873,0.0017488451,1.5478482977875605
80.096,0.120771915,2922.861511935581,0.007791167,0.14208984375,2.8994913,0.001671664,1.4795791364768867
80.128,0.11627581,2124.1469862643416,0.0012178904,0.140625,5.39047,0.0021738354,1.4247943491058521
80.16,0.11113753,1898.5500732092357,0.00060325366,0.12548828125,0.45792776,0.0025902616,1.3827511707546554
80.192,0.10655319,1877.3741057596308,0.00043499746,0.125,0.34935066,0.0025245904,1.34775136852715
80.224,0.109197564,1835.9346879356895,0.00039103348,0.12451171875,0.85451394,0.0023487017,1.3310236192401985
80.256,0.115217686,1825.2756853211622,0.00031485848,0.13818359375,0.5841258,0.0022093642,1.3319002413908194
80.288,0.11531906,1844.420664693853,0.00031857137,0.1484375,0.87841225,0.0023895204,1.334952807879556
80.32,0.113197714,2165.828268383036,0.0037116134,0.169921875,1.1563299,0.0022612994,1.3256808502855575
80.352,0.1035667,2897.115933018239,0.028477065,0.18408203125,0.99574995,0.0017595297,1.303331900712782
80.384,0.09889907,2867.712733306037,0.023536861,0.177734375,6.0095196,0.0019268006,1.2874003301722818
80.416,0.106015004,2380.9258301956284,0.003608923,0.169921875,6.4572043,0.002650243,1.285056785770814
80.448,0.10607026,2100.155665387885,0.001263485,0.16357421875,0.36260742,0.0024636895,1.2527596599393982
80.48,0.10690135,2138.625974366125,0.0036031944,0.15869140625,0.3414596,0.0018597111,1.2064540368908323
80.512,0.10384204,2811.9265207657677,0.027686108,0.16845703125,0.21428947,0.0020609864,1.1630700770354465
80.544,0.10307283,2806.455045022557,0.024355458,0.18115234375,3.752431,0.0017657549,1.1127776935150875
80.576,0.10535663,2475.356255979318,0.0040794117,0.1806640625,7.0289874,0.0019951274,1.060876174588794
80.608,0.10918449,2074.7484665747716,0.001230564,0.1787109375,0.6321898,0.0025251606,1.0236997300743451
80.64,0.113098964,1927.2108634992248,0.0006747613,0.162109375,0.22200288,0.0018665654,1.01537934824861
80.672,0.117022365,1836.256255342816,0.0005343125,0.1474609375,0.4519351,0.0016325345,0.994880695142658
80.704,0.11024158,1836.4123653140862,0.00045980792,0.13330078125,0.6572528,0.0024294832,0.9368483280267454
80.736,0.109988146,1867.6680262691093,0.00030950853,0.12548828125,0.9718154,0.0027504219,0.8567948337149784
80.768,0.11094447,1897.801343228287,0.00030371518,0.125,0.8579781,0.002652919,0.7866921630700939
80.8,0.113262676,1802.2132750434118,0.00032493236,0.134765625,0.4573235,0.0022137163,0.7211016004822228
80.832,0.11317156,1784.8386946726691,0.00028701738,0.13671875,1.3212868,0.0022429593,0.6682407378176437
80.864,0.11312256,1757.9247058784517,0.00027656622,0.13671875,1.5304824,0.0022688366,0.6462750784395915
80.896,0.117853835,1775.8830863132243,0.0002770158,0.14306640625,1.0781617,0.0020953324,0.6918360434872795
80.928,0.11176997,1788.7466862709089,0.0002774176,0.13525390625,0.7199,0.0024232694,0.8207883766805635
80.96,0.11156534,1791.8767510517923,0.0002764556,0.134765625,1.2390912,0.0023493783,0.9994361203037875
80.992,0.11506808,1794.7027072260755,0.00036390603,0.13427734375,1.0523727,0.0024109513,1.1975005478040204
81.024,0.107531905,1819.3589698521614,0.0005135829,0.13134765625,0.9315893,0.0033170292,1.484196473233975
81.056,0.10254065,1798.0333914531752,0.0005413644,0.12841796875,1.8918784,0.0041200756,1.8694423641940747
81.088,0.10431675,1835.268496593125,0.0011836446,0.134765625,2.088122,0.0034245679,2.32247719375039
81.12,0.1086535,2583.031969338861,0.024716374,0.1435546875,0.85578716,0.0029308635,2.8009270173289758
81.152,0.10923248,2790.484588314641,0.045902997,0.15087890625,2.7431066,0.0032340724,3.311080837282878
81.184,0.109394975,2567.161680329586,0.01545729,0.15087890625,10.722741,0.0032762322,3.8740023518695157
81.216,0.100564025,2315.667716099042,0.003765498,0.1494140625,2.7822459,0.004500918,4.483015989155415
81.248,0.09820933,2033.4418856906748,0.0023822025,0.140625,0.4051412,0.0042228205,5.108527519860992
81.28,0.10208132,2457.624545995687,0.008984608,0.14697265625,0.18671939,0.0035113343,5.749588266529314
81.312,0.09696398,3148.3530453726617,0.043480203,0.15185546875,0.7882645,0.003590177,6.381719519725769
81.344,0.09676578,2820.61629324811,0.022849536,0.1484375,4.1656113,0.0036247151,6.97750623129025
81.376,0.091985814,2182.622647374121,0.003698021,0.150390625,5.086902,0.0035048628,7.51289550204414
81.408,0.08750741,1871.5545750685787,0.0025934023,0.1357421875,0.6466372,0.0033996443,7.995028357021868
81.44,0.07886604,1783.8677015569965,0.0022303252,0.1337890625,0.2784203,0.007202751,8.432557654436922
81.472,0.07247549,1756.484957249926,0.0016926433,0.1376953125,1.0599623,0.0066703255,8.84581240898735
81.504,0.06341589,1717.766281039446,0.0024812713,0.14013671875,1.3862453,0.006793617,9.178527639218856
81.536,0.0424327,1851.004785784192,0.0047964244,0.1630859375,0.78433466,0.019428078,9.422056717987276
81.568,0.029459177,3112.7593322244516,0.12546292,0.21435546875,1.6681621,0.045124877,9.587548419908995
81.6,0.036493074,3521.8827304940664,0.19871533,0.2529296875,1.0700922,0.023674376,9.694863831412741
81.632,0.026687665,3290.5360629478128,0.16048194,0.27490234375,7.7230678,0.061901286,9.77965941234153
81.664,0.017200815,2958.710445747267,0.09572018,0.27294921875,3.7274837,0.13631874,9.849682516263735
81.696,0.012820411,2610.461430862759,0.06045065,0.25341796875,0.27455133,0.22853027,9.914377560869658
81.728,0.026703358,3602.296438527828,0.2583956,0.2685546875,0.13262644,0.07508151,9.975678612837449
81.76,0.045712158,3733.690876098953,0.26880452,0.2958984375,0.34588128,0.023794023,10.034348232542035
81.792,0.038973358,3492.1481302646553,0.2273802,0.3232421875,8.375305,0.054731578,10.101263598343712
81.824,0.037487898,3321.1886774311706,0.15159586,0.34619140625,4.750474,0.05974286,10.182437535246637
81.856,0.03999306,3282.868452693232,0.104904905,0.333984375,0.9656676,0.03390705,10.240196180884588
81.888,0.03489717,3267.401429579406,0.1167574,0.3154296875,0.72288156,0.04398278,10.256227334396103
81.92,0.03154444,3135.2568199579237,0.09933781,0.28369140625,0.70289564,0.07517251,10.235436899901124
81.952,0.024665436,2755.308557890762,0.06489425,0.25146484375,0.5601027,0.15015016,10.179022121705167
81.984,0.013863505,2419.303535267978,0.04912461,0.2255859375,0.36436275,0.31629923,10.09725013483204
82.016,0.014978393,2093.4360318726285,0.026552232,0.17138671875,0.27164724,0.71459526,9.950665538465213
82.048,0.080565095,1207.9402179817494,0.0018759299,0.1328125,0.18648082,0.9129591,9.746980106526461
82.08,0.12487589,1358.6750410526251,0.0023659815,0.08837890625,0.99894536,0.9081919,9.511643400544425
82.112,0.10511494,1694.997181521156,0.0046339366,0.04443359375,4.815532,0.8808384,9.253862217807978
82.144,0.09930883,1690.590668994191,0.0048666173,0.046875,4.8859754,0.87893206,8.981979513448593
82.176,0.10187124,1792.3424140406562,0.003627115,0.052734375,2.423638,0.8892091,8.684082761006076
82.208,0.101534404,1805.5712678711207,0.0028889047,0.052734375,1.346607,0.88905776,8.36302206572703
82.24,0.10046218,1797.4210588869646,0.0028127623,0.0556640625,1.0763116,0.89403653,8.024965547625646
82.272,0.09873892,1773.700619565831,0.0023638797,0.04931640625,0.7085672,0.90375257,7.668208619907792
82.304,0.098183505,1811.960286961003,0.0024238813,0.044921875,0.7033709,0.91501915,7.288552615179777
82.336,0.103500515,1812.0372053586643,0.0022173862,0.0419921875,0.5014646,0.9033109,6.916435245388412
82.368,0.11271618,2377.889365632174,0.009710896,0.0634765625,0.96180516,0.74386466,6.569472069173197
82.4,0.11033782,3028.5871645532807,0.04312412,0.06396484375,0.9356037,0.40946427,6.2451344160070255
82.432,0.10416963,3020.1928738842244,0.034588985,0.06494140625,5.2386813,0.6041015,5.9423966519518885
82.464,0.11010615,2504.3851995474834,0.007631515,0.06396484375,5.50667,0.8993051,5.653086933519837
82.496,0.11405359,1922.244245044924,0.0019984795,0.0400390625,0.4426412,0.9599367,5.414078682424068
82.528,0.12041268,1999.8430114779978,0.0035021221,0.05078125,0.18922004,0.7217624,5.263712448006765
82.56,0.12628265,2710.051695246192,0.021598049,0.0546875,0.16570528,0.19959697,5.206187058994201
82.592,0.13303034,2358.319065101522,0.017201133,0.0634765625,2.1798134,0.016085446,5.227505597331133
82.624,0.11837668,1726.8841916432639,0.0056049773,0.07666015625,6.490431,0.0048994594,5.293989057887639
82.656,0.07898844,1926.6633510752447,0.006339305,0.0771484375,1.8319157,0.0084889615,5.397168838524229
82.688,0.053674057,2014.5015029723377,0.007461951,0.08056640625,0.8127535,0.018862566,5.553464558302002
82.72,0.07684114,1917.9003272216335,0.0023780381,0.08203125,0.5699739,0.008724889,5.755572384495204
82.752,0.09889957,1997.7535888007496,0.0010854639,0.07763671875,0.93640804,0.0038710278,5.990848675234172
82.784,0.09966779,1986.5086139566847,0.0008981627,0.07470703125,0.971128,0.003282157,6.2576293277872495
82.816,0.09433411,2305.9363284074175,0.003653251,0.0869140625,0.6406405,0.002648261,6.552651247892381
82.848,0.08982242,3045.83423230075,0.039828938,0.1064453125,0.61760193,0.0019766793,6.876678647752478
82.88,0.071573615,3156.4923874245824,0.0685551,0.1357421875,3.5270402,0.0029321422,7.228896967008558
82.912,0.042563975,2991.4962215257,0.05432005,0.1513671875,8.150675,0.0067433207,7.586755605127631
82.944,0.030843217,2719.485344552515,0.035681076,0.13818359375,1.4086496,0.018142547,7.935878979916127
82.976,0.07766132,1941.886286182228,0.004886657,0.12255859375,0.030181687,0.002697723,8.291354251794832
83.008,0.120352834,2438.5262331414924,0.015762074,0.09521484375,0.2749604,0.0007217413,8.615345619879715
83.04,0.121014185,2867.0184032752695,0.027880969,0.07861328125,1.3309164,0.0005181752,8.888318984712692
83.072,0.116778046,2776.386602289329,0.008500161,0.07763671875,7.156038,0.00026949384,9.104981369067602
83.104,0.11688114,2337.045141156826,0.0022234411,0.07080078125,2.4941208,0.00017159957,9.27257394870172
83.136,0.11957052,2063.892251924665,0.0009506489,0.06689453125,0.042515703,0.00042851066,9.4194026983974
83.168,0.12542114,1804.15338001383,0.00043218854,0.06591796875,0.17258123,0.00045406757,9.546485119980971
83.2,0.12067733,1816.3740960731543,0.0003580335,0.06591796875,0.42805067,0.0005836488,9.66202466421554
83.232,0.114546806,1735.7418414780966,0.00029872436,0.06640625,0.45239615,0.00070843025,9.78002740289884
83.264,0.10881516,1679.7992995893674,0.00025680443,0.06640625,0.48862827,0.0007604971,9.895919573976057
83.296,0.10392329,1764.0270896322972,0.00033375068,0.06591796875,0.72601634,0.0009188004,10.01454515388896
83.328,0.12024683,1661.6377607028653,0.0005681432,0.064453125,0.7740296,0.0008617387,10.138083913800335
83.36,0.13035077,1577.4739215943355,0.0004131978,0.06396484375,1.2255498,0.0007975814,10.227883376705725
83.392,0.12376626,1574.450364368647,0.00039632266,0.06396484375,3.467481,0.00080954586,10.274393103405325
83.424,0.1015989,1668.8584132063047,0.0007486133,0.06494140625,1.7210348,0.0018568937,10.293573887239456
83.456,0.09328,1878.369124537096,0.0008482032,0.06591796875,0.60217,0.0030931183,10.288487120801477
83.488,0.124849595,1695.7359102930482,0.0008495078,0.06494140625,2.2252257,0.0010488034,10.260049980243366
83.52,0.13688083,1631.9410965500213,0.0004714888,0.06396484375,1.435632,0.0008061412,10.16227797005794
83.552,0.12896468,1615.8638819603325,0.0003833958,0.06298828125,2.685964,0.0009118566,10.004011223909538
83.584,0.11898612,2201.9659231271253,0.0039955364,0.07958984375,1.758546,0.00071410096,9.815141915878238
83.616,0.1114448,3098.2118603324093,0.031825412,0.08154296875,0.68728185,0.00051619485,9.593163054977646
83.648,0.12188697,3078.399685312186,0.027068349,0.08154296875,6.8213415,0.00050261023,9.332514138884337
83.68,0.12945426,2558.237578037101,0.0076314076,0.08056640625,7.5723305,0.0004969723,9.03049225953438
83.712,0.13170789,2261.56184153126,0.0025602058,0.0634765625,1.0941343,0.00062293164,8.692489030662667
83.744,0.13402513,2001.9362655849684,0.0013253444,0.06787109375,0.35382217,0.0011264819,8.335346505555675
83.776,0.121943325,3070.8365013249413,0.007863799,0.068359375,0.4940284,0.0013332749,7.952172919871203
83.808,0.11168146,3302.5217662239697,0.012562955,0.068359375,0.23554543,0.0007009482,7.536398037225397
83.84,0.11413937,2382.5735110602154,0.0036718166,0.0673828125,4.2076902,0.001209475,7.129412276792333
83.872,0.13087249,1674.04390288575,0.0018716172,0.05908203125,1.6564337,0.0012783959,6.7575970662564355
83.904,0.13987105,1387.0228071821687,0.00079622923,0.056640625,0.7638498,0.0005618065,6.413012841425106
83.936,0.14189406,1371.5505003974586,0.00031651097,0.0556640625,2.097896,0.00046947662,6.079033264133845
83.968,0.14127757,1311.918188814701,0.00027319044,0.0546875,1.2905049,0.00073115726,5.745877570022952
84.0,0.13710791,1275.2358491900213,0.00016328914,0.0556640625,0.5939599,0.00092014717,5.457052406310039
84.032,0.13756299,2014.735264509722,0.0015485159,0.0634765625,1.3349485,0.0012628807,5.20784311429596
84.064,0.12512106,3011.2021795537958,0.014171109,0.06640625,1.0816041,0.0011285759,4.9807747844952965
84.096,0.11756182,2923.208057336782,0.01322294,0.06689453125,5.2736764,0.00072895543,4.761852555000499
84.128,0.11688262,2273.7969180669684,0.0027782375,0.06640625,7.364631,0.0007076095,4.536855788800675
84.16,0.117506,1813.995341889315,0.0008939422,0.05859375,0.7408798,0.0005087994,4.295914261839724
84.192,0.12617682,1755.6315879802437,0.0014688729,0.06494140625,0.124933355,0.00042144812,4.040324143186507
84.224,0.12523694,2483.306485695617,0.011546626,0.06591796875,0.17360705,0.0011195341,3.7772365533127163
84.256,0.12688066,2614.143571463563,0.011302399,0.064453125,2.1683342,0.0012554127,3.5183132990977497
84.288,0.13513137,2236.7720427277677,0.0024879463,0.0634765625,7.3565454,0.0008864983,3.261892199165748
84.32,0.14065133,1618.2415304763927,0.00072895666,0.052734375,1.4190902,0.0006325462,3.0104888966746963
84.352,0.14142889,1312.5780824157985,0.00034271847,0.0498046875,0.22855033,0.00070190296,2.7707597284201158
84.384,0.1312084,1199.9541445989378,0.00024085061,0.0498046875,0.4861928,0.0010094298,2.545534578007055
84.416,0.123779155,1144.6929611228402,0.00016586133,0.0498046875,0.28790924,0.0014648186,2.340994221747201
84.448,0.12776655,1039.4480460677332,0.00010170101,0.04931640625,0.58564013,0.0017613105,2.1526170470879653
84.48,0.13105504,966.6744042431221,6.6426735e-05,0.04931640625,0.5607772,0.0014483872,1.9824617082788998
84.512,0.13760747,930.57458355243,4.718364e-05,0.04931640625,0.48055953,0.001005336,1.833019365442201
84.544,0.14034528,929.7228503943493,3.9614057e-05,0.04931640625,0.48298705,0.0010496953,1.7021075086044246
84.576,0.1412876,883.1572600967286,5.7743127e-05,0.05078125,0.62832326,0.000715062,1.593796944977045
84.608,0.13787898,902.472524034488,0.00011096228,0.0537109375,1.186034,0.00079989823,1.4959887588156633
84.64,0.11862956,1039.3764247183776,0.00021564776,0.056640625,2.4343045,0.0016032199,1.4004115183390213
84.672,0.11327607,1312.625754858846,0.00021574405,0.0595703125,3.3985662,0.0024371536,1.302868200672609
84.704,0.11888748,1422.7854595634567,0.00011667677,0.0615234375,2.5034814,0.0017707887,1.2280243354424272
84.736,0.12030367,1355.7276624103017,7.905788e-05,0.06201171875,1.7671542,0.0012949775,1.1589679562663047
84.768,0.11957386,1353.8968244597907,8.049017e-05,0.06201171875,1.1016903,0.0011405896,1.1230297195359544
84.8,0.11614653,1437.293751462444,0.00013441464,0.0703125,0.7045635,0.0013069939,1.1245436388377608
84.832,0.10665042,2716.0682601545195,0.013965728,0.0791015625,0.80999947,0.001785752,1.1552209759113041
84.864,0.09495227,3174.95952605969,0.056410305,0.080078125,1.4512585,0.0019508956,1.2039366814632204
84.896,0.09214287,3067.211575806009,0.030150712,0.080078125,14.028193,0.0016098374,1.2367286248596001
84.928,0.09907684,2618.471158289184,0.005883882,0.0732421875,5.03619,0.0021414135,1.2513432262085404
84.96,0.10713907,2143.818605538365,0.0016704713,0.072265625,0.29313463,0.0025947476,1.2621561500843044
84.992,0.106880195,2796.799852703641,0.0067787557,0.0751953125,0.083769426,0.0022318256,1.2693493744106625
85.024,0.100925036,3367.4379670194917,0.020075345,0.078125,0.32135373,0.0019376163,1.2697795989083498
85.056,0.10419999,2935.3339336204804,0.007460664,0.0771484375,3.0743294,0.00250671,1.2565875542912002
85.088,0.11037372,2174.9522851431557,0.0014557722,0.0693359375,3.3998487,0.0022686047,1.2508636558963593
85.12,0.1130163,1907.2396355783137,0.0006482034,0.0654296875,0.30724448,0.0018595693,1.2637708301918018
85.152,0.109510496,1750.4818084367644,0.00039175426,0.06201171875,0.2238188,0.0021518455,1.2864752470490968
85.184,0.10938793,1647.5710801284124,0.00025659904,0.0625,0.44792283,0.0019858207,1.302331720964249
85.216,0.11086807,1626.4868847755888,0.00020363828,0.0625,0.5251266,0.0016909429,1.3269826532018467
85.248,0.11362129,1619.6082678221187,0.00025144205,0.06201171875,0.70355487,0.0015356317,1.3349268188648078
85.28,0.11149177,2045.9633711662905,0.0024670672,0.06884765625,0.8702121,0.0014972845,1.3126966557524093
85.312,0.09762743,2746.9001334615214,0.025612574,0.07666015625,1.7144333,0.0019195592,1.2577674185069734
85.344,0.0906688,2892.8322018477925,0.029479602,0.07958984375,7.444429,0.00246289,1.185803321837483
85.376,0.09119934,2667.120480443168,0.0066508623,0.080078125,8.177988,0.002514302,1.129264940379805
85.408,0.09787316,2197.7092103525174,0.002394094,0.07275390625,1.103775,0.0023953137,1.100978684603946
85.44,0.08643836,2496.8054539595987,0.008033789,0.09521484375,0.13233864,0.0034301118,1.0867317407502308
85.472,0.06679838,3231.7812017779534,0.09141226,0.09716796875,0.3305577,0.005016089,1.1023439370710542
85.504,0.08316289,3134.550790065332,0.05000695,0.0986328125,3.056233,0.0024700537,1.1198063196887311
85.536,0.11557737,2491.6409503833074,0.0053569963,0.09912109375,7.0773735,0.0010065613,1.1374338689721828
85.568,0.11982576,2113.2507027346874,0.0018932816,0.06787109375,0.69463545,0.0009597692,1.160951608173749
85.6,0.117419146,1967.45417082928,0.0009736901,0.0634765625,0.19868028,0.0011439469,1.1942378663891082
85.632,0.11650238,1776.6116311808842,0.00044072454,0.0615234375,0.41727626,0.0012629022,1.2371659571616647
85.664,0.11331855,1629.5130868501583,0.00030905005,0.0615234375,0.61632216,0.0011604045,1.2503321214417928
85.696,0.11213581,1564.9867474808984,0.00020003512,0.0625,0.5275392,0.0017006245,1.252022469868465
85.728,0.103914715,1555.873701808377,0.00018102478,0.06201171875,0.41106242,0.0015784123,1.2563315102616575
85.76,0.10497303,1414.1696895822708,0.0003208241,0.060546875,0.7164507,0.0018603738,1.2543563008735898
85.792,0.12618922,1252.9234578376086,0.000430397,0.05859375,0.6687325,0.0014706234,1.2677324938660006
85.824,0.14033239,1192.8639043627456,0.0002476077,0.056640625,3.0769348,0.0010264438,1.3062199583997438
85.856,0.14049971,1170.2167643135172,0.00010335531,0.05517578125,3.773726,0.0012555154,1.3700347028932454
85.888,0.13181114,1230.7832349435134,9.197908e-05,0.05517578125,1.0713032,0.0012447822,1.4655458656864973
85.92,0.12989396,1286.5055665663454,8.77862e-05,0.05517578125,0.32993376,0.00064415514,1.5939811755609283
85.952,0.12684785,1355.075274059859,0.00012573245,0.05517578125,0.7164438,0.00064164755,1.7302376469861216
85.984,0.13084248,1254.5280139741285,9.347108e-05,0.05517578125,0.80027354,0.00080592156,1.9037689198946541
86.016,0.13758406,1190.2204161189018,6.9578935e-05,0.05517578125,1.6089578,0.0007589116,2.1404850698586495
86.048,0.12380076,1263.2648199871355,9.4344636e-05,0.05517578125,0.83067536,0.0016339787,2.4304333941068927
86.08,0.12502725,2359.4424050422867,0.0036319739,0.06982421875,0.5909505,0.0015460416,2.7659395554355957
86.112,0.12617998,3034.5380526828494,0.027952427,0.07666015625,1.5646517,0.0014620218,3.133388248196283
86.144,0.11450937,3043.1674716106527,0.027409382,0.076171875,10.740696,0.0019452681,3.5399597693301845
86.176,0.11670702,2471.512884355786,0.0071212947,0.07666015625,8.544732,0.00097153673,3.975205715922912
86.208,0.12303735,1950.5570102056172,0.0018496788,0.0625,1.0230325,0.0009065009,4.437302057205348
86.24,0.11745995,2231.062399307115,0.0029757903,0.0751953125,0.12808177,0.0017332056,4.93655932887164
86.272,0.09393413,3315.1369454264122,0.022669746,0.07666015625,0.2241495,0.0024350232,5.419500538839694
86.304,0.084107056,3348.5421319356483,0.020896737,0.0771484375,1.2688198,0.0033633108,5.8686031792845395
86.336,0.082951285,2491.4012068406055,0.004997016,0.08349609375,4.969358,0.004491189,6.290873497526187
86.368,0.05459263,2188.904123266186,0.00396349,0.087890625,0.52342194,0.013596648,6.674186834095471
86.4,0.023128992,2225.736912762619,0.011529041,0.0869140625,0.23231865,0.10868408,7.010409814314633
86.432,0.01993348,1883.5187959587106,0.006984522,0.09423828125,0.3414566,0.21272853,7.309124747973923
86.464,0.018971208,1706.4291731750272,0.004586775,0.13720703125,0.52907467,0.18633142,7.577071956541577
86.496,0.01111294,2518.7337654222624,0.038984016,0.171875,0.55961937,0.25196198,7.790464061989927
86.528,0.015301019,2934.955583667046,0.094365306,0.24560546875,0.501663,0.18088047,7.949530149855125
86.56,0.037155278,3183.0493881869907,0.15317157,0.326171875,3.6726768,0.041416384,8.060082656790334
86.592,0.047743596,3358.779166889649,0.16498438,0.3515625,5.6553926,0.02221725,8.146111972178543
86.624,0.037712153,3442.8563685604126,0.12789759,0.36279296875,8.076747,0.05286298,8.233298835846162
86.656,0.03702434,3402.9663265754825,0.098921455,0.3544921875,2.4770908,0.042990018,8.32622566994683
86.688,0.042302053,3350.957745716044,0.10235368,0.3525390625,0.47657165,0.020255424,8.402898337245958
86.72,0.05990154,3432.2848854406275,0.1788559,0.35400390625,0.73226094,0.016326237,8.465280404199726
86.752,0.061885744,3432.725079587637,0.17288305,0.35595703125,1.9204329,0.025110675,8.544587277738074
86.784,0.052090954,3366.6632094717984,0.12824894,0.35302734375,4.367448,0.022303374,8.631401118764778
86.816,0.048231207,3409.8037945108044,0.09929828,0.326171875,1.0628316,0.018412197,8.698802422872749
86.848,0.051837496,3207.9142331779694,0.06908924,0.31201171875,0.43573028,0.033138983,8.729144790197008
86.88,0.045529746,3074.5310669873343,0.07628892,0.2900390625,0.48722076,0.060489014,8.722788323553013
86.912,0.03730925,2973.143812784737,0.08581125,0.2666015625,0.72996086,0.07278734,8.676619238274416
86.944,0.025260072,2760.7649410404965,0.07628292,0.2529296875,0.7099322,0.119692124,8.594539565324597
86.976,0.015433232,2438.126743840211,0.04411632,0.2119140625,0.5459468,0.2519072,8.48417537413063
87.008,0.042562608,1457.309214206397,0.003550053,0.15673828125,0.22287971,0.8711015,8.334073254210347
87.04,0.11854145,1181.605279955848,0.0012997058,0.11328125,0.116477005,0.95468706,8.155760631509597
87.072,0.13462041,1489.328147921065,0.0022374599,0.06396484375,1.5359635,0.94435924,7.9604450846993915
87.104,0.114438735,1840.1005684468523,0.0028896576,0.04296875,5.443913,0.9082215,7.743006621072259
87.136,0.10848656,1921.0230961773295,0.0029808164,0.05029296875,3.460664,0.821643,7.486994620579227
87.168,0.10232512,1952.4780398060702,0.0024169956,0.0556640625,1.2003783,0.7251458,7.207980914284766
87.2,0.10386641,1892.8392331102323,0.0021389497,0.0546875,0.99425244,0.77009726,6.912065057836203
87.232,0.109638736,1795.4890322264719,0.0017699546,0.0546875,0.6165192,0.8530694,6.600820535559435
87.264,0.11086798,1852.4720764843837,0.001692184,0.0478515625,0.921083,0.7911917,6.280562405799442
87.296,0.114349075,1801.8527831978986,0.0015541576,0.04833984375,0.7437288,0.61221653,5.950992500462285
87.328,0.120838694,2523.6566289855746,0.01488696,0.0576171875,0.832549,0.46542257,5.639135906023672
87.36,0.11920719,2908.7204725812726,0.040639356,0.056640625,0.914405,0.51524776,5.351084208753379
87.392,0.115454845,2849.5920179202503,0.017769132,0.0576171875,7.724054,0.8175972,5.095604404965434
87.424,0.11875518,2262.7877789358586,0.0033101784,0.05029296875,3.7335868,0.91266257,4.87780081878457
87.456,0.11314545,1675.0113977500594,0.0013587803,0.03955078125,0.156897,0.9527104,4.695173964842555
87.488,0.108962156,1998.5614560269964,0.0050403224,0.0498046875,0.19807109,0.7950081,4.563236674150743
87.52,0.11699346,2451.676397794681,0.018117689,0.05517578125,0.40143624,0.19584005,4.499278816314895
87.552,0.12029448,2117.394818733763,0.012026804,0.06298828125,4.1225424,0.011720095,4.497575122118791
87.584,0.10892903,1832.732588701647,0.005646885,0.07177734375,5.260045,0.009066994,4.54403013237122
87.616,0.10159886,2023.568093039296,0.0036275953,0.068359375,1.6059073,0.006378691,4.634643779580268
87.648,0.102694854,2006.8608926445481,0.001538665,0.0712890625,0.78099626,0.0044670366,4.76968818282026
87.68,0.10043626,1862.1898455834366,0.00074837543,0.07275390625,0.8409058,0.0034568561,4.943749504115741
87.712,0.09783642,1923.3379831346301,0.000769053,0.07275390625,0.6383894,0.002178969,5.15579039345835
87.744,0.09775639,1897.7810458365618,0.00086112705,0.0732421875,0.8033682,0.0030792798,5.404169952746289
87.776,0.09443405,2434.494164641169,0.00396793,0.07861328125,0.8765596,0.0035972523,5.696557160356821
87.808,0.09545434,3065.191001143996,0.021584399,0.08056640625,1.1530995,0.003249571,6.016769251731292
87.84,0.10165727,2911.9491812789665,0.015139245,0.080078125,4.323351,0.0031696872,6.3615327706039295
87.872,0.102926895,2297.197484536312,0.0032250918,0.0791015625,5.8566,0.003684369,6.712519551816123
87.904,0.10770315,1955.1474568288795,0.0012199526,0.07421875,0.88663626,0.0033595376,7.041496546853323
87.936,0.102417275,1853.1584185482106,0.0014740329,0.078125,0.7507787,0.0029320815,7.344217218630177
87.968,0.08782524,2932.8099779077706,0.023973573,0.0859375,0.31630158,0.0036436203,7.630300319638069
88.0,0.088195704,3293.6311229628377,0.041479725,0.08642578125,1.2272663,0.003865392,7.880023102189334
88.032,0.09364526,3017.024969503382,0.012713635,0.087890625,8.13923,0.003793907,8.08043892785757
88.064,0.09961628,2537.30934800429,0.0038952345,0.08251953125,2.6311088,0.0033685,8.231119156122247
88.096,0.09887181,2110.0446916774167,0.0019025973,0.076171875,0.3223542,0.0027470996,8.348913376153115
88.128,0.091399804,1894.68980574568,0.0019575197,0.07763671875,0.25403914,0.003044707,8.440647080069882
88.16,0.090386815,1912.2228325523843,0.0019451116,0.07861328125,0.54900765,0.0047220914,8.512383361833955
88.192,0.08683589,1947.8862403771514,0.0016278549,0.080078125,1.7829989,0.004573473,8.561988705473697
88.224,0.09271508,1961.3771083772508,0.0010094534,0.08154296875,1.7379518,0.0036262185,8.592084431228978
88.256,0.10330783,1836.9919345498654,0.000593178,0.08251953125,1.0697826,0.003223526,8.615562283319406
88.288,0.11123618,1836.9469846423485,0.00049959903,0.08251953125,0.7444437,0.0023632615,8.633342803261067
88.32,0.10611952,2014.2742874593077,0.0007559855,0.0830078125,0.66889447,0.0016273741,8.615516177897035
88.352,0.09498611,2084.350974928583,0.0011335716,0.08349609375,0.93497777,0.0020180638,8.554794379351636
88.384,0.088785425,2177.3840816935904,0.00143661,0.0859375,1.1054372,0.0046833437,8.465656785597421
88.416,0.08679829,2180.426819962603,0.0014270376,0.0869140625,1.2910249,0.005036887,8.357943199215441
88.448,0.09011253,2206.835302370532,0.0013876351,0.0869140625,1.4681609,0.005861113,8.224284294821473
88.48,0.09246197,2174.5410595352214,0.0013181563,0.08740234375,1.0583894,0.0057645305,8.056391623843844
88.512,0.08974224,2221.4181803305873,0.001174721,0.0849609375,1.0949734,0.0044394457,7.859933472172209
88.544,0.09031401,2377.9201274643992,0.002453753,0.09716796875,0.84181404,0.0051502706,7.656991911522695
88.576,0.089875296,3142.9864078730316,0.025991162,0.11962890625,0.6814332,0.0046880553,7.446050893210951
88.608,0.08163808,3329.2435113028023,0.045522355,0.12109375,2.5837684,0.0043257815,7.224851939974307
88.64,0.08081879,3080.5232593613628,0.01874339,0.1220703125,8.011992,0.0051516294,6.990137458373012
88.672,0.08287042,2695.9866319277644,0.0065668016,0.1103515625,2.3123474,0.0052955104,6.747256883417788
88.704,0.08307301,2638.671893090439,0.0050801053,0.1005859375,0.23892021,0.0028563438,6.501565632317235
88.736,0.08369291,3468.3689101070995,0.03446751,0.1025390625,0.18373011,0.0020462747,6.248033010978893
88.768,0.08021988,3566.568709813426,0.045750245,0.10107421875,0.4590855,0.0030588815,5.9880808314764735
88.8,0.07200205,3145.2692580581543,0.013745622,0.10302734375,5.666653,0.0036005015,5.735752769337394
88.832,0.06813649,2760.8669799517256,0.009091523,0.09130859375,1.2622948,0.0074117486,5.507258911648214
88.864,0.06901609,2353.2864278506668,0.009496625,0.0986328125,0.12299476,0.009747879,5.2990052761919815
88.896,0.08058103,2076.098061477058,0.006274803,0.11474609375,0.8526406,0.0059666997,5.098656940811827
88.928,0.09309792,1939.2503125252583,0.0026333623,0.12060546875,2.408144,0.0025900125,4.905971880965019
88.96,0.08591002,1858.8856713221,0.0021256485,0.12841796875,2.1696813,0.0043090093,4.72774092177648
88.992,0.07392772,2238.5231565233007,0.008155285,0.13818359375,0.8127812,0.0067929137,4.56471536121215
89.024,0.08738717,2747.836342113315,0.047800783,0.13623046875,0.73354244,0.005087496,4.400428352425807
89.056,0.10646309,2795.4637500736967,0.031422332,0.14208984375,3.9182744,0.0036909953,4.226065497761874
89.088,0.103182256,2193.891148431868,0.005387371,0.14990234375,7.803588,0.0023299574,4.047560464217038
89.12,0.07991383,1947.2149736432923,0.005388073,0.1455078125,0.9028666,0.001952768,3.85840884953495
89.152,0.069886394,2354.0826072943055,0.01436414,0.15087890625,0.055839837,0.0029455163,3.6584115458329363
89.184,0.098326184,2686.855253154525,0.052729983,0.146484375,1.0323492,0.0020739108,3.443965160981498
89.216,0.12021033,2506.4709790376332,0.02857608,0.140625,3.5966578,0.001646489,3.2134181846434346
89.248,0.12020608,2208.3236968260276,0.0039812797,0.134765625,7.646643,0.0013896296,2.9739567919166907
89.28,0.11716829,1991.058468128157,0.0010268498,0.1259765625,1.1765107,0.001332665,2.7508094088254316
89.312,0.11677426,1958.2623028172166,0.00073123456,0.12548828125,0.27396953,0.0009993551,2.5470400873379875
89.344,0.115954354,1879.5227505506161,0.000600851,0.125,0.25986788,0.0010094831,2.3639220071279903
89.376,0.12532617,1755.7730101780544,0.00046607564,0.1240234375,0.25614315,0.0010013117,2.200819212429115
89.408,0.13863716,1692.7919422403693,0.00030091693,0.1240234375,0.79823357,0.0005598475,2.0544895980298157
89.44,0.12757689,1672.7382466142267,0.00024268965,0.12353515625,1.3611797,0.00089311355,1.9285254724318162
89.472,0.11441839,1681.9344945592973,0.00026813944,0.12353515625,0.92307377,0.0017727241,1.8254270252146523
89.504,0.10368643,1732.0558155820931,0.00028785257,0.12353515625,0.4796572,0.00234565,1.7428518046451595
89.536,0.10303255,1746.07052319948,0.00028904827,0.12353515625,0.5593687,0.0028860793,1.682196444660771
89.568,0.10514656,1727.4965835339412,0.00032267775,0.12353515625,0.5788833,0.003145743,1.6181208209925904
89.6,0.10614865,1697.102135977631,0.00026728286,0.1240234375,0.8316756,0.0030633593,1.5670479082844737
89.632,0.10553413,1734.7886322883305,0.00030905823,0.1240234375,0.71202886,0.0032723595,1.5228666271174733
89.664,0.10713295,1715.4824286931876,0.00032725759,0.12353515625,0.5457547,0.0035045173,1.4856885789490262
89.696,0.10709495,1699.801038543982,0.00031630122,0.12353515625,0.9559188,0.002733019,1.4531677688325346
89.728,0.10089061,1728.561768236671,0.00032077896,0.123046875,1.1231589,0.0029082487,1.4290949650316622
89.76,0.099433094,2208.372706545244,0.0032449597,0.1328125,1.059491,0.0037052238,1.4075821690081054
89.792,0.10276783,2864.047561587084,0.03142135,0.134765625,1.0852878,0.0040968847,1.386121543912269
89.824,0.104891054,2942.3136395473357,0.02693982,0.134765625,6.056075,0.003059263,1.3767739610782002
89.856,0.107050255,2533.3526706787316,0.0046169804,0.13525390625,7.916906,0.0026369079,1.365711901965016
89.888,0.10400654,2153.5788825693558,0.001768928,0.12548828125,0.53901386,0.0027574266,1.339113933538871
89.92,0.10549881,2069.6857937571176,0.001552897,0.125,0.11268975,0.0026815382,1.3023823248467419
89.952,0.113221966,2605.5594316325905,0.006992905,0.12548828125,0.30186749,0.0035010423,1.2563785171855082
89.984,0.1335658,2532.3430883935534,0.0051736594,0.125,0.5899243,0.002158731,1.2099946767782828
90.016,0.13246354,2106.51160006393,0.0015784457,0.12451171875,4.767064,0.0018415636,1.1602403243858028
90.048,0.106443174,1908.7356616134964,0.0013688435,0.123046875,0.7497832,0.0037118855,1.1181968358573486
90.08,0.09446519,1825.9964335078412,0.0010471048,0.123046875,0.34527755,0.004709298,1.0822393301880242
90.112,0.096484244,1772.406664518503,0.0010394007,0.1240234375,0.7835896,0.0046391175,1.058889304725537
90.144,0.09323327,1762.9310432514326,0.00080047204,0.1240234375,0.3629769,0.0048645316,1.053418069766826
90.176,0.08687573,1761.831970113993,0.0014267184,0.12841796875,1.5045133,0.0068620075,1.0605448011911331
90.208,0.08402923,2776.775846629379,0.027067423,0.134765625,0.8454678,0.008682059,1.0790442209039475
90.24,0.08360822,3065.8120176547654,0.055738326,0.13818359375,2.1432102,0.007326044,1.1145851506980624
90.272,0.08868011,2717.7032589814094,0.015065444,0.14208984375,9.057713,0.006373803,1.154768159515971
90.304,0.09006252,2260.9387630285746,0.0037914796,0.1376953125,2.791422,0.005946447,1.2378121742454558
90.336,0.090489715,1968.9030169638047,0.0025992976,0.1337890625,0.3215056,0.0068279095,1.3842195646499196
90.368,0.08981301,2402.0879860948344,0.017534293,0.15283203125,0.21469489,0.007691455,1.5996287958641497
90.4,0.087219775,2916.1390609856944,0.0599144,0.15234375,1.065502,0.005474939,1.864354587737782
90.432,0.09311559,2797.3497846918763,0.02927163,0.15283203125,6.552241,0.003951073,2.1899567841113545
90.464,0.09620998,2395.595270972936,0.0073967404,0.15234375,4.417702,0.007413749,2.5644808972396422
90.496,0.095579095,2031.1917240398377,0.0030356627,0.13134765625,0.44449762,0.00857048,2.981175329467051
90.528,0.093147,1862.1870834353495,0.0015751692,0.12890625,0.48582497,0.008108501,3.4335841363920574
90.56,0.080684796,1784.2188158821416,0.0013317848,0.13037109375,0.27303556,0.008560116,3.9133710645414146
90.592,0.059023656,1651.5338775555695,0.0017817572,0.130859375,0.5046086,0.015370104,4.4021268098003965
90.624,0.032494076,1583.3723668184875,0.0030958606,0.123046875,0.4355797,0.06346142,4.885371223580551
90.656,0.027688995,1665.818172819653,0.007955916,0.12646484375,0.7137499,0.10626555,5.371759441999992
90.688,0.06759534,1868.2594816982432,0.0044662156,0.138671875,0.3527231,0.016722001,5.847644876058777
90.72,0.08281642,1948.0836454303949,0.0030239886,0.13671875,3.8189442,0.009447134,6.364076917556865
90.752,0.054440342,1824.0695300429613,0.0033276887,0.14501953125,4.969759,0.025844313,6.94394360586112
90.784,0.024337973,1756.94293467543,0.008197578,0.1484375,1.2517971,0.17202494,7.538588414972886
90.816,0.018352387,1824.8299992565762,0.008310256,0.13037109375,0.49695393,0.3202536,8.138312040579114
90.848,0.015577475,1758.0395457910788,0.0067223967,0.1279296875,0.5067537,0.45066762,8.734523954457325
90.88,0.014775687,1494.04800772089,0.004665829,0.1123046875,0.396505,0.44727015,9.348028573917832
90.912,0.014604411,1318.4904853953783,0.0028921259,0.087890625,0.21820915,0.52067983,9.964153184078075
90.944,0.014154258,1245.5145033620374,0.0027254703,0.078125,0.5938698,0.69620043,10.583771611164591
90.976,0.025985312,3650.662057740473,0.24787629,0.15576171875,0.41812748,0.20120095,11.220159049259308
91.008,0.055899728,3812.7497196510635,0.2748648,0.23046875,0.55426,0.03463269,11.866333677250388
91.04,0.047151074,3689.1426875210122,0.23947057,0.29052734375,16.087162,0.04205234,12.496230024354455
91.072,0.030805608,3406.2324336844003,0.13948467,0.3291015625,7.091182,0.21399924,13.11956841665835
91.104,0.024038823,3108.2423372154467,0.08920576,0.27978515625,0.6323317,0.36596507,13.746697959805442
91.136,0.025110465,3580.740962352391,0.15357734,0.30859375,0.13963175,0.21984874,14.373258636674564
91.168,0.039413795,4032.602549764514,0.15880837,0.33203125,0.42041445,0.07712272,15.001210139000854
91.2,0.030109433,3927.6313756868376,0.16338061,0.33935546875,1.7443712,0.13386655,15.55575869738156
91.232,0.019687448,3555.8646600983384,0.11989488,0.32763671875,2.7352762,0.35307926,16.033754537650076
91.264,0.015970975,3199.5793685181834,0.081516035,0.25048828125,0.4454666,0.5633349,16.371557561339888
91.296,0.013005708,2878.645697599455,0.05672067,0.1748046875,0.5405366,0.647488,16.571109946557975
91.328,0.013130521,2487.400925491702,0.028540177,0.12890625,0.5625395,0.7890212,16.65587768932419
91.36,0.01389974,2275.604346711304,0.017023036,0.1064453125,0.43135482,0.85100657,16.642283134553512
91.392,0.013044247,2231.429819040633,0.020234816,0.10546875,0.32413432,0.8213277,16.544762400025693
91.424,0.022372818,3830.0647266666956,0.20990457,0.2021484375,0.4877138,0.26316532,16.35276218547216
91.456,0.042900894,4053.7905125530106,0.2332076,0.28662109375,1.1447773,0.08637801,16.05880562419361
91.488,0.035154067,3870.539665989626,0.21654329,0.35107421875,8.951333,0.11225232,15.681706726785439
91.52,0.028365629,3449.8437630338626,0.15035287,0.3896484375,5.333069,0.1629329,15.26369223864207
91.552,0.030024147,3270.625285189261,0.12117111,0.35693359375,0.8670321,0.19750956,14.828591336471025
91.584,0.038231816,3626.6383813584152,0.18994173,0.359375,0.8585304,0.08220941,14.377461495244889
91.616,0.06009157,3762.8862798589016,0.19494781,0.3583984375,1.1627643,0.04417215,13.912567799471109
91.648,0.053305827,3600.4954683400347,0.16782928,0.35302734375,2.972133,0.05427053,13.429182930880932
91.68,0.04022892,3330.146717744316,0.14670391,0.34912109375,3.769849,0.106201,12.944163549520209
91.712,0.031923722,3143.6979752990046,0.13906863,0.2998046875,0.57743007,0.13513891,12.408768815194337
91.744,0.025195949,2957.76414673243,0.10537129,0.26025390625,0.41315892,0.23698086,11.879259854826712
91.776,0.020715302,2586.375740548453,0.05857869,0.23388671875,0.40849897,0.3925017,11.307179583958172
91.808,0.014645997,2357.8543850432234,0.047675587,0.18505859375,0.13625126,0.5587936,10.712607376443584
91.84,0.014204236,2125.6291390484275,0.029308395,0.1533203125,0.35500658,0.7319555,10.107759071132481
91.872,0.017535444,1795.081130403967,0.016611293,0.1162109375,0.2750737,0.81489944,9.518521828710327
91.904,0.0846511,1079.145225689805,0.0013083362,0.08056640625,0.36262947,0.94248146,8.984561544504464
91.936,0.12882528,1363.0178823392735,0.0018726,0.06103515625,1.5409178,0.9374876,8.54021865695649
91.968,0.11609118,1738.8220098227666,0.0037706462,0.05126953125,4.3834176,0.89319557,8.188767602250417
92.0,0.107488595,1851.3856759316932,0.005338259,0.05712890625,5.2536197,0.8703079,7.905317794964483
92.032,0.1069203,1972.4720216687638,0.004957358,0.06005859375,2.734966,0.8214021,7.657286764531683
92.064,0.10898349,1899.135520424527,0.0043903193,0.060546875,1.7013866,0.8240965,7.434770259750837
92.096,0.09662754,1907.5888737766352,0.005275859,0.06298828125,1.0151683,0.8380771,7.2344155418694385
92.128,0.08876102,1982.476221792252,0.0051766187,0.05517578125,0.8972347,0.8677327,7.040652911821487
92.16,0.097393766,1922.6899460134657,0.004194537,0.05078125,1.0066106,0.8967645,6.845250499747183
92.192,0.10983967,1967.7582202170452,0.003490959,0.05810546875,0.40460494,0.7579863,6.6875561215621655
92.224,0.118563,2708.998785467683,0.026287407,0.06494140625,0.93058604,0.65144986,6.645884945283086
92.256,0.11162395,3009.427552541056,0.05213325,0.0703125,1.2400309,0.7577599,6.7889791966718205
92.288,0.09972838,2890.3165770961664,0.02380694,0.07080078125,6.779743,0.89174324,7.086329029536324
92.32,0.10245056,2159.877568797859,0.0075839376,0.06005859375,2.4901617,0.8218116,7.482566277576143
92.352,0.1238165,1490.8173639856877,0.0024546331,0.05712890625,0.12486491,0.27190816,7.929068543013232
92.384,0.12948765,2384.8358251768323,0.012096082,0.06201171875,0.4557561,0.021873377,8.423188506024701
92.416,0.11220574,2608.7232706479026,0.02344608,0.0693359375,0.90338486,0.012292126,8.931861775591454
92.448,0.097245134,2039.1136519707666,0.011953146,0.07666015625,4.8724227,0.013420079,9.44204377602528
92.48,0.0989309,1756.3288630290986,0.0052292217,0.076171875,2.3861036,0.009301687,9.958083274771964
92.512,0.07727958,1854.9728703475726,0.0042393934,0.0732421875,1.0846756,0.014819628,10.498665924048453
92.544,0.07331702,1926.6880645014853,0.0028510077,0.0732421875,0.7383751,0.021951456,11.068807730096323
92.576,0.0729731,1964.4582252415548,0.0024143355,0.076171875,0.53936154,0.029992549,11.652065626813839
92.608,0.06384185,2082.412110759448,0.0033355253,0.076171875,0.657389,0.029489689,12.267480611125372
92.64,0.06338659,2256.1187252667723,0.0047501344,0.09912109375,0.5831537,0.034093104,12.914149823555814
92.672,0.06586445,3105.4772082942854,0.06451755,0.115234375,0.7755536,0.024196684,13.592728576686927
92.704,0.07471509,3290.4105522843906,0.088916995,0.1181640625,1.9956053,0.008513359,14.227361996508023
92.736,0.07994003,3044.3658202586594,0.028267577,0.11865234375,8.955092,0.006686351,14.79138849632429
92.768,0.079677194,2713.3822053299523,0.009977252,0.0966796875,2.8581085,0.009265032,15.216515852617915
92.8,0.080107376,2614.5174786811835,0.008914994,0.1044921875,0.29082015,0.008415203,15.515918339718642
92.832,0.08225369,3175.7203986077516,0.064074785,0.1083984375,0.3310768,0.008254199,15.708843346125683
92.864,0.0955097,3100.439797509298,0.058385633,0.1103515625,0.6089282,0.00780465,15.800611546432911
92.896,0.11044303,2746.4244241337983,0.015351736,0.11181640625,6.7125206,0.0050307163,15.80233355990297
92.928,0.11424663,2464.841273949935,0.0046893577,0.08544921875,1.5989565,0.0040690773,15.712954252642188
92.96,0.11885973,2291.8885802025857,0.0019732302,0.07470703125,0.60423714,0.0041477075,15.555390892564525
92.992,0.11890112,2129.91898329313,0.0012568305,0.0703125,0.41655624,0.00467583,15.330154715386657
93.024,0.115649655,1960.4567928398428,0.0007544049,0.06640625,0.24633846,0.0035941256,15.037325956816451
93.056,0.110741995,1874.9052078572754,0.00052841636,0.06640625,0.25807646,0.003855203,14.710894674514327
93.088,0.11087711,1933.3424060069124,0.00039197016,0.06640625,0.38235727,0.0048691346,14.361278304578681
93.12,0.11087406,1967.915566042926,0.00032406606,0.06640625,0.39821988,0.0037999512,14.012516405494715
93.152,0.11192396,1884.9595287794036,0.0003187153,0.06591796875,0.66900706,0.005769541,13.656186335071327
93.184,0.12338457,1766.8202281988922,0.00048029178,0.06494140625,0.48523957,0.0053061787,13.281123969137663
93.216,0.13320418,1643.3110061944762,0.00044316053,0.064453125,1.1314086,0.0032792853,12.853480609051177
93.248,0.12287974,1606.2338409765957,0.00042348483,0.06494140625,2.400038,0.0037201634,12.439618331803212
93.28,0.11405213,1656.5291625570012,0.0006943271,0.06640625,2.044051,0.0043491432,12.044285669615716
93.312,0.11030365,1942.4713705671143,0.0007165706,0.06689453125,0.9183176,0.004972766,11.672467738451594
93.344,0.13600945,1623.092052083169,0.00064235105,0.06640625,2.3911448,0.0033572712,11.301625276154276
93.376,0.13554296,1626.167071070151,0.00042483656,0.07080078125,1.6788726,0.0037555944,10.913988609655263
93.408,0.12396949,2628.1650379299945,0.0091100475,0.0771484375,2.260182,0.003882244,10.528703235656037
93.44,0.13026458,3097.056881333924,0.028620861,0.07958984375,1.1729206,0.003411414,10.137228779086552
93.472,0.13401039,2983.5168560800903,0.017385894,0.07958984375,9.511233,0.0035609966,9.748714389867864
93.504,0.13326472,2432.4173749292877,0.0061494657,0.07421875,5.1685796,0.0025205244,9.365439019474556
93.536,0.12581006,2185.2106509229675,0.0027041035,0.07177734375,0.6485421,0.002766519,8.967465651669574
93.568,0.11712347,2775.314948493127,0.010637197,0.072265625,0.5156969,0.002927062,8.557810053043452
93.6,0.11926418,3070.5775927701225,0.019219942,0.0732421875,0.43056983,0.002403126,8.120628265827667
93.632,0.12484406,2715.8635925544722,0.007085088,0.07177734375,3.4825044,0.0020995059,7.666445762969658
93.664,0.12722494,1998.3915311904657,0.0028041038,0.06396484375,2.4786263,0.0033153861,7.210233814344237
93.696,0.13082631,1741.9612480451576,0.0014741783,0.05908203125,0.23967575,0.002728144,6.794527129329224
93.728,0.13613236,1749.693644477658,0.00086750556,0.056640625,0.9932241,0.0018503921,6.423452851636
93.76,0.14051433,1639.6855664317936,0.0005237791,0.05615234375,1.1000253,0.0022415482,6.094190587794748
93.792,0.13890256,1589.4379223407554,0.00037980214,0.05615234375,0.7869532,0.0022088331,5.786454324149092
93.824,0.13184886,1608.3796414221945,0.00030291633,0.05615234375,0.40827048,0.0022230593,5.4982338706474
93.856,0.12860794,2425.3536461039753,0.0037379605,0.0654296875,0.3543663,0.0031688786,5.239158073864284
93.888,0.12075028,3036.101520468934,0.020508263,0.06884765625,0.7395321,0.0030816803,5.002868145210895
93.92,0.11979551,2958.1035719816473,0.015132815,0.06884765625,7.068243,0.002402594,4.776147866997927
93.952,0.1311341,2387.2090934084654,0.0032097679,0.06884765625,6.496611,0.0021009503,4.539242229637918
93.984,0.13754106,1961.8163441179602,0.0011246054,0.068359375,0.8514111,0.0018408409,4.290279672304358
94.016,0.13622986,2553.5685987871157,0.0062146955,0.06982421875,0.133086,0.0017823945,4.045166999381986
94.048,0.12701696,2945.613521711506,0.025428873,0.07177734375,0.31010222,0.0025763742,3.791276406504942
94.08,0.12277607,2698.0716853031176,0.016944377,0.07080078125,5.492402,0.002486383,3.5460184176002447
94.112,0.11905296,2326.201927891419,0.006332762,0.0595703125,5.070117,0.0028545475,3.310532080556302
94.144,0.12040016,2085.609016070306,0.0020795758,0.0537109375,0.6959954,0.003007948,3.0799727747125836
94.176,0.12556896,1787.7301598647225,0.00096932024,0.05029296875,0.36340836,0.0023932846,2.871113049735243
94.208,0.12929861,1610.8475317858588,0.0005814008,0.0498046875,0.34608042,0.0024310048,2.6630067211097392
94.24,0.1289337,1544.8531543671097,0.0004458919,0.0498046875,0.38413388,0.0024374633,2.4671156805530057
94.272,0.1324811,1513.1731184729379,0.00034393044,0.04931640625,0.7195221,0.0028300243,2.2847991587889407
94.304,0.13703765,1414.2638958800408,0.00020943621,0.0498046875,0.6183576,0.0025324349,2.1215163613298667
94.336,0.14719272,1228.4498272750084,8.710454e-05,0.04931640625,0.59873646,0.0016455741,1.9780331303342331
94.368,0.15499425,1173.3428892354132,6.312839e-05,0.0498046875,0.45766065,0.0017211051,1.8537822857407296
94.4,0.16544726,1168.4521176017192,0.00010223005,0.05078125,0.40726075,0.0014115148,1.74471882917439
94.432,0.14469314,1167.3823490896207,0.00029400448,0.052734375,0.6374459,0.002270115,1.646117816149292
94.464,0.12842315,1274.0266038839113,0.0004888027,0.056640625,2.1054907,0.00373942,1.543097941777182
94.496,0.11666868,1471.6317890493876,0.00061745907,0.0595703125,3.808134,0.004602327,1.4270389736413196
94.528,0.11587701,1632.7530903248057,0.0004969089,0.06201171875,2.5210013,0.0037747736,1.3353266009187494
94.56,0.11888522,1554.216536970037,0.00025512755,0.06298828125,2.3615549,0.0033981006,1.2510170084694336
94.592,0.115574405,1588.8523157355576,0.00022421201,0.0625,1.5816854,0.004111085,1.1799799349333282
94.624,0.11472916,2202.0357199442983,0.002621742,0.080078125,0.9796988,0.0039980654,1.1544280859199516
94.656,0.10908212,3081.6203365937263,0.03113045,0.0966796875,1.333198,0.004352559,1.140073925701061
94.688,0.09674564,3291.6473700789657,0.052167505,0.099609375,6.816401,0.004682075,1.1581264856843965
94.72,0.090869345,2982.3768504275727,0.01999491,0.099609375,8.52005,0.0063856808,1.1610664388921996
94.752,0.10231718,2517.7475228998883,0.004989457,0.08203125,1.6952821,0.0063921325,1.1530098508294189
94.784,0.1148412,2115.9620148693184,0.0017875357,0.06982421875,0.21719208,0.005027975,1.1397951335276535
94.816,0.11295854,2732.3150026910535,0.008887169,0.08056640625,0.14451441,0.0041954545,1.1179897959496594
94.848,0.105003916,3138.899967049709,0.020369254,0.0849609375,0.26853824,0.004999547,1.0807697610107831
94.88,0.1025744,2989.4578500426423,0.009085135,0.0849609375,4.838465,0.0059530246,1.037332691431445
94.912,0.10813035,2515.3732873484837,0.0032118713,0.08056640625,2.7078388,0.0045867693,1.0035007698441722
94.944,0.1204532,2130.565053096485,0.0011809269,0.06640625,0.34151563,0.0031439757,0.98830388508908
94.976,0.13002744,1867.8048220076303,0.0006083508,0.06201171875,0.11356539,0.003205917,1.0056206312650164
95.008,0.13974833,1751.4284906734263,0.00049449067,0.0615234375,0.45699805,0.00197611,1.043605516459695
95.04,0.12825358,1749.0937128924602,0.00056944013,0.060546875,0.59123623,0.002081653,1.0777393890060132
95.072,0.111828424,2243.4560515881512,0.003111885,0.07958984375,0.8745147,0.004274094,1.0950768790505867
95.104,0.103984855,3043.3274134936883,0.029123668,0.08544921875,1.271593,0.0040726922,1.0743721263534751
95.136,0.10155005,3217.661901366599,0.02909152,0.08544921875,4.9846444,0.0041470523,1.0296197810218375
95.168,0.11554603,2712.8093428685215,0.006295095,0.08544921875,7.8060527,0.0038853115,0.9740653108131069
95.2,0.11362725,2292.9067065467752,0.0024835563,0.06689453125,0.9568307,0.004898773,0.9067664597983418
95.232,0.109097466,2552.5776492355653,0.005024431,0.07666015625,0.19963698,0.0039033554,0.8678998640414837
95.264,0.105092354,3248.55214138388,0.034475494,0.08642578125,0.38885275,0.0026070012,0.8576246577510095
95.296,0.10177231,3290.1140843615412,0.0335792,0.08935546875,2.1729288,0.0037056515,0.8561564910318495
95.328,0.10197344,2881.2849770862385,0.012386786,0.08837890625,6.9048367,0.00418272,0.8623744499361146
95.36,0.10635477,2384.722649010514,0.0043715998,0.07470703125,1.2281547,0.0044954177,0.8812983943484302
95.392,0.11052259,2176.6877356224013,0.0016074594,0.064453125,0.22030841,0.0035950204,0.9067621558660707
95.424,0.10101424,1978.9283967355238,0.0011229282,0.0625,0.36535105,0.004407655,0.9312427479046802
95.456,0.10596826,1874.2378489608377,0.0008729704,0.0634765625,0.2856932,0.0036989187,0.9282355047067492
95.488,0.10622671,1859.812392335426,0.0006179243,0.0615234375,0.48430005,0.0035961466,0.8867364738346791
95.52,0.11133371,1718.261069941979,0.0007010237,0.060546875,0.80741036,0.0028107523,0.861478872670003
95.552,0.12625577,1554.706474106496,0.00073655933,0.05908203125,0.8866633,0.00239827,0.8487796993482596
95.584,0.14139226,1506.5664664990918,0.0005504682,0.05712890625,1.86021,0.0018004208,0.844627587322558
95.616,0.14388919,1388.03918587884,0.00024583077,0.0556640625,2.7154245,0.0020327282,0.8961578597510835
95.648,0.1373008,1341.9744357855923,0.00017491356,0.05517578125,1.6611624,0.003044005,0.9824589297024378
95.68,0.1341522,1359.4619036182858,0.0001400726,0.0546875,1.0129365,0.0024056681,1.1502960641007693
95.712,0.13366301,1402.2989853112604,0.0001966359,0.0546875,0.49697816,0.0020998167,1.347830129180864
95.744,0.1403557,1378.1492478640666,0.00015605793,0.0546875,0.6841358,0.0018596512,1.5736271431685767
95.776,0.14446104,1294.1905970540415,0.000119935146,0.05517578125,1.4970727,0.0018727535,1.869155101367321
95.808,0.13911381,1287.7403847440146,0.000103700164,0.060546875,0.95901316,0.0019640706,2.2363593401262603
95.84,0.13558756,2421.266817872056,0.0052652243,0.07177734375,0.7667364,0.001666327,2.6572550412513287
95.872,0.12705277,2982.2130550628344,0.03016197,0.07373046875,1.0682533,0.0018915283,3.1206217010191963
95.904,0.12076628,2967.0093657861908,0.020950561,0.07373046875,12.64187,0.0016891782,3.6225914182495123
95.936,0.11975741,2497.4258494741734,0.0062503153,0.068359375,6.6896806,0.0015669655,4.165783731663211
95.968,0.12043015,1961.8591142706891,0.002151359,0.06298828125,0.5201596,0.0022610168,4.7356302333263045
96.0,0.1134983,2551.4205359800926,0.006248202,0.06787109375,0.09860529,0.0024829058,5.303307288106631
96.032,0.10787484,3213.862935050538,0.023701705,0.072265625,0.32836232,0.0016208775,5.874306894389921
96.064,0.10170375,3146.754903074041,0.014077437,0.07177734375,2.9635942,0.0024598602,6.433913948124405
96.096,0.10004562,2644.5449560926413,0.004726723,0.0654296875,4.198205,0.003544772,6.939047301253776
96.128,0.107938685,2128.742027153682,0.001900165,0.05859375,0.35770708,0.0028790166,7.400282172468837
96.16,0.116323166,1708.6501487889211,0.0008707519,0.0576171875,0.21960357,0.0026249716,7.801466754143887
96.192,0.101149395,1459.1113076468919,0.0007795484,0.06103515625,0.4361893,0.004679729,8.159324031865888
96.224,0.045367572,1571.4612646760806,0.002127313,0.064453125,0.36180323,0.033010073,8.469365446966085
96.256,0.025243832,1816.2751064036331,0.005677687,0.08740234375,0.58680123,0.13995612,8.70948051152946
96.288,0.032250408,3376.850578102022,0.09418044,0.1572265625,0.49640125,0.11580498,8.882754565091295
96.32,0.048514243,3905.952310934131,0.22250955,0.22412109375,1.2441626,0.046726264,8.996556752493664
96.352,0.045357198,3666.785226997102,0.21667315,0.2841796875,9.065315,0.057575338,9.071814527014748
96.384,0.036500257,3373.1912304362063,0.16059512,0.330078125,5.934247,0.08773031,9.144476841775345
96.416,0.0365417,3264.0417797501987,0.1192327,0.33056640625,1.4749552,0.087606005,9.217786347442452
96.448,0.03946289,3327.4587123151405,0.15627043,0.34912109375,0.5769659,0.0849829,9.301704269017133
96.48,0.057635866,3575.401379800379,0.2357747,0.3642578125,0.6389033,0.048085056,9.401919037685282
96.512,0.05312197,3565.5357144663813,0.21496303,0.365234375,1.840737,0.052245673,9.514338266154747
96.544,0.039394412,3370.367389015826,0.15578933,0.357421875,3.971487,0.079893656,9.652194494818989
96.576,0.034610447,3156.76292762733,0.1235406,0.32373046875,0.637903,0.10827226,9.792813617544882
96.608,0.029706098,2950.4892985334473,0.10183087,0.2734375,0.24199246,0.19536933,9.892239130190724
96.64,0.02322708,2647.085738268287,0.08085514,0.2197265625,0.44737878,0.34361863,9.958699250373583
96.672,0.020867279,2211.507855813682,0.02791286,0.171875,0.4447223,0.74685943,9.998751189727766
96.704,0.016821979,2250.6243169637837,0.02016751,0.13720703125,0.4694473,0.75910383,10.020408078026989
96.736,0.021068785,1832.1196041081191,0.012420572,0.10400390625,0.11970618,0.8420065,10.021023262071806
96.768,0.09300675,1072.4574999934155,0.0011186679,0.0849609375,0.083987504,0.88814634,9.9946165206492
96.8,0.13380301,1288.8956836451673,0.0013512502,0.06494140625,1.9541917,0.8420186,9.957543326028432
96.832,0.11892594,1682.7782763459184,0.0024673957,0.04296875,4.329447,0.7718954,9.915942983857555
96.864,0.11055533,1730.1699601506482,0.0024437213,0.04736328125,4.0880365,0.58194447,9.857316294963878
96.896,0.10502162,1751.9007865723495,0.002178764,0.0498046875,2.3269603,0.5197875,9.787791011962806
96.928,0.09554387,1827.4358792705275,0.0025512322,0.05322265625,1.2179203,0.66780895,9.707513510617536
96.96,0.08887607,1828.754576909701,0.002709711,0.0546875,0.624786,0.7992933,9.603140212686533
96.992,0.08740121,1802.1707919012883,0.0023745652,0.05029296875,0.9395937,0.8063993,9.479434605403494
97.024,0.09203216,1805.5944901929383,0.0018220664,0.048828125,0.7786876,0.79554635,9.334346947215932
97.056,0.09596291,2609.908422260186,0.016068915,0.07421875,0.39718667,0.736082,9.192570858938272
97.088,0.09968796,3242.08824017227,0.07219074,0.078125,0.5309917,0.5535002,9.089704824608154
97.12,0.10314676,3153.376231958013,0.045041982,0.083984375,5.9831886,0.5569683,9.019805368999707
97.152,0.101944454,2737.1218970244495,0.013004346,0.08203125,5.956404,0.6880371,8.97716645978272
97.184,0.097820796,2244.5404538817706,0.005025134,0.05126953125,0.56768495,0.85406554,8.956545392682296
97.216,0.09439724,2273.5926837030856,0.005716581,0.06396484375,0.1273642,0.93132544,8.961249688299803
97.248,0.0816963,3312.463914196974,0.03820115,0.06494140625,0.22936004,0.8644019,9.000256128129847
97.28,0.073991835,3276.526012768608,0.049631603,0.06982421875,0.8643909,0.7516626,9.069810864927065
97.312,0.08395527,2651.8920729182264,0.011597163,0.0712890625,4.987211,0.61559266,9.151506406383376
97.344,0.08997375,2133.998379509797,0.004157544,0.05029296875,1.2601283,0.70821047,9.237390149724204
97.376,0.085967526,1764.8965286124246,0.0023160775,0.046875,0.21189101,0.93567854,9.338556971844811
97.408,0.0654273,1657.4149244738114,0.0020522713,0.041015625,0.3581744,0.9474865,9.448000879760896
97.44,0.061350673,1531.2032448646428,0.0016424365,0.0400390625,0.6936698,0.8436131,9.560085985160653
97.472,0.08368463,1351.9069671956202,0.00063364743,0.0400390625,0.30028653,0.83354497,9.65415979582748
97.504,0.09674742,1626.7405937319568,0.0012802357,0.05322265625,0.42540437,0.8833765,9.730986434750179
97.536,0.10103469,3025.123836766912,0.035980083,0.0791015625,0.6290865,0.8197548,9.795737270778046
97.568,0.086907245,3317.130614974688,0.088961646,0.09326171875,2.3727672,0.6480581,9.855031413022358
97.6,0.06896291,3197.3269115670746,0.048431803,0.09716796875,11.969713,0.7646272,9.895465733241167
97.632,0.07095933,2611.4558828148183,0.012514286,0.08154296875,2.940305,0.8996326,9.881325316389646
97.664,0.076710425,2141.499905669141,0.00487168,0.0732421875,0.1278084,0.886545,9.797815767733443
97.696,0.074281186,3260.3183551160037,0.04045318,0.0869140625,0.21638158,0.7124813,9.667130179735167
97.728,0.0714822,3521.9786693677706,0.08543488,0.09716796875,0.34898174,0.6298791,9.502964497417324
97.76,0.06763613,3214.7695358802825,0.036623865,0.10107421875,5.3669744,0.7963585,9.276546969653307
97.792,0.06429844,2740.36399304401,0.013244396,0.0849609375,2.999872,0.90586734,8.981355533077071
97.824,0.06069324,2324.7969913601783,0.006516277,0.05712890625,0.24393702,0.9356247,8.653969388071891
97.856,0.076222084,1791.2461758929012,0.0020376847,0.04345703125,0.10030665,0.8225768,8.321355539102992
97.888,0.0871222,1443.2462188386207,0.00088351587,0.03857421875,0.31886426,0.8275423,7.998723399453851
97.92,0.09398925,1272.0742562417054,0.0004424546,0.037109375,0.44342196,0.9469433,7.688872827940479
97.952,0.10082906,1173.7452917027424,0.00024396116,0.037109375,0.60370886,0.953881,7.4090398987267
97.984,0.10777298,1059.9379600340826,0.00019290707,0.03759765625,0.5579873,0.78013885,7.170670271431346
98.016,0.11786821,877.4705844644088,0.00018749645,0.0400390625,0.35295016,0.30669203,6.981939297044488
98.048,0.11695358,767.9060931625387,0.00022350067,0.0439453125,1.1371145,0.07141088,6.831459916845852
98.08,0.10510435,793.2520028933154,0.00027386428,0.05029296875,2.15311,0.029515693,6.687813047803455
98.112,0.07797333,940.0106759827218,0.00059739227,0.05712890625,2.5150435,0.037293974,6.546735755654619
98.144,0.06095074,1161.5757094094079,0.0011900866,0.0634765625,1.7128146,0.03342394,6.436641057538395
98.176,0.048162688,1340.386446367154,0.0020879079,0.07177734375,1.7643454,0.066688515,6.364602488230825
98.208,0.04108207,1418.922586346535,0.0023956196,0.07861328125,2.06341,0.11713373,6.330190435776052
98.24,0.041447036,1585.8090805780453,0.0015473828,0.08203125,1.8866389,0.09133066,6.351278947889339
98.272,0.041814376,1656.177642452523,0.0013669144,0.08349609375,1.4279658,0.09297715,6.461166433817438
98.304,0.04592859,2800.5664360895325,0.045404576,0.13134765625,1.0635903,0.07937841,6.637756732751042
98.336,0.06168171,3302.5064714046093,0.1421531,0.15576171875,1.083968,0.02887748,6.831491799658749
98.368,0.05963308,3329.5614279528654,0.11905267,0.16552734375,10.29702,0.03347687,7.013784309720263
98.4,0.05104288,3027.4528109667885,0.048243392,0.169921875,6.593237,0.057095397,7.19376372530962
98.432,0.044863317,2583.276012686697,0.019200893,0.13671875,0.72260135,0.06624327,7.383924457689535
98.464,0.04531053,3465.2474958914463,0.09084113,0.1357421875,0.15468776,0.053007897,7.559655196297398
98.496,0.05059715,3678.0840947811903,0.13148764,0.13623046875,0.22643286,0.044719752,7.696706907421009
98.528,0.047835484,3264.5100806847713,0.05143414,0.134765625,3.677663,0.049247276,7.792713461852462
98.56,0.04607988,2777.269760955765,0.020613862,0.1171875,2.3293538,0.055982254,7.901566120186829
98.592,0.04778483,2407.4781407761852,0.007894167,0.08935546875,0.28979248,0.054647874,8.057936307394852
98.624,0.051215008,2122.450968349511,0.0031368157,0.07763671875,0.34685746,0.04934081,8.234243069411757
98.656,0.0532812,1945.797025616122,0.0017021515,0.07373046875,0.27807447,0.03558604,8.406592747257598
98.688,0.054019533,1839.3986372212562,0.0012846926,0.07373046875,0.3174246,0.046018034,8.567982566044087
98.72,0.052136403,1740.215568625375,0.00088068127,0.07568359375,0.3775397,0.040649842,8.721683157243431
98.752,0.051089384,2938.683549594628,0.016015746,0.109375,0.5365479,0.039359525,8.840367708171051
98.784,0.059200194,3668.650680603297,0.09485392,0.11474609375,0.42938304,0.028715828,8.90960094206027
98.816,0.06164056,3673.112887112192,0.068679415,0.11669921875,6.973632,0.025342876,8.93292981407655
98.848,0.061999556,3191.975200535787,0.0153745655,0.11474609375,7.5263877,0.026386578,8.924679829372014
98.88,0.057444356,2815.8048338901003,0.008364665,0.0810546875,0.3908346,0.041233107,8.890716348122996
98.912,0.050642826,3124.7462013764384,0.025657216,0.115234375,0.30393612,0.047864836,8.826585451963052
98.944,0.062621795,3687.164138294011,0.1330945,0.14697265625,0.36907545,0.026693225,8.74488037051981
98.976,0.061774038,3682.4082812724855,0.12785004,0.1552734375,2.6168323,0.032914065,8.645761009538278
99.008,0.051453087,3280.207499538229,0.04816349,0.162109375,6.9890122,0.054280173,8.539274944172403
99.04,0.04491983,2811.0411053558973,0.020212281,0.1298828125,1.0891781,0.06820006,8.423623246483826
99.072,0.038489755,2443.393603005049,0.011859464,0.0966796875,0.19257054,0.0886075,8.296662100864895
99.104,0.038909458,2178.8102293703905,0.0068957056,0.087890625,0.25094464,0.089696445,8.161476345671797
99.136,0.044255007,1895.9022951678298,0.004407833,0.080078125,0.49320275,0.056359906,8.004857170031299
99.168,0.053205892,1593.6743240669073,0.0021464352,0.0693359375,1.0063057,0.047420494,7.819313806224589
99.2,0.058680456,1372.3730359646024,0.0016537003,0.06494140625,1.4986717,0.0380273,7.608907225051272
99.232,0.07460111,1097.0261956450295,0.0010710092,0.05859375,1.7930411,0.017764596,7.3888023926855215
99.264,0.10824385,869.3600915701584,0.00036997147,0.0517578125,2.562911,0.0091971895,7.179850385513329
99.296,0.11712716,849.2329512619979,0.00024788213,0.046875,2.5473962,0.00835504,6.996796022905982
99.328,0.11768376,890.5977578098355,0.0001580945,0.04345703125,1.7021885,0.007450463,6.81381117163591
99.36,0.12025561,844.9351057228209,7.582765e-05,0.0419921875,1.1833968,0.0072348192,6.601811484024099
99.392,0.124899395,805.8619257632647,5.2190415e-05,0.04150390625,0.8178288,0.0057479227,6.374927340009117
99.424,0.11712815,859.9129455013823,6.781579e-05,0.04150390625,0.43212473,0.0054702098,6.134077047700561
99.456,0.108909115,859.2232454642859,6.9613925e-05,0.041015625,0.6011268,0.007990178,5.868366119700476
99.488,0.11258042,824.5023106346798,6.0828115e-05,0.041015625,1.2973835,0.010344337,5.593768152984237
99.52,0.11621246,868.7323806869189,5.712475e-05,0.04833984375,0.91806304,0.008880901,5.340745144996194
99.552,0.112139046,2816.71301362173,0.013723442,0.07666015625,0.82744277,0.009063789,5.11590679365555
99.584,0.101165675,3385.317353075052,0.07157929,0.0869140625,0.6196553,0.012560822,4.897775611380243
99.616,0.09268637,3205.795809695331,0.0442511,0.0888671875,15.6181755,0.009298606,4.683169806681605
99.648,0.09282209,2647.5267482034847,0.0138178505,0.08203125,6.06029,0.009490644,4.489755242728799
99.68,0.08997542,2196.6546150957965,0.005118151,0.06201171875,0.38412517,0.01068388,4.321991431460775
99.712,0.08419428,2808.3596399447006,0.014150476,0.0634765625,0.2542415,0.0101045,4.16261024835872
99.744,0.08150641,3349.7970661044237,0.04055479,0.06689453125,0.25572693,0.009294139,3.957512765646957
99.776,0.08499175,2995.4894864304215,0.020606982,0.0673828125,2.1724527,0.013286253,3.702909588045374
99.808,0.09559024,2197.2573698599217,0.0044479864,0.05810546875,3.8168406,0.013551955,3.4486998951384664
99.84,0.09750255,1814.9071010920984,0.0014989423,0.046875,0.59649056,0.010970853,3.2250581091956985
99.872,0.09750311,1455.9280227224617,0.0007023281,0.0419921875,0.28345406,0.014542804,3.007974955952183
99.904,0.09952295,1188.9925089546205,0.00036894958,0.041015625,0.33022436,0.012136261,2.813879921712667
99.936,0.098917544,1131.440587490736,0.0002246582,0.04150390625,0.21369243,0.010534658,2.669577733338907
99.968,0.097498484,1077.5409447768689,0.000183184,0.04150390625,0.60281897,0.009911831,2.5524247831538256
100.0,0.09839162,2545.1542243773993,0.0070139426,0.0859375,0.44990867,0.008653191,2.428842890688961
100.032,0.08201722,3313.506098885458,0.061161257,0.11376953125,0.80165756,0.013504289,2.291893998481094
100.064,0.057399474,3320.577326378164,0.09203796,0.14111328125,10.10524,0.037011385,2.1681116148296846
100.096,0.044673752,2808.8179503847514,0.03747761,0.171875,7.303329,0.063631296,2.0748048139302386
100.128,0.029472489,2491.6703863129533,0.0322692,0.1796875,0.7726098,0.13707578,2.0033777835992677
100.16,0.03419369,3358.0310920139036,0.18983212,0.23095703125,0.34899476,0.11062909,1.9530907697463502
100.192,0.052515835,3544.411963782766,0.2136074,0.27001953125,0.29030684,0.057648502,1.9243012546099585
100.224,0.0462304,3352.6303239719928,0.16588001,0.31201171875,6.0974827,0.057146788,1.9399012521391
100.256,0.040950887,3248.376654219875,0.1123822,0.32568359375,4.128625,0.056812808,2.0192458146751817
100.288,0.040092524,3207.0465127100792,0.1033803,0.31103515625,0.57755363,0.0945561,2.1530601096643247
100.32,0.03871054,3142.4546051293064,0.0859669,0.3056640625,0.5469032,0.114546396,2.3015938730503382
100.352,0.036028877,3142.799672303465,0.07828276,0.2900390625,0.7643812,0.10691505,2.435149491881279
100.384,0.031990916,2937.5216604966427,0.06727737,0.263671875,0.527767,0.14677708,2.5344297136438527
100.416,0.025685385,2537.6258967328363,0.051985975,0.21484375,0.59577,0.2098255,2.6077226965912943
100.448,0.020230077,2077.0189110299916,0.024839783,0.16259765625,0.6820868,0.54104656,2.6365712134445323
100.48,0.02176859,1790.16355139181,0.010612561,0.1142578125,0.5310535,0.761399,2.628438687098452
100.512,0.07825594,1095.8523851887517,0.0013620284,0.07470703125,0.27799734,0.05028566,2.634869868298466
100.544,0.14674836,948.9407896139957,0.00034640584,0.0595703125,0.35363853,0.009579817,2.6604326436167196
100.576,0.15214595,1007.0468301602551,0.000233683,0.05126953125,3.9179866,0.004010077,2.6586874813567776
100.608,0.13713217,1025.524696180133,0.0003041882,0.044921875,1.1984984,0.005052136,2.6237182254995366
100.64,0.120936364,978.7661469561543,0.00026809258,0.046875,1.099324,0.0061454233,2.573207141884145
100.672,0.12226506,914.9916667271448,0.00016448752,0.0478515625,1.6076198,0.005074321,2.513761061289064
100.704,0.119041786,891.980461489366,0.00013268227,0.048828125,1.4129493,0.0056346953,2.444243063376189
100.736,0.1159717,917.2756712808341,0.00011856452,0.048828125,1.3373067,0.0051308316,2.3173379546068356
100.768,0.115604304,1688.6811588526684,0.0014468578,0.05419921875,1.0429872,0.00598363,2.1398075658787437
100.8,0.11692905,2999.813492094847,0.020426685,0.06201171875,0.68119097,0.0045111845,1.9663160189701883
100.832,0.116337985,3146.212646570715,0.02609101,0.064453125,5.880918,0.003757226,1.824298493110444
100.864,0.1187073,2779.4138402375493,0.008828739,0.06591796875,9.345836,0.004245187,1.7061698563164955
100.896,0.122189015,2199.349160907079,0.003040515,0.0615234375,1.7422972,0.0046288515,1.6156237268703275
100.928,0.11520183,2044.3941486849612,0.0022239182,0.064453125,0.3464016,0.004188446,1.5792853953988129
100.96,0.107964255,3019.014094489209,0.0137568675,0.064453125,0.2168824,0.005416897,1.63148715691861
100.992,0.10559599,3151.5634941986837,0.015604488,0.0634765625,0.34278226,0.006836823,1.7338073121510913
101.024,0.11192353,2477.8140242870286,0.0030663735,0.0634765625,4.597022,0.005862768,1.8695259946280811
101.056,0.11695331,1984.6373852516408,0.0011428742,0.052734375,0.8685837,0.0061008334,2.061743829524804
101.088,0.118342645,1618.5062860694425,0.0005919483,0.05029296875,0.17800595,0.006516976,2.3087211161962435
101.12,0.12351907,1335.5713602836981,0.00036491445,0.048828125,0.32376614,0.005336129,2.5838650194469053
101.152,0.13286185,1070.0356120859094,0.00024178531,0.0478515625,0.56565434,0.0032210848,2.883649363037689
101.184,0.137795,977.2454453320353,0.00013547632,0.04736328125,0.8858563,0.0025826953,3.213338766773457
101.216,0.13334958,2301.85173396723,0.0041082385,0.0625,1.021599,0.0032234772,3.5929465884301104
101.248,0.13065875,3086.226282324311,0.029168993,0.06591796875,0.6979788,0.0032764687,4.000101226600538
101.28,0.12464029,3046.039543870058,0.021564266,0.06689453125,9.65708,0.003759202,4.402275730116391
101.312,0.11013549,2531.5810726050936,0.0059388275,0.0673828125,7.6789,0.0053192764,4.789380668737362
101.344,0.10388511,1983.2094602639872,0.0024000949,0.05615234375,0.6790334,0.0063914135,5.172131733780177
101.376,0.100684375,2770.462266186045,0.01375225,0.064453125,0.26519608,0.007410079,5.522168838727103
101.408,0.09867326,3265.990209143096,0.03604499,0.0654296875,0.27747172,0.0068854727,5.848707323787681
101.44,0.095342204,2992.0100439661173,0.013165548,0.0654296875,4.6602435,0.0073494324,6.116755340308106
101.472,0.103924304,2174.2332863035053,0.0024641296,0.06201171875,3.3460534,0.0058154208,6.31317896111544
101.504,0.10488443,1737.9216511942998,0.0011489651,0.05078125,0.3010483,0.006340848,6.450027528668896
101.536,0.10651019,1449.5732884635295,0.0005426151,0.04931640625,0.18243285,0.006256868,6.543308099485003
101.568,0.110056736,1251.8267270559077,0.00028861876,0.0498046875,0.36142474,0.005387399,6.592157428962011
101.6,0.11395851,1152.1448878743888,0.00018146301,0.04931640625,0.5103245,0.0043885037,6.605706780331779
101.632,0.11646324,1071.785887893615,0.00011646398,0.0498046875,0.4899748,0.002923166,6.590685376077554
101.664,0.11718922,1020.0120141449705,0.00013360074,0.04931640625,0.32718512,0.004612252,6.558617441238997
101.696,0.12251367,970.4190098356194,0.00014643901,0.04833984375,0.5326853,0.004644029,6.518100525091193
101.728,0.12990476,941.4144282740735,0.00011591951,0.04736328125,1.5228451,0.0037833282,6.466807190480926
101.76,0.12349154,952.6146773229813,9.279791e-05,0.04638671875,1.847666,0.004756657,6.413185193418078
101.792,0.115682356,909.4366826078618,7.21529e-05,0.04638671875,1.5130503,0.0056970767,6.369930745209813
101.824,0.11585718,899.5971720152975,5.317593e-05,0.04638671875,0.85749865,0.004500627,6.32335377203315
101.856,0.11973267,873.885035157214,5.070869e-05,0.046875,0.7728699,0.004600015,6.271072311242161
101.888,0.11855984,895.1461054596359,5.5481283e-05,0.04638671875,0.80869377,0.00542885,6.211847070026248
101.92,0.11456916,894.3914473115608,4.725161e-05,0.04638671875,0.95976746,0.00604933,6.130062702422931
101.952,0.11967401,1594.9425584460405,0.0009202953,0.06298828125,1.147258,0.004827331,5.99901828401106
101.984,0.11869704,2988.5092215446725,0.027948227,0.07177734375,0.54919636,0.0053684455,5.8123498311651005
102.016,0.10534589,3232.1041036941197,0.05553926,0.07373046875,7.619705,0.0061296793,5.591942472269157
102.048,0.101659946,2918.0943497976477,0.019489499,0.07470703125,12.589854,0.006186464,5.354624277365003
102.08,0.10394973,2415.878701305372,0.006038217,0.0576171875,2.4256005,0.0070760697,5.0654352603055335
102.112,0.10439131,1929.0554024529965,0.00217069,0.0556640625,0.14247927,0.006008385,4.732143014828215
102.144,0.10519671,2573.0228635806643,0.007674085,0.0595703125,0.15754572,0.0065381792,4.371436069457134
102.176,0.1063171,2954.4020358906755,0.012845293,0.0595703125,0.20583856,0.00612242,3.9902504948168396
102.208,0.1081286,2472.345311076784,0.0041177487,0.06005859375,3.591566,0.0061305263,3.5979157356486593
102.24,0.11289505,1830.3071026026987,0.0013700491,0.05322265625,2.0982049,0.005318962,3.1866554631729938
102.272,0.10639329,1572.078827078702,0.00063592347,0.04736328125,0.3364909,0.006835833,2.7992779554477285
102.304,0.105351105,1305.8163147043097,0.00030711392,0.04638671875,0.40729597,0.0070696655,2.4528447832908857
102.336,0.11289653,1102.5751073944875,0.00018268057,0.046875,0.34495103,0.0064350925,2.1720373999762916
102.368,0.11310967,1044.8445679074143,0.00013953765,0.046875,0.49485657,0.0057247127,1.9281451782004395
102.4,0.11276442,988.1985555201303,0.00011872009,0.056640625,1.0894444,0.0053198007,1.7338544364311164
102.432,0.11353547,2890.88980147155,0.005990326,0.06591796875,0.85218745,0.0049897963,1.6197572454392897
102.464,0.11610681,3426.2946352912204,0.016350016,0.06689453125,0.46108705,0.0043882257,1.5872206101045558
102.496,0.1192519,2798.480206066066,0.0066766697,0.0673828125,10.631468,0.0037776434,1.6090437078039443
102.528,0.11878258,2162.903884333008,0.0017659934,0.05810546875,4.3872514,0.0035850345,1.6628725847426649
102.56,0.11890185,1782.7493854971633,0.0010153232,0.05859375,0.48325813,0.0043839035,1.7754680175604212
102.592,0.11476061,2965.685832648669,0.025780395,0.06591796875,0.24569689,0.0050659305,1.9459563703252698
102.624,0.11122484,3248.2516762377463,0.05308108,0.0673828125,0.7152755,0.006088427,2.1581307842721364
102.656,0.106541015,2856.560345559664,0.019617498,0.0673828125,10.610781,0.005730154,2.398008884708133
102.688,0.0992364,2477.9467936390656,0.0065688067,0.05712890625,3.4562628,0.0072395643,2.651307782203809
102.72,0.09405012,2088.749737096541,0.0028193928,0.04833984375,0.2556444,0.008143428,2.9400432264787115
102.752,0.10057956,1737.0409659667603,0.0012477136,0.04638671875,0.17634884,0.007110979,3.235011986092661
102.784,0.10192058,1499.5638360339321,0.0006263918,0.04638671875,0.19079854,0.007870464,3.522173663233168
102.816,0.09998546,1272.2786792574789,0.0003854304,0.04638671875,0.5220107,0.00949654,3.785895163014083
102.848,0.08175905,1225.641553948335,0.00039237976,0.04638671875,0.22510158,0.016440913,4.049363393213529
102.88,0.06502404,1082.2784315896615,0.00058386143,0.04443359375,0.48159206,0.028391836,4.3150523839390145
102.912,0.07662704,907.3081306700893,0.00044664583,0.0419921875,0.4896922,0.12285085,4.574739973946182
102.944,0.11016891,844.8515295661837,0.00021105308,0.0390625,1.0766317,0.56052643,4.834222809884521
102.976,0.12376213,813.9535319565823,9.118804e-05,0.037109375,1.889718,0.9425191,5.084810689098079
103.008,0.12361636,840.0029278737288,7.9170444e-05,0.03662109375,1.9386884,0.90481275,5.330706823955796
103.04,0.11697511,837.3606490505213,7.210146e-05,0.03662109375,0.70736754,0.7818884,5.583922540442167
103.072,0.110602796,821.0755178945146,7.506377e-05,0.037109375,0.50393057,0.8706821,5.838760744364182
103.104,0.10357445,806.1398504145168,8.02725e-05,0.037109375,0.82667583,0.9740655,6.111742303209081
103.136,0.10064753,805.3271393123491,7.887207e-05,0.03662109375,1.0827858,0.98420787,6.4149411370092695
103.168,0.1054252,792.2950777932003,7.58824e-05,0.037109375,1.159265,0.8842874,6.753943026808257
103.2,0.10744492,2424.606761425144,0.0054159304,0.0654296875,0.7845807,0.6274429,7.114963227043982
103.232,0.10386652,3229.9138963127807,0.04136188,0.07373046875,1.0974317,0.5453448,7.476666808199694
103.264,0.09454408,3215.960235542709,0.04020402,0.080078125,11.990008,0.79256666,7.828901869155208
103.296,0.087256424,2802.000542446456,0.013023126,0.080078125,8.110834,0.91930634,8.171435552229685
103.328,0.083132625,2227.013899908723,0.004990349,0.05322265625,0.8036639,0.89604217,8.50509258135236
103.36,0.080105245,2525.4021135031467,0.008443322,0.0625,0.05129338,0.5435609,8.82108477081214
103.392,0.07756794,3408.8986739883176,0.03142605,0.0576171875,0.18004955,0.25641364,9.11764700118164
103.424,0.08694187,3034.432492717603,0.017020065,0.0615234375,1.4695632,0.7513265,9.381558874394075
103.456,0.08155475,2315.2890076989597,0.0048197857,0.06201171875,3.8336918,0.93988234,9.63487495301986
103.488,0.071265504,1952.979923733555,0.003003961,0.04443359375,0.8250012,0.89916074,9.88117311347465
103.52,0.07949174,1635.1613820053312,0.0012006902,0.04248046875,0.37389356,0.62312055,10.100003516100953
103.552,0.06872764,1402.7497170699826,0.0007468671,0.03955078125,0.30023926,0.5964342,10.28835808516409
103.584,0.045077432,1417.0605784533302,0.0010846773,0.037109375,0.27475485,0.87005633,10.432775622350631
103.616,0.043149628,1290.0097613984958,0.00074494793,0.0478515625,0.31580496,0.63992447,10.525553574689141
103.648,0.040337283,3595.0371299276558,0.041910797,0.15673828125,0.3953514,0.6505499,10.576940436418699
103.68,0.041745413,4185.5431356841345,0.16067122,0.244140625,0.3331426,0.16517799,10.589033071431595
103.712,0.03026406,3990.201762004973,0.17514998,0.30712890625,9.692576,0.12965867,10.572688863991905
103.744,0.01775888,3532.090823299027,0.14823261,0.35400390625,5.7371855,0.27188542,10.547647755149232
103.776,0.0173398,3097.575820636047,0.13116492,0.3232421875,0.78410053,0.30972695,10.516909859838325
103.808,0.03544163,3838.6921487757463,0.26067176,0.3330078125,0.4246959,0.078568645,10.484584297404737
103.84,0.050741125,3945.256775230083,0.2606334,0.34716796875,1.5170887,0.042725395,10.449578077618787
103.872,0.041371066,3577.1206808088004,0.17144494,0.36181640625,5.957248,0.09563237,10.410419872731554
103.904,0.036045823,3325.672620065831,0.12820959,0.35107421875,2.9429588,0.14230242,10.379022694517754
103.936,0.035807956,3275.212229284938,0.11375666,0.31689453125,0.98401177,0.11433992,10.335246198831689
103.968,0.0366769,3126.6111007019786,0.069560826,0.29345703125,0.6368096,0.08469505,10.252226289768586
104.0,0.0329142,2868.132753746344,0.056272127,0.26171875,0.601206,0.16248389,10.129975448386682
104.032,0.026935948,2605.7912116982952,0.042288404,0.21875,0.36274102,0.26103684,9.96566830597738
104.064,0.020532899,2162.999624404147,0.027283983,0.17529296875,0.45169362,0.46846384,9.758260527436065
104.096,0.016947998,2006.9035578083449,0.017178243,0.13916015625,0.43410912,0.7317813,9.49676549692358
104.128,0.03879327,1334.5215405284803,0.0036031324,0.09716796875,0.29656255,0.9341449,9.187392339862413
104.16,0.112368494,897.9465493547757,0.00040188205,0.072265625,0.19283491,0.9743615,8.849945495774147
104.192,0.14153314,865.1441176316492,0.00015558493,0.05224609375,2.013474,0.98529303,8.49586800555114
104.224,0.13651398,907.1173301732983,0.00011521875,0.03369140625,1.8659569,0.9911028,8.116833596288878
104.256,0.13280295,851.5697947990881,9.0656315e-05,0.03369140625,0.314843,0.994137,7.7131633329781435
104.288,0.12710032,775.5288683092624,7.207746e-05,0.03369140625,0.31869927,0.9938201,7.273930723123028
104.32,0.12545386,735.6714740097204,5.5813758e-05,0.033203125,0.48606163,0.9949255,6.81208151597856
104.352,0.13890533,636.4161780819918,3.7916154e-05,0.033203125,0.5066218,0.9972324,6.332459529632729
104.384,0.16128735,546.9802628476112,2.1328764e-05,0.03271484375,0.7415613,0.9980142,5.820430633234578
104.416,0.16001345,1515.758216279538,0.00073499297,0.05517578125,0.6908121,0.99556464,5.294619801172619
104.448,0.12808812,2873.6719293439774,0.017717516,0.0703125,0.4647852,0.93516135,4.795097234062323
104.48,0.100365765,3059.5318000993607,0.032534998,0.0732421875,9.31517,0.8753023,4.339931157578688
104.512,0.09763496,2626.347447094567,0.008707846,0.07470703125,10.320061,0.94972444,3.9402807133410565
104.544,0.10163582,2098.9293731493412,0.0027053019,0.05224609375,1.4154769,0.9791313,3.623573068763887
104.576,0.106353536,2058.9269513030213,0.0027506216,0.04638671875,0.13554324,0.9859088,3.407449670110059
104.608,0.109403364,2952.887805998047,0.014732768,0.048828125,0.098019026,0.9471265,3.320638954622517
104.64,0.10796847,2881.901135390928,0.012330353,0.04833984375,0.81374085,0.94458956,3.345179215285702
104.672,0.11123107,2239.6772498417986,0.003146643,0.04833984375,5.238108,0.9786894,3.4490324374600183
104.704,0.115669325,1748.0336346622496,0.0011745583,0.03857421875,1.0801983,0.9911593,3.627263151633387
104.736,0.11865578,1354.8442786657074,0.00052285835,0.0341796875,0.16714025,0.995261,3.8764745893581516
104.768,0.12613706,1021.5236290751996,0.0002516436,0.03369140625,0.31765604,0.99634403,4.192474013191171
104.8,0.11916944,877.6775384085004,0.00021486497,0.03515625,0.34167638,0.9873088,4.556599707319982
104.832,0.11069113,879.1628077856503,0.00021313295,0.03662109375,0.4581749,0.8401567,4.962955384360788
104.864,0.110988885,1698.7779604679035,0.0019106601,0.048828125,1.4041952,0.31871265,5.41817981114973
104.896,0.09942469,3181.342683598129,0.021833556,0.05615234375,1.288456,0.048813086,5.9154695630714045
104.928,0.09029006,3172.2216393251856,0.028449453,0.05810546875,5.6812444,0.032770194,6.432563016651651
104.96,0.091701165,2336.3910034199325,0.0061625494,0.05859375,7.4573727,0.04504808,6.9498608853758155
104.992,0.09215472,1838.636234372289,0.00219547,0.0478515625,1.6613779,0.038165327,7.445183283799521
105.024,0.09548181,2553.3033553889345,0.00809002,0.05712890625,0.31132385,0.02060103,7.877693421879758
105.056,0.097793385,3345.4913261363304,0.034268524,0.06591796875,0.30923584,0.008975499,8.248736891862587
105.088,0.093276374,3169.933963411324,0.024115853,0.0693359375,3.382047,0.008215841,8.531495516041405
105.12,0.08961429,2547.9443491060997,0.0067112236,0.0703125,5.2627635,0.008952332,8.72284973831244
105.152,0.091008134,2006.2054124278106,0.0026810982,0.05517578125,0.7730776,0.0073725134,8.84104726500997
105.184,0.09684228,1607.990192204295,0.0010972787,0.0458984375,0.2618982,0.008136918,8.905478091265975
105.216,0.09850029,1347.1537488182205,0.0005023966,0.04248046875,0.19212699,0.0072726863,8.925305592461672
105.248,0.093582354,1217.8647193075599,0.0002841895,0.04150390625,0.19066104,0.0070588114,8.909313500579941
105.28,0.08715185,1109.9014806224288,0.0001923139,0.0419921875,0.2707631,0.0096561685,8.870539680051275
105.312,0.08148763,1069.4055260990176,0.00017623127,0.041015625,0.22547638,0.014598765,8.8195703528823
105.344,0.082326286,1007.6636497989027,0.00023783646,0.04052734375,0.45971102,0.01613951,8.76759217485874
105.376,0.09890823,878.9311553412208,0.00018229662,0.03955078125,0.68636054,0.10707673,8.706149794776701
105.408,0.11506438,803.1646293805973,0.000105357576,0.0380859375,2.0964928,0.60135823,8.588724279019686
105.44,0.12029761,839.3402771013424,8.78152e-05,0.03759765625,1.9942397,0.84868056,8.406116517055544
105.472,0.11875251,825.3222745152257,7.8704594e-05,0.037109375,1.3399751,0.5582521,8.151373836168194
105.504,0.10964463,834.3569180727118,7.8522e-05,0.037109375,0.8760314,0.5978976,7.835198788668667
105.536,0.107705586,875.9560693458377,9.414359e-05,0.03662109375,1.2200193,0.90223247,7.454576812753698
105.568,0.10646386,815.9255465285064,7.6551696e-05,0.03662109375,0.46868208,0.98422325,6.998995092017184
105.6,0.09178989,807.9264872672609,8.594044e-05,0.03662109375,1.4240164,0.9832403,6.558389768744542
105.632,0.08915053,1185.0955461369172,0.00050942774,0.04541015625,0.81541896,0.9656432,6.243630420045818
105.664,0.10338524,2633.8175100771,0.017776184,0.06201171875,0.71390486,0.79787827,6.0260302087344115
105.696,0.10102389,2935.342624773036,0.040753517,0.07275390625,4.6628585,0.6944784,5.876595124857357
105.728,0.0831824,2811.6364255591725,0.025169846,0.0771484375,13.284317,0.8438779,5.78308084372833
105.76,0.0711773,2476.3603971962384,0.009689529,0.068359375,3.6803432,0.919897,5.7244689125944666
105.792,0.07925571,1924.603053697141,0.0028864627,0.0556640625,0.20340551,0.95603037,5.686417486941618
105.824,0.09212466,2670.2880342869785,0.010276612,0.05517578125,0.068357065,0.89565974,5.654526601920978
105.856,0.09608034,3223.1444406361397,0.03075181,0.05126953125,0.27519184,0.66909105,5.619503648289987
105.888,0.09410172,2885.031706633723,0.016955074,0.05322265625,3.7597034,0.757659,5.629664708795796
105.92,0.08729988,2193.200146215542,0.0049404483,0.048828125,4.108613,0.9185673,5.70347848210231
105.952,0.0747026,1932.8742564438344,0.002588989,0.0390625,0.6421519,0.96251714,5.855653893157118
105.984,0.078826234,1467.2504467895465,0.0010322427,0.03857421875,0.35103396,0.93796384,6.0785126404285235
106.016,0.08508971,1251.483123085953,0.000453508,0.03857421875,0.27490336,0.8459257,6.371414942506023
106.048,0.07000956,1105.8656797338226,0.00045208939,0.0439453125,0.33956227,0.8206804,6.739754165121824
106.08,0.034584153,2301.3482556994118,0.014107697,0.09619140625,0.2782744,0.7814293,7.098919008536512
106.112,0.03890847,3621.2142203816547,0.18764836,0.169921875,0.6803503,0.19672455,7.342551969239338
106.144,0.04484572,3637.1633052293446,0.17781854,0.21923828125,4.7822776,0.18960853,7.489124012787537
106.176,0.0296437,3295.148758778172,0.10727925,0.271484375,9.608116,0.3902498,7.573085983905269
106.208,0.022483809,2936.9422101603477,0.08575611,0.28173828125,1.7966137,0.4086716,7.623753392982143
106.24,0.023907494,3090.604067785026,0.11273058,0.2890625,0.2336585,0.25806686,7.650830451029609
106.272,0.046313755,3595.451555960458,0.18656534,0.3173828125,0.6375943,0.056846246,7.668361205191443
106.304,0.053853747,3598.8886212746575,0.17564534,0.33544921875,1.6244125,0.027341856,7.678462114570391
106.336,0.04010147,3406.9588105033054,0.15392019,0.34033203125,5.5551662,0.05543452,7.6945124031958025
106.368,0.035431083,3239.824425700618,0.10826263,0.32861328125,1.9374793,0.08852819,7.718972503313589
106.4,0.032913193,3124.8655701829794,0.09378468,0.3056640625,0.34649888,0.093624145,7.702794268222888
106.432,0.029265665,2923.991925951705,0.084939,0.25537109375,0.36266786,0.14388828,7.650678794019933
106.464,0.023634925,2520.231845962907,0.05596839,0.20166015625,0.41007036,0.38743758,7.578256063962533
106.496,0.021487972,2017.8143587348952,0.017604727,0.1455078125,0.716003,0.77713335,7.481825325843428
106.528,0.019294148,1824.9172485853016,0.010405463,0.10009765625,0.3434437,0.8717542,7.3540469743606
106.56,0.06252232,1046.3022421534322,0.0012081881,0.07568359375,0.17166057,0.95661056,7.184541015322115
106.592,0.13518941,1080.5828081667842,0.0009780801,0.0634765625,0.5404277,0.9042346,6.9924688842045875
106.624,0.1335038,1485.7528823771454,0.0022404976,0.05810546875,2.7948916,0.76144964,6.800698405981008
106.656,0.114926994,1780.7093715423543,0.0031217493,0.0546875,6.0843706,0.6820199,6.592128407552411
106.688,0.10974649,1794.1816506631712,0.0029914903,0.0615234375,4.024721,0.58337235,6.348554482608459
106.72,0.10920175,1778.8572545532372,0.0024950926,0.0673828125,1.5313206,0.73354393,6.077463574215024
106.752,0.10729936,1713.1738339985475,0.0020665238,0.06640625,0.6690774,0.83258694,5.77610493280426
106.784,0.09762474,1763.2438029710922,0.0023569295,0.0615234375,0.5058762,0.82115066,5.4446318819623
106.816,0.097806975,1644.4176720903438,0.0016625563,0.0546875,0.7277849,0.61885005,5.091293150019307
106.848,0.10783346,1574.787166328528,0.0012324575,0.06201171875,0.69281715,0.38690838,4.7239443382912985
106.88,0.10851432,2644.5732886030883,0.02354937,0.0791015625,0.6677773,0.42530826,4.388779176057665
106.912,0.096339025,3068.394713258076,0.07500871,0.083984375,0.72963595,0.5965934,4.081443033788747
106.944,0.08877179,2986.3240688259325,0.03925764,0.08642578125,8.385357,0.80878115,3.80410915502643
106.976,0.09131692,2541.9402841032543,0.012334808,0.07177734375,3.6688285,0.9146907,3.575189105421015
107.008,0.09648623,2099.8111695477223,0.0047881794,0.052734375,0.37446007,0.90339565,3.39489593583647
107.04,0.10250275,2684.0389158107896,0.012784104,0.0537109375,0.28226587,0.7653618,3.2738699445273163
107.072,0.10667367,3167.4361658117923,0.029875401,0.05419921875,0.3519247,0.72915745,3.217312576371036
107.104,0.10762233,2803.4078488952355,0.012482816,0.05615234375,2.6617618,0.88240373,3.2158670564966876
107.136,0.09516444,2278.293465357716,0.0049752938,0.052734375,2.9919715,0.9456473,3.2765631026797033
107.168,0.086127765,1927.4495850437163,0.0025997823,0.0439453125,0.27427363,0.952837,3.3910224441764503
107.2,0.09488952,1580.933966454113,0.0011438493,0.0400390625,0.28661448,0.89977396,3.569936626381584
107.232,0.09550058,1387.3374181376703,0.0006752775,0.03759765625,0.23071373,0.6710071,3.806771370135623
107.264,0.08866888,1318.8422161432381,0.00061993673,0.037109375,0.35943758,0.71824276,4.085799104976177
107.296,0.092780486,2236.4722181612615,0.004625736,0.05810546875,0.4389724,0.93929034,4.386572747040111
107.328,0.09609073,3202.7136722089117,0.041647803,0.0654296875,0.44852182,0.8235549,4.703219347965025
107.36,0.098165855,3128.889303316918,0.035749305,0.06689453125,5.7149467,0.8238354,5.038444935832959
107.392,0.09944092,2538.3937028278765,0.009060628,0.06787109375,8.214191,0.872456,5.370329024819284
107.424,0.09477887,2109.6896585042614,0.0039263344,0.04638671875,0.95190907,0.83633286,5.677441648786525
107.456,0.08189579,2226.221039850677,0.0077686664,0.05712890625,0.35237604,0.9082208,5.94835887168566
107.488,0.077342674,2944.7511784107937,0.049775075,0.0693359375,0.34201428,0.73387307,6.189020620071583
107.52,0.08294393,2845.639767849771,0.033126332,0.068359375,1.8119874,0.82171565,6.400761067259338
107.552,0.094345406,2312.133172202944,0.0066263196,0.06884765625,5.6622443,0.89361984,6.55370748599947
107.584,0.108185954,1828.9417927284453,0.0016732594,0.0498046875,0.7198434,0.82086045,6.64983300339453
107.616,0.11270331,1448.4204958769164,0.000592619,0.037109375,0.30261347,0.8745548,6.706734196968922
107.648,0.113791265,1197.90057945392,0.00028580666,0.03662109375,0.17679428,0.9663182,6.724852327882638
107.68,0.11334705,1054.108240369695,0.00019314128,0.03662109375,0.27375513,0.9750716,6.698084126827093
107.712,0.106464796,997.2071481478487,0.00017456149,0.037109375,0.2746054,0.9416225,6.651842050548373
107.744,0.107732385,913.1661806026718,0.00015915968,0.03759765625,0.55962825,0.6088379,6.6039400778695425
107.776,0.12164757,815.150058450725,0.0001380339,0.0400390625,0.6744151,0.14504278,6.574999039069887
107.808,0.118568614,752.6730976531111,0.00016722069,0.0439453125,1.0139982,0.040266905,6.547803719596598
107.84,0.11147712,777.2701094428289,0.00020746783,0.048828125,1.8069856,0.020159004,6.502190319194976
107.872,0.09815873,884.2959369972875,0.00032702048,0.0556640625,2.2892494,0.029359188,6.471920415771877
107.904,0.07932782,1073.8893171806085,0.000682217,0.06201171875,2.1499507,0.028906872,6.450225498372642
107.936,0.06576174,1280.649779576766,0.0013381782,0.06689453125,1.9515626,0.031576183,6.445944882265499
107.968,0.054969706,1311.5968212862545,0.0017585967,0.0703125,1.9923824,0.06384127,6.45889836590754
108.0,0.050067056,1397.414319221049,0.001435836,0.072265625,2.288641,0.06943356,6.489887316451145
108.032,0.047925092,1623.2097247478177,0.001413833,0.08056640625,1.7866924,0.034277167,6.558791330436694
108.064,0.05287103,2148.408787333682,0.0067767124,0.107421875,1.1741132,0.03030833,6.660762454699188
108.096,0.06238636,3150.7138372649606,0.07952152,0.13525390625,0.8385677,0.021618625,6.786175717979845
108.128,0.06788299,3309.272532516796,0.10704387,0.140625,4.7422843,0.01077488,6.939778395332384
108.16,0.06124743,3031.120588521013,0.057377174,0.13330078125,9.768823,0.019156886,7.108590096567845
108.192,0.059039425,2682.169982684736,0.02125804,0.10693359375,2.338498,0.026691485,7.2791414542756305
108.224,0.057950098,2656.9273490392616,0.01761577,0.0966796875,0.20021488,0.023039266,7.456082733426341
108.256,0.060516674,3164.8627006433735,0.06927578,0.1025390625,0.23910722,0.02219022,7.628056257259859
108.288,0.06260963,3192.054764195188,0.055839613,0.1025390625,0.5281148,0.024839979,7.78865888932637
108.32,0.060546175,2821.1028173545774,0.013851717,0.1025390625,4.580541,0.028267061,7.957208826300614
108.352,0.057745438,2447.7772719739824,0.006842275,0.0849609375,0.7106181,0.031045515,8.126678979237274
108.384,0.055388372,2286.1159573790083,0.0041996525,0.07421875,0.3159446,0.031536512,8.305722427487018
108.416,0.05666601,2165.972331306877,0.00264716,0.07421875,0.24713904,0.025337521,8.481528446888031
108.448,0.056847885,2110.607385855885,0.0018983772,0.07421875,0.22372773,0.02278877,8.659172105586462
108.48,0.052617986,2079.396615562548,0.0019127157,0.08642578125,0.38938934,0.037940938,8.838801265771302
108.512,0.05259836,3268.8059901169477,0.044209737,0.1181640625,0.56198907,0.031345963,9.003984105724612
108.544,0.05987483,3604.9205183471104,0.11432743,0.12158203125,0.4188833,0.022041675,9.136147847450365
108.576,0.058906745,3283.5046225657698,0.059696235,0.12158203125,8.754325,0.030342149,9.217818007113248
108.608,0.057192467,2808.0671950225733,0.016896388,0.109375,5.002967,0.029658206,9.257592927949247
108.64,0.05648642,2565.0442886080264,0.0066185207,0.10107421875,0.5735553,0.026026135,9.268396912591005
108.672,0.05756128,3198.5489367939826,0.093927674,0.1474609375,0.18912843,0.028401447,9.245615483536179
108.704,0.05993806,3395.616400942513,0.18323603,0.1650390625,0.071389236,0.028870163,9.187757129135617
108.736,0.048612777,3300.96248097427,0.10959125,0.169921875,9.118072,0.03940766,9.098764649141993
108.768,0.04800479,2955.340295870651,0.031228904,0.15087890625,3.4248621,0.035525184,8.99720496041094
108.8,0.048111554,2533.0984325584072,0.012161259,0.1025390625,0.10254486,0.035629038,8.877729178751974
108.832,0.043563057,2182.5061673458176,0.0070628836,0.0859375,0.15223362,0.0451085,8.735709025795693
108.864,0.04298575,1966.775105735806,0.0047099153,0.07958984375,0.4054135,0.03868551,8.58065451690153
108.896,0.049099907,1754.8792634032675,0.002397709,0.0732421875,0.591226,0.03266471,8.405408065962364
108.928,0.053733226,1549.446880598001,0.0018605414,0.068359375,0.8762882,0.02991023,8.198203002318147
108.96,0.060955387,1269.0790811100164,0.0014853035,0.06201171875,0.8875329,0.019477837,7.954314585823342
108.992,0.08725015,988.6891721716136,0.00081074005,0.05615234375,1.5551267,0.010028918,7.688789553245145
109.024,0.12849927,890.3423955552539,0.00040561132,0.0498046875,2.703455,0.0051733446,7.425589531109932
109.056,0.13497837,954.1490390497568,0.00027318858,0.04541015625,2.7617378,0.004817895,7.1654614425636955
109.088,0.12862706,1007.3094753368825,0.0001850533,0.04296875,1.992341,0.005899903,6.893548050152637
109.12,0.12232989,1041.2595341924532,0.0001417752,0.0419921875,0.7699399,0.005000371,6.601537723605656
109.152,0.11922082,1020.9162928745147,0.00016957897,0.04248046875,0.5548308,0.0051980745,6.286447567640943
109.184,0.11978585,974.6761941189371,0.00012046799,0.0419921875,0.4869499,0.00619664,5.964664704866174
109.216,0.1244894,993.9654471953795,0.000111768226,0.0419921875,1.2826582,0.005420986,5.661860968445646
109.248,0.12240023,1614.9953693613622,0.0011808929,0.0546875,0.8668312,0.0047203437,5.391136636114935
109.28,0.11898447,2942.843974118272,0.03090918,0.06787109375,0.71966887,0.0068988157,5.167453950508111
109.312,0.10767488,3153.5377846202764,0.052216012,0.07275390625,6.796432,0.006569295,4.98123375965052
109.344,0.11285035,2811.2604187630805,0.013746601,0.0732421875,11.541548,0.004622152,4.808145370725453
109.376,0.12576197,2147.1184866328103,0.0029834942,0.060546875,2.183016,0.006067109,4.653405453878887
109.408,0.13229494,1733.7731716041988,0.0012034284,0.05078125,0.17733599,0.004910493,4.534065544727218
109.44,0.11684669,2685.1134983874595,0.008371417,0.0498046875,0.16466534,0.0058865943,4.4455812088021895
109.472,0.10350341,3077.396990393663,0.018275868,0.0517578125,0.2748903,0.009437796,4.349708768830087
109.504,0.097773775,2579.3991220781736,0.0078048212,0.0517578125,4.369608,0.009802148,4.207789576823944
109.536,0.09666974,2043.537088916486,0.002688371,0.04736328125,2.4866924,0.008595186,4.04816476088084
109.568,0.09422106,1728.4357376849225,0.0013431114,0.04345703125,0.5797746,0.009234139,3.8933008160570526
109.6,0.08411471,1425.5116431226825,0.0010192588,0.041015625,0.4182294,0.011726282,3.7507578394259267
109.632,0.07979639,1321.0678001188585,0.00060193095,0.041015625,0.18914172,0.009951501,3.647809280938088
109.664,0.08056707,1132.9269041510574,0.00041398092,0.041015625,0.5769408,0.011836121,3.5578156089910107
109.696,0.08105441,1517.3055768189568,0.0012133394,0.05615234375,0.5326515,0.013694042,3.4566635194125257
109.728,0.07518599,3121.9325918503264,0.034956694,0.095703125,0.6071248,0.01723855,3.3366187220172443
109.76,0.06291157,3357.156502347797,0.08420871,0.12890625,2.928595,0.023387296,3.1877436247156523
109.792,0.048908073,3044.54767902862,0.04608929,0.1806640625,10.466396,0.041414723,3.0333381361745237
109.824,0.030231636,2733.784328903793,0.043367825,0.2001953125,2.9341147,0.11403074,2.8918802287582843
109.856,0.02375558,2874.080838431362,0.11025913,0.2373046875,0.37039223,0.20459966,2.756601986325012
109.888,0.04482177,3521.912707484827,0.23421994,0.28173828125,0.17992984,0.0770408,2.636554671413779
109.92,0.05003269,3478.493269330097,0.22733591,0.3046875,2.277041,0.06355808,2.5447051522872277
109.952,0.04101587,3308.4307085597807,0.15540613,0.33251953125,6.3039002,0.077830896,2.501894624548175
109.984,0.040154353,3285.7348753430333,0.11449797,0.322265625,1.6924266,0.098171644,2.523597451589143
110.016,0.040854063,3261.782701815947,0.09835446,0.314453125,0.43873277,0.09551876,2.57625378149981
110.048,0.039321713,3240.4300696625064,0.08457002,0.2919921875,0.4818894,0.08566134,2.639816811991806
110.08,0.03765338,3062.5619232774857,0.07204939,0.27490234375,0.5288493,0.08801222,2.704668923499677
110.112,0.030953795,2729.135418384436,0.064139135,0.23095703125,0.7033761,0.13233499,2.7362785095389937
110.144,0.025308752,2192.9000479616006,0.033049375,0.19384765625,0.9589034,0.36505333,2.7448651955089285
110.176,0.019091504,1873.6970143526903,0.02158772,0.1533203125,0.6241655,0.6414871,2.7088678438475973
110.208,0.050858777,1321.0109385853943,0.002688107,0.10693359375,0.46458977,0.12127194,2.6631663388735025
110.24,0.12853394,994.7500240554584,0.00043426332,0.08447265625,0.17032401,0.028045522,2.6488269378417857
110.272,0.152421,921.9635578415074,0.00020488356,0.0537109375,1.600504,0.0060459906,2.6414110625127725
110.304,0.14564565,885.9052450366073,0.00019211881,0.0439453125,1.793011,0.0035660344,2.6425832503817555
110.336,0.13128713,888.9408953362456,0.00023749983,0.0458984375,0.8336104,0.004456961,2.643361278454397
110.368,0.13076024,863.1493265345996,0.00015557605,0.0478515625,1.4646983,0.004812343,2.615874300778122
110.4,0.12822299,849.2422171239766,0.00010581336,0.04931640625,1.3852798,0.0055290926,2.5640957593538154
110.432,0.12073984,913.177810528179,0.00010743948,0.04931640625,1.0850617,0.006296568,2.4928425846498308
110.464,0.120652355,1599.7927119246315,0.0009533457,0.05908203125,0.9932264,0.005754972,2.3922296897557453
110.496,0.12114804,3090.0993156014356,0.017128853,0.0634765625,0.6459254,0.004675552,2.2523833683160874
110.528,0.122282125,3193.114379109848,0.02356585,0.0712890625,4.9348993,0.003692289,2.1158316939073556
110.56,0.12093529,2774.766127438561,0.007858326,0.0712890625,9.871921,0.0036653862,1.99392444399184
110.592,0.12633902,2142.971479299304,0.0021847778,0.0615234375,2.357686,0.004310143,1.8918640902506099
110.624,0.12713777,2215.3447253444638,0.002579493,0.06640625,0.07178084,0.0034017453,1.8248137331328753
110.656,0.124000736,3102.760618053609,0.012459847,0.05908203125,0.19382232,0.003114169,1.8347993775996299
110.688,0.12983222,2867.65181761401,0.008275728,0.05908203125,1.0947317,0.0033893397,1.9240169048967717
110.72,0.12690198,2123.8729134053733,0.0017824472,0.0595703125,4.7502413,0.004004708,2.055269429020805
110.752,0.122540824,1760.0458182989323,0.000798673,0.04931640625,0.52886176,0.003567362,2.226975762350017
110.784,0.12451946,1419.326622328182,0.00037142483,0.04931640625,0.22182038,0.0027952965,2.4323292088888326
110.816,0.12401518,1178.1847202560086,0.0002549157,0.048828125,0.2101573,0.0037496025,2.685248543965316
110.848,0.12809719,1074.0557271036641,0.00016752255,0.0478515625,0.2879916,0.0038214203,2.9837267536522964
110.88,0.13678908,983.0411808616474,9.466807e-05,0.0478515625,0.7168575,0.0032053546,3.3043242577082292
110.912,0.12919736,1957.299431047745,0.0013819127,0.0537109375,0.9775524,0.0041539017,3.6454664664659355
110.944,0.12456271,2778.782492033213,0.009451503,0.05517578125,1.0025911,0.0036260744,4.02428672717901
110.976,0.12092622,2641.8927252422086,0.00747823,0.0556640625,6.5358877,0.003279391,4.456892150860934
111.008,0.1122134,2118.7229067504627,0.0021587182,0.0556640625,6.8064113,0.004702037,4.887280741797251
111.04,0.11829074,1650.8576276319623,0.00075482164,0.05029296875,0.9735389,0.0034749196,5.29437540131781
111.072,0.114384316,2489.4989103102544,0.0044846297,0.06103515625,0.13775815,0.003706483,5.68892230598622
111.104,0.116181195,3171.6819251876623,0.019370943,0.06201171875,0.22056319,0.0036569636,6.055064524837163
111.136,0.1158292,2965.175414675663,0.0113274995,0.06201171875,4.558693,0.0035739366,6.388510921223508
111.168,0.10975807,2303.9356242512577,0.002913675,0.06201171875,5.435134,0.0046381024,6.647877067852544
111.2,0.10648808,1797.9807164488957,0.0012279279,0.05029296875,0.5150406,0.005833246,6.831409731230091
111.232,0.10859574,1507.0269670649604,0.00062343007,0.0498046875,0.1943925,0.0049784966,6.96216626856684
111.264,0.10584088,1326.4558628456284,0.00039615468,0.04931640625,0.235008,0.0059428615,7.043218731953726
111.296,0.103522465,1208.7688609417785,0.00024232388,0.04931640625,0.3140825,0.0061372323,7.083460745455971
111.328,0.10361893,1127.793224556586,0.0001528009,0.04931640625,0.5645683,0.005459958,7.0916988264081535
111.36,0.1081938,1069.2906358943987,0.000102487575,0.048828125,0.34454015,0.005008965,7.076144942211563
111.392,0.11398448,1042.5148304123707,0.00010418027,0.048828125,0.2772884,0.005355731,7.042991118242639
111.424,0.120515205,993.1317794095357,0.00010538633,0.04833984375,0.70223486,0.0043818355,6.993744732928695
111.456,0.12731494,944.8043146393854,8.5596716e-05,0.04736328125,1.0359931,0.0037149193,6.932431202355369
111.488,0.12480966,916.1055043245487,7.5205586e-05,0.04736328125,1.7740501,0.004168069,6.874618312482965
111.52,0.11690722,912.0657236396598,7.956879e-05,0.04638671875,1.2433037,0.004825415,6.826069292472764
111.552,0.11487066,887.3974833496588,6.3350955e-05,0.04638671875,0.9820123,0.004436512,6.767303522852208
111.584,0.11978216,849.4414115546589,4.8855447e-05,0.0458984375,1.1238118,0.0036006386,6.706864964796735
111.616,0.11886611,827.0145235970145,4.8853915e-05,0.0458984375,1.1413672,0.0029039078,6.623568377960428
111.648,0.11946719,812.490391069521,4.2525142e-05,0.04638671875,0.74275655,0.002123005,6.50989908804328
111.68,0.11222952,1993.6373254865189,0.0023392823,0.0673828125,1.0824966,0.0032973355,6.3339037135095815
111.712,0.104242355,3023.44076585815,0.039705653,0.076171875,0.5055304,0.0047753872,6.094446112427244
111.744,0.09798411,3142.5313821360346,0.049709134,0.07861328125,10.858345,0.004861681,5.82933910543661
111.776,0.104020745,2713.355578099231,0.010725825,0.07861328125,10.419042,0.0049533043,5.518876176798596
111.808,0.10977153,2090.490455141218,0.0028897498,0.05712890625,1.1809782,0.004450148,5.162165634569653
111.84,0.106514476,1979.5222533741376,0.0023166316,0.05712890625,0.19281277,0.0028221759,4.782316655317372
111.872,0.101163596,3052.4627994483035,0.014605761,0.0576171875,0.2695989,0.004034609,4.388150987566682
111.904,0.106095225,2945.663953135736,0.014860645,0.05712890625,0.48269033,0.0036124773,3.991585478132084
111.936,0.11393789,2233.5450602961223,0.0041357856,0.05712890625,5.3369317,0.0027035691,3.5856968652143033
111.968,0.11282633,1841.1287332166778,0.0014687851,0.04833984375,1.4514842,0.0036053625,3.1878404549646255
112.0,0.1084939,1469.2435999909176,0.00075306284,0.044921875,0.31254452,0.004351837,2.816194825831152
112.032,0.106789224,1216.0863600792245,0.0003936375,0.04541015625,0.3875587,0.0035380968,2.485787082179064
112.064,0.103155315,1162.1485583803947,0.00026447276,0.0458984375,0.37254804,0.0047878996,2.2052533982891296
112.096,0.11012015,1109.9552160713502,0.00019483437,0.05224609375,0.45572343,0.004524286,1.9717690420394867
112.128,0.11281923,2515.182684177461,0.007208085,0.05419921875,0.55351466,0.004031637,1.7975023129264291
112.16,0.1112766,2943.8545145322723,0.01873107,0.0556640625,0.7439518,0.0036408063,1.7123099879219343
112.192,0.110307164,2556.022567962017,0.00721211,0.0556640625,10.497418,0.0033897434,1.7063987332110435
112.224,0.111418456,1870.8625032560678,0.0020594723,0.0498046875,4.0725718,0.0038846596,1.7485134076010769
112.256,0.112739585,1559.4300537310874,0.0008603582,0.05419921875,0.2895738,0.0035886567,1.8491124267535959
112.288,0.109025486,2616.540918429296,0.010761956,0.0615234375,0.37095037,0.0029803717,2.0139810083105414
112.32,0.10900959,2983.1494197440866,0.033068232,0.06787109375,0.30928254,0.0033120015,2.223327930454574
112.352,0.10936445,2763.12552489979,0.013570462,0.06982421875,7.6169252,0.002418344,2.4648269076839036
112.384,0.1074789,2296.990527678527,0.0034582918,0.0634765625,4.508254,0.0024873903,2.7182905044596684
112.416,0.10491392,1922.9614091350877,0.0016071348,0.0546875,0.27817678,0.0024550166,2.996119907966094
112.448,0.09550893,1675.5191328510934,0.0010671427,0.0478515625,0.13496977,0.004094282,3.295441955352486
112.48,0.09246395,1427.6083126699216,0.000597438,0.0458984375,0.22112341,0.0066672857,3.595036275924265
112.512,0.09392614,1235.476930554055,0.00032115777,0.04638671875,0.2798863,0.005259058,3.9019352272737837
112.544,0.096337266,1145.1966634940577,0.00022884461,0.0458984375,0.37775597,0.0035768047,4.195479049625962
112.576,0.08588393,1091.3494637524873,0.000252778,0.044921875,0.30480325,0.0046297535,4.4900424214995445
112.608,0.07033798,975.4798263044784,0.0005292484,0.04296875,0.5463864,0.02482639,4.786130380369192
112.64,0.094253585,873.7138820122161,0.00035146464,0.0400390625,0.91234183,0.33618402,5.085166959640297
112.672,0.11640815,867.0184010484475,0.00015238403,0.0380859375,2.5636804,0.84708816,5.386217639046779
112.704,0.11703156,907.6785091630255,9.1201175e-05,0.037109375,2.2477736,0.98126185,5.685168022393638
112.736,0.11284276,874.8032390506102,6.8126916e-05,0.0361328125,1.0420492,0.9710935,5.984034153146839
112.768,0.10903896,859.4213913871677,5.8990725e-05,0.03662109375,0.35398832,0.9763626,6.274649399020495
112.8,0.10588366,871.4004377946574,6.228131e-05,0.03662109375,0.4834688,0.99091417,6.5571168568125655
112.832,0.10897572,872.6028822512326,6.236625e-05,0.03662109375,0.62595457,0.9828761,6.836389956861662
112.864,0.11129386,912.2491888728779,0.000101531106,0.04296875,0.9631893,0.91972756,7.124351473961218
112.896,0.10898311,2807.129276557933,0.015573411,0.0576171875,0.96079654,0.7255116,7.416906353873738
112.928,0.10144186,3232.1998196823706,0.059736714,0.06298828125,2.0504086,0.60916054,7.696640022466695
112.96,0.08966159,3092.0386233112667,0.040172707,0.06591796875,14.918482,0.7724921,7.96375338895529
112.992,0.08224009,2666.247097185998,0.010661796,0.0595703125,5.7910385,0.924067,8.204129840114145
113.024,0.08624441,2160.939303015365,0.0038756372,0.04541015625,0.4291522,0.944269,8.427381762795592
113.056,0.09817167,2030.4536799532912,0.0030434737,0.0498046875,0.09884348,0.7539132,8.628981637390142
113.088,0.09881957,2940.364058061468,0.017689917,0.05078125,0.2867787,0.45437753,8.80614096575952
113.12,0.09630701,2846.029169608932,0.018359467,0.0537109375,1.0740047,0.67000926,8.954404509318694
113.152,0.090749614,2271.9182415801774,0.0065286616,0.052734375,5.9860716,0.9231667,9.08256341787195
113.184,0.0782375,1999.2583628211894,0.0032633343,0.04296875,1.1285527,0.9311783,9.196443620462444
113.216,0.08742519,1559.2572390972255,0.0012241849,0.0390625,0.41969097,0.94307774,9.288743830219687
113.248,0.098742604,1279.6611171756,0.00042078536,0.03662109375,0.35370082,0.9139179,9.363937651790753
113.28,0.10179263,1068.6809884765862,0.00023408647,0.03662109375,0.29977536,0.9072927,9.421649077768866
113.312,0.09292268,1011.8133873874556,0.00028223792,0.046875,0.20990777,0.9523561,9.456211409402831
113.344,0.07528393,2915.680254455221,0.03135054,0.072265625,0.3582072,0.8714451,9.471891868048928
113.376,0.07123123,3190.4786366267554,0.08931443,0.0810546875,0.99302757,0.6316826,9.47307424521342
113.408,0.061072353,3042.1019379058584,0.046934284,0.1044921875,12.661296,0.68065417,9.464718669648663
113.44,0.049124584,2626.741059255819,0.020603668,0.12890625,4.2052073,0.59709495,9.45535338440776
113.472,0.026165556,2490.5619618200444,0.032482527,0.1533203125,0.3273735,0.575465,9.435063197429413
113.504,0.027954955,3463.5830299597624,0.19598088,0.2236328125,0.20687284,0.19564661,9.406796617262328
113.536,0.037610047,3543.534316650864,0.20897438,0.27587890625,0.37595305,0.087873414,9.373612186827044
113.568,0.031746738,3255.0378290680237,0.14065082,0.31103515625,5.3187237,0.085951924,9.332159376181247
113.6,0.031283207,3108.2393741390088,0.10656544,0.32763671875,3.16747,0.0640105,9.285737560017216
113.632,0.030980837,3086.7336378667956,0.09417683,0.31787109375,0.6426501,0.10548264,9.224566514618333
113.664,0.02863765,3067.9568389532096,0.09102612,0.302734375,0.8469563,0.14915258,9.140869866342506
113.696,0.025428975,2998.0552618632805,0.07710567,0.279296875,0.6986675,0.16727106,9.040277383584964
113.728,0.021580549,2722.4387760640066,0.064443685,0.25146484375,0.46213135,0.20878062,8.91803831518015
113.76,0.016179245,2411.915172088945,0.049300052,0.21435546875,0.37715536,0.27562076,8.771803142358745
113.792,0.011919481,2093.20041510761,0.031236438,0.16748046875,0.47714305,0.56382036,8.580802697793107
113.824,0.023579672,1541.3200927355526,0.0060738265,0.12060546875,0.42075944,0.9062115,8.342821638087385
113.856,0.091290556,961.2119054113034,0.00044986236,0.08056640625,0.14595357,0.98226345,8.06594866036485
113.888,0.12959485,886.9387525919499,0.0001616867,0.04736328125,1.3340303,0.98973423,7.759875792829137
113.92,0.12260711,933.2603432245503,0.00012411506,0.03271484375,2.2818503,0.9933157,7.419500161184321
113.952,0.1157944,874.802341148194,0.0001242975,0.03271484375,0.81577307,0.9950388,7.061080008527986
113.984,0.109377965,819.9841217386481,0.00012493838,0.03271484375,0.24854372,0.99575865,6.6750877642697795
114.016,0.113747105,799.7392771809606,9.0939175e-05,0.033203125,0.8094279,0.9964723,6.262571569563585
114.048,0.121340275,761.0279921905799,6.551174e-05,0.033203125,0.88424957,0.99695206,5.82954992215101
114.08,0.11791561,929.9369673768736,0.00016784982,0.044921875,0.6874751,0.9969641,5.372963406092756
114.112,0.110067636,3009.107287896628,0.018033007,0.06201171875,0.66577864,0.9462246,4.904260149115309
114.144,0.10041855,3379.2867666765856,0.05390765,0.07373046875,2.181778,0.81488127,4.451321496332724
114.176,0.09347409,3095.65294046967,0.025478998,0.07958984375,14.393996,0.8829183,4.019187778568256
114.208,0.09410731,2570.2499241159103,0.0077064163,0.06787109375,4.366289,0.95200014,3.5899535084688456
114.24,0.10105315,2013.184049030091,0.0024256618,0.05029296875,0.2743676,0.9802508,3.214902574424112
114.272,0.10576997,2127.615703550916,0.0029278346,0.05322265625,0.10096639,0.9862251,2.923894589210405
114.304,0.10501119,3164.928893214647,0.022872726,0.05224609375,0.18315545,0.92557865,2.7255430229251694
114.336,0.10944604,3101.1340989866176,0.019578336,0.05322265625,1.1290871,0.91730285,2.6188618726928845
114.368,0.12053698,2393.272501821132,0.003794177,0.0546875,6.378678,0.97451484,2.585864512521264
114.4,0.13293113,1760.80528457521,0.0010226133,0.0400390625,0.9366586,0.9911679,2.6254192476415663
114.432,0.12787077,1581.070337734854,0.0006624687,0.03515625,0.1491623,0.99367017,2.7364226877761904
114.464,0.12482676,1253.4280231949851,0.0003508341,0.03466796875,0.22650623,0.9956711,2.916332495991776
114.496,0.11340622,974.1746066966732,0.0002706555,0.03466796875,0.5114007,0.9920827,3.1490183733279284
114.528,0.102951415,935.0404776538301,0.00028838802,0.0361328125,0.66164416,0.86924565,3.426780707368685
114.56,0.10873572,1670.6389629574621,0.0029495924,0.0546875,1.1655331,0.32942525,3.7511274361646496
114.592,0.10501908,2724.1973916020224,0.025264991,0.0625,1.3061466,0.036277268,4.12084915313432
114.624,0.09831696,2885.63754812314,0.02447428,0.06640625,7.278565,0.0117205,4.508291315137856
114.656,0.0949654,2514.4832054395583,0.0072683343,0.06689453125,7.956365,0.011047673,4.897948263429618
114.688,0.09419051,1960.100261816694,0.0026480951,0.05078125,0.7630234,0.01813374,5.292029099428754
114.72,0.08390051,1980.543087537676,0.0038684618,0.0595703125,0.11787861,0.017580014,5.63600128579285
114.752,0.092920765,2972.004792903986,0.031951237,0.06787109375,0.2792834,0.009593075,5.931798960586294
114.784,0.095999435,3182.0964565049276,0.03995793,0.07373046875,1.354572,0.004395876,6.177268325578779
114.816,0.097458415,2912.159827522064,0.012268824,0.07568359375,7.426291,0.0014050235,6.3585602358146875
114.848,0.09672409,2367.7949809985603,0.0040691015,0.0615234375,1.5887747,0.0020977687,6.484606855478996
114.88,0.098528825,1890.3562686561538,0.0015380142,0.05126953125,0.17525537,0.003357396,6.57019124097978
114.912,0.10076156,1550.8885848814725,0.0006917731,0.04541015625,0.24777701,0.0027787965,6.614949700028543
114.944,0.1006754,1289.2074345394067,0.00034651646,0.04345703125,0.3486796,0.0037584,6.631658197852016
114.976,0.10580924,1078.7331985484784,0.0002155414,0.041015625,0.35045683,0.0035829635,6.627616174793921
115.008,0.11031402,996.6873427051214,0.0001529281,0.041015625,0.59266335,0.0018725345,6.608779092732744
115.04,0.102902666,957.5037806992007,0.0001935598,0.0400390625,0.6902854,0.004695252,6.58333779088461
115.072,0.09861942,896.972601941544,0.00021621844,0.03955078125,0.53106785,0.10675014,6.529420350732297
115.104,0.1099932,890.0610650354984,0.00014029749,0.03857421875,1.447916,0.47955424,6.4110988259336095
115.136,0.11266828,906.7638342361327,9.409539e-05,0.03759765625,1.727334,0.73721987,6.227230483561199
115.168,0.113238715,869.3002562958875,8.177556e-05,0.03662109375,1.2123361,0.7264616,5.999442899270964
115.2,0.104501285,861.8814749779817,8.754145e-05,0.03662109375,0.65945077,0.8499117,5.745792807253194
115.232,0.10001494,876.8049230613804,8.932829e-05,0.03662109375,0.48802045,0.9753063,5.454174238397501
115.264,0.101196356,879.77010623045,8.2276645e-05,0.03662109375,0.9554385,0.978715,5.11856642055599
115.296,0.102900505,924.5795577587062,8.849698e-05,0.03662109375,1.0404532,0.91626525,4.819488228016751
115.328,0.11139037,2123.1202897197854,0.0033688555,0.0546875,0.59462124,0.713692,4.62266557195341
115.36,0.10663711,2898.615540490761,0.025366135,0.06494140625,1.2981634,0.6644294,4.506430329175928
115.392,0.096644625,2945.9447441578905,0.026442163,0.06640625,11.1373,0.83346945,4.452008255517897
115.424,0.08881547,2641.642780850215,0.011405557,0.0673828125,7.709403,0.9370985,4.441803850997607
115.456,0.08985111,2083.0725178061116,0.003549604,0.0498046875,1.074289,0.96093965,4.482416783109691
115.488,0.104437225,1855.3093389679855,0.0027569775,0.0458984375,0.29556358,0.9398188,4.562146248733356
115.52,0.11022314,2763.8458478540606,0.016747452,0.0498046875,0.22896351,0.70709074,4.663048086631072
115.552,0.10304461,2862.615126759425,0.018395064,0.04931640625,1.0047798,0.57779825,4.7857807550100855
115.584,0.09800035,2355.510801141435,0.0055395165,0.04931640625,5.908789,0.9025823,4.960683535249659
115.616,0.098253876,1862.9482986630355,0.0017095768,0.0419921875,1.0700918,0.976987,5.196396616809657
115.648,0.09340556,1546.9414170073917,0.000897592,0.037109375,0.27662686,0.9697485,5.480544403837825
115.68,0.09467008,1296.4724987972568,0.00049273885,0.03662109375,0.23038885,0.8947731,5.801156983804045
115.712,0.08586662,1146.4322971281404,0.0004052458,0.0390625,0.29509282,0.8262036,6.1667663261965835
115.744,0.05490808,1104.712010885555,0.00065110286,0.04638671875,0.4730502,0.90761954,6.577511834742678
115.776,0.025817012,3044.121654578155,0.07441689,0.10693359375,0.47453284,0.7598997,6.9569760142483
115.808,0.03748048,3604.064276649532,0.23093054,0.17822265625,0.47246504,0.15497681,7.237455217848407
115.84,0.03478693,3513.5487589006157,0.19892715,0.23046875,8.779247,0.15039478,7.437588527325084
115.872,0.024856525,3129.479556722423,0.10932069,0.27587890625,7.4801164,0.3067227,7.592058089463816
115.904,0.021548476,2929.4057878187177,0.08485114,0.2734375,0.8682445,0.38791442,7.714940793953785
115.936,0.026008658,3196.625006064943,0.14682882,0.279296875,0.3715907,0.28619134,7.802086025544902
115.968,0.04245547,3523.2142104827326,0.18710388,0.29443359375,0.59817994,0.106850415,7.858127192539987
116.0,0.039251085,3396.403044530716,0.15953693,0.3212890625,2.8015916,0.12362869,7.889661011566177
116.032,0.030678038,3315.701033473626,0.1368222,0.33056640625,4.1204243,0.18331781,7.9148015091167405
116.064,0.027561476,3312.5784351597176,0.115362786,0.30908203125,0.73519534,0.22117695,7.9255846795888765
116.096,0.026992787,3250.867595342278,0.0932986,0.291015625,0.27125683,0.2249706,7.883165901158615
116.128,0.024787482,3099.7551296247766,0.08265664,0.2431640625,0.25478348,0.26558068,7.795278036770496
116.16,0.018716639,2831.0753019645713,0.069328606,0.19091796875,0.45500994,0.4069259,7.674792021273113
116.192,0.014842888,2437.2182458345,0.03592527,0.1455078125,0.63666165,0.68648565,7.520482505855706
116.224,0.01599448,2014.3301368368689,0.014325532,0.1015625,0.21474388,0.8556739,7.318688091207798
116.256,0.038833432,1252.6016448284481,0.0030847278,0.07177734375,0.1544953,0.8150555,7.058974163875218
116.288,0.10619073,1141.6188940169995,0.0015327719,0.06396484375,0.45445162,0.77264106,6.7564857905799185
116.32,0.11367702,1525.8255622276938,0.0032485845,0.05712890625,3.022312,0.8381785,6.4545847912912775
116.352,0.096663475,1846.2592406617591,0.0041746395,0.0498046875,6.0928507,0.896016,6.155902887927024
116.384,0.095996164,1792.7570918408871,0.0031154735,0.05078125,3.5556638,0.9133693,5.844752812700281
116.416,0.09554847,1767.140722582952,0.0023973063,0.04638671875,1.0542171,0.88243,5.516723557653074
116.448,0.093752526,1747.4712247087582,0.0018473092,0.044921875,0.69820786,0.7221246,5.181146827308345
116.48,0.09281553,1662.8814681585432,0.0011489448,0.0439453125,0.646478,0.5450121,4.873294622309089
116.512,0.095745094,1615.947450799101,0.0010279943,0.0419921875,0.7781451,0.53555435,4.612754522748656
116.544,0.1005649,1831.5384782034125,0.0026294019,0.0546875,0.58587253,0.702818,4.416198825196764
116.576,0.10067918,2810.042975629453,0.029395472,0.06201171875,0.72650707,0.7591116,4.2987944233133915
116.608,0.10177946,3010.296970409243,0.04121364,0.06298828125,3.028105,0.5236571,4.216662413137627
116.64,0.107790366,2689.6773851270646,0.011122828,0.06298828125,7.855355,0.3180444,4.155854269847052
116.672,0.10677268,1986.3017448356743,0.0035982123,0.04833984375,1.7909138,0.1633106,4.141771511752465
116.704,0.09873634,1511.3253167941893,0.0023183147,0.04833984375,0.11441435,0.05474505,4.196776170589725
116.736,0.10021967,2369.857840417312,0.01451287,0.0576171875,0.5010609,0.02802327,4.325620758268065
116.768,0.08872672,2546.3360862346935,0.024495028,0.064453125,1.0226636,0.038692173,4.515455338677933
116.8,0.0786023,2040.2641328193192,0.009265601,0.0693359375,4.956726,0.02984349,4.7278276680162135
116.832,0.0663744,1666.8609713647684,0.004620106,0.0703125,1.8865967,0.030034387,4.956109714887903
116.864,0.053945627,1543.263246322503,0.0044042794,0.07080078125,0.66457045,0.042243484,5.214183486318575
116.896,0.037390336,1565.9354050156094,0.005849318,0.07421875,1.1294943,0.08508913,5.496345561444937
116.928,0.034542195,1387.15173275031,0.0035447048,0.0771484375,1.5879904,0.11828988,5.788770933584641
116.96,0.036083058,1377.8474163481628,0.0017895676,0.0771484375,1.1916375,0.0985295,6.057668568984369
116.992,0.037241638,1657.9266728630869,0.0034271628,0.1083984375,1.0005196,0.10942279,6.278507842586146
117.024,0.045052167,3422.195333343975,0.16032474,0.1640625,0.5865573,0.09194381,6.45272852621888
117.056,0.056648895,3633.630377705741,0.21285123,0.19287109375,2.06908,0.039983194,6.606598032663991
117.088,0.048322055,3380.615144684116,0.11454459,0.1982421875,13.609451,0.044019092,6.7776870807644025
117.12,0.04674079,2948.7529715439605,0.041663382,0.16796875,3.47947,0.062719345,6.964438471700987
117.152,0.051142164,2533.3097507673865,0.01721642,0.140625,0.15558259,0.06307579,7.139938108584647
117.184,0.056628507,3291.4486591644372,0.09375034,0.14453125,0.30026492,0.038291126,7.292128820128486
117.216,0.058396984,3460.2964626907783,0.13121794,0.1513671875,0.30700016,0.026740083,7.427883165871936
117.248,0.054717835,3215.830420864213,0.05245894,0.150390625,5.906095,0.0381601,7.5434052744606825
117.28,0.05462786,2816.08695632688,0.018413942,0.1201171875,1.8426145,0.033734925,7.625755238304219
117.312,0.059322476,2384.130470737037,0.0069036162,0.091796875,0.32806522,0.027931921,7.69711937546111
117.344,0.061838303,2147.7023905104334,0.0034718295,0.0810546875,0.2371164,0.03343011,7.773432541171086
117.376,0.06108132,2146.3478684529227,0.0024445872,0.0810546875,0.62789685,0.028132033,7.851987623930597
117.408,0.061708298,2179.624094349523,0.0020044446,0.08203125,0.26361185,0.027172709,7.929587640870482
117.44,0.06350348,2125.371509394025,0.0016893825,0.0791015625,0.42113513,0.034523036,7.996350732803249
117.472,0.061699286,2264.672282834574,0.0019613467,0.0810546875,0.467757,0.031994484,8.070455541110174
117.504,0.05960732,2350.729563815657,0.0021616134,0.08349609375,0.65198785,0.03393204,8.163005344303592
117.536,0.06295455,2326.0909861592345,0.001792558,0.08837890625,0.93821347,0.032146808,8.257002262214014
117.568,0.06505662,2308.3848501425787,0.0017686833,0.1044921875,1.0341077,0.030808777,8.325323020617981
117.6,0.060176436,2220.4098987224784,0.0021607454,0.109375,0.73930866,0.03694153,8.335115386149091
117.632,0.05719698,2297.590232868245,0.0023525623,0.1142578125,0.922877,0.03975955,8.294406651196779
117.664,0.060223795,2433.217361626485,0.0028215498,0.1123046875,1.4763184,0.031930454,8.226627789295186
117.696,0.06328112,2309.719242076265,0.0025415677,0.13134765625,1.3534001,0.027118705,8.125963674913539
117.728,0.06658067,2266.8297292124007,0.0021042493,0.1416015625,1.68956,0.024087641,7.994082332437852
117.76,0.07044332,2172.376332057396,0.0017958386,0.15283203125,1.3025988,0.019972516,7.848346045999577
117.792,0.07722777,2839.349239508124,0.02267687,0.18017578125,0.80330616,0.015737083,7.670453859678385
117.824,0.076447465,3148.9206751483707,0.054902337,0.1689453125,0.7849432,0.016423281,7.458790412330471
117.856,0.077611394,2919.260405661225,0.014596768,0.171875,8.46966,0.015198318,7.230308254275724
117.888,0.0795447,2576.556724237461,0.0029932123,0.17138671875,3.451003,0.010318458,6.988623416474021
117.92,0.07998422,2434.4114139822527,0.0028219975,0.1640625,0.08034288,0.010482731,6.743651316895573
117.952,0.08183083,2806.160192502157,0.012229919,0.1572265625,0.138481,0.010192655,6.477253678930813
117.984,0.08202802,3080.4674953535277,0.03244582,0.154296875,1.2528062,0.008905316,6.184449390225316
118.016,0.077849686,2699.446282911339,0.011859662,0.15478515625,4.227567,0.01293473,5.889359725920063
118.048,0.07707523,2255.9485130259063,0.0029212595,0.1494140625,3.4541333,0.015882974,5.619321659533819
118.08,0.08610047,2100.0590262154856,0.0035427734,0.146484375,0.4594081,0.010193197,5.407632034481177
118.112,0.09771791,1943.5540155027775,0.0032676633,0.14404296875,0.27967268,0.008001038,5.245856582425675
118.144,0.09373064,1951.7016664082848,0.0022142688,0.14208984375,2.6778207,0.008389111,5.104878006404055
118.176,0.083872296,1967.6385816664063,0.0030793687,0.14111328125,2.2655008,0.0074685356,4.985494235048393
118.208,0.07246349,2120.0063890544743,0.0030522996,0.14306640625,0.77609456,0.009015131,4.892200324688831
118.24,0.08252249,2294.441056914372,0.014271124,0.1494140625,1.5017791,0.009943524,4.819232484995294
118.272,0.09322889,2693.038549888147,0.04758692,0.14990234375,1.2581592,0.005404775,4.762756435905331
118.304,0.09218436,2740.1762304880976,0.028852355,0.1484375,6.027006,0.005035654,4.701605853793421
118.336,0.08227474,2267.2160091257474,0.008796496,0.140625,5.600561,0.0069850297,4.621950191380552
118.368,0.056905195,2282.6294016274824,0.011699747,0.134765625,0.36351967,0.016654983,4.523159290646463
118.4,0.067878366,2661.1960819295246,0.059270956,0.1318359375,0.7264569,0.0126569,4.415902818115318
118.432,0.097170345,2496.2578480565103,0.04462585,0.126953125,1.3563064,0.006124969,4.318022928750326
118.464,0.10824465,2165.3053666072647,0.008432786,0.130859375,6.550289,0.0033827364,4.225506121216074
118.496,0.10848496,2014.2879475516793,0.0017477303,0.126953125,2.8221548,0.0031408984,4.123525493714924
118.528,0.10360257,1959.3717992080692,0.00088901643,0.125,0.58021075,0.0035737874,4.019945339174819
118.56,0.10534323,1874.92798480129,0.0006401108,0.12451171875,0.28839117,0.0033491454,3.9266953120150303
118.592,0.10838287,1828.6530605403127,0.0004658667,0.12451171875,0.38635635,0.0036107553,3.844677765231237
118.624,0.10572094,1752.0436565074192,0.0004506263,0.1240234375,0.42683607,0.0050795036,3.786099124795585
118.656,0.10896428,1707.671322311935,0.00042487142,0.12451171875,0.38884658,0.005063611,3.746984047963322
118.688,0.11638849,1668.8618027036237,0.00028004855,0.12451171875,0.9497272,0.004395179,3.7346275569178418
118.72,0.12048777,1598.332620958524,0.0001980451,0.1240234375,1.0851145,0.004722209,3.737546972808146
118.752,0.119476296,1600.4246505715223,0.00019051947,0.12451171875,0.5377815,0.0046172673,3.734908303194442
118.784,0.1141197,1657.4229862428797,0.00024277499,0.1240234375,0.4664688,0.0031075007,3.724954743019516
118.816,0.1124103,1670.180898856317,0.0002585334,0.1240234375,0.7558913,0.003983505,3.6739732441988946
118.848,0.11504932,1693.6176519755345,0.00022355243,0.12353515625,0.88107127,0.0037700818,3.5863138334042692
118.88,0.11261518,1718.0301382765783,0.0002840357,0.1240234375,0.8858662,0.0030431675,3.4809192950428827
118.912,0.110334106,1716.7771149396112,0.0002874298,0.12548828125,0.5273515,0.003057954,3.3646390284104974
118.944,0.1074341,1681.4806195665049,0.00026385655,0.125,1.0602046,0.005345449,3.235357959446783
118.976,0.10776799,1729.9895688175905,0.00030285688,0.125,1.0608809,0.0056786984,3.0967189954565764
119.008,0.11212954,2317.6864574759657,0.0051937453,0.1376953125,0.71606576,0.005874227,2.9581358661938464
119.04,0.10760199,2982.1546624700422,0.034158725,0.1396484375,1.1005317,0.006234399,2.821056176266635
119.072,0.10124242,2935.6138929845238,0.025619341,0.14013671875,7.7014613,0.0040868097,2.6705202046972767
119.104,0.099900186,2487.8097474376323,0.004723051,0.140625,6.5484767,0.004763683,2.48970956113277
119.136,0.09873581,2066.0208707086467,0.002321605,0.13232421875,0.3538681,0.0055039558,2.292912500784123
119.168,0.094747745,2348.1554549586435,0.007118185,0.1572265625,0.14854734,0.003890794,2.0790199768958026
119.2,0.08457171,3059.5190375788916,0.03978126,0.1591796875,0.62995327,0.00797713,1.8565795260706197
119.232,0.08563797,2833.862275198426,0.02752259,0.15966796875,3.3336854,0.016357126,1.6386807782560044
119.264,0.083740845,2338.992919654279,0.007011481,0.15625,4.84243,0.019081246,1.4323193013338174
119.296,0.08461692,2079.1253582384,0.0037077493,0.12890625,0.5905342,0.02015163,1.2809989349106512
119.328,0.08607059,1933.6219347867816,0.0024665946,0.12646484375,0.45053595,0.018065343,1.1938732990983583
119.36,0.08882357,1820.791960515449,0.0014878337,0.1259765625,0.40094066,0.014138022,1.1559110150355854
119.392,0.09085254,1754.6921522776538,0.0012545418,0.125,0.71882313,0.016043795,1.1452513584056094
119.424,0.08517906,1827.80573582748,0.0012311379,0.1318359375,0.36737376,0.023391237,1.1450102889247928
119.456,0.09018231,2695.0965919697965,0.026254535,0.13916015625,1.0803678,0.0180481,1.1581419625286913
119.488,0.09085726,3040.2940485943873,0.05325793,0.138671875,1.1130381,0.017098423,1.1820044196166584
119.52,0.09180506,2791.2076322717244,0.016470725,0.13818359375,8.993695,0.020221071,1.2025127197505474
119.552,0.09455552,2316.4030855972023,0.0038599414,0.13134765625,3.1488712,0.013952034,1.2181170038880245
119.584,0.09531881,2057.776650442181,0.0020619938,0.12646484375,0.121582724,0.016091378,1.2274377224687172
119.616,0.09493841,2273.7754694006444,0.00948325,0.126953125,0.06688976,0.019834386,1.231692393745568
119.648,0.09612551,2536.8689116093033,0.024298914,0.12744140625,0.4054898,0.0151179,1.2132991407919458
119.68,0.0993906,2411.905974449708,0.009175509,0.12744140625,5.0321712,0.014163622,1.1806125318627183
119.712,0.10169766,2036.626658489022,0.002226149,0.125,3.6850111,0.02158683,1.139095795232927
119.744,0.106022514,1836.7058159754502,0.0012271968,0.125,0.1529896,0.017825406,1.0966698921529203
119.776,0.10557554,1786.546109140132,0.0008751242,0.12451171875,0.15824324,0.015597748,1.0549863380296125
119.808,0.102117926,1698.2257614493703,0.00065236836,0.1240234375,0.40438697,0.020800158,1.0120666065892951
119.84,0.09681342,1638.5969981172404,0.00048364946,0.1240234375,0.5513089,0.023054026,0.9637336707198345
119.872,0.09852336,1625.8124406339239,0.00043480154,0.12353515625,0.4846241,0.01806688,0.9202306201023562
119.904,0.10497259,1579.0839496877693,0.00038056684,0.12353515625,0.6595262,0.02027873,0.8949681706160275
119.936,0.105792806,1585.6930746779483,0.00036208177,0.12353515625,0.6549342,0.022560084,0.8664340951090107
119.968,0.11453126,1545.1676578049046,0.00028311263,0.12451171875,0.7462237,0.014885197,0.8284780406973677
120.0,0.1229548,1505.5370533963996,0.00024192722,0.12548828125,0.9116736,0.012174058,0.7859770838478357
120.032,0.107530616,1514.2893893637684,0.0002893227,0.1259765625,0.92757905,0.025157819,0.7600667419726348
120.064,0.093575925,1598.3891642690205,0.00040338133,0.1298828125,1.2655704,0.03278922,0.7594932875362249
120.096,0.09185934,1671.2534716064474,0.00051165593,0.1298828125,0.6226814,0.030956445,0.7736891769187254
120.128,0.095800206,1605.099953323605,0.00041775082,0.1318359375,0.7632408,0.032615267,0.8393644879662838
120.16,0.09668045,1579.826476748533,0.00043738956,0.13134765625,1.1579952,0.03376514,0.9476775229876652
120.192,0.0943465,2139.2194144142236,0.004369297,0.13623046875,0.8520445,0.029016195,1.1055980089100144
120.224,0.09346973,2892.216890659787,0.028595908,0.13525390625,0.7426574,0.023323627,1.295688993713755
120.256,0.09342487,2871.2891315847564,0.0216131,0.1357421875,5.8175445,0.018250521,1.5044354227035752
120.288,0.090244345,2343.9291357630837,0.0050336807,0.1357421875,6.138273,0.023691637,1.7226738519091596
120.32,0.087150306,2049.0952219045357,0.0029534283,0.13232421875,0.3522306,0.02952862,1.9436432490812996
120.352,0.08664918,2247.58617699154,0.006268413,0.13818359375,0.19615532,0.02892864,2.1607176984031824
120.384,0.08175235,2654.624131715924,0.024123829,0.1357421875,0.8215307,0.028873963,2.376407458266013
120.416,0.08628825,2520.117446305084,0.011689643,0.13623046875,2.3103445,0.0267205,2.6083499489701745
120.448,0.08279818,2048.275345142611,0.003734693,0.13330078125,4.22857,0.03778708,2.848087162425423
120.48,0.08289813,1905.5164076918943,0.0018541228,0.1279296875,0.36925578,0.041884627,3.0978234767688395
120.512,0.08118009,1774.5712180044973,0.0014647313,0.13134765625,0.3041554,0.04016333,3.3473299454713157
120.544,0.071202934,1712.065393965571,0.0017657783,0.13330078125,0.47572917,0.04908934,3.603710400703923
120.576,0.062959686,1733.543749811986,0.0015289171,0.13232421875,0.84370005,0.07225337,3.8732347813651957
120.608,0.07184454,2027.2759106858275,0.004843009,0.13916015625,1.5636835,0.059514377,4.129087906619827
120.64,0.07733058,2898.501528371667,0.038271952,0.1376953125,0.45090508,0.049032383,4.368571293659642
120.672,0.07163867,2926.748845578102,0.039321024,0.13427734375,3.4886742,0.043998554,4.576213218874545
120.704,0.06176236,2432.5329243945007,0.011978648,0.125,7.2462025,0.06997852,4.7655248606757885
120.736,0.043914914,2025.6193531476938,0.010363684,0.11328125,0.58738154,0.1854544,4.957090059246716
120.768,0.026461374,2559.8246739107462,0.043250453,0.14453125,0.2260311,0.4612733,5.1588761639837415
120.8,0.031022407,3365.3149337480536,0.15038411,0.16943359375,0.46830744,0.3018415,5.3648825971502205
120.832,0.030646691,3191.9990737785147,0.11959327,0.20361328125,1.6700115,0.38668817,5.56607757044227
120.864,0.028589476,2924.7349428161133,0.07756454,0.24853515625,4.7364917,0.43581536,5.766777950657219
120.896,0.029585296,3029.547622339075,0.08562543,0.259765625,1.374148,0.34560272,5.978206252268227
120.928,0.03416778,3071.7015324698864,0.06929094,0.28125,1.0573021,0.32738492,6.190952136308013
120.96,0.032956563,3155.0495400167574,0.06786517,0.2890625,1.4455897,0.36641455,6.392446657941915
120.992,0.030011758,3092.4807390307687,0.07327133,0.2568359375,0.92537534,0.40920135,6.593037634767471
121.024,0.028229283,2853.5004997167944,0.056320865,0.20458984375,0.7444149,0.5310716,6.7883445945707
121.056,0.024815306,2356.34594014082,0.02997171,0.1494140625,0.6517824,0.7482297,6.9601734882896675
121.088,0.019675435,1797.4788300549444,0.011762432,0.09521484375,0.5187715,0.8873174,7.095613790180895
121.12,0.047846075,1129.9851764451807,0.002347186,0.06689453125,0.34720123,0.78145295,7.198285568045481
121.152,0.11160843,1322.9350648893017,0.001951486,0.05908203125,0.15021837,0.72045714,7.285975237182562
121.184,0.11356233,1832.3139741993,0.0038951205,0.056640625,2.5473409,0.83852386,7.356948328760532
121.216,0.09388441,2076.860913663713,0.005185433,0.06201171875,5.971119,0.87162197,7.396603864192727
121.248,0.08342598,2042.7191227126646,0.0051409807,0.07470703125,3.0244937,0.8422785,7.402474000760289
121.28,0.07951141,2108.154358203794,0.004863551,0.0771484375,1.2110949,0.80693555,7.381111446599645
121.312,0.07480437,2080.60660399894,0.0047982857,0.0703125,0.6710387,0.8135762,7.3406936805025
121.344,0.07126527,2008.9335048467108,0.0047019073,0.06884765625,0.49486667,0.811832,7.277763455136304
121.376,0.06542016,1932.5904409858115,0.004957028,0.060546875,0.72091717,0.8449638,7.179751527495977
121.408,0.0595666,2210.574520394022,0.01458224,0.0712890625,0.54848194,0.867505,7.063869323017693
121.44,0.06831191,2978.524008419527,0.067802,0.07568359375,0.5851201,0.7171107,6.934116217139474
121.472,0.07208038,3027.0446186321205,0.061269153,0.072265625,3.0770655,0.7573978,6.775162387803574
121.504,0.07430577,2473.1884988799325,0.017058061,0.0673828125,5.710723,0.7509773,6.584545953745266
121.536,0.08550574,1928.7194187405885,0.0038408155,0.0478515625,1.0613292,0.28543758,6.379464467676663
121.568,0.08587342,1617.050647373645,0.002183723,0.04443359375,0.2953715,0.50326234,6.163903662828666
121.6,0.08108887,2778.3752509863907,0.024984475,0.0498046875,0.23935269,0.72587377,5.91751539306563
121.632,0.07777526,2672.7920614249942,0.0396522,0.05908203125,0.39824462,0.24421091,5.632145966161343
121.664,0.06334845,2017.4231948222257,0.016239727,0.072265625,6.3896947,0.045120507,5.313777101995811
121.696,0.04047197,1752.4527489302732,0.013645059,0.08349609375,2.480052,0.123812325,4.978320074548147
121.728,0.028578313,1738.094278057061,0.014465779,0.0927734375,0.87477064,0.37683162,4.645853003934824
121.76,0.026924575,1670.2537164884723,0.008993334,0.09423828125,0.9386371,0.4372807,4.334765983103214
121.792,0.025809444,1586.8784498661953,0.006111049,0.09423828125,0.6516303,0.35460854,4.053110530082926
121.824,0.025877813,1644.56276214815,0.0059537063,0.10302734375,0.6058359,0.22936198,3.798131584334141
121.856,0.033729717,3399.6439195876,0.12440216,0.138671875,0.47138712,0.08779918,3.5740767386596266
121.888,0.045011554,3633.2955421219017,0.16980131,0.150390625,0.6808587,0.025241474,3.3860037621598944
121.92,0.044873778,3333.1577538854344,0.077463545,0.1474609375,9.2162075,0.023842094,3.2310645289129223
121.952,0.045180216,2909.032032663984,0.022556052,0.1318359375,4.0930147,0.02982888,3.1071046630866235
121.984,0.048727926,2606.6990139614372,0.008854971,0.0986328125,0.6019954,0.020182446,3.02482296337742
122.016,0.05825023,3104.371826139017,0.04247786,0.09423828125,0.18947099,0.012192968,2.984752685537141
122.048,0.07626848,3153.400210143843,0.0632937,0.09228515625,0.26315033,0.007200978,3.0001120286346366
122.08,0.10159047,2662.109566427681,0.015090333,0.08984375,5.686897,0.0046442305,3.088467331757304
122.112,0.11211665,2249.0120555428175,0.0037974135,0.07763671875,4.1215634,0.0032968603,3.238964583579177
122.144,0.116198726,1964.782488882834,0.001581464,0.06640625,0.61993796,0.003430573,3.4570179777877
122.176,0.11934457,1842.033966136773,0.0009046159,0.06494140625,0.3593758,0.0029763475,3.7386734034721036
122.208,0.116530254,1782.9686579484815,0.000595345,0.0654296875,0.23645775,0.0032727832,4.056446316241359
122.24,0.1141663,1721.0859030833833,0.0003954057,0.0654296875,0.40281403,0.005250683,4.392878173431394
122.272,0.118097775,1623.1059287934609,0.00023335284,0.06494140625,0.3605988,0.0054387595,4.735483729036405
122.304,0.11906147,1573.3679554378018,0.00022972743,0.064453125,0.54033375,0.0056233667,5.085997696534802
122.336,0.11840695,1553.664205887621,0.00032528432,0.064453125,0.6102056,0.0052576177,5.4388060881141085
122.368,0.11126656,1501.8428753973067,0.0005270622,0.0634765625,0.95257246,0.0057782945,5.777995649146446
122.4,0.10729067,1475.8746657531583,0.00042637854,0.0634765625,1.9905283,0.0050856597,6.1129779904584405
122.432,0.109487124,1417.6872762585206,0.00043960626,0.06396484375,2.3333511,0.005183654,6.441383349746167
122.464,0.11649632,1513.2539858330376,0.00031509978,0.06396484375,0.8896121,0.0042899675,6.749211898733531
122.496,0.11560342,1533.7401471945002,0.00039117667,0.06494140625,1.3469023,0.0036649695,7.038902329172233
122.528,0.10250643,1577.5406927455292,0.00046967473,0.0634765625,1.0867974,0.004363912,7.305999595274292
122.56,0.09908614,1679.8859840323466,0.00033089996,0.06298828125,1.3482108,0.004530418,7.539780673308579
122.592,0.107982986,1665.944984543583,0.00039746222,0.06494140625,2.0018282,0.0046425094,7.731332621732936
122.624,0.10976967,2539.158231550434,0.00990076,0.06591796875,0.76577014,0.0053459723,7.867488958141138
122.656,0.10657458,2832.6122657106744,0.020167988,0.06640625,2.1796184,0.00477803,7.962662200242542
122.688,0.116290465,2500.3398835760404,0.005287468,0.06591796875,10.853439,0.00351448,8.03257400158336
122.72,0.11858557,2113.829296564576,0.0017415043,0.06298828125,2.9138653,0.0030784097,8.062526369755972
122.752,0.10550091,2017.6303871934592,0.0012523431,0.06640625,0.23759821,0.003304497,8.049778731375246
122.784,0.1020402,2759.341855392625,0.010217533,0.06640625,0.09437524,0.0039274963,7.993127995793037
122.816,0.11271146,2944.1463279333234,0.013370068,0.06689453125,0.15685494,0.0035155707,7.906094642912891
122.848,0.11011058,2224.675361217998,0.0039176107,0.06640625,6.1207657,0.0034065193,7.799281462568921
122.88,0.10963431,1708.6816550867695,0.0018700422,0.06005859375,2.098197,0.003012153,7.661771004439632
122.912,0.11776942,1585.2235515378468,0.0010978165,0.05859375,0.54624134,0.0027336958,7.509722350068729
122.944,0.12568907,1509.851856766236,0.00048191883,0.05615234375,1.2811737,0.0023021805,7.353629220128112
122.976,0.12641558,1413.7177511401562,0.00023536956,0.05517578125,1.0643053,0.0020449138,7.183867889828177
123.008,0.12095755,1429.5610702213003,0.00019928494,0.0556640625,0.6840784,0.0020359918,6.993720869486874
123.04,0.120199755,1517.55262092605,0.0003754797,0.06298828125,0.21861114,0.0022355118,6.7954407633797524
123.072,0.1159627,2776.371551991284,0.009836851,0.06298828125,0.37978154,0.0019757003,6.604915946610998
123.104,0.110764064,3090.3417102579424,0.019639505,0.06591796875,1.8138658,0.0023939104,6.420551197591347
123.136,0.111498795,2814.3569720908986,0.007783332,0.06591796875,9.877534,0.0027262904,6.216071603446417
123.168,0.104514234,2354.384063983006,0.0030766192,0.05859375,2.7105627,0.0026465312,5.985456788972636
123.2,0.09734138,2199.6257099515697,0.0034564969,0.06396484375,0.23202315,0.0033852186,5.746432990954142
123.232,0.095786415,2714.1152298662855,0.020064527,0.060546875,0.20700602,0.0040195566,5.492943757771052
123.264,0.102261886,2645.247497963485,0.015029848,0.05859375,1.1643242,0.003522285,5.230992811609751
123.296,0.1020617,2121.6376916280083,0.0043126745,0.05712890625,5.985553,0.0033344347,4.965967241182394
123.328,0.10424296,1778.4886757377517,0.0016246593,0.05029296875,0.9156994,0.0037559727,4.701168519855094
123.36,0.10312176,1616.7036909411177,0.0007574698,0.04931640625,0.44944975,0.004571663,4.454159177685274
123.392,0.105071165,1546.4685048184315,0.00051266083,0.0498046875,0.45892468,0.003940467,4.209004604631101
123.424,0.11106502,1444.6733608355908,0.0003002129,0.04931640625,0.2410168,0.0036147803,3.9592215420616617
123.456,0.11310433,1400.4031129721589,0.00020561395,0.04931640625,0.36251423,0.0034998918,3.72396452986878
123.488,0.10884285,1353.5496586145239,0.00013605399,0.04931640625,0.4057309,0.003913867,3.5067702546168706
123.52,0.106589,1306.6201405813053,0.000107623826,0.04931640625,0.49454227,0.0040326463,3.308433367591507
123.552,0.10949316,1269.0782096254084,9.720907e-05,0.04931640625,0.5322903,0.0036709602,3.123107647180099
123.584,0.11658367,1307.0962625915213,9.935832e-05,0.0498046875,0.41919595,0.0032398745,2.9509709634470003
123.616,0.115417436,1323.2934452692577,0.00022069874,0.05126953125,0.91320646,0.0035695247,2.793033335380762
123.648,0.101074204,1410.084740928028,0.00051707216,0.052734375,1.6563523,0.004274835,2.6202390029780727
123.68,0.09534743,1482.571274669912,0.0006720168,0.0556640625,3.0383086,0.0038722728,2.42399472192158
123.712,0.086086944,1533.5373533915738,0.0006369785,0.05810546875,2.8166215,0.005651788,2.2497998366434513
123.744,0.08287368,1568.2750892568251,0.00035713418,0.06005859375,2.5151362,0.0059419596,2.1118424861848557
123.776,0.08153705,1525.0970000552254,0.00026127358,0.0615234375,1.968505,0.0053593917,2.0071665335412883
123.808,0.08048823,2232.5470441124858,0.0031239172,0.0693359375,1.2322363,0.005929655,1.9399823766684243
123.84,0.08286235,3034.5326609662134,0.030038696,0.07177734375,1.2425114,0.0052675386,1.8908264856682255
123.872,0.08083094,3049.947903700584,0.027334588,0.07470703125,7.4283767,0.004227002,1.870067036064984
123.904,0.08043725,2518.6173003592357,0.0060038543,0.07470703125,8.4882,0.0048424103,1.8695056516354962
123.936,0.078738034,2159.922261637863,0.0027410893,0.0673828125,0.5068431,0.005155626,1.8501271848230574
123.968,0.080238,2028.801664808991,0.0017391468,0.068359375,0.11463336,0.0047795307,1.8290164486707208
124.0,0.078955226,2699.4942955445013,0.014339749,0.0673828125,0.25113147,0.004382886,1.8059463642792783
124.032,0.06620152,2828.879758931976,0.022400755,0.06884765625,0.3124353,0.00552322,1.7801721800267978
124.064,0.061046097,2489.692796306574,0.0045868987,0.068359375,6.1808615,0.0061864643,1.7519759863385804
124.096,0.07028893,1965.545806458411,0.0013860839,0.0654296875,0.85892767,0.005477838,1.729044562319394
124.128,0.07750976,1756.9195662468387,0.00047639315,0.0634765625,0.14637634,0.0044202427,1.740485036692683
124.16,0.07948316,1637.8491744649145,0.0002429762,0.06201171875,0.50311106,0.0040365267,1.7958607141450842
124.192,0.08083075,1487.5898829027687,0.00018830244,0.0625,0.56840783,0.0040834965,1.8688940987448246
124.224,0.076605536,1443.5861899712233,0.00018639801,0.06298828125,0.46439382,0.0064121517,1.932099931136967
124.256,0.06805159,2116.5548584778344,0.002266917,0.0693359375,1.2349201,0.007460609,1.978666690772473
124.288,0.06587137,2869.9828658531287,0.018660486,0.0751953125,0.99140865,0.0069294567,1.9972864994930697
124.32,0.060991026,2802.3166914272742,0.019118508,0.07421875,6.0292087,0.014245648,1.9977050925393305
124.352,0.049923994,2279.897186229863,0.0067923404,0.07421875,7.400942,0.027230002,1.9880626598545015
124.384,0.054414187,1837.4337554097601,0.0023827034,0.06787109375,1.386463,0.01568651,1.9692393145550682
124.416,0.056231383,2197.0295893426373,0.005647567,0.08056640625,0.39106837,0.01160425,1.968750455696079
124.448,0.05327046,3011.276090870659,0.051296994,0.09326171875,0.23223846,0.008741655,1.9768061980643212
124.48,0.05067378,2964.798993070249,0.047088794,0.0966796875,3.3835204,0.0084146485,1.9950391954565774
124.512,0.048042085,2605.591157129089,0.012987745,0.099609375,7.3278117,0.011373839,2.018297462914381
124.544,0.043613363,2337.9848576490567,0.005838596,0.08056640625,0.9255447,0.016714716,2.043495487264664
124.576,0.042203404,2085.2942988236905,0.0036073031,0.06884765625,0.23328,0.014927227,2.0740763900738193
124.608,0.037459694,1976.989321655196,0.003065538,0.0654296875,0.28561753,0.0189742,2.097721412704372
124.64,0.034388945,1915.0051805286537,0.0020893612,0.0625,0.43739343,0.026353749,2.1104960369974504
124.672,0.039718978,1771.3280568548887,0.0010520838,0.06201171875,0.521946,0.021261306,2.105630935540061
124.704,0.043429732,1629.6195252437187,0.0008229199,0.06103515625,0.46401477,0.016080828,2.101511501079219
124.736,0.04981589,1459.0773496511,0.0008494384,0.0595703125,0.293422,0.009936328,2.091674516049421
124.768,0.059365846,1424.1847963449275,0.0006243479,0.0576171875,1.1374915,0.0042768065,2.098355884077559
124.8,0.061290402,1392.3071531577798,0.00034341068,0.056640625,2.4011338,0.002985134,2.1479932700624635
124.832,0.056643788,1376.6428634656686,0.0002533435,0.05615234375,1.8176974,0.0044797077,2.22170889110345
124.864,0.055214908,1324.4238763293258,0.0001796489,0.05615234375,0.78040934,0.0036323713,2.330437735485948
124.896,0.05391059,1333.9456886347275,0.00017983727,0.056640625,0.48795533,0.0035294446,2.4662306731272015
124.928,0.054845393,1298.0969350383134,0.00014181386,0.05712890625,0.31343696,0.0041691586,2.645263586934033
124.96,0.059218116,1205.7542822830906,9.826067e-05,0.056640625,0.77889955,0.00356518,2.8716906634035557
124.992,0.060504477,1176.2503703301038,9.112046e-05,0.056640625,1.0516422,0.0036164399,3.151286425921543
125.024,0.06066503,1541.5164487287002,0.0007830679,0.0654296875,0.7182317,0.0039435998,3.472758519726657
125.056,0.061782468,2849.590832310776,0.029062599,0.06982421875,0.6431998,0.0030236936,3.8200550126672224
125.088,0.06249199,3016.6857678299248,0.043869518,0.0693359375,5.073141,0.003881411,4.1952933132816135
125.12,0.060770478,2517.597765701281,0.009655413,0.06982421875,12.568943,0.0044812765,4.590861372483566
125.152,0.05768397,2101.447194896792,0.002760579,0.06005859375,2.4802468,0.003785374,5.0123422333961685
125.184,0.06170486,2052.696940640128,0.0030838796,0.06201171875,0.14360118,0.003005922,5.448347780142121
125.216,0.06149055,2811.439881883387,0.0219936,0.06591796875,0.25677818,0.0019092452,5.894398988231483
125.248,0.058826048,2920.961135936991,0.025681024,0.0654296875,1.1525996,0.0028774168,6.31189427613216
125.28,0.057328314,2444.683250963608,0.006447682,0.0654296875,6.3713245,0.0034367354,6.674846743777193
125.312,0.050240118,1953.2710025993515,0.002669549,0.05859375,1.2737563,0.0052327905,7.005987928837064
125.344,0.04562412,1806.3370089719092,0.0014701256,0.0546875,0.11586929,0.0042464365,7.299780607286227
125.376,0.04383728,1603.9616091929747,0.0010135322,0.05712890625,0.29811847,0.0035048816,7.556962097498364
125.408,0.040196855,1353.0067688631202,0.0007121977,0.06494140625,0.21822172,0.007584786,7.768891712642848
125.44,0.020909825,1383.9954566650208,0.0016662591,0.08251953125,0.45642146,0.03584002,7.929742770491963
125.472,0.01704334,3479.169951832691,0.18435228,0.1484375,0.5763277,0.061032567,8.042250515203866
125.504,0.026427807,3609.0026617909407,0.22020566,0.21142578125,0.47501382,0.040450547,8.116213201966909
125.536,0.017503666,3378.102538558075,0.18655635,0.26806640625,11.5951395,0.07975195,8.16792841495703
125.568,0.013161427,3041.9892248508804,0.11097412,0.31591796875,4.3109226,0.118930444,8.229339457484894
125.6,0.014461718,3009.2537089258885,0.07971028,0.3193359375,0.44469348,0.09238428,8.302116918206032
125.632,0.028490566,3230.167770730709,0.15454091,0.32568359375,0.3937398,0.030997574,8.378587418982386
125.664,0.03959116,3286.6403111030104,0.18038516,0.33154296875,1.1056908,0.01541656,8.461743309467934
125.696,0.02617886,3181.915881547361,0.16340275,0.33447265625,6.593316,0.04563053,8.557312034255709
125.728,0.021494415,3076.440495178198,0.10161302,0.32958984375,3.38477,0.09608102,8.682494765051592
125.76,0.02175725,2982.5549151514683,0.07664057,0.3115234375,0.53908205,0.0987103,8.783680147021029
125.792,0.02272723,2929.5286114490073,0.059020918,0.29248046875,0.37457496,0.12130987,8.841715522862417
125.824,0.021563515,2867.924464756039,0.05750334,0.27099609375,0.5783283,0.15860046,8.864576712251672
125.856,0.017233921,2735.270299362501,0.06494102,0.2197265625,0.54300094,0.22932975,8.864103989950221
125.888,0.013813054,2218.953446625371,0.04240908,0.17919921875,0.809788,0.45868513,8.831027931186831
125.92,0.012684186,1660.1988141406284,0.01228663,0.13427734375,0.6564616,0.75056523,8.757549829413778
125.952,0.04608241,1178.1457073298118,0.0017201296,0.0849609375,0.616647,0.7701933,8.644172296922513
125.984,0.0896603,1635.1046063947877,0.0027641724,0.07373046875,0.13763948,0.7636581,8.509192000187557
126.016,0.09029777,2035.7890901156188,0.0047436184,0.0654296875,3.7108932,0.84713274,8.356822355170612
126.048,0.08040461,2086.1074829325057,0.0049599335,0.06982421875,6.5589266,0.8748895,8.160545988529071
126.08,0.07444258,2048.068465192888,0.004555799,0.078125,2.677938,0.7998937,7.9326107714651695
126.112,0.068391524,2034.079633576393,0.0040733204,0.07373046875,0.8740352,0.67816657,7.673625065669885
126.144,0.06761953,1969.7109803236556,0.0038439578,0.0673828125,0.8376597,0.7861415,7.385011627075239
126.176,0.061565675,1958.5195504444728,0.0040296353,0.05810546875,0.67690396,0.8684747,7.073102164888947
126.208,0.05097806,2038.9483410063576,0.0046391487,0.0478515625,0.65227616,0.86823237,6.733707450041048
126.24,0.061803445,2617.517428759299,0.018747874,0.064453125,0.80848575,0.91715646,6.423898066060439
126.272,0.07266414,3316.181555965907,0.07727597,0.0673828125,0.4080147,0.75669116,6.126232380584125
126.304,0.0714403,3273.67689302835,0.05509335,0.06787109375,5.0407343,0.75760895,5.836850031403437
126.336,0.069341645,2666.846599731757,0.014323348,0.06787109375,5.9122176,0.8403798,5.542306109550063
126.368,0.06530599,2181.357291186605,0.005803427,0.0498046875,0.601637,0.9233728,5.2607928965635224
126.4,0.06124035,2137.3872794147173,0.008111388,0.0498046875,0.19519803,0.8290097,5.005428979792013
126.432,0.06583812,2754.7406051908565,0.054004196,0.0576171875,0.3364293,0.19513473,4.79285452477842
126.464,0.06453829,2573.0797331285858,0.04361238,0.07421875,1.4365344,0.010972736,4.626367848558908
126.496,0.042096063,2038.9769444458666,0.02026208,0.0849609375,6.648385,0.034233235,4.505119357287448
126.528,0.027266923,1949.7944570621244,0.016770743,0.0908203125,1.0091568,0.064159095,4.428266183791034
126.56,0.02404254,1854.511619068232,0.010114746,0.08984375,0.67654735,0.054609507,4.401693580420773
126.592,0.022415956,1705.4674133106264,0.0069763204,0.08203125,0.46713597,0.06580276,4.419029782868889
126.624,0.021860933,1700.9003090606138,0.004500338,0.080078125,0.41106468,0.042069573,4.4691449291977055
126.656,0.02170266,1691.5597653706077,0.0028816827,0.07568359375,0.3737164,0.034366306,4.548297260089858
126.688,0.02926727,2811.5697002458146,0.04465903,0.08837890625,0.38712823,0.029011244,4.656602883785229
126.72,0.05016167,3115.538434044549,0.071084484,0.10205078125,0.45109165,0.007921147,4.793161895807503
126.752,0.0575541,2944.4761522358167,0.031366985,0.1015625,8.4556055,0.0034098562,4.97016919116246
126.784,0.056162648,2504.4711126585817,0.007112371,0.10009765625,5.927065,0.0035064614,5.183176824778299
126.816,0.056948848,2110.2067187647044,0.002592456,0.0859375,0.7255685,0.002509465,5.442277640514002
126.848,0.056226995,2887.979465778554,0.02142763,0.09912109375,0.13303018,0.0019135806,5.721467287771098
126.88,0.061145842,3277.707294226502,0.07801205,0.10498046875,0.33846396,0.0011375071,6.004626305345444
126.912,0.05884404,3037.164006960728,0.041316327,0.1171875,5.793972,0.0009554369,6.2780692918904375
126.944,0.056348488,2515.303298635543,0.010241363,0.11865234375,5.7991967,0.001484368,6.532018833990506
126.976,0.054541662,2188.6216521339825,0.00487589,0.0966796875,0.6434021,0.0019163043,6.772621185927964
127.008,0.050786976,2061.627600013898,0.0044507645,0.091796875,0.39351565,0.0024424368,7.008277277755556
127.04,0.051525958,1958.8798805047468,0.003242998,0.0830078125,0.6876952,0.0036154035,7.217194754496112
127.072,0.055448405,1852.5332123015864,0.0018396756,0.0830078125,1.1956186,0.0035198834,7.420410595897494
127.104,0.06412587,1829.1770475163926,0.0009601851,0.08056640625,1.3267272,0.0024942153,7.622399614028714
127.136,0.06703521,1812.6873525143446,0.0006044799,0.08154296875,1.133109,0.0017870647,7.8210706043970575
127.168,0.070227064,1779.365944713837,0.00044021028,0.08203125,1.0150157,0.0014755215,8.030841044325259
127.2,0.084359676,1651.313064141583,0.00023594878,0.08203125,0.78269553,0.00096827035,8.232491454803291
127.232,0.09306748,1527.645303947265,0.00013855586,0.08251953125,0.8225255,0.0006196171,8.437800578719083
127.264,0.092905395,1632.1945367065923,0.00016166687,0.0830078125,0.62793756,0.00065878197,8.601126667202545
127.296,0.090447724,1698.2981083284913,0.00018097968,0.0830078125,0.63877606,0.00064287113,8.705358917865624
127.328,0.08355748,1804.6250814063621,0.00018796157,0.08349609375,1.0554827,0.0008028478,8.751328991346599
127.36,0.08106539,1855.1775071725856,0.00018328508,0.08349609375,0.9526597,0.0013351378,8.764047505217514
127.392,0.08645452,1842.0361937555308,0.00019271525,0.0830078125,1.0257652,0.0011879314,8.759443479056138
127.424,0.098351955,2437.300614943125,0.0045992215,0.0888671875,0.96306133,0.0006749341,8.71865076953512
127.456,0.09819944,2862.5053431130873,0.026375843,0.08984375,0.88566715,0.0017567364,8.62668690529475
127.488,0.09386937,2764.033159310124,0.01756161,0.08984375,10.00601,0.008768627,8.497892047824884
127.52,0.09009006,2363.8578801498215,0.0034910939,0.0908203125,6.902326,0.008830718,8.34988241282251
127.552,0.09357766,2079.5264397841856,0.0012053899,0.08740234375,0.6066735,0.0031065084,8.160665649633108
127.584,0.097880095,2436.2154992493643,0.0052238065,0.0908203125,0.11711328,0.002149143,7.9386656494209475
127.616,0.097681984,2786.239559114162,0.016440125,0.0908203125,0.08559839,0.001742444,7.689840615777934
127.648,0.09742027,2574.5929251399084,0.0071015595,0.09130859375,4.277988,0.0009567305,7.404303958689837
127.68,0.08478418,2397.2080337673765,0.0020203567,0.08837890625,3.933836,0.0004891864,7.098289646953809
127.712,0.07635323,2245.5146164404678,0.0022925613,0.08740234375,0.39935946,0.000642541,6.7646684693875185
127.744,0.0788426,2045.88476057133,0.0033693998,0.10400390625,0.25339884,0.00059126434,6.456007199417426
127.776,0.07902428,1886.7687335549247,0.0033286752,0.11572265625,1.3106023,0.0005315961,6.187311655048479
127.808,0.07203571,1889.9396034783015,0.0021110328,0.12451171875,3.6112165,0.00064034393,5.958681628304705
127.84,0.06750019,1827.7305532368523,0.0019178482,0.13525390625,2.3599384,0.0006806886,5.74701162243507
127.872,0.070205525,2466.699428419669,0.015797386,0.13720703125,0.9186227,0.0007808937,5.536921129771857
127.904,0.07615589,2821.2568177351695,0.039614204,0.14208984375,0.68722296,0.0006743754,5.3439493532097355
127.936,0.069945194,2712.2402218004245,0.019422585,0.150390625,6.6534953,0.0017354733,5.160930987999317
127.968,0.060532477,2234.0342762502605,0.00470501,0.15185546875,4.289451,0.0026920547,4.967304118002499
128.0,0.054105245,2115.226940208102,0.0026599935,0.1591796875,0.63993824,0.002221799,4.759261169220283
128.032,0.055087984,2797.8005226015052,0.05377991,0.154296875,0.19390398,0.0011809438,4.544842907315694
128.064,0.07513591,2781.4842094100436,0.061301492,0.14794921875,0.30706823,0.0012739676,4.314500223173416
128.096,0.09146845,2356.0395346221417,0.01166061,0.1435546875,9.368296,0.0012411887,4.066979533530775
128.128,0.08956925,2111.152559395634,0.002604678,0.1279296875,3.951453,0.00070015196,3.813561196033611
128.16,0.090256244,1979.074896700143,0.0013768176,0.12451171875,0.5070726,0.0005881183,3.5622385945387265
128.192,0.09174701,1879.6530745625025,0.0011604948,0.1240234375,0.24158937,0.0006934998,3.3207062502356672
128.224,0.091322206,1794.1434684257133,0.0007626564,0.12353515625,0.3400016,0.00045552675,3.0780504597173977
128.256,0.09226634,1748.9641070194375,0.0005132128,0.12353515625,0.72187907,0.0004251705,2.840138809286495
128.288,0.08988975,1774.9984650162169,0.00050388835,0.12353515625,0.5913793,0.00058962835,2.614676739368619
128.32,0.08391886,1777.6579819571025,0.0004437816,0.1240234375,0.2216544,0.0006904668,2.418062300931079
128.352,0.085951775,1756.9059479802506,0.00037898784,0.1240234375,0.6260985,0.000734093,2.241564333659343
128.384,0.087565914,1748.3560237762533,0.00030857985,0.12451171875,0.67586917,0.0006760222,2.080740265271762
128.416,0.08628198,1747.609787311598,0.00026867262,0.1240234375,0.7157866,0.00062093715,1.9261707682847566
128.448,0.08333889,1799.9649604745343,0.00029216064,0.1240234375,0.4400199,0.0006368367,1.7887941395959077
128.48,0.08019109,1819.8345691812121,0.00032508385,0.12451171875,0.48678595,0.000701329,1.6702636144431613
128.512,0.08065622,1800.8906740503521,0.0002937557,0.1240234375,0.8697742,0.0008964444,1.5670494675734332
128.544,0.07674678,1853.4433663786538,0.00033657966,0.12451171875,0.912641,0.0009525478,1.478644905793305
128.576,0.07846884,1878.5876538068928,0.00045535387,0.1240234375,1.0699266,0.0008720993,1.4181793339445368
128.608,0.084667675,2198.3930233235214,0.0047580986,0.13037109375,0.8598279,0.0007725895,1.3736582420686583
128.64,0.079806864,2789.052484470367,0.041043766,0.1298828125,1.4602187,0.0008317731,1.335223657885799
128.672,0.07535698,2820.938289103591,0.039196588,0.13037109375,7.6462398,0.0015899735,1.314806446915632
128.704,0.07897985,2444.301504238948,0.0060804742,0.13037109375,7.380247,0.0019157146,1.3131996420334864
128.736,0.08345743,2038.4830027909154,0.00242732,0.12353515625,0.6399421,0.0012947099,1.314568723358053
128.768,0.081220426,2228.883293832587,0.0058633657,0.12548828125,0.30076697,0.0008496886,1.3161216594536536
128.8,0.07742143,3007.332297313398,0.041699916,0.125,0.30397448,0.0013753002,1.3127726480003812
128.832,0.07984301,2800.9834351567583,0.026444916,0.1259765625,2.815881,0.0019227117,1.297897623554329
128.864,0.07506986,2175.6543606578407,0.0045146635,0.12646484375,6.236412,0.0014526299,1.2683144415726912
128.896,0.07079969,1932.1236648552083,0.0023359607,0.125,0.538196,0.0007696017,1.24954195942927
128.928,0.078061745,1775.1687387308189,0.0012689978,0.1240234375,0.40050876,0.0005436492,1.2349130789233034
128.96,0.07487403,1731.8957625535363,0.0007588268,0.123046875,0.2631949,0.00061349844,1.2282987582334377
128.992,0.07023381,1695.289844375321,0.0006857915,0.123046875,0.9049314,0.0006325743,1.2427763307261224
129.024,0.071841486,1721.579614743318,0.0006052354,0.12353515625,0.6398256,0.00071940204,1.2715644529868562
129.056,0.07032153,2436.6260542389455,0.008294165,0.1279296875,0.5321397,0.00066373684,1.301799394125854
129.088,0.07359654,2989.6352673814235,0.050389882,0.12890625,1.1283885,0.0004094692,1.3330990247891308
129.12,0.06683299,2922.3253806600214,0.035864804,0.1279296875,7.174204,0.0007381469,1.3841851845623871
129.152,0.056410756,2301.756834401989,0.006774136,0.1279296875,6.955714,0.0013457829,1.4706963920074765
129.184,0.06679918,1813.5835976413055,0.0022080531,0.12353515625,0.56214166,0.0008037451,1.5952452369127341
129.216,0.07397579,2364.1525215153506,0.009432135,0.13232421875,0.1851042,0.00060692744,1.7829911938479082
129.248,0.064351484,2964.654877685607,0.056184404,0.1337890625,0.77230334,0.0018770325,2.0232509620423587
129.28,0.064762,2816.230956501712,0.02991648,0.13330078125,4.9702153,0.0021283089,2.3427899541355695
129.312,0.05931785,2467.5576527828816,0.008413766,0.13330078125,5.1833835,0.0028241281,2.7482087724952344
129.344,0.050251063,2230.5496861092183,0.005329316,0.12451171875,0.46510318,0.0025320281,3.228849337042573
129.376,0.051246073,1994.3530040669839,0.0029410997,0.11767578125,0.26273656,0.0021243873,3.7356255129954485
129.408,0.04467154,1869.0963710186143,0.0022879434,0.11572265625,0.28240523,0.0032513354,4.2573431077198185
129.44,0.027091792,1791.768984260535,0.004277203,0.11962890625,0.5736115,0.0074087307,4.7739080173640085
129.472,0.017007234,1745.9017058273403,0.0046471423,0.123046875,0.6950092,0.014105164,5.27544403184936
129.504,0.011077441,1923.013311287903,0.010739499,0.13623046875,0.6476456,0.05323067,5.780363946855974
129.536,0.014909839,2043.0528268113178,0.018675378,0.142578125,0.17116725,0.048158072,6.276169548257518
129.568,0.03819709,1859.3388268476028,0.0046177777,0.14599609375,0.9998927,0.0042150873,6.848927829861594
129.6,0.046668068,1785.6167681406669,0.0020744263,0.14111328125,4.5857644,0.0011241535,7.469251008036684
129.632,0.027168784,1714.642706003916,0.0027069207,0.1337890625,2.9038942,0.0028802084,8.104181924497192
129.664,0.010794558,1770.544309377429,0.0079012,0.1328125,0.6597128,0.02788195,8.752738664875123
129.696,0.008291068,1747.4667922083522,0.0071941805,0.1298828125,0.2112171,0.07908198,9.40437581033288
129.728,0.006513163,1627.6713938213402,0.0062302905,0.1298828125,0.519416,0.12889893,10.078129992982193
129.76,0.0058204248,1574.1546258967808,0.005832036,0.12548828125,0.36809805,0.15023945,10.733821221456179
129.792,0.005255827,1493.8486185188567,0.0056319307,0.119140625,0.40326655,0.18108438,11.366687796005152
129.824,0.014807487,3669.0522851273777,0.19285059,0.1865234375,0.52979916,0.038781937,11.994399145877534
129.856,0.037355512,3819.1294603470747,0.1975199,0.24755859375,0.4530046,0.0080356505,12.651276384157784
129.888,0.02862546,3727.9432573419094,0.23077054,0.294921875,15.593269,0.0140605355,13.321634308220931
129.92,0.013719631,3298.8202651842657,0.20632273,0.32568359375,7.926678,0.04054017,14.012290594608075
129.952,0.0091757085,2875.2218746315134,0.13761337,0.29248046875,0.88408375,0.1137773,14.727864384223425
129.984,0.015457833,3383.955755613988,0.24517143,0.29150390625,0.21068388,0.042305816,15.45593141791209
130.016,0.02551843,3521.529980085007,0.2439826,0.29736328125,0.18010211,0.015061003,16.19548596905978
130.048,0.016099278,3359.719110277031,0.21050167,0.30908203125,4.461389,0.07083814,16.83762166257031
130.08,0.008990551,2899.6444138957822,0.11581132,0.29052734375,3.800783,0.20939353,17.401018091458603
130.112,0.0066903,2478.5404731635163,0.070455156,0.251953125,0.36569908,0.26343212,17.84262751948987
130.144,0.0054515004,2294.4088451410144,0.0506309,0.22119140625,0.17389949,0.3399631,18.17188058991345
130.176,0.004433411,2209.6105764505255,0.0447678,0.1796875,0.31939247,0.376901,18.368022271619836
130.208,0.0041599954,1999.001830916939,0.028795822,0.1689453125,0.30205882,0.545405,18.42977145520293
130.24,0.003890152,1959.8942842131733,0.028546967,0.17431640625,0.26043874,0.63623303,18.384418888299678
130.272,0.021270636,3976.183310858096,0.29334313,0.2333984375,0.31909925,0.011646305,18.2106915862701
130.304,0.038306788,3968.248413569149,0.2684464,0.29736328125,0.51798487,0.0059339567,17.905299157787397
130.336,0.0236928,3716.844033556234,0.22654632,0.33984375,16.728199,0.019346876,17.484407456905455
130.368,0.013706343,3291.6151113349492,0.16568999,0.36962890625,5.0404234,0.047702216,17.02333601287111
130.4,0.01244453,3233.7269277494406,0.16581194,0.3427734375,0.33386683,0.08535325,16.547587794546523
130.432,0.030095667,3599.8809135487277,0.2113812,0.3486328125,0.31395578,0.012733118,16.05435034562757
130.464,0.04501508,3636.6180080407185,0.19881333,0.3603515625,0.9333333,0.0056445734,15.545570778052216
130.496,0.029124279,3532.125482649337,0.17709216,0.36083984375,6.101831,0.021828517,15.023949262289229
130.528,0.020896828,3401.2861566276315,0.14915645,0.3564453125,3.184759,0.043767914,14.511945881279413
130.56,0.019944841,3282.7385017160454,0.1189476,0.33154296875,0.33202934,0.048021883,13.939901190239452
130.592,0.018625315,3277.605296056029,0.11336055,0.3134765625,0.42903295,0.04427519,13.369839350143813
130.624,0.015688118,3150.8548665299904,0.11350126,0.2880859375,0.62562317,0.07696555,12.748517506183363
130.656,0.011340955,2846.8469680145267,0.10396331,0.2646484375,0.4412525,0.16531189,12.107406707312931
130.688,0.007819735,2397.789569563939,0.0663285,0.224609375,0.58118963,0.2845103,11.43869931766419
130.72,0.007427134,2042.611409125244,0.03285367,0.16748046875,0.4995536,0.64065987,10.749681096812074
130.752,0.029692465,1228.269395053097,0.0023192277,0.115234375,0.18399951,0.95612717,10.112218415636042
130.784,0.0652248,1336.0211815688772,0.002130566,0.0859375,0.39990786,0.93840677,9.570753305930719
130.816,0.06413181,1896.4890995401556,0.0067454474,0.07373046875,2.2788966,0.8718616,9.136131186512088
130.848,0.05262517,2130.089220198962,0.012873055,0.06494140625,5.975151,0.774517,8.75997760716768
130.88,0.05439322,2110.2823939407986,0.009275125,0.07275390625,4.379688,0.7692513,8.40473006168346
130.912,0.058565605,1945.483762710625,0.00545736,0.0625,2.199712,0.64405257,8.068210059938957
130.944,0.058330752,1932.2466867940902,0.004275107,0.0537109375,0.9953135,0.4213278,7.747687140511636
130.976,0.05460291,1872.4350256439125,0.0041151308,0.05322265625,0.97597486,0.6667232,7.421130648509022
131.008,0.046569396,1885.0991061050381,0.0037868768,0.04736328125,0.7427961,0.84855115,7.09022317345753
131.04,0.049010616,2016.6647388413658,0.006070627,0.0546875,0.7254202,0.8642589,6.807027798221227
131.072,0.062212266,3277.0393247249917,0.06518861,0.06884765625,0.6291763,0.674648,6.646507337641742
131.104,0.06166199,3382.2148805448987,0.094519906,0.076171875,1.9805422,0.60859734,6.6660295923395765
131.136,0.050135337,2999.377346181035,0.03778159,0.07861328125,8.195865,0.82572585,6.83698284551698
131.168,0.04935881,2461.995492544923,0.009992361,0.06689453125,2.2779942,0.91566366,7.150549535253632
131.2,0.0525537,1837.8507672486705,0.0034913183,0.05859375,0.16424626,0.7142826,7.579466228356141
131.232,0.053311087,2754.730680128021,0.030076392,0.0625,0.03755892,0.17162208,8.095021110807298
131.264,0.053439282,2889.1273910806276,0.05480538,0.06689453125,0.66594774,0.016979398,8.648310381523121
131.296,0.043358315,2408.0383214259377,0.030465784,0.07958984375,6.248576,0.010775989,9.211970235562967
131.328,0.030734835,1973.3901209344347,0.018299183,0.08740234375,2.91625,0.036745146,9.776303572874111
131.36,0.02176893,1871.956749371414,0.014441871,0.0908203125,0.88145137,0.047057796,10.367349790305468
131.392,0.017910931,1820.9272477833194,0.012081336,0.0947265625,0.4412321,0.028377807,10.99430244352484
131.424,0.01751115,1668.8229343396517,0.0064312816,0.09130859375,0.5316559,0.06571824,11.651560275968487
131.456,0.018448856,1620.5275353288566,0.0041969717,0.0849609375,0.6892383,0.05214594,12.356747264516246
131.488,0.020987341,2481.0056039656156,0.022114182,0.10009765625,0.60670125,0.015542125,13.095592385731125
131.52,0.03171585,3364.05251951166,0.105043195,0.12109375,0.5863062,0.007601635,13.875340363081852
131.552,0.033437066,3352.103795904707,0.100183114,0.1259765625,4.3975325,0.013308261,14.598188416434272
131.584,0.02963931,2937.2581109675425,0.032351997,0.12646484375,7.6514106,0.01838296,15.24468787154439
131.616,0.02921352,2517.92784448352,0.012210915,0.10791015625,1.409172,0.01698847,15.772454114111518
131.648,0.030372445,3146.703200355149,0.053632267,0.107421875,0.3568092,0.008002879,16.195947283381283
131.68,0.04426134,3427.2844544689515,0.13878728,0.10595703125,0.2398571,0.0030790314,16.502735521526873
131.712,0.05806128,3052.1132766973706,0.052880567,0.103515625,4.4774623,0.0014167696,16.679221092999647
131.744,0.06537681,2361.3017832913993,0.008518432,0.09716796875,6.4492946,0.0012025364,16.745043766152843
131.776,0.06667837,2013.5121583755094,0.0026515275,0.0712890625,0.976109,0.0009563605,16.691131080851143
131.808,0.06893861,1818.3820839662962,0.0012905317,0.06640625,0.37577608,0.00076157926,16.55665789077048
131.84,0.06987371,1719.6208623221237,0.00086018903,0.0654296875,0.1883439,0.0010342097,16.339820237283025
131.872,0.0694311,1617.3769829259486,0.00059520843,0.06494140625,0.22989146,0.0012733879,16.05536084889063
131.904,0.07072516,1538.1583733112832,0.0003396551,0.0654296875,0.3307311,0.00091959233,15.732915976356312
131.936,0.07318234,1499.593257985378,0.00022575173,0.06494140625,0.5213197,0.00088201463,15.39082599610239
131.968,0.07412599,1512.0965969730985,0.00022865803,0.064453125,0.3384093,0.0006357504,15.060354382691978
132.0,0.074081756,1458.9981940345638,0.0003457171,0.06396484375,0.35383284,0.00067722733,14.715462230352705
132.032,0.074140236,1420.6343953766818,0.0002723409,0.06298828125,1.1611907,0.00065427093,14.353796831243343
132.064,0.07389021,1404.0680308962887,0.0002679085,0.0634765625,2.2371194,0.0005839039,13.924500865514997
132.096,0.07009494,1454.7019421352343,0.00035768226,0.064453125,1.2972071,0.00042207178,13.484700515011607
132.128,0.06772464,1548.7076684898097,0.00029611646,0.064453125,0.74802154,0.000471945,13.03397921350855
132.16,0.07492548,1471.7873470911836,0.00033242503,0.064453125,1.6028345,0.0004385163,12.597226446509216
132.192,0.07497341,1503.481802756315,0.00030943478,0.06298828125,1.0601549,0.0003836062,12.174310376644547
132.224,0.06889925,1834.8202699116132,0.0009122923,0.07080078125,1.9104863,0.00036086462,11.74793355092557
132.256,0.074576885,3055.815817029789,0.026091604,0.0771484375,1.9653888,0.0003096268,11.34082538777394
132.288,0.07448165,3232.3100243297304,0.0464496,0.0791015625,3.5150766,0.0004860385,10.93778581566525
132.32,0.06549605,2853.0077522173287,0.016645726,0.080078125,11.2119665,0.00091746013,10.550171614549228
132.352,0.061207373,2454.460257826341,0.0053167907,0.0712890625,2.6978486,0.0009927113,10.156137881995136
132.384,0.05985251,2123.1288412953463,0.0029906393,0.068359375,0.31419536,0.0008032877,9.731262289379389
132.416,0.062626705,2779.0129883680265,0.022338249,0.0703125,0.21782228,0.0009583515,9.27098706911075
132.448,0.06619803,2963.4222274160716,0.031965222,0.06982421875,0.21951425,0.0009951113,8.765473723001119
132.48,0.069981694,2521.933531833636,0.0075814794,0.06884765625,6.2209897,0.00068877585,8.260910268777792
132.512,0.07602037,1772.4095156639985,0.0023855711,0.0634765625,2.1298363,0.0004226015,7.754941378316962
132.544,0.07879503,1485.4425265761472,0.0013298802,0.05810546875,0.2864892,0.0003919997,7.310715408722431
132.576,0.086402364,1466.7304564820531,0.0006018385,0.05615234375,0.75308174,0.00034741836,6.92754345043711
132.608,0.086541526,1455.7993894865149,0.00040562628,0.0556640625,1.052915,0.00036293498,6.598461370781422
132.64,0.07800228,1493.5289623793255,0.00031018414,0.0556640625,0.6655956,0.00046136542,6.302294428900904
132.672,0.06986484,1757.5528304486145,0.0010223378,0.0615234375,0.5474298,0.0003959722,6.041352620346237
132.704,0.06932196,2925.8538387848494,0.0177992,0.0634765625,0.59114593,0.0007118806,5.826972126866028
132.736,0.069959044,2997.95318571806,0.023292905,0.06298828125,2.4074366,0.0009918674,5.6589123736044495
132.768,0.072640724,2414.1460191620354,0.0057360134,0.06298828125,8.836398,0.0011214709,5.508318844092365
132.8,0.07349813,1921.188781354449,0.0016764669,0.05712890625,1.928133,0.0008629892,5.343180354756885
132.832,0.07271702,1940.9270402251377,0.0017564031,0.06201171875,0.30255717,0.00037699976,5.169513584422703
132.864,0.07299383,3031.6976583590113,0.027189294,0.06640625,0.16445376,0.000566825,4.986066809054625
132.896,0.07777611,2896.8647411283982,0.031805895,0.06591796875,0.8555379,0.00060794485,4.787795773364957
132.928,0.082369626,2228.7404462907452,0.0074737575,0.0634765625,8.219263,0.00041301563,4.58478551596016
132.96,0.080653474,1883.3209990617984,0.0024772726,0.05517578125,2.2892358,0.00040476694,4.361051131296298
132.992,0.08538732,1538.654671458391,0.0009418841,0.0498046875,0.6759918,0.00036331036,4.148249202322339
133.024,0.08731629,1449.4088931593465,0.00050759537,0.048828125,0.553623,0.00047848935,3.9395055317170495
133.056,0.08601768,1374.3931064802691,0.00033021564,0.0498046875,0.22571367,0.0003938153,3.7186806106368193
133.088,0.09032162,1285.2087114550193,0.00021344407,0.04931640625,0.5531139,0.00034879986,3.5102188107621766
133.12,0.09625933,1227.4816536222988,0.00014569159,0.04931640625,0.37490028,0.00038260428,3.31626539052866
133.152,0.101167984,1152.8090308781207,8.634149e-05,0.0498046875,0.59313226,0.00036975893,3.1432318025279606
133.184,0.09494997,1144.862485198732,6.177415e-05,0.0498046875,0.703173,0.00031580302,2.981881647192767
133.216,0.0889896,1204.4620274213344,0.00010020495,0.05029296875,0.48135176,0.00025911062,2.8231302378358487
133.248,0.083013386,1266.5164895908613,0.0002487383,0.05224609375,0.46595648,0.00017833353,2.671193941254158
133.28,0.073863804,1277.6999353394804,0.00043293272,0.05419921875,1.847858,0.00019292148,2.5278585996047247
133.312,0.0647497,1348.1023090491499,0.0005562668,0.05712890625,3.566548,0.00035643825,2.3674796509128795
133.344,0.05789874,1526.7537289588054,0.0005110821,0.0595703125,2.730108,0.0005006095,2.202594893990589
133.376,0.060392898,1543.5165018034913,0.00027781966,0.06103515625,1.8923895,0.0006406654,2.0604559059106027
133.408,0.05915885,1499.8822812325566,0.00025235317,0.06201171875,1.6241213,0.00079034537,1.9236889455487758
133.44,0.05876956,1781.5487249059831,0.001167213,0.06689453125,1.1177359,0.00067758886,1.8321390999029101
133.472,0.06430111,2859.2932145381324,0.027748452,0.0712890625,1.2667631,0.00068473705,1.7593997642063133
133.504,0.063137986,3075.804558897712,0.04793833,0.07421875,4.05939,0.0008242987,1.7106070255431374
133.536,0.054626882,2977.016578873876,0.022242324,0.0751953125,11.428382,0.0008379183,1.6899155465799796
133.568,0.05076144,2621.337116474537,0.008732711,0.07177734375,2.5895762,0.0013321368,1.6370668285763594
133.6,0.054553382,2262.6720733592233,0.0040016095,0.07177734375,0.15460104,0.0007624158,1.5773676076093743
133.632,0.06391795,2822.0147570423374,0.012834154,0.0712890625,0.24176754,0.00058042054,1.5086301958467296
133.664,0.06272391,3103.5148316950635,0.026605405,0.0712890625,0.33904088,0.00063744944,1.4250010850981616
133.696,0.054628503,2806.426863648114,0.012905474,0.06982421875,4.48493,0.00081940036,1.3281626417500312
133.728,0.053479016,2209.2272928788334,0.0038860654,0.06591796875,2.7540781,0.001137693,1.2282244014872719
133.76,0.057314817,1978.159443654111,0.0018000802,0.0634765625,0.28190166,0.0007988919,1.1366882787304837
133.792,0.057616718,1828.472645105779,0.0012012565,0.06201171875,0.3211599,0.000772271,1.0758656346917683
133.824,0.05829074,1713.2610513277805,0.00092184165,0.0615234375,0.56376255,0.0010266526,1.074881172094079
133.856,0.057794143,1629.8959271849249,0.0004711595,0.06103515625,0.46931186,0.00054840074,1.0850491152637787
133.888,0.059032183,1644.2841345646516,0.00038336706,0.06591796875,1.3947595,0.00040942014,1.1035304807392172
133.92,0.06028808,2886.2950183395615,0.021451678,0.080078125,0.6936569,0.00053915934,1.0916753684287615
133.952,0.057479177,3238.503092560053,0.05658832,0.08056640625,0.49469867,0.0007012679,1.057033351515808
133.984,0.05766621,2773.485901954658,0.017146884,0.08056640625,12.968682,0.001368429,1.0107993355489493
134.016,0.06390642,2165.717107703229,0.0032629925,0.0751953125,3.7387536,0.0017557422,0.9291940156206502
134.048,0.060882717,1993.8476114577302,0.002457067,0.0751953125,0.44331136,0.0010266585,0.883700204396063
134.08,0.06431701,2666.165602102813,0.03353951,0.0908203125,0.27143067,0.00093390915,0.861148731481164
134.112,0.062319737,2883.473137652125,0.053521086,0.09228515625,0.44510055,0.0017062596,0.864693677964237
134.144,0.05260977,2692.5642147723224,0.018816022,0.09228515625,9.375066,0.0029706378,0.8848821368324057
134.176,0.060397517,2119.6565537292745,0.0036759095,0.078125,2.0026653,0.0011194621,0.918662334343658
134.208,0.061734095,1932.837251811171,0.0017312176,0.06201171875,0.12896349,0.0006795943,0.9737924426678519
134.24,0.055941984,1857.407561859561,0.0014000433,0.06103515625,0.2946278,0.0010827216,1.030477427706406
134.272,0.052980423,1767.231976606879,0.001074723,0.0615234375,0.16735522,0.0007839073,1.0677324503751013
134.304,0.04925287,1805.129020175616,0.0009981503,0.06201171875,0.42373502,0.0011654339,1.0608254585324504
134.336,0.05271694,1762.0865075675704,0.0008353135,0.0615234375,0.74560475,0.0012980959,1.058105424140599
134.368,0.05685862,1534.7718974274,0.00078510155,0.06005859375,0.72699493,0.000982526,1.0578957309310555
134.4,0.06481907,1393.4130858053204,0.0006644407,0.05810546875,1.0153371,0.00063231395,1.0679172494026872
134.432,0.07715575,1303.715040000343,0.00028313973,0.05615234375,1.7691033,0.00032222824,1.1392097686726979
134.464,0.07896459,1294.1220234444313,0.00015569602,0.0556640625,1.9181129,0.00039907792,1.236999545049925
134.496,0.07579221,1345.848440255751,0.00013636367,0.05517578125,1.339058,0.00032192795,1.4017723140271392
134.528,0.073116004,1406.8470838818214,0.00012040117,0.05517578125,0.5564029,0.0002476676,1.5974293962016892
134.56,0.07345832,1395.8845330999357,0.00011130368,0.05517578125,0.60553604,0.00025227803,1.8560541417889302
134.592,0.07477741,1350.2115355372853,9.143819e-05,0.0546875,0.39420053,0.00021771427,2.1749768994447978
134.624,0.07281615,1410.3127628650643,0.00012923448,0.0546875,0.67679536,0.00025122246,2.5668803796864035
134.656,0.069737636,2715.49827700861,0.007831091,0.0693359375,0.8440758,0.00034214303,3.018585893919213
134.688,0.06910794,3322.564774892294,0.045393225,0.0771484375,1.5168583,0.0006506923,3.5179074812052145
134.72,0.0628525,3234.1517712971954,0.033319134,0.07763671875,12.050618,0.00053111056,4.067993321430392
134.752,0.05510883,2783.4768867900584,0.011316389,0.07763671875,7.1415305,0.00056556734,4.663111107035917
134.784,0.049014308,2307.2431649594673,0.004649296,0.06396484375,0.45139307,0.00082009565,5.287050723762586
134.816,0.04696565,2378.367765046455,0.006769495,0.06103515625,0.09501648,0.0011184941,5.917322998282338
134.848,0.053243466,2905.134123555037,0.03275152,0.06103515625,0.16012937,0.00079542527,6.5530796191196625
134.88,0.05337024,2910.648918445495,0.023975218,0.06201171875,1.3083061,0.000529544,7.170982304279042
134.912,0.045819398,2470.2840026563513,0.0069612837,0.06103515625,5.8488097,0.00069233944,7.715995890429275
134.944,0.041634254,2062.463483452671,0.002778125,0.05615234375,0.42691737,0.0007114916,8.222439996957908
134.976,0.04735892,1680.662073376223,0.0010368482,0.0556640625,0.23370025,0.00048709754,8.674777307946608
135.008,0.05088612,1403.5407687622887,0.0005143856,0.05517578125,0.26009238,0.0004128699,9.08178801995102
135.04,0.040541694,1276.6135764789756,0.00048450433,0.05615234375,0.273372,0.0008886474,9.415781169030845
135.072,0.018519564,1397.305766439595,0.0013027133,0.07666015625,0.30208385,0.00811826,9.671362391977665
135.104,0.013470992,3017.981960510169,0.15009658,0.1435546875,0.45772913,0.05879178,9.849791058861898
135.136,0.030303176,3288.684584713066,0.21585113,0.21142578125,0.47035676,0.0120993275,9.960637060693152
135.168,0.024720628,3264.632609710171,0.19860476,0.2705078125,12.03278,0.022306304,10.013295929420735
135.2,0.013694139,3083.591173191232,0.13523738,0.31103515625,7.866555,0.08197006,10.042676956720925
135.232,0.012715991,3033.657268871746,0.10094138,0.3076171875,0.45686612,0.048736807,10.084579877563112
135.264,0.021414274,3472.439951911639,0.23755337,0.31787109375,0.22588097,0.010973452,10.139573315462702
135.296,0.036331244,3652.293446482523,0.2600883,0.328125,0.43491384,0.004444256,10.209726127053722
135.328,0.025575032,3482.9608295650514,0.24893188,0.33447265625,5.7380433,0.025717614,10.294149094631567
135.36,0.018331032,3203.7783209361673,0.16558903,0.33935546875,4.2540464,0.061876856,10.41037417631471
135.392,0.015714224,3193.358447442298,0.14763369,0.33251953125,0.90635747,0.062969856,10.534067635836596
135.424,0.013573954,3118.7574752924093,0.14101574,0.31640625,0.35850093,0.09027329,10.627935704013812
135.456,0.012298909,2838.4151449336696,0.114983365,0.27001953125,0.38545832,0.121816345,10.692390677961983
135.488,0.010111614,2315.7000225758356,0.058104504,0.22900390625,0.5533544,0.2097977,10.728431496196132
135.52,0.006716944,1902.5581402473383,0.03163945,0.16845703125,0.8264067,0.42193872,10.74132505787757
135.552,0.008467092,1596.2341750623536,0.013642011,0.11376953125,0.554378,0.69343615,10.709272423356392
135.584,0.04033426,1280.2219921785866,0.002574154,0.08935546875,0.10482043,0.5879579,10.636005678932857
135.616,0.06969998,1719.8175538389007,0.0045780335,0.0576171875,0.48498544,0.63072383,10.538211842271203
135.648,0.06766626,2072.917738876173,0.0067240014,0.05224609375,6.6651907,0.68425405,10.433362656568686
135.68,0.061416313,2114.9655974290454,0.0056902487,0.05859375,6.2657995,0.560723,10.309308979473531
135.712,0.0580649,2089.656443533268,0.005741806,0.06201171875,2.0380383,0.69494575,10.156050968360294
135.744,0.053697195,2050.4237722878624,0.004856235,0.07470703125,0.6485117,0.80772364,9.99163171269461
135.776,0.046493415,2088.8583769589177,0.0049621467,0.07421875,0.7528617,0.8223736,9.814676020479098
135.808,0.04651376,1992.2976790711555,0.003758925,0.07568359375,0.67657745,0.8035272,9.619517653538159
135.84,0.050619796,1918.2762466375807,0.0026697204,0.07421875,0.39575332,0.69211555,9.395830063650314
135.872,0.04987851,1966.82541521872,0.003672915,0.07861328125,0.5349525,0.73965025,9.191554182693148
135.904,0.050276183,3192.6543588014656,0.05547078,0.08056640625,0.7140926,0.7428467,9.021034795992085
135.936,0.05022302,3429.4898467459275,0.09924618,0.07421875,1.3633521,0.6516944,8.885898105230808
135.968,0.047136214,2948.190111059418,0.032187004,0.0703125,8.458303,0.8423346,8.78107444902523
136.0,0.047561336,2353.834431767459,0.0091379285,0.05517578125,2.6055138,0.90771574,8.700408986861097
136.032,0.047247663,1996.9176652584163,0.0046007973,0.052734375,0.23932186,0.93323684,8.66566794953249
136.064,0.045331087,3060.7026640958866,0.039833944,0.06201171875,0.26905867,0.8767451,8.683213508894811
136.096,0.044501137,3415.263079962405,0.09712521,0.06982421875,0.32422957,0.7019447,8.746424344002964
136.128,0.04385563,2958.908795964227,0.03439997,0.06884765625,5.3512306,0.7691345,8.837573189240448
136.16,0.047104873,2294.059053916286,0.006737457,0.060546875,3.2419734,0.67867255,8.939803120368747
136.192,0.045554444,1897.1778748277588,0.0032955755,0.04736328125,0.46567154,0.81001294,9.060481267938096
136.224,0.036934767,1731.3781610427357,0.0027794708,0.0400390625,0.14233291,0.9190804,9.20578602503005
136.256,0.028210314,1699.2714485433994,0.0028346477,0.0390625,0.4384124,0.85793966,9.358733873085399
136.288,0.039734047,1451.6488627244175,0.0010761978,0.0380859375,0.5277371,0.79473346,9.510967648854002
136.32,0.043929942,1424.978710531885,0.0007487682,0.04541015625,0.42807186,0.6167347,9.658165025467778
136.352,0.045690887,3088.447072103784,0.053349406,0.07568359375,0.88097787,0.5962794,9.785352488146389
136.384,0.04915711,3354.2547408080804,0.116535634,0.08447265625,0.7352972,0.4657117,9.924439207020612
136.416,0.037411444,3192.2300015988967,0.05892544,0.08740234375,12.79366,0.7179797,10.051758063012292
136.448,0.038364183,2572.4888139143404,0.011342171,0.07958984375,4.1395497,0.90640724,10.134375867682756
136.48,0.04401905,2133.3300734435948,0.0052626277,0.06640625,0.16479403,0.8711543,10.147840348225198
136.512,0.051707335,2951.328120067241,0.053496476,0.0751953125,0.15671213,0.37141898,10.115705663086082
136.544,0.052226882,3104.533400639769,0.07014007,0.0791015625,0.68284476,0.26717943,10.04849953937172
136.576,0.041536592,2929.7743293042386,0.029451933,0.08056640625,8.652164,0.75948894,9.950082441543117
136.608,0.038729034,2489.735577001162,0.0095624905,0.06396484375,1.6878071,0.9298953,9.820489047493856
136.64,0.038430635,2009.707373075396,0.00405038,0.04638671875,0.14427511,0.9218586,9.679257240533346
136.672,0.044413097,1661.2918705154511,0.0014381306,0.03955078125,0.13472132,0.8857124,9.540901808131409
136.704,0.047962774,1469.5527287067957,0.00078473985,0.03759765625,0.49387583,0.9337812,9.395864397010335
136.736,0.05076432,1333.895090053372,0.00045971744,0.03662109375,0.32158628,0.94680226,9.2650085753697
136.768,0.05181771,1205.846860877854,0.00034388786,0.037109375,0.4901607,0.91033953,9.150806935950493
136.8,0.056693908,1035.670302881998,0.00028516684,0.0380859375,0.38045204,0.4897964,9.071286197604644
136.832,0.061257683,861.8290268232137,0.00024322761,0.04150390625,0.57441384,0.12213325,9.026568085686165
136.864,0.06490651,793.1091036353318,0.0002425997,0.046875,1.3799475,0.024650646,8.993196068278104
136.896,0.06267049,820.6879687490361,0.00026990304,0.052734375,1.9224129,0.011463938,8.959964837503039
136.928,0.051257335,940.5205993009645,0.00041382207,0.05908203125,2.0804381,0.0077090007,8.93266126866411
136.96,0.044513315,1091.3187452394473,0.0005242535,0.06494140625,1.7094089,0.009054388,8.929630733707366
136.992,0.035258375,1270.5932940493822,0.00064337556,0.068359375,1.6534494,0.008695451,8.951603802900314
137.024,0.026560023,1364.4123658846343,0.00095412694,0.072265625,1.8432596,0.017691694,8.985761236508337
137.056,0.02474666,1416.6120321715553,0.00077790505,0.07373046875,1.5034635,0.035172652,8.998722005193912
137.088,0.024467587,1470.4029129792762,0.0006132635,0.07421875,1.4413927,0.04144698,9.00094362392662
137.12,0.02940119,2881.907009286613,0.047459472,0.11669921875,1.1412874,0.018487962,8.992875593786822
137.152,0.040622167,3269.5074787431154,0.1387533,0.13720703125,0.9015212,0.011067511,8.965285813021355
137.184,0.034322884,3176.5231331189734,0.13238148,0.14990234375,12.833026,0.036287457,8.913960237044655
137.216,0.027960442,2766.362585457189,0.045986447,0.15234375,7.067078,0.05284617,8.835241588621349
137.248,0.028630437,2383.1576314099975,0.01557455,0.111328125,0.7598114,0.018697454,8.75699990315141
137.28,0.031168453,2126.7511349115794,0.006307284,0.091796875,0.1033535,0.01213947,8.671332435694914
137.312,0.033725616,2017.0204580939712,0.0031888364,0.0791015625,0.25984585,0.0076080384,8.557910368702627
137.344,0.035777375,2023.0228215710822,0.0019488449,0.07666015625,0.4885946,0.003964949,8.413847737404343
137.376,0.036462724,1962.3420041234085,0.0011748904,0.08154296875,0.44211173,0.0031170151,8.29357226085077
137.408,0.03552127,1949.1366149113055,0.00091075146,0.08642578125,0.44044158,0.0031381303,8.225343631615921
137.44,0.035204858,1914.696364720833,0.0007038533,0.08740234375,0.38699037,0.0018304283,8.209111448987938
137.472,0.0371868,1996.2935221404045,0.0006929207,0.087890625,0.47242135,0.0013512926,8.225551089769196
137.504,0.04081996,2086.8287531610013,0.00047709633,0.08203125,0.73139554,0.0010161428,8.261214648314407
137.536,0.04341871,2322.868665094982,0.0019493776,0.09228515625,0.92227405,0.0009946271,8.336758579996728
137.568,0.046123605,3257.847527796207,0.037999224,0.10400390625,0.67772794,0.00087832176,8.43555768141461
137.6,0.04917426,3361.8050684771433,0.049142856,0.10791015625,3.7106118,0.0007573915,8.535836282762599
137.632,0.048190203,3043.9741118560114,0.0137913395,0.10888671875,10.152037,0.00075360877,8.614975420920864
137.664,0.04514524,2671.011477228829,0.005524562,0.0927734375,2.1922717,0.0014366504,8.665202307189093
137.696,0.043405853,2455.0279308666672,0.003913901,0.0869140625,0.22182,0.001715382,8.683078251643785
137.728,0.050875857,3080.267242567701,0.04416594,0.10546875,0.37086037,0.001162692,8.662756291990041
137.76,0.05496289,3192.557932371472,0.082989894,0.11865234375,0.6809777,0.0023516202,8.60600596462802
137.792,0.041808385,3002.926380381281,0.0441599,0.1220703125,8.579363,0.0071263085,8.527061044281126
137.824,0.03711471,2622.2852079315253,0.015305349,0.1171875,3.6519501,0.0065369383,8.432415563292352
137.856,0.04046331,2256.345896497102,0.005921554,0.09619140625,0.5094796,0.0035770356,8.311220067866945
137.888,0.041011617,1999.5967440468175,0.0040036147,0.08154296875,0.13238962,0.002356256,8.163176925271193
137.92,0.045460198,1690.2461582640813,0.00223496,0.07470703125,0.37313333,0.0011393958,7.983482128190215
137.952,0.049479008,1470.7740340448117,0.0015288147,0.068359375,0.7951681,0.00051343866,7.775500666857564
137.984,0.050594904,1327.7442291218485,0.0012577218,0.0625,1.2393897,0.0005565559,7.546030227814037
138.016,0.058154088,1207.250185504699,0.00086579437,0.0576171875,1.7069287,0.00045835084,7.30281256674615
138.048,0.07807566,1031.877132414328,0.00043700993,0.05322265625,1.5302027,0.00028958483,7.051857520012288
138.08,0.08659064,887.4148090920114,0.00029399619,0.04931640625,1.471907,0.00033804975,6.79845056811272
138.112,0.07747549,884.2110933907168,0.00026796266,0.04541015625,1.5060033,0.00032655316,6.54182766687009
138.144,0.06833009,1007.5478968664843,0.00024604873,0.04345703125,1.483765,0.00031626713,6.276008570486087
138.176,0.06751445,1024.3913190481273,0.00016907557,0.0419921875,1.0998976,0.0004617106,6.007574038070059
138.208,0.06554911,974.2287851752653,0.00013103349,0.0419921875,1.0057698,0.0004340764,5.732901903165039
138.24,0.06046669,956.4929399531019,0.00011902533,0.0419921875,0.68133324,0.00069713884,5.450681603756646
138.272,0.05914746,974.3430045980348,0.000105376326,0.0419921875,0.5561352,0.0006211256,5.194789699271524
138.304,0.0632437,995.0581341273592,9.6493175e-05,0.0419921875,0.6128935,0.00031614807,4.998464869883206
138.336,0.06349101,2511.9497962195273,0.010791881,0.05615234375,0.4919618,0.0007206283,4.860043031466371
138.368,0.066822596,3037.133864929119,0.051957145,0.06005859375,0.7611064,0.0020683694,4.757484890206235
138.4,0.06400426,3083.9353809121317,0.033461835,0.06005859375,13.891783,0.0018310965,4.674666333323678
138.432,0.06113206,2635.697395576756,0.0089803785,0.06005859375,6.549652,0.0012836232,4.608183505739378
138.464,0.060651418,2070.9336026478304,0.0029924784,0.0498046875,0.6903395,0.0007411175,4.566728495274076
138.496,0.061170198,2541.1064600870745,0.009846084,0.05322265625,0.12663655,0.0007153292,4.553226967546899
138.528,0.057928894,3090.8570024718574,0.035927724,0.0556640625,0.31537506,0.001396695,4.54857718710967
138.56,0.05266146,2758.7444975837648,0.021559373,0.05712890625,3.6799884,0.0014898411,4.537829467044975
138.592,0.04774829,2179.2697386615123,0.0066437325,0.0537109375,4.1330514,0.0038148046,4.530083288440346
138.624,0.04755349,1818.9997909571123,0.0025016537,0.04833984375,0.55216694,0.0031009587,4.543778280077875
138.656,0.040483743,1562.7268455042604,0.0019062521,0.0458984375,0.4252978,0.0015409965,4.56569707181864
138.688,0.036645483,1484.0606531271026,0.0013685134,0.04443359375,0.3791136,0.0018699544,4.604464241807894
138.72,0.038972847,1332.197799355764,0.00081859645,0.04443359375,0.52160835,0.0014233337,4.668821849685384
138.752,0.038934875,1449.9589323164682,0.0010913033,0.05224609375,0.41178048,0.0011412653,4.726849614874094
138.784,0.041813973,3220.303119020484,0.037836716,0.0654296875,0.48710364,0.0008826149,4.7462137619382
138.816,0.04328022,3351.3873624372554,0.06883749,0.0732421875,1.1508943,0.0018834015,4.71737724636067
138.848,0.03658572,3015.2134936056705,0.030994518,0.09130859375,10.475633,0.0028582062,4.666894571646008
138.88,0.028962113,2499.9550314494227,0.014364102,0.1171875,3.655172,0.008458847,4.629298325277862
138.912,0.015922328,2563.321297528463,0.04038181,0.1572265625,0.4346472,0.040212676,4.6084351814321405
138.944,0.025227252,3580.543600342725,0.29029322,0.2265625,0.35717204,0.01814574,4.615453853765329
138.976,0.03239168,3487.783768222118,0.24593095,0.27734375,0.94093204,0.025973268,4.648863044828456
139.008,0.02521333,3198.3758163170623,0.15085755,0.30908203125,8.88469,0.044407163,4.698264863638551
139.04,0.023519704,3157.892108965065,0.10890068,0.3232421875,2.891709,0.03693293,4.773253101014504
139.072,0.02452199,3221.065891009527,0.08771551,0.31640625,0.8822025,0.030121611,4.858839705250954
139.104,0.024369389,3213.8954003230765,0.082314976,0.31298828125,0.6070605,0.035299867,4.940245480048069
139.136,0.023330878,3206.0231392199835,0.08262834,0.31494140625,0.48777014,0.032331467,5.0219204086460065
139.168,0.02164866,3147.9080594649026,0.071379215,0.298828125,0.75901157,0.021181747,5.091298629616585
139.2,0.017975986,2995.6821476343966,0.07523348,0.267578125,0.7678641,0.014589203,5.136441427816512
139.232,0.014068528,2623.037077751148,0.06141213,0.2451171875,0.57967746,0.060337722,5.09661006059784
139.264,0.009688994,2085.8052924698427,0.033385407,0.1865234375,0.7138503,0.3099288,4.989346848705642
139.296,0.051059708,1102.7302193810153,0.0014547256,0.13427734375,0.5308563,0.052613944,4.8584799824431695
139.328,0.09548678,998.5281125367802,0.00045134514,0.09619140625,0.40961254,0.016800953,4.704258030614311
139.36,0.103828296,1048.8309249996046,0.00024417165,0.05322265625,4.1239963,0.0011698952,4.516027453341579
139.392,0.09904309,989.097463063033,0.0002111358,0.044921875,1.4558396,0.0003632881,4.283265879657465
139.424,0.083780736,949.4301525097786,0.00020163006,0.046875,0.8542774,0.00045309548,3.995290300664943
139.456,0.0837273,926.6690913729788,0.00013935962,0.0478515625,1.69504,0.00039898424,3.6664847772711506
139.488,0.07847553,923.1727849863089,0.000120207565,0.04931640625,1.0806334,0.00043622556,3.3249931355638833
139.52,0.07437924,947.3920523405565,0.0001131491,0.04931640625,0.95958173,0.00047836895,2.9804782782858985
139.552,0.07719347,1905.082552465682,0.0017204799,0.05908203125,0.77531534,0.00032569154,2.652921225594153
139.584,0.080904625,3297.5213466104296,0.03604986,0.06396484375,0.46747777,0.0005813047,2.3617189517773447
139.616,0.083654396,3259.7173367941787,0.03882229,0.06494140625,6.8257675,0.00069748424,2.0984647938553547
139.648,0.08249725,2551.8912245574393,0.0060552973,0.06494140625,11.049261,0.00051916926,1.8232048524202467
139.68,0.08447951,1936.9718737450435,0.0014818681,0.05517578125,1.4465301,0.00032896607,1.5671235054221577
139.712,0.08376601,1739.028389376989,0.0011137074,0.05615234375,0.18249005,0.00022876494,1.4055742477416708
139.744,0.08049914,2594.6529784199047,0.01191229,0.0576171875,0.07324761,0.0005582323,1.3898794014504556
139.776,0.0802319,2692.51758518593,0.014014287,0.05810546875,0.8351573,0.0008428508,1.4821156031605551
139.808,0.0842293,2137.8975666274764,0.0025662966,0.05810546875,7.5084963,0.00049859047,1.6489065588118843
139.84,0.08921363,1586.398359931462,0.0006277336,0.052734375,1.0899918,0.00033818636,1.8752420634373157
139.872,0.08884918,1352.0280804098072,0.0003003215,0.04931640625,0.1693705,0.00029036673,2.1662790641429055
139.904,0.08513406,1199.5061931326516,0.00021334123,0.048828125,0.15228826,0.00024598968,2.5129254540253587
139.936,0.079927474,1154.0502425066798,0.0002136663,0.04833984375,0.13493095,0.00030305423,2.8911950954847545
139.968,0.082137644,1074.874685096043,0.0001359245,0.0478515625,0.48116195,0.00030308115,3.2900556504098004
140.0,0.09196273,2018.713320881821,0.0015442139,0.05419921875,1.4002535,0.00018158671,3.70983434456511
140.032,0.09328234,2752.855209747653,0.0114810895,0.0546875,1.088084,0.00042401807,4.143974126328025
140.064,0.08883089,2602.5023195531685,0.009429297,0.0556640625,7.5355835,0.00047409534,4.571532755258022
140.096,0.08686845,2087.39840986264,0.001988754,0.0556640625,7.852001,0.00028442478,4.987493025614787
140.128,0.08136448,1751.242765919627,0.0008405761,0.04931640625,0.8924323,0.00036519772,5.421242839519175
140.16,0.08144949,2354.9018270899073,0.0047383215,0.05712890625,0.11950871,0.0003452712,5.841447464890903
140.192,0.082545236,3110.1476150062144,0.034779392,0.06201171875,0.26177213,0.0004936071,6.242770361652243
140.224,0.077040635,3047.086148850799,0.027096177,0.06201171875,4.985459,0.00074323185,6.564562183933513
140.256,0.07148948,2436.3955781225814,0.0049620923,0.06201171875,7.2568827,0.0008969954,6.8007414295478315
140.288,0.07147103,1956.5631249280746,0.0018042633,0.05419921875,0.48499614,0.000655445,6.982436911820949
140.32,0.07089274,1635.07890605799,0.00082103704,0.048828125,0.16758041,0.0004910479,7.119508222026255
140.352,0.067913145,1445.1171183345464,0.000418702,0.048828125,0.15102628,0.0002545027,7.2088330307245405
140.384,0.06265568,1353.943914418412,0.00030763427,0.048828125,0.41475278,0.0005078031,7.263171025623008
140.416,0.060898643,1300.024184807145,0.00024758285,0.048828125,0.30107075,0.0008104437,7.291528805584149
140.448,0.065430015,1232.6436422631787,0.0001833444,0.048828125,0.4641708,0.00073830795,7.297166291238887
140.48,0.069107056,1175.3357864330303,0.00017745087,0.04833984375,0.62016714,0.0005552302,7.286711243991612
140.512,0.06922321,1132.3167886718659,0.00018913324,0.0478515625,0.659201,0.0004085884,7.257948966598632
140.544,0.073133625,1136.367596232607,0.00017360318,0.04736328125,1.0340548,0.00049273344,7.21377614852015
140.576,0.07397983,1085.044515055813,9.524885e-05,0.04638671875,1.7078526,0.00030574968,7.156464843889243
140.608,0.07137067,1059.7394589384849,6.646822e-05,0.04638671875,1.6741663,0.00028554,7.094624894708136
140.64,0.072083026,1021.9590310450551,6.257141e-05,0.04638671875,0.7155416,0.00029597615,7.039853433006906
140.672,0.07407891,991.0536908657689,5.487905e-05,0.0458984375,0.6357861,0.00026886235,6.987508560522253
140.704,0.07666209,966.0141333648043,4.129432e-05,0.04638671875,0.7193271,0.00022261425,6.910774230466517
140.736,0.0820695,902.4896891055579,3.1703927e-05,0.04638671875,0.59546816,0.00020186366,6.751864017455262
140.768,0.085810006,2411.2012989589557,0.005596244,0.05859375,0.7535653,0.00032595795,6.528340036055763
140.8,0.08614482,2942.9426907131065,0.03073379,0.06201171875,0.76854324,0.0015402337,6.274962432199653
140.832,0.08088967,2959.742772633339,0.02153393,0.06396484375,14.464691,0.0011521799,5.9982664555438445
140.864,0.07885174,2561.632659806824,0.005996261,0.064453125,7.306838,0.0006187249,5.674325974731068
140.896,0.07851288,2007.786019149341,0.0019013175,0.0546875,0.72929084,0.00038375353,5.303805705439787
140.928,0.075081974,2480.849833955993,0.007843257,0.05712890625,0.12992056,0.00045813833,4.9016679034446105
140.96,0.07266433,2923.055298485711,0.031096568,0.05517578125,0.1072149,0.0009846796,4.469879266552341
140.992,0.076361835,2692.0974014770554,0.012969877,0.05419921875,3.5661778,0.00050038466,4.020915378602662
141.024,0.0764545,2072.596095692803,0.0028506583,0.05126953125,4.7838445,0.00043264026,3.565110537772104
141.056,0.07158718,1712.3660052996916,0.0013072082,0.0458984375,0.3384689,0.00058208074,3.136401082320396
141.088,0.07030629,1450.049109015565,0.0006799515,0.04638671875,0.20936891,0.00049732917,2.7404112182217983
141.12,0.07203655,1222.7378520000793,0.0003524281,0.04638671875,0.42264232,0.00048392158,2.3960971255312407
141.152,0.077704646,1100.3232227479562,0.00018860458,0.04638671875,0.29225796,0.0005011764,2.0829489775546515
141.184,0.080492504,1004.15729665719,0.00015306578,0.0458984375,0.61838835,0.00030953865,1.8156235629952575
141.216,0.073168285,2171.140821656603,0.0043084156,0.0546875,0.5322472,0.00028885817,1.661723071068517
141.248,0.06662372,2880.1118314351993,0.024080114,0.056640625,0.8667536,0.00046838965,1.5989691266083845
141.28,0.06113994,2682.6369275664783,0.015541335,0.05712890625,9.271398,0.0006596652,1.5924570175541317
141.312,0.063968174,2188.0237277916895,0.0031161928,0.0576171875,5.955655,0.0006786308,1.6267672461586455
141.344,0.069905065,1571.5002967004984,0.00093379075,0.048828125,0.5502387,0.00058765756,1.699530155731757
141.376,0.066995375,2302.6711418595114,0.008548176,0.0634765625,0.17441767,0.00072301883,1.8310146224087125
141.408,0.06176486,2886.9827988017023,0.04744,0.064453125,0.449345,0.0015797225,2.0149301900604266
141.44,0.057914976,2795.82942071796,0.025714278,0.06494140625,6.518083,0.0016361973,2.2428442763067347
141.472,0.06306946,2223.2912623563752,0.0040494534,0.06494140625,5.6406555,0.0015576452,2.493774331527061
141.504,0.068280175,1696.4734135033095,0.0013072877,0.0478515625,0.24366443,0.00088171486,2.769579233867335
141.536,0.06254367,1452.0951347825198,0.00078204996,0.04638671875,0.18574199,0.0007288718,3.0569470987111953
141.568,0.054275103,1401.5459755088941,0.0005631784,0.0458984375,0.18476816,0.0008238559,3.3481895200017813
141.6,0.055117972,1270.7881732936426,0.00040224387,0.0458984375,0.48167336,0.0006328915,3.620397198562289
141.632,0.061736472,1131.4507293303282,0.00019340895,0.04638671875,0.38957256,0.00038763726,3.8799507761018788
141.664,0.064128675,1017.6333502936208,0.00015351485,0.04541015625,0.5227492,0.0002867423,4.1357522645550375
141.696,0.051541563,967.7992843577429,0.00028318423,0.04345703125,0.36253598,0.0014707297,4.39235932727458
141.728,0.044435333,927.9959040481258,0.00040371378,0.04150390625,0.69548726,0.13021363,4.6512278070070865
141.76,0.05564512,876.2804065999583,0.00019248117,0.03857421875,2.1992111,0.6227496,4.90744789042901
141.792,0.0609127,858.3934471866925,8.090065e-05,0.037109375,2.2900937,0.8871457,5.164726715679347
141.824,0.06185136,854.034987113188,5.4876575e-05,0.03662109375,1.2214676,0.8472329,5.438749523910675
141.856,0.060385548,896.1779061128269,5.138111e-05,0.03662109375,0.6896275,0.8734292,5.713701088875542
141.888,0.060584415,871.7371435149653,4.462061e-05,0.03662109375,0.40918565,0.93982387,5.997608864991182
141.92,0.06054871,815.3115078538845,3.172325e-05,0.037109375,0.4184302,0.95319456,6.294500553251144
141.952,0.05921283,913.5446935852699,9.6698255e-05,0.048828125,0.6345215,0.9262819,6.612770961958751
141.984,0.056591146,2843.537801674798,0.030322094,0.07421875,0.40972808,0.72570986,6.952891251660416
142.016,0.055740405,3199.2181347722544,0.08733159,0.0908203125,1.9398139,0.39632455,7.3067043695552805
142.048,0.047350038,3128.439051085019,0.051600322,0.09619140625,18.041466,0.5928207,7.663033405004758
142.08,0.043984614,2602.8767308513156,0.012883079,0.08544921875,4.579278,0.88641495,8.006415232090637
142.112,0.04100974,2151.028279572537,0.004770478,0.06591796875,0.2470397,0.9357451,8.350399074884118
142.144,0.04629131,2752.877291062542,0.023733133,0.0673828125,0.19411808,0.7542424,8.686666129509323
142.176,0.048852064,3051.8966168308516,0.048638735,0.06689453125,0.2943262,0.411598,9.003456902101446
142.208,0.039175056,2813.7641577203503,0.02563183,0.068359375,4.9084163,0.57075685,9.287200881401724
142.24,0.037241604,2258.8356580125164,0.0066734822,0.06396484375,3.234942,0.9148806,9.54727543894973
142.272,0.03696505,1919.420133505408,0.0025836043,0.0458984375,0.35543516,0.9509304,9.787836667168325
142.304,0.04017741,1577.6387992453629,0.001263769,0.04150390625,0.26424217,0.8971444,9.998903963395627
142.336,0.043555878,1392.8455135048994,0.0006295512,0.03955078125,0.25531256,0.58429605,10.18193052732176
142.368,0.04164277,1245.159753709973,0.00044016977,0.0380859375,0.43538424,0.5183824,10.328711622546281
142.4,0.039878678,2332.5384315592505,0.007411296,0.052734375,0.6115588,0.89685243,10.43490921161011
142.432,0.04281143,3279.506899349253,0.081337176,0.0625,0.5281542,0.72182494,10.502425331591079
142.464,0.04177989,3228.654292881686,0.07380349,0.09765625,6.927165,0.6257678,10.527506760714239
142.496,0.029869571,2814.9352661382127,0.02629366,0.130859375,9.278028,0.5707354,10.521828246220986
142.528,0.013024255,2583.2059128946676,0.04100423,0.16455078125,0.87748826,0.48462042,10.498934764115155
142.56,0.01676093,3414.6761389049584,0.23427376,0.2451171875,0.17651027,0.08364912,10.461341605429938
142.592,0.042176314,3572.721697647569,0.24792661,0.296875,0.2643509,0.012561335,10.409793275106807
142.624,0.03408335,3465.737614313768,0.21183892,0.337890625,6.2205133,0.024776408,10.353803802323698
142.656,0.019249424,3336.583779108032,0.15177372,0.3623046875,7.014063,0.082358606,10.298813290331967
142.688,0.016736059,3303.9530411162955,0.14381848,0.34130859375,0.7596995,0.090153806,10.246687315313391
142.72,0.016500622,3219.473299385143,0.12808897,0.326171875,0.3289066,0.07275623,10.178393595953505
142.752,0.016480092,3141.498594664741,0.11501808,0.31396484375,0.32065615,0.06774632,10.095763595236937
142.784,0.014455799,2989.604947017875,0.10403028,0.27685546875,0.7136142,0.09724733,10.007552736272253
142.816,0.011189278,2552.2858007487644,0.081896015,0.23681640625,0.5878971,0.14847861,9.892194624132815
142.848,0.008553575,2044.4959642314698,0.03923925,0.20361328125,0.5377391,0.36794272,9.71053636948448
142.88,0.010625935,1609.872264915789,0.011158797,0.140625,0.6718296,0.81149787,9.474547992994701
142.912,0.044402275,1005.9649390630433,0.0008453614,0.10400390625,0.21118465,0.959029,9.198012773280716
142.944,0.070865385,934.8468068978962,0.00026692473,0.07275390625,0.5203488,0.97618926,8.89084784988676
142.976,0.073557094,915.9840809437062,0.00012195616,0.033203125,2.9857664,0.987101,8.549721092108113
143.008,0.07418803,829.9335893552599,6.5124674e-05,0.033203125,0.77687854,0.99157226,8.175526841180265
143.04,0.073617525,815.005354843479,5.826911e-05,0.033203125,0.24039714,0.9928488,7.777796094444475
143.072,0.07216403,768.6086237977142,5.4331365e-05,0.03271484375,0.17616592,0.9936173,7.351298750710812
143.104,0.070275776,742.8153230435794,4.622537e-05,0.03271484375,0.54111195,0.99400926,6.898096732029645
143.136,0.06740037,752.3977431819312,4.0802843e-05,0.03271484375,0.80498314,0.9932594,6.422342548365306
143.168,0.062336132,1707.0810106388703,0.0013205485,0.046875,0.7094903,0.98172224,5.929355848702546
143.2,0.06643797,2832.4590727913014,0.037193734,0.06591796875,0.545382,0.6937641,5.426871319509421
143.232,0.06487277,2970.168405318307,0.055455483,0.07275390625,9.012685,0.59571594,4.919449144751989
143.264,0.05335752,2814.5718446144647,0.018262694,0.072265625,13.63887,0.8814105,4.391714197993902
143.296,0.054396115,2279.8319418362917,0.005432527,0.05810546875,2.0372126,0.95039374,3.858700593785192
143.328,0.059591245,1865.2047496546163,0.002110079,0.04541015625,0.040418264,0.97184294,3.4120945350253744
143.36,0.06447418,2758.732882202725,0.01882596,0.05029296875,0.072639674,0.89080995,3.076374429482466
143.392,0.06295253,2900.7660432823523,0.0272042,0.05078125,0.22576408,0.8436448,2.860335712411098
143.424,0.059502963,2488.4186384570557,0.006981309,0.0517578125,6.523353,0.9538095,2.7465599882146656
143.456,0.05960706,1981.4919600714597,0.0021471365,0.0458984375,1.8015658,0.9793163,2.7144874641313126
143.488,0.06270028,1528.2058073421572,0.00077728287,0.0341796875,0.23726729,0.98820806,2.7684496524623947
143.52,0.06499126,1260.4933753852508,0.00041339095,0.03515625,0.095970325,0.9905209,2.911080297613074
143.552,0.05761292,1136.5092253541775,0.00038662733,0.03466796875,0.25487238,0.9853193,3.1342099860572605
143.584,0.047828157,1138.811397636067,0.0004246587,0.0361328125,0.57479304,0.9649103,3.4166222501668977
143.616,0.04930152,1359.4157190854694,0.0011099441,0.0458984375,1.0284721,0.80040634,3.7455012650454838
143.648,0.05370402,2905.634110822555,0.04192755,0.0634765625,1.1277294,0.26054806,4.119140275601148
143.68,0.05164557,3117.0044600157244,0.08417932,0.07763671875,2.796012,0.053086124,4.537329522823493
143.712,0.038997266,2848.348905012087,0.03310022,0.0810546875,11.831499,0.03716237,4.965443066671412
143.744,0.038286306,2180.2058811455504,0.0067445375,0.07421875,3.0957289,0.034829006,5.3978348558299345
143.776,0.04073169,1988.334051465,0.0037892498,0.0751953125,0.43670818,0.01446189,5.843295812347862
143.808,0.041535344,3560.1770131794574,0.0557405,0.0771484375,0.14179187,0.00824915,6.241750971827409
143.84,0.04134762,3613.720716797202,0.08611286,0.08056640625,0.45386273,0.0050140363,6.5699615627994365
143.872,0.043376055,2808.2563738840086,0.018916221,0.07958984375,7.2193847,0.0031177804,6.798450186820161
143.904,0.045938227,2222.52777489439,0.0051190564,0.064453125,2.411183,0.0025493281,6.937074416205504
143.936,0.04465868,1872.2104669044247,0.0022561534,0.0498046875,0.2649446,0.0018863167,7.023474938434365
143.968,0.04523727,1600.2716424122455,0.0010253973,0.04345703125,0.26357886,0.0014649313,7.061933753751111
144.0,0.04429481,1464.7519532545575,0.00067944254,0.04345703125,0.33119118,0.0012305664,7.047647875336833
144.032,0.04257205,1362.0436845843767,0.0004849164,0.04150390625,0.32403523,0.0011853888,6.995383535653406
144.064,0.044436276,1240.2846413805948,0.0003134128,0.04150390625,0.2789065,0.0011994541,6.917329553409668
144.096,0.047168493,1115.657946236018,0.00022524965,0.041015625,0.37922284,0.0010991183,6.832765939429062
144.128,0.048524797,905.4704997365588,0.00017827342,0.0400390625,0.47877386,0.05185706,6.753425539456144
144.16,0.05421611,802.2570686959311,0.00010618602,0.0380859375,0.5941328,0.507557,6.656081801177284
144.192,0.060705934,728.9846098190571,4.1668154e-05,0.037109375,1.8528726,0.91114134,6.555404821538715
144.224,0.05852314,765.5464841535983,3.755243e-05,0.03662109375,1.486461,0.96844065,6.458952721879245
144.256,0.05630942,838.0128499326524,4.1249154e-05,0.03662109375,0.697932,0.9505134,6.35356686073538
144.288,0.055804037,863.5996026913801,4.291201e-05,0.037109375,0.65513253,0.9161541,6.212229143239702
144.32,0.054453,877.8471377219329,5.223884e-05,0.03662109375,0.8861165,0.9368035,5.994454236822656
144.352,0.050704077,906.2307764132446,6.22282e-05,0.03662109375,0.58226633,0.97347575,5.677165228414609
144.384,0.048956856,2211.210527278839,0.004367056,0.05908203125,0.7592175,0.8929718,5.4041365391870135
144.416,0.055994872,3251.422252468844,0.080888875,0.08837890625,0.8160985,0.53770006,5.232841797084085
144.448,0.053492785,3326.2432135040685,0.10720833,0.0947265625,10.777722,0.48576114,5.139945923345524
144.48,0.04606528,2998.2823093763127,0.034624144,0.09814453125,12.273321,0.7770762,5.101553706231594
144.512,0.04391721,2500.0912073510444,0.010273055,0.07763671875,1.7872455,0.9020827,5.113020422460353
144.544,0.037572533,2350.741270403715,0.007953156,0.0546875,0.08602737,0.9273838,5.182363145904161
144.576,0.04089353,3495.7920121645593,0.075614564,0.0537109375,0.1152152,0.7842714,5.285248818926666
144.608,0.048116945,3426.7501338188495,0.06413148,0.05126953125,0.42800468,0.76595455,5.38180102974541
144.64,0.0458876,2578.2069687773273,0.012035419,0.04931640625,6.4078903,0.8627309,5.4736075669991955
144.672,0.042691164,2052.991542257314,0.0041527743,0.04345703125,1.4464451,0.93000454,5.578067646973791
144.704,0.042216606,1770.5395074339358,0.0018272243,0.03857421875,0.3375885,0.97201604,5.68437406023559
144.736,0.0420998,1495.759491693494,0.0010315111,0.03759765625,0.18441541,0.96391445,5.7881238582671894
144.768,0.04396845,1268.9451124415536,0.0005288139,0.03759765625,0.25618815,0.7525789,5.944321818229861
144.8,0.04207156,1239.6761052897632,0.00033463753,0.037109375,0.4718608,0.48525193,6.187764793115558
144.832,0.040855713,2330.6087843987025,0.0051386654,0.0537109375,0.4581295,0.7944465,6.551496898080956
144.864,0.04655968,3504.261067052097,0.07248424,0.06494140625,0.33670107,0.72775173,6.870180793184268
144.896,0.045512956,3508.4628235342448,0.08149359,0.0849609375,6.0909657,0.66267705,7.070928815656255
144.928,0.03713009,2947.8593307191654,0.023136094,0.1181640625,10.457132,0.72567177,7.194341566350927
144.96,0.020040406,2509.516641068606,0.025408624,0.1435546875,1.2417572,0.5417145,7.280346450923406
144.992,0.012768389,3216.4031782917905,0.17498483,0.2099609375,0.17463277,0.1760814,7.33852891838125
145.024,0.03384688,3696.318427132017,0.25386694,0.26611328125,0.35017148,0.01263011,7.354492803882967
145.056,0.03407257,3604.442922314529,0.23990081,0.310546875,2.600701,0.011872419,7.3317649200231765
145.088,0.022019934,3232.331130505867,0.16293228,0.33544921875,7.6857247,0.078074895,7.300237498016228
145.12,0.019990537,3174.2612338631325,0.14767487,0.34033203125,1.5386015,0.09488676,7.298865718480937
145.152,0.01880949,3227.8712048580232,0.14170076,0.35009765625,0.9070833,0.053562697,7.304463999385449
145.184,0.017567499,3172.261411075347,0.12570204,0.33154296875,0.6901392,0.088970706,7.324668021544439
145.216,0.016030075,2974.607802042869,0.0970709,0.30419921875,0.5654919,0.11570863,7.351820011596513
145.248,0.013276782,2578.3055163270956,0.07871956,0.24462890625,0.61645734,0.16265514,7.353007286136973
145.28,0.009840923,2135.75716494499,0.050005805,0.18212890625,0.47455627,0.36753485,7.303310681239779
145.312,0.008564609,1855.497968847188,0.021212181,0.1279296875,0.5205651,0.6867227,7.190680801114923
145.344,0.03964035,1256.7977914285968,0.0031255393,0.09130859375,0.15026927,0.6991784,7.048700686573532
145.376,0.07119099,1554.0830805586709,0.004077834,0.080078125,0.23411165,0.77860045,6.900524542199913
145.408,0.061476026,2006.9872752396016,0.007826157,0.0595703125,5.6915226,0.8141333,6.7381358670654015
145.44,0.05757229,2150.054293754719,0.008151095,0.05419921875,5.89532,0.8157399,6.540312541816656
145.472,0.06233767,2144.6786087315204,0.0047778455,0.05126953125,2.0259342,0.8713954,6.284335129169467
145.504,0.06525222,1991.2627298008542,0.0030407084,0.0390625,0.7645339,0.8837366,5.984274270846883
145.536,0.061881006,1957.1439505939766,0.002687157,0.041015625,0.58421385,0.8998203,5.660812085182018
145.568,0.057869125,1991.4070539425245,0.0031249935,0.04296875,0.31163287,0.8984871,5.336093390435541
145.6,0.05621683,2004.5363424853708,0.0031533018,0.04443359375,0.46731517,0.87002784,5.017479114686354
145.632,0.05725356,2474.079400248983,0.0132952,0.07470703125,0.7368983,0.8057903,4.717392219922641
145.664,0.060673133,3018.9820398429356,0.07119035,0.09375,0.82562935,0.5279381,4.418591410710966
145.696,0.051194955,3063.9723614028876,0.079785265,0.099609375,4.704911,0.57217705,4.113027371278834
145.728,0.04416608,2666.9587690013536,0.028541028,0.1015625,6.364407,0.78092575,3.829618833099011
145.76,0.046246056,2241.2904688527506,0.0093818605,0.07177734375,0.8613939,0.84623677,3.5898856099918057
145.792,0.04704826,2420.1731891668132,0.013447788,0.068359375,0.26648778,0.86462706,3.3636872712298462
145.824,0.044437744,3240.8132670768314,0.06601516,0.07177734375,0.35581243,0.7682152,3.1267929802955274
145.856,0.04274837,3154.9459304802767,0.050817803,0.06982421875,1.2081686,0.79179865,2.92831805245804
145.888,0.044665884,2440.063868198565,0.010998707,0.06982421875,4.5075793,0.8764242,2.794183516957389
145.92,0.047210064,1986.815228571888,0.003995535,0.0517578125,0.36883992,0.85062647,2.7237616929525683
145.952,0.04585697,1806.633993579133,0.0023284566,0.041015625,0.33773333,0.7526245,2.7440576750836074
145.984,0.042439286,1666.3312864763986,0.0016868988,0.03955078125,0.42673862,0.7685724,2.851588268687335
146.016,0.03629519,1565.665722332298,0.0014489184,0.037109375,0.38954452,0.9011667,3.014434975489296
146.048,0.031067185,1519.8348873607174,0.0013025813,0.0361328125,0.34626922,0.9385494,3.197251646244018
146.08,0.030796412,2861.548233675856,0.031995945,0.0595703125,0.5235921,0.874137,3.3749661998272713
146.112,0.04189565,3408.654088994357,0.14079604,0.08154296875,0.5033542,0.43954515,3.5617686331336946
146.144,0.039876204,3320.530215788771,0.1092081,0.09375,7.9436707,0.25868976,3.771906626003755
146.176,0.034084532,2794.3455565868644,0.022958757,0.0986328125,7.69686,0.35519195,3.984654018414383
146.208,0.03120222,2291.168462696729,0.010332853,0.07861328125,0.79812026,0.7708844,4.160173888199743
146.24,0.029330827,3039.5933641357014,0.05106032,0.10009765625,0.122262776,0.8040704,4.3117771041669135
146.272,0.03974622,3507.3772019070875,0.1883979,0.11767578125,0.38532364,0.36409238,4.511836507913794
146.304,0.039169457,3342.655686507934,0.12952404,0.125,3.8775103,0.35986763,4.7766343976722165
146.336,0.032524224,2858.0254981977523,0.032553125,0.12451171875,6.843062,0.31360713,5.0144155944904085
146.368,0.031541936,2337.65256989044,0.011617813,0.08203125,0.72126454,0.66678303,5.187729332840542
146.4,0.031835426,2064.246871893573,0.005374297,0.05419921875,0.22724415,0.9240831,5.3341132872462325
146.432,0.034273047,1790.7895266096825,0.0025535398,0.04296875,0.26962462,0.9551376,5.440448707958192
146.464,0.038686126,1565.1802865538396,0.0012592393,0.0400390625,0.37713426,0.93999773,5.497158247209536
146.496,0.039829064,1409.9272683004892,0.00085328595,0.0400390625,0.34126097,0.8650703,5.534058176121515
146.528,0.041301604,1248.756630157455,0.0005606601,0.03857421875,0.38651964,0.38187802,5.5728435931287255
146.56,0.04715758,1046.6534944321065,0.00037059985,0.04052734375,0.5783665,0.07971142,5.646864646824838
146.592,0.049931683,854.6682582272185,0.00034793417,0.04443359375,0.85499346,0.014631994,5.726678886335672
146.624,0.05661219,810.4595355736501,0.00029404028,0.05029296875,1.6158016,0.004134105,5.784068734302282
146.656,0.046460774,934.5937330736058,0.0003982038,0.05615234375,2.2521427,0.0024125401,5.854268257327665
146.688,0.037327822,1106.4652300627693,0.0006557017,0.06298828125,1.8431344,0.0045890533,5.975078556663712
146.72,0.032861177,1260.9332445804175,0.0010155388,0.07568359375,1.2052255,0.0074464274,6.146266212625899
146.752,0.026062988,1446.7458744897283,0.0015192184,0.08203125,2.0973482,0.0031263817,6.325711969379526
146.784,0.023706457,1529.22534799737,0.0009772896,0.0849609375,2.1783495,0.0032457719,6.482893922507626
146.816,0.022889517,1610.38734619118,0.00074673566,0.08447265625,1.523896,0.008363095,6.652548234851887
146.848,0.026063165,2674.0124892730873,0.027549358,0.1064453125,0.85298777,0.012194837,6.853953689467036
146.88,0.03847627,3220.950516105717,0.14029242,0.13330078125,0.5202898,0.0075575965,7.06081899219569
146.912,0.040261127,3216.7391525674916,0.12213598,0.14794921875,10.079361,0.0064566825,7.252387542371658
146.944,0.032281637,2888.1942291193445,0.036361933,0.1494140625,8.765615,0.0043780073,7.42857176424572
146.976,0.031390753,2510.1374391886284,0.014406141,0.1201171875,1.2368326,0.0032507638,7.588922384198121
147.008,0.031938113,2617.9857468437613,0.015562115,0.103515625,0.25894272,0.0017489453,7.742537329993738
147.04,0.03500431,3471.126085413586,0.087460354,0.09423828125,0.20030536,0.00103744,7.858654824561572
147.072,0.037894916,3370.486878374263,0.07234092,0.09423828125,0.9478756,0.00088617526,7.930782605605366
147.104,0.035817724,2895.6065155701212,0.021701254,0.0947265625,5.648837,0.0011718185,8.000789544311752
147.136,0.033459004,2493.0485147891404,0.00917771,0.0810546875,1.1992667,0.0018539847,8.07776977430704
147.168,0.03160963,2216.1533692330354,0.0051645623,0.0751953125,0.2568957,0.0017345893,8.150912819138783
147.2,0.031194184,2108.859900870536,0.0033018189,0.07373046875,0.20670648,0.0009314654,8.212012739575817
147.232,0.0338385,1906.7119945311033,0.0013901306,0.07373046875,0.38022465,0.0006009678,8.27216247213843
147.264,0.034367528,1841.2429797291,0.0010228695,0.07373046875,0.37021735,0.00069154066,8.352322919284717
147.296,0.035236828,3283.8927068162884,0.054868788,0.12109375,0.3754204,0.0011737802,8.429573786272748
147.328,0.043411274,3609.981386719723,0.17388386,0.13427734375,0.4054767,0.0013876611,8.472307708407156
147.36,0.037529755,3510.1127413444915,0.11038992,0.13916015625,9.901583,0.002257202,8.468925127925784
147.392,0.029994218,2941.823568546405,0.02721573,0.13916015625,6.2151036,0.0030589614,8.433770669598971
147.424,0.027504114,2508.61616735385,0.010130981,0.0927734375,0.538977,0.002712172,8.375503529350043
147.456,0.032528132,3161.9914970752598,0.064807124,0.11328125,0.10378782,0.0012549785,8.293523396980358
147.488,0.045530166,3466.162899725185,0.15499267,0.11962890625,0.3452763,0.0006786545,8.174510043090407
147.52,0.039404646,3400.5183474288483,0.10780291,0.12451171875,6.0776353,0.001154782,8.021248637750961
147.552,0.03147173,2993.333172247709,0.0337347,0.12451171875,5.6779227,0.002016626,7.856893105240618
147.584,0.029312916,2598.0390206720995,0.014942028,0.09765625,0.3589132,0.0018330968,7.686703393605402
147.616,0.02795759,2241.8132091298908,0.008797321,0.0859375,0.16613966,0.002444889,7.514827841458574
147.648,0.027906083,1998.7872143148247,0.0058040684,0.07958984375,0.366161,0.0027507595,7.327341733602071
147.68,0.030170377,1781.4404549648093,0.0035628313,0.076171875,0.94833356,0.0021135046,7.127252181306453
147.712,0.031225717,1557.545602436325,0.0021140492,0.06591796875,1.0952365,0.0030930617,6.916678221150069
147.744,0.029861353,1372.509151907329,0.0018916398,0.0625,1.2814969,0.0049413694,6.70476172943426
147.776,0.03355334,1091.8662992762606,0.0012405453,0.0576171875,1.5720727,0.0056332145,6.5097517351839755
147.808,0.052659657,877.0836653772913,0.0004210126,0.05224609375,2.1659698,0.0016510977,6.3243423317994445
147.84,0.060333334,866.0305426686045,0.00025480863,0.04736328125,2.004913,0.0007381711,6.143716107657973
147.872,0.057512145,1018.890283348286,0.0002167564,0.04296875,1.4127632,0.00046911807,5.959085207207728
147.904,0.056064576,1057.6841619274562,0.00013686727,0.0419921875,1.1294918,0.00031506713,5.749725051811565
147.936,0.054507602,1013.9544174288371,0.00012235703,0.04150390625,0.7151799,0.0003656865,5.518825506506029
147.968,0.05410612,1022.4215199940331,0.00012478151,0.04150390625,0.36467272,0.0005924933,5.266917519628254
148.0,0.05656772,1000.8791635616827,0.00010241651,0.0419921875,0.6048515,0.0011385208,4.994091206057742
148.032,0.056584675,1073.1401833750897,0.000101854224,0.04150390625,1.1067907,0.0014318796,4.731810655753682
148.064,0.057783097,2638.575294481464,0.010914184,0.05078125,0.8077501,0.0013831642,4.543167293591973
148.096,0.06262796,3188.6724792637788,0.062269174,0.052734375,0.893963,0.0015348153,4.416945045105014
148.128,0.057191957,3075.5261851218684,0.045292366,0.05419921875,12.984983,0.0019549376,4.3097750337084895
148.16,0.056714885,2453.1839688505324,0.0062889378,0.05419921875,7.5349417,0.00073026936,4.199163305023097
148.192,0.060667723,1903.987493637193,0.0018881684,0.04541015625,0.54685825,0.00031710597,4.1096549541089775
148.224,0.060828734,2214.8692417769544,0.0053543537,0.05029296875,0.06245457,0.0003923735,4.037336295123859
148.256,0.057783075,2709.9116689562347,0.021503715,0.04833984375,0.25142568,0.0008271369,3.9426501347208758
148.288,0.056446303,2485.492823379258,0.009202913,0.04931640625,3.4589753,0.0008184416,3.8141470202923964
148.32,0.051129013,1952.0649168443463,0.002404369,0.05029296875,4.482993,0.0010189936,3.667351346366616
148.352,0.04382091,1629.6622130809667,0.001636428,0.04345703125,0.33050242,0.0010461629,3.5343539212243686
148.384,0.045173205,1494.9338675154604,0.0008032984,0.0439453125,0.18982989,0.0008602419,3.4273900996971083
148.416,0.04677168,1323.3082526886399,0.0005459749,0.04248046875,0.5227872,0.0005835416,3.345891254569781
148.448,0.04504518,1199.3471228700917,0.00039294286,0.041015625,0.42163628,0.0009502298,3.302359091783698
148.48,0.041570615,1175.6442951472936,0.0004703823,0.044921875,0.4210382,0.0012057163,3.2942279413881623
148.512,0.036355387,2919.740290295279,0.061916497,0.0712890625,0.84554625,0.0020231062,3.295835853631279
148.544,0.03769292,3107.0630569489285,0.123861186,0.115234375,1.3840313,0.0033593443,3.240180730434482
148.576,0.022144282,2964.326236429816,0.08506135,0.15087890625,14.058217,0.01081977,3.1386293908348644
148.608,0.01075876,2690.913134991114,0.061263442,0.17919921875,3.5245044,0.043040927,3.0496859579593703
148.64,0.010631497,2361.012752859935,0.04212422,0.21240234375,0.18453774,0.05490592,2.9842031784538454
148.672,0.023151949,3050.0035739151153,0.15292077,0.234375,0.09979575,0.01665225,2.938198737118075
148.704,0.04406925,3178.1966667003207,0.17372854,0.279296875,1.2367077,0.011679614,2.912326550152052
148.736,0.0343983,3180.6967188697768,0.19431663,0.3203125,8.93018,0.02707745,2.910324524933527
148.768,0.025759224,3191.4704822288786,0.16052699,0.322265625,5.4172616,0.05400717,2.9538248979529
148.8,0.024696799,3114.5487625534097,0.1305169,0.318359375,0.7504269,0.05858595,3.0239429120876418
148.832,0.024195476,3048.7160444862334,0.111910164,0.306640625,0.34975833,0.08297862,3.1047477110352517
148.864,0.023741713,2998.287932905536,0.11742473,0.29296875,0.4779664,0.10415367,3.1897127982533067
148.896,0.023484942,2944.8561979588085,0.112836055,0.27880859375,0.68304455,0.092379294,3.2569794025916265
148.928,0.023683092,2648.3625449335595,0.077557355,0.248046875,1.100798,0.094747394,3.295088462082484
148.96,0.020283308,2220.046670835335,0.046860762,0.21923828125,0.8678664,0.18965422,3.297911372308235
148.992,0.0127484305,1961.0964462026257,0.030449202,0.1904296875,0.9306059,0.40086865,3.2647096856509625
149.024,0.03119541,1455.7921883869237,0.0043566483,0.142578125,0.3722284,0.10983073,3.226203648497792
149.056,0.07975756,1099.0805532494996,0.0007939217,0.11181640625,0.11974294,0.03370887,3.201911735653775
149.088,0.09503262,1119.7126020170235,0.00045245074,0.07373046875,1.5061394,0.00506116,3.171592007872772
149.12,0.092315026,1095.234057578379,0.00039213282,0.0439453125,2.1981146,0.000882232,3.1121103671956063
149.152,0.08651009,1033.811430285085,0.00036330434,0.0458984375,0.8190938,0.0010009703,3.0072589069333047
149.184,0.08603298,1031.467857758256,0.00025631688,0.0478515625,1.3563137,0.0007589801,2.8797598397599753
149.216,0.08097141,1045.9661413184344,0.00021878711,0.048828125,1.2886802,0.00083743455,2.746284884696784
149.248,0.07506063,1020.7891437314132,0.00020213753,0.04931640625,1.0285804,0.0010740552,2.598400380316538
149.28,0.07702854,1660.5978284716157,0.001334675,0.05908203125,0.84881246,0.0011833782,2.443289767036948
149.312,0.08668832,3143.5370237183433,0.025775943,0.06884765625,1.1046199,0.0012318785,2.2987984254274707
149.344,0.094897,3298.579486234252,0.031174714,0.06884765625,4.3416753,0.0011264754,2.1892059157759967
149.376,0.096931934,2892.4333039973776,0.0066461186,0.0693359375,10.247774,0.0009348685,2.1046758524803963
149.408,0.09964554,2249.526929418234,0.00173809,0.05908203125,1.950701,0.0004298123,2.057818812848324
149.44,0.10005688,1934.6507007404666,0.0013702298,0.05322265625,0.1980344,0.00018050057,2.057574329059117
149.472,0.09804004,2711.669490452552,0.015046105,0.06201171875,0.1771577,0.0006095064,2.1302460311023146
149.504,0.09809583,2918.7457049605796,0.022972539,0.06298828125,0.89608955,0.00083026534,2.258269428094478
149.536,0.10177273,2611.6917810136415,0.0038448093,0.06298828125,7.6393704,0.00045519738,2.4296792425426723
149.568,0.10172011,1993.9045064435252,0.0011460031,0.0595703125,1.6382343,0.0004833179,2.6487153113189184
149.6,0.10192748,1634.5147877780796,0.0006277976,0.05078125,0.18533483,0.00038791512,2.9350235506987143
149.632,0.10014565,1458.9162863265826,0.00043373337,0.048828125,0.24167226,0.00030548993,3.2795437299059977
149.664,0.0965249,1314.0886854096814,0.0003709055,0.048828125,0.4388746,0.00028126358,3.6547122143169917
149.696,0.09316874,1274.055145517772,0.000261055,0.0478515625,0.48130482,0.0002680902,4.055977623471035
149.728,0.0977636,1795.1512698811198,0.0015245376,0.05517578125,0.9289998,0.00024496764,4.487497270706447
149.76,0.10261824,2719.649827229403,0.016557079,0.0556640625,0.81573737,0.0005122973,4.9532014905922335
149.792,0.10316918,2820.898504433673,0.017285911,0.05712890625,5.466614,0.00048617262,5.430844061978244
149.824,0.10307477,2389.012321324058,0.002959879,0.05712890625,9.061691,0.00020905872,5.89485540555809
149.856,0.107902735,1893.333562950374,0.0009825797,0.05029296875,1.0652359,0.00015569298,6.344391364281377
149.888,0.104551554,2041.8545886050692,0.002481655,0.05712890625,0.11852468,0.00024675275,6.747596905758988
149.92,0.096776284,2695.966763758823,0.017902067,0.056640625,0.360332,0.00081461633,7.120264785743316
149.952,0.09948503,2637.0068987582363,0.012003712,0.05712890625,3.6013362,0.00060112256,7.453272142792209
149.984,0.11377661,2044.5687498723037,0.001743525,0.05712890625,6.6021185,0.00035382962,7.736491597979098
150.016,0.11957872,1607.2813374443106,0.000583741,0.05029296875,0.5637447,0.00016608665,7.953157531808392
150.048,0.10894344,1479.4983576004283,0.0004309229,0.0498046875,0.18108608,0.0002239942,8.11456478380712
150.08,0.09818919,1443.2867284181334,0.00036000894,0.04931640625,0.2347138,0.0004189407,8.230025319161841
150.112,0.093781196,1380.7514647744915,0.00028434693,0.04931640625,0.42848048,0.00056529295,8.305747717769824
150.144,0.09277343,1282.4002922873224,0.0002049348,0.0498046875,0.451228,0.00065557513,8.344663409522072
150.176,0.08793207,1238.431678905545,0.00017038142,0.04931640625,0.4121763,0.0006540186,8.35040894861684
150.208,0.08427419,1226.6195167603012,0.00017162088,0.048828125,0.33027053,0.0005272469,8.335575597667926
150.24,0.08397944,1167.8642844540846,0.00020204746,0.048828125,0.2676346,0.00043808093,8.303794264834822
150.272,0.08229849,1160.3344471797132,0.00022871672,0.0478515625,0.5771283,0.0004943746,8.254559232725208
150.304,0.08442745,1132.8814209869934,0.0001729703,0.04736328125,1.2010067,0.00053320744,8.17255675740257
150.336,0.08478395,1083.0516556806379,0.0001464013,0.04736328125,1.7764425,0.0004709232,8.061550510727864
150.368,0.08487102,1049.280073192183,0.00011282734,0.046875,1.5953707,0.00032744792,7.951693168321266
150.4,0.0817554,1069.0684487435938,0.00011002648,0.046875,0.6859175,0.00032608423,7.839957836238079
150.432,0.07968305,1103.8412411399656,0.000115840005,0.046875,0.510147,0.00037267318,7.70311306516185
150.464,0.08127921,1074.9039323338473,9.7622156e-05,0.04736328125,0.55929565,0.00041743505,7.505433314311963
150.496,0.07949058,1071.5166062430117,0.00010264844,0.05419921875,0.82556194,0.0005645244,7.257334631687307
150.528,0.07920257,2688.531114548924,0.012917473,0.06396484375,0.71901023,0.0006421482,6.95984799662216
150.56,0.079455994,3050.2236830659226,0.047583543,0.06396484375,0.6844616,0.0011068097,6.62361390687158
150.592,0.0788114,2872.867569247019,0.021183431,0.06396484375,14.782204,0.0007231417,6.237384182213103
150.624,0.07554626,2376.666010490968,0.0052284654,0.05712890625,5.4757633,0.00055524026,5.797323948589067
150.656,0.071490735,1901.9643789985346,0.0023107093,0.05078125,0.24482183,0.0009662352,5.324024500987193
150.688,0.075147726,2326.775263919867,0.0069248634,0.0517578125,0.064483635,0.0012423825,4.836426163202354
150.72,0.081655025,2651.6810034190357,0.017517397,0.0517578125,0.48397875,0.0012769977,4.35002304169558
150.752,0.08209397,2419.0088278142193,0.00744782,0.0517578125,4.6730247,0.0008033664,3.866398444351905
150.784,0.07964773,1951.266295290209,0.0018953542,0.04833984375,4.084569,0.00059759093,3.421743855819631
150.816,0.07833983,1539.5552990009264,0.00090385636,0.046875,0.24359721,0.00084501674,3.033814322350558
150.848,0.074910976,1395.587380320255,0.00059896,0.04638671875,0.09510346,0.0009330875,2.687593331138552
150.88,0.06993823,1304.6817828608675,0.00041643032,0.04638671875,0.35941708,0.0010985088,2.387360061397884
150.912,0.06888627,1197.0903182658428,0.00031962665,0.04638671875,0.5555084,0.00094691914,2.1353957958297203
150.944,0.07957095,1230.980474035066,0.00038819763,0.0556640625,0.33048236,0.0006715788,1.9651363780585425
150.976,0.07565512,2789.560470698214,0.017491223,0.06201171875,0.62973845,0.0012427196,1.871375661678504
151.008,0.06373629,3069.203136236627,0.048188277,0.06591796875,2.1784694,0.0021961166,1.8512791672333315
151.04,0.053092655,2804.78417959781,0.019119278,0.06689453125,11.58953,0.0016189283,1.8896473354744392
151.072,0.05855062,2069.94422332257,0.0036163735,0.05810546875,3.0420294,0.0013164635,1.9913029887108231
151.104,0.06909706,2015.7914887817226,0.0034337246,0.0615234375,0.16187872,0.0009816018,2.152001580187233
151.136,0.07195479,2961.975104728829,0.04025298,0.0634765625,0.2681594,0.0007629586,2.3654047370279354
151.168,0.06408901,3083.317670535177,0.052762464,0.06494140625,1.3321022,0.0010670241,2.604734082961667
151.2,0.053339124,2805.2357381848174,0.015788227,0.06787109375,8.566392,0.0017607483,2.858396948122769
151.232,0.044590324,2337.1220910331053,0.0068036816,0.05908203125,0.90842295,0.0025137386,3.134499130421136
151.264,0.04836508,1845.5608057231034,0.0026596605,0.05322265625,0.15088975,0.002762992,3.4259566755910305
151.296,0.054928742,1623.4425706708503,0.0011274049,0.05078125,0.10218659,0.0017162376,3.7224142220197862
151.328,0.050153516,1522.8362477377677,0.0009324852,0.0478515625,0.37985677,0.0023692441,4.022981992424908
151.36,0.04541411,1411.5913181699145,0.0008170377,0.04638671875,0.2848483,0.0033617034,4.313687789449726
151.392,0.037239634,1391.6191062914927,0.0007727276,0.04541015625,0.50632834,0.0049930424,4.600724711761214
151.424,0.027118979,1292.8068498868743,0.0011099892,0.0439453125,0.6666692,0.008266829,4.888226516119722
151.456,0.030727195,1062.580782925799,0.0008037559,0.04150390625,0.43267846,0.04293503,5.16967040886614
151.488,0.041191738,942.0584496466331,0.00042721265,0.03955078125,1.0270038,0.4978023,5.456681507176162
151.52,0.052905627,949.7387390980551,0.00017555556,0.0380859375,1.5895591,0.90388864,5.752423550217971
151.552,0.05602301,953.1487834162704,0.00013105964,0.037109375,1.7544476,0.8882953,6.057495331656277
151.584,0.0558763,933.4686094194171,9.117668e-05,0.037109375,0.9262225,0.81929797,6.3748348878534555
151.616,0.055953465,914.1873389718951,7.845236e-05,0.03662109375,0.84590745,0.8416916,6.7092036670326785
151.648,0.052435573,922.277667223206,8.504786e-05,0.03662109375,0.5732131,0.9346279,7.073408007638374
151.68,0.04933882,899.5481070780008,8.0271326e-05,0.03662109375,0.37690508,0.97282094,7.468215240233824
151.712,0.046721607,993.7060698269325,0.00017438289,0.0458984375,0.93367827,0.96687156,7.879921165360267
151.744,0.045160767,3138.0610685143793,0.045608543,0.08984375,0.61822283,0.7816629,8.302336509812637
151.776,0.046598006,3429.4800944593335,0.13472424,0.103515625,1.1556728,0.4349222,8.729198622232378
151.808,0.040646516,3233.2404388885016,0.0738045,0.1103515625,17.010824,0.6744679,9.14124156042651
151.84,0.037360094,2758.074516018659,0.021680709,0.10107421875,5.277707,0.8057317,9.535709511377426
151.872,0.04004229,2303.2902484943224,0.009957237,0.06640625,0.35174447,0.5211826,9.916999993187959
151.904,0.04617228,2961.4969376331173,0.067085,0.0654296875,0.1835388,0.5255759,10.284801607383434
151.936,0.041257296,3078.709254996443,0.09582456,0.06640625,0.6026148,0.637532,10.630328893497056
151.968,0.031707928,2753.5898477989685,0.030067224,0.06640625,6.8300385,0.84755045,10.935626686847085
152.0,0.03131747,2178.298372995015,0.0094512785,0.0576171875,0.9490833,0.9236271,11.204615561330323
152.032,0.030985933,1888.236508291438,0.003794628,0.0439453125,0.25311953,0.9098876,11.430668894748136
152.064,0.033301968,1626.382088498453,0.001596496,0.03662109375,0.23997897,0.94707125,11.600571608078381
152.096,0.03762903,1385.2698807908557,0.0008266183,0.03662109375,0.2944396,0.97900814,11.714562665353657
152.128,0.03500938,1230.1464774909396,0.0006615038,0.03662109375,0.1889384,0.93922913,11.776973097668796
152.16,0.032592442,3131.6305759932748,0.04045334,0.11474609375,0.42181212,0.59782577,11.79037913066312
152.192,0.038680844,3702.8692322146153,0.20531286,0.19775390625,0.5698978,0.20940779,11.748745056564463
152.224,0.028145991,3669.7091101298147,0.25284055,0.25390625,10.00743,0.065163925,11.653690839296285
152.256,0.016156899,3209.4778417645257,0.14994895,0.298828125,7.5506682,0.15017103,11.544568740107646
152.288,0.01397562,2851.3832268776387,0.0886294,0.2802734375,0.60491836,0.32511383,11.435137292732946
152.32,0.019717172,3188.9313164864607,0.1875249,0.283203125,0.19890642,0.12280379,11.323017259027495
152.352,0.033917315,3396.981654632903,0.21573347,0.31103515625,0.43901548,0.022852177,11.209303062465832
152.384,0.026619123,3337.3702427179296,0.20998403,0.33642578125,4.1710854,0.027932009,11.08868467473487
152.416,0.018855266,3141.9361584353105,0.15011205,0.3447265625,4.61836,0.070603155,10.975417829860225
152.448,0.016797418,3026.9020445233027,0.11921264,0.31591796875,0.556012,0.10446799,10.867037516018897
152.48,0.015785532,2906.7221714347334,0.10040594,0.28857421875,0.37804875,0.11317184,10.71370703351725
152.512,0.016103346,2689.9556135497205,0.0746527,0.24462890625,0.62237394,0.16423811,10.508340073432455
152.544,0.015936606,2266.7839692642383,0.047118284,0.2158203125,0.7509048,0.17106691,10.282606980382923
152.576,0.0114130825,1907.3743357496496,0.030571772,0.19775390625,0.84056455,0.33587715,10.022025656318014
152.608,0.007108613,2045.694010802649,0.030453194,0.15966796875,1.0833731,0.42960387,9.71023097372513
152.64,0.022844031,1225.1417070053044,0.0030084143,0.13232421875,0.18981892,0.89318913,9.358981839774685
152.672,0.07079486,829.4641996877028,0.00033418986,0.09228515625,0.103647634,0.96047175,9.001417292530807
152.704,0.08929988,809.8349552470191,0.00013802067,0.0517578125,2.9022655,0.9814956,8.652945906340756
152.736,0.08210174,847.1634350859899,0.00010983895,0.03173828125,2.069878,0.9905361,8.292196722395081
152.768,0.08205814,793.2540227161862,8.8476234e-05,0.0322265625,0.4340391,0.9922208,7.92241278753971
152.8,0.077551164,794.3617624423696,8.281518e-05,0.03271484375,0.34360406,0.99201906,7.536955023941258
152.832,0.07251572,810.644499914978,8.434722e-05,0.03271484375,1.0948331,0.9917449,7.126837889699378
152.864,0.075509414,754.6313201443952,7.167712e-05,0.03271484375,0.91270673,0.99309886,6.687658311779436
152.896,0.07320742,741.5864242623301,6.270361e-05,0.03271484375,0.519573,0.99137455,6.2140928152686925
152.928,0.0678947,2404.1936624559567,0.007817721,0.05419921875,0.9372922,0.9615839,5.711705613726058
152.96,0.072058186,3130.8452329269394,0.06268821,0.06494140625,0.7626388,0.7305157,5.230754226395318
152.992,0.06962367,3215.8046642273407,0.057233993,0.07080078125,13.160943,0.7533637,4.821877157289183
153.024,0.06333392,2906.555372737494,0.017698824,0.07373046875,8.701169,0.9063937,4.485434506759488
153.056,0.061590154,2322.5658978851948,0.0055905497,0.05224609375,0.67708975,0.95107585,4.227381076114492
153.088,0.06506192,1888.4990973637712,0.0022711917,0.04736328125,0.24224141,0.97153497,4.047813183820689
153.12,0.07000208,2779.8759050354843,0.020162512,0.0546875,0.24600393,0.9139461,3.9637022832985824
153.152,0.071777,3009.138113611804,0.036518652,0.052734375,0.42057484,0.84512156,3.965806294921281
153.184,0.068961844,2640.7914725895034,0.01047677,0.052734375,6.530708,0.93996793,4.044552710116635
153.216,0.06857441,2059.308358941479,0.0028552625,0.04736328125,2.564265,0.9742327,4.183428675273591
153.248,0.06682995,1698.2258661846963,0.0013166438,0.03466796875,0.19893682,0.98225045,4.3925845788683775
153.28,0.06709829,1469.457847231357,0.00074423355,0.03369140625,0.1718831,0.9857256,4.677811902640186
153.312,0.06645354,1240.4921243054478,0.00058605254,0.03466796875,0.25156742,0.9858368,5.02054131917955
153.344,0.057180665,1160.6016885989955,0.00062165956,0.03515625,0.35409993,0.97208756,5.413432883572895
153.376,0.058877874,1325.4557018344467,0.0008213896,0.044921875,0.6895735,0.91631454,5.8556847015730975
153.408,0.062541924,3042.2731724708856,0.020202013,0.0576171875,0.893451,0.74178666,6.3545866392023225
153.44,0.05980458,3354.2803793771427,0.04356109,0.06103515625,1.3466882,0.5664196,6.896776313891545
153.472,0.059193227,2769.985255779067,0.012421931,0.0625,9.335056,0.40141928,7.4397910466902
153.504,0.058227226,1981.1291084176974,0.0032611832,0.0546875,3.1422515,0.12994695,7.9642300999748175
153.536,0.049867284,1693.1355626673317,0.0029047842,0.06298828125,0.31551206,0.030143466,8.446448133241125
153.568,0.049789086,3116.9705237388807,0.062715344,0.08447265625,0.41858253,0.007287158,8.866428517085414
153.6,0.05553919,3343.525868639027,0.08719194,0.0888671875,0.93800104,0.0061993166,9.19895134977129
153.632,0.0514195,3006.918012577858,0.03051879,0.09521484375,8.510775,0.009200749,9.45412984689561
153.664,0.045746826,2493.8737160598703,0.011912889,0.07568359375,2.431045,0.003345829,9.63865171112941
153.696,0.04295256,2160.727805981976,0.0055518653,0.0537109375,0.4127404,0.002531445,9.758680310691716
153.728,0.042694014,1935.3259871801192,0.0031951068,0.048828125,0.27261052,0.0037098818,9.81281947964538
153.76,0.042181358,1762.727335579504,0.0021958353,0.04248046875,0.27875108,0.0037189815,9.825918509458898
153.792,0.04152702,1584.5820461612448,0.0015498764,0.04248046875,0.36379033,0.0050083767,9.822870011126938
153.824,0.045923125,1424.5595012329513,0.0006655105,0.041015625,0.4650615,0.0028543489,9.80966764782736
153.856,0.048302375,1232.651726904594,0.00037300013,0.04052734375,0.34547958,0.0025959874,9.802473393517364
153.888,0.045673344,1051.8306632738127,0.0003304984,0.03955078125,0.27167445,0.026471581,9.803064401244784
153.92,0.05375705,877.877057443881,0.0001840905,0.03857421875,0.5517731,0.36453748,9.813142717152829
153.952,0.064065844,779.7704284134029,7.2158604e-05,0.03759765625,1.1363277,0.85649914,9.819332605901717
153.984,0.06798154,709.715918226562,3.5096855e-05,0.037109375,1.2417156,0.956213,9.772157801729175
154.016,0.066831104,706.6966015105946,3.3429835e-05,0.03662109375,0.86316925,0.9665818,9.65686396302446
154.048,0.06190817,752.075170008851,4.0691837e-05,0.03662109375,0.3058351,0.98361355,9.526308221078471
154.08,0.05821245,809.2305765401107,5.660672e-05,0.03662109375,0.33151293,0.9232501,9.395236776728039
154.112,0.055834606,833.6068937626874,6.114225e-05,0.03662109375,0.7303556,0.7699821,9.21595888786287
154.144,0.051380847,876.277603016717,7.4806245e-05,0.037109375,1.1361705,0.7709401,8.974851300443467
154.176,0.048730493,908.2499679418585,8.4479034e-05,0.03759765625,0.8506179,0.8527261,8.679376511367042
154.208,0.045630172,833.1855840324861,8.0072845e-05,0.0380859375,0.56379366,0.6203742,8.350278452431272
154.24,0.039934482,851.0589478585262,9.908996e-05,0.0380859375,0.7338991,0.10978279,7.993840365777653
154.272,0.0430888,826.9247083671839,7.3563e-05,0.0380859375,0.84940934,0.06819906,7.622972987571822
154.304,0.04759797,787.6923273121599,6.116555e-05,0.03759765625,0.8398287,0.3854422,7.238942669483229
154.336,0.044214696,811.4802278957571,6.1377374e-05,0.037109375,0.58347964,0.81061345,6.8285288608017
154.368,0.041945696,795.6872161698374,6.45837e-05,0.03759765625,1.0693905,0.8890811,6.39767091512457
154.4,0.03983484,753.5541202450877,7.0297065e-05,0.03759765625,0.7049743,0.56798095,5.955323768147446
154.432,0.035597313,748.614420961885,6.938671e-05,0.03759765625,0.62191904,0.20334603,5.540461118779154
154.464,0.034213264,749.6182958686694,7.5085765e-05,0.03759765625,0.90516865,0.6641639,5.188789616560767
154.496,0.03199772,768.7868825573923,8.1345075e-05,0.03857421875,0.48878905,0.96341395,4.920943819873534
154.528,0.0224212,801.5989561184045,0.000111312445,0.0390625,1.0132765,0.9569852,4.719731783377159
154.56,0.009618241,948.361407634809,0.0004094873,0.04052734375,0.6012331,0.7812066,4.570562980972024
154.592,0.0055505256,1013.8434939440543,0.00092957605,0.0419921875,0.383318,0.73645467,4.500761448516517
154.624,0.0049850903,1005.0847782239266,0.0009616511,0.0439453125,0.3196853,0.4552101,4.511740950432373
154.656,0.0038279253,1033.2548280485694,0.0014912368,0.04443359375,0.4423539,0.5613685,4.60637686887942
154.688,0.003413399,1021.4498789859114,0.0018060425,0.04736328125,0.3837157,0.86792684,4.7664760299180875
154.72,0.003226805,1001.1829243752554,0.0018455435,0.05078125,0.34476113,0.89313996,4.964189328893466
154.752,0.002743376,1082.9116932435982,0.0023040494,0.04296875,0.3643182,0.86579055,5.157089433524275
154.784,0.0035001906,981.5190272135621,0.00140112,0.04345703125,0.4646998,0.91019595,5.326236637727067
154.816,0.0031964886,1039.342550379916,0.0017113683,0.046875,0.5435977,0.9351039,5.490002192362374
154.848,0.0029695996,1080.6245010487999,0.0020789774,0.04736328125,0.51954526,0.94268525,5.650970018706961
154.88,0.0032021608,1095.532620562978,0.0016738232,0.05224609375,0.65798545,0.95287335,5.806320633602301
154.912,0.0027236699,1099.2160183030908,0.0017209911,0.04736328125,0.8630258,0.9523756,5.942710128154067
154.944,0.0025324598,1062.6887179488465,0.0013097172,0.03662109375,0.34349406,0.9656808,6.0737666745140055
154.976,0.0019720672,935.9761031237955,0.00087706506,0.03857421875,0.14448841,0.98057914,6.198224953482953
155.008,0.0012100387,924.0450189916257,0.0011564109,0.04736328125,0.14290795,0.9823148,6.316172573791644
155.04,0.0011537673,1061.7541736853145,0.00152459,0.04833984375,0.0,0.9658122,6.4098633104210725
155.072,0.0013176411,1063.8101592112291,0.0014131649,0.04541015625,0.09878498,0.96528673,6.479087564188937
155.104,0.0019021059,871.2443272209975,0.0007574282,0.0380859375,0.31923658,0.9837651,6.522415819444225
155.136,0.0020302231,791.2781504028658,0.00064639107,0.02734375,0.37548646,0.9903265,6.528602372968558
155.168,0.0017541226,780.7250829663046,0.00070382596,0.02099609375,0.40851974,0.98976284,6.489247716342981
155.2,0.002621732,589.8861872541402,0.00026663745,0.02392578125,0.17887959,0.99700207,6.406888795070789
155.232,0.003027234,506.1769480033388,0.0001466786,0.01806640625,0.0874988,0.99850416,6.307199958785895
155.264,0.0023336874,528.144998112888,0.00018328488,0.01318359375,0.20004104,0.9979178,6.195427829891535
155.296,0.0015941994,585.5522025033687,0.0002718009,0.01513671875,0.07874074,0.9966648,6.050690268241874
155.328,0.0015717368,502.7827319603954,0.00020142202,0.0107421875,0.17524998,0.99756885,5.859621098980439
155.36,0.0014977185,478.4490729851416,0.00017549196,0.00830078125,0.038250595,0.998003,5.619380061206675
155.392,0.0014778101,439.8195886267283,0.0001267522,0.00732421875,0.06908782,0.9985393,5.327660335043297
155.424,0.0009849557,552.1850101628191,0.00023333704,0.00634765625,0.059416547,0.9979861,4.986127055194382
155.456,0.000910333,481.7123681439987,0.00020385848,0.0068359375,0.026384488,0.99858505,4.619555964079106
155.488,0.0009542118,417.66311303791565,0.00013023056,0.00830078125,0.0054231286,0.99942845,4.232829093625865
155.52,0.0009361994,399.72849633076424,0.00010320587,0.00732421875,0.06578298,0.9995021,3.789028448001471
155.552,0.00083425356,398.4103296072786,0.000113126225,0.00732421875,0.053347617,0.99949086,3.346320268334973
155.584,0.0007642031,400.26199741147843,0.0001169693,0.0078125,0.032790318,0.99954444,2.911785262824511
155.616,0.000626304,419.4026101282709,0.00014840103,0.0068359375,0.045804262,0.9994724,2.495398758904307
155.648,0.00071809033,344.73379319941466,9.360047e-05,0.0087890625,0.030901954,0.99964315,2.100084768587623
155.68,0.0005896329,566.9036352094034,0.0005652018,0.0068359375,0.031660393,0.997901,1.7251740030669418
155.712,0.00038620282,966.4795364939209,0.004954273,0.00439453125,0.07252757,0.9845313,1.369238707093212
