time_s,f0_hz,cents_to_nearest_12tet,voiced_probability
0.0,,,0.01
0.032,,,0.01
0.064,,,0.01
0.096,,,0.01
0.128,84.82159539743674,49.99999999999858,0.01
0.16,86.30425076864258,-20.000000000000284,0.01000000000000011
0.192,72.57293509250918,-20.000000000000284,0.01
0.224,72.57293509250918,-20.000000000000284,0.01
0.256,87.30705785825097,-7.105427357601002e-13,0.01
0.288,87.30705785825097,-7.105427357601002e-13,0.01
0.32,87.30705785825097,-7.105427357601002e-13,0.010000000000000439
0.352,87.30705785825097,-7.105427357601002e-13,0.01
0.384,73.4161919793519,-7.105427357601002e-13,0.01000000000000011
0.416,73.4161919793519,-7.105427357601002e-13,0.01
0.448,72.57293509250918,-20.000000000000284,0.01
0.48,85.80717486147108,-29.999999999999716,0.01
0.512,,,0.010000016226422836
0.544,,,0.010037765502929686
0.576,118.57804013471404,29.999999999999005,0.01014004604470407
0.608,118.57804013471404,29.999999999999005,0.010073751764282884
0.64,118.57804013471404,29.999999999999005,0.01014004604470407
0.672,84.82159539743674,49.99999999999858,0.010140046044704068
0.704,65.7852866955572,9.999999999999432,0.010018764509769134
0.736,73.84148765291448,9.999999999999432,0.01010197459374499
0.768,74.26924703925044,19.999999999998863,0.018187375734912182
0.8,74.26924703925044,19.999999999998863,0.092037570812181
0.832,74.26924703925044,19.999999999998863,0.016467587593113005
0.864,74.26924703925044,19.999999999998863,0.04069733156888106
0.896,74.26924703925044,19.999999999998863,0.04768699308253103
0.928,74.26924703925044,19.999999999998863,0.0779752376229482
0.96,74.26924703925044,19.999999999998863,0.2796051653363589
0.992,73.84148765291448,9.999999999999432,0.10857977072874497
1.024,73.84148765291448,9.999999999999432,0.010467533617069903
1.056,73.84148765291448,9.999999999999432,0.011422334250709073
1.088,73.84148765291448,9.999999999999432,0.013980210380185928
1.12,73.84148765291448,9.999999999999432,0.011853505394683415
1.152,73.4161919793519,-7.105427357601002e-13,0.01818737573491218
1.184,73.4161919793519,-7.105427357601002e-13,0.026168028608935755
1.216,73.4161919793519,-7.105427357601002e-13,0.030106861794195004
1.248,73.4161919793519,-7.105427357601002e-13,0.3233360583906408
1.28,72.99334582862124,-10.000000000000142,0.48498680771591124
1.312,72.99334582862124,-10.000000000000142,0.04768699308253105
1.344,,,0.01240312479355135
1.376,,,0.010191075496968311
1.408,,,0.010009025493342984
1.44,73.84148765291448,9.999999999999432,0.010026724673810772
1.472,77.78174593052022,-1.4210854715202004e-12,0.010006178555334078
1.504,77.78174593052022,-1.4210854715202004e-12,0.010018764509769141
1.536,77.78174593052022,-1.4210854715202004e-12,0.010191075496968313
1.568,82.40688922821748,0.0,0.011085791888943373
1.6,73.84148765291448,9.999999999999432,0.016467587593113005
1.632,70.10083450255941,19.999999999999574,0.0229442191246386
1.664,73.4161919793519,-7.105427357601002e-13,0.016467587593113005
1.696,73.4161919793519,-7.105427357601002e-13,0.020317628556360583
1.728,73.4161919793519,-7.105427357601002e-13,0.010140046044704068
1.76,82.40688922821748,0.0,0.010191075496968313
1.792,81.93226047174862,-10.000000000000853,0.010824463728234167
1.824,81.93226047174862,-10.000000000000853,0.011085791888943373
1.856,81.93226047174862,-10.000000000000853,0.015085587297504336
1.888,65.7852866955572,9.999999999999432,0.010349055133375848
1.92,,,0.011853505394683413
1.952,,,0.010622609040911533
1.984,,,0.011085791888943373
2.016,,,0.012403124793551348
2.048,,,0.05607139544589262
2.08,,,0.056071395445892624
2.112,,,0.047686993082531035
2.144,,,0.1279370863012904
2.176,,,0.03489742801962526
2.208,,,0.010004191052795272
2.24,,,0.01010197459374499
2.272,,,0.010622609040911533
2.304,,,0.011085791888943373
2.336,,,0.015085587297504338
2.368,,,0.0229442191246386
2.4,,,0.026168028608935755
2.432,,,0.047686993082531035
2.464,,,0.6159498854580681
2.496,,,0.42606232904328145
2.528,,,0.011853505394683413
2.56,98.56656061031477,9.999999999999432,0.018187375734912182
2.592,98.56656061031477,9.999999999999432,0.026168028608935755
2.624,118.57804013471404,29.999999999999005,0.01019107549696831
2.656,118.57804013471404,29.999999999999005,0.010349055133375844
2.688,118.57804013471404,29.999999999999005,0.011422334250709074
2.72,118.57804013471404,29.999999999999005,0.011422334250709076
2.752,118.57804013471404,29.999999999999005,0.030106861794195014
2.784,118.57804013471404,29.999999999999005,0.06608151270920702
2.816,135.4258854679408,-40.00000000000057,0.013100262550513393
2.848,118.57804013471404,29.999999999999005,0.02031762855636058
2.88,117.89508087899223,19.999999999999574,0.05607139544589262
2.912,117.89508087899223,19.999999999999574,0.013980210380185926
2.944,118.57804013471404,29.999999999999005,0.010259050559778863
2.976,118.57804013471404,29.999999999999005,0.010191075496968311
3.008,118.57804013471404,29.999999999999005,0.010037765502929688
3.04,118.57804013471404,29.999999999999005,0.010052967545965857
3.072,84.82159539743674,49.99999999999858,0.010037765502929686
3.104,65.7852866955572,9.999999999999432,0.010006178555334077
3.136,73.84148765291448,9.999999999999432,0.010037765502929692
3.168,74.26924703925044,19.999999999998863,0.015085587297504338
3.2,74.26924703925044,19.999999999998863,0.07797523762294818
3.232,74.26924703925044,19.999999999998863,0.01508558729750434
3.264,74.26924703925044,19.999999999998863,0.04069733156888106
3.296,74.26924703925044,19.999999999998863,0.056071395445892624
3.328,74.26924703925044,19.999999999998863,0.07797523762294815
3.36,74.26924703925044,19.999999999998863,0.24075439447557426
3.392,73.84148765291448,9.999999999999432,0.09203757081218103
3.424,73.84148765291448,9.999999999999432,0.010467533617069907
3.456,73.84148765291448,9.999999999999432,0.012403124793551344
3.488,73.84148765291448,9.999999999999432,0.015085587297504336
3.52,73.84148765291448,9.999999999999432,0.013980210380185928
3.552,73.84148765291448,9.999999999999432,0.02616802860893575
3.584,73.4161919793519,-7.105427357601002e-13,0.026168028608935755
3.616,73.4161919793519,-7.105427357601002e-13,0.034897428019625275
3.648,72.99334582862124,-10.000000000000142,0.32333605839064083
3.68,72.99334582862124,-10.000000000000142,0.5485250542599844
3.712,72.99334582862124,-10.000000000000142,0.04768699308253103
3.744,82.40688922821748,0.0,0.011422334250709074
3.776,87.30705785825097,-7.105427357601002e-13,0.01010197459374499
3.808,87.30705785825097,-7.105427357601002e-13,0.01002672467381077
3.84,73.84148765291448,9.999999999999432,0.010037765502929692
3.872,77.78174593052022,-1.4210854715202004e-12,0.010006178555334078
3.904,77.78174593052022,-1.4210854715202004e-12,0.010018764509769141
3.936,77.78174593052022,-1.4210854715202004e-12,0.010140046044704068
3.968,77.78174593052022,-1.4210854715202004e-12,0.010622609040911534
4.0,70.10083450255941,19.999999999999574,0.016467587593113005
4.032,70.10083450255941,19.999999999999574,0.020317628556360583
4.064,73.4161919793519,-7.105427357601002e-13,0.01646758759311301
4.096,73.4161919793519,-7.105427357601002e-13,0.022944219124638607
4.128,73.4161919793519,-7.105427357601002e-13,0.01010197459374499
4.16,81.93226047174862,-10.000000000000853,0.010101974593744992
4.192,81.93226047174862,-10.000000000000853,0.010824463728234165
4.224,81.93226047174862,-10.000000000000853,0.011085791888943373
4.256,81.93226047174862,-10.000000000000853,0.016467587593113005
4.288,65.40639132514966,0.0,0.010349055133375843
4.32,,,0.011422334250709076
4.352,,,0.010467533617069905
4.384,,,0.010824463728234167
4.416,,,0.011422334250709074
4.448,,,0.04768699308253103
4.48,,,0.04768699308253103
4.512,,,0.047686993082531035
4.544,,,0.12793708630129036
4.576,,,0.03010686179419501
4.608,,,0.0100028158258111
4.64,,,0.01010197459374499
4.672,,,0.010824463728234165
4.704,,,0.011422334250709074
4.736,,,0.013100262550513395
4.768,,,0.013980210380185926
4.8,,,0.013980210380185926
4.832,,,0.020317628556360583
4.864,,,0.5485250542599844
4.896,,,0.27960516533635893
4.928,,,0.010191075496968311
4.96,98.56656061031477,9.999999999999432,0.020317628556360587
4.992,98.56656061031477,9.999999999999432,0.034897428019625254
5.024,118.57804013471404,29.999999999999005,0.01019107549696831
5.056,118.57804013471404,29.999999999999005,0.010259050559778861
5.088,118.57804013471404,29.999999999999005,0.010824463728234167
5.12,118.57804013471404,29.999999999999005,0.010622609040911533
5.152,118.57804013471404,29.999999999999005,0.030106861794195007
5.184,118.57804013471404,29.999999999999005,0.05607139544589261
5.216,118.57804013471404,29.999999999999005,0.011085791888943373
5.248,118.57804013471404,29.999999999999005,0.018187375734912182
5.28,117.89508087899223,19.999999999999574,0.047686993082531035
5.312,117.89508087899223,19.999999999999574,0.015085587297504338
5.344,118.57804013471404,29.999999999999005,0.010467533617069905
5.376,118.57804013471404,29.999999999999005,0.010349055133375841
5.408,118.57804013471404,29.999999999999005,0.01010197459374499
5.44,118.57804013471404,29.999999999999005,0.01010197459374499
5.472,84.82159539743674,49.99999999999858,0.010037765502929686
5.504,65.7852866955572,9.999999999999432,0.010009025493342986
5.536,74.26924703925044,19.999999999998863,0.010037765502929688
5.568,74.26924703925044,19.999999999998863,0.013980210380185928
5.6,74.26924703925044,19.999999999998863,0.05607139544589262
5.632,74.26924703925044,19.999999999998863,0.015085587297504336
5.664,74.26924703925044,19.999999999998863,0.04069733156888104
5.696,74.26924703925044,19.999999999998863,0.04768699308253103
5.728,74.26924703925044,19.999999999998863,0.07797523762294817
5.76,74.26924703925044,19.999999999998863,0.17653060863289757
5.792,73.84148765291448,9.999999999999432,0.05607139544589262
5.824,73.84148765291448,9.999999999999432,0.010349055133375846
5.856,73.84148765291448,9.999999999999432,0.011853505394683413
5.888,73.84148765291448,9.999999999999432,0.016467587593113005
5.92,73.84148765291448,9.999999999999432,0.012403124793551346
5.952,73.84148765291448,9.999999999999432,0.02031762855636058
5.984,73.4161919793519,-7.105427357601002e-13,0.018187375734912185
6.016,72.99334582862124,-10.000000000000142,0.022944219124638596
6.048,72.99334582862124,-10.000000000000142,0.3233360583906408
6.08,72.99334582862124,-10.000000000000142,0.5485250542599845
6.112,72.99334582862124,-10.000000000000142,0.034897428019625254
6.144,,,0.011422334250709074
6.176,,,0.01010197459374499
6.208,,,0.010026724673810768
6.24,73.84148765291448,9.999999999999432,0.010018764509769138
6.272,77.78174593052022,-1.4210854715202004e-12,0.010004191052795269
6.304,77.78174593052022,-1.4210854715202004e-12,0.010026724673810767
6.336,77.78174593052022,-1.4210854715202004e-12,0.010140046044704068
6.368,82.40688922821748,0.0,0.010824463728234167
6.4,70.10083450255941,19.999999999999574,0.016467587593113005
6.432,70.10083450255941,19.999999999999574,0.026168028608935762
6.464,69.6970834057884,9.999999999999432,0.013980210380185928
6.496,73.4161919793519,-7.105427357601002e-13,0.015085587297504338
6.528,73.4161919793519,-7.105427357601002e-13,0.010191075496968311
6.56,81.93226047174862,-10.000000000000853,0.010349055133375843
6.592,81.93226047174862,-10.000000000000853,0.011853505394683415
6.624,81.93226047174862,-10.000000000000853,0.011853505394683411
6.656,81.93226047174862,-10.000000000000853,0.01646758759311301
6.688,65.7852866955572,9.999999999999432,0.010467533617069905
6.72,,,0.012403124793551346
6.752,,,0.010622609040911533
6.784,,,0.010622609040911531
6.816,,,0.01240312479355135
6.848,,,0.047686993082531035
6.88,,,0.04768699308253103
6.912,,,0.04768699308253103
6.944,,,0.10857977072874497
6.976,,,0.034897428019625254
7.008,,,0.010001873046012553
7.04,,,0.010259050559778863
7.072,,,0.011853505394683415
7.104,,,0.013100262550513397
7.136,,,0.026168028608935752
7.168,,,0.0229442191246386
7.2,,,0.0229442191246386
7.232,,,0.04768699308253103
7.264,,,0.6860828109301794
7.296,,,0.42606232904328145
7.328,,,0.010824463728234167
7.36,98.56656061031477,9.999999999999432,0.018187375734912182
7.392,98.56656061031477,9.999999999999432,0.026168028608935752
7.424,118.57804013471404,29.999999999999005,0.010140046044704068
7.456,118.57804013471404,29.999999999999005,0.010259050559778864
7.488,118.57804013471404,29.999999999999005,0.011422334250709074
7.52,118.57804013471404,29.999999999999005,0.011085791888943375
7.552,118.57804013471404,29.999999999999005,0.03010686179419501
7.584,118.57804013471404,29.999999999999005,0.06608151270920701
7.616,118.57804013471404,29.999999999999005,0.012403124793551346
7.648,118.57804013471404,29.999999999999005,0.02031762855636058
7.68,117.89508087899223,19.999999999999574,0.04768699308253103
7.712,117.89508087899223,19.999999999999574,0.030106861794195007
7.744,117.89508087899223,19.999999999999574,0.012403124793551348
7.776,98.56656061031477,9.999999999999432,0.010349055133375846
7.808,98.56656061031477,9.999999999999432,0.010140046044704068
7.84,84.82159539743674,49.99999999999858,0.011853505394683415
7.872,73.84148765291448,9.999999999999432,0.10857977072874496
7.904,73.84148765291448,9.999999999999432,0.15046460134333883
7.936,73.84148765291448,9.999999999999432,0.04768699308253103
7.968,74.26924703925044,19.999999999998863,0.12793708630129036
8.0,74.26924703925044,19.999999999998863,0.17653060863289763
8.032,74.26924703925044,19.999999999998863,0.03489742801962527
8.064,74.26924703925044,19.999999999998863,0.15046460134333883
8.096,74.26924703925044,19.999999999998863,0.20650679911775227
8.128,74.26924703925044,19.999999999998863,0.3233360583906407
8.16,74.26924703925044,19.999999999998863,0.615949885458068
8.192,73.84148765291448,9.999999999999432,0.6159498854580682
8.224,73.84148765291448,9.999999999999432,0.15046460134333878
8.256,73.84148765291448,9.999999999999432,0.17653060863289757
8.288,73.84148765291448,9.999999999999432,0.279605165336359
8.32,73.84148765291448,9.999999999999432,0.030106861794195014
8.352,73.4161919793519,-7.105427357601002e-13,0.056071395445892624
8.384,73.4161919793519,-7.105427357601002e-13,0.06608151270920701
8.416,73.4161919793519,-7.105427357601002e-13,0.0779752376229482
8.448,73.4161919793519,-7.105427357601002e-13,0.24075439447557437
8.48,72.99334582862124,-10.000000000000142,0.3721358982975087
8.512,72.99334582862124,-10.000000000000142,0.4849868077159113
8.544,77.78174593052022,-1.4210854715202004e-12,0.06608151270920704
8.576,77.78174593052022,-1.4210854715202004e-12,0.040697331568881064
8.608,77.78174593052022,-1.4210854715202004e-12,0.04768699308253102
8.64,77.78174593052022,-1.4210854715202004e-12,0.12793708630129036
8.672,77.78174593052022,-1.4210854715202004e-12,0.15046460134333883
8.704,77.78174593052022,-1.4210854715202004e-12,0.1765306086328976
8.736,73.84148765291448,9.999999999999432,0.3721358982975087
8.768,77.78174593052022,-1.4210854715202004e-12,0.37213589829750876
8.8,77.78174593052022,-1.4210854715202004e-12,0.6159498854580681
8.832,77.78174593052022,-1.4210854715202004e-12,0.2407543944755743
8.864,77.78174593052022,-1.4210854715202004e-12,0.27960516533635893
8.896,73.4161919793519,-7.105427357601002e-13,0.17653060863289755
8.928,73.4161919793519,-7.105427357601002e-13,0.15046460134333883
8.96,72.99334582862124,-10.000000000000142,0.17653060863289757
8.992,72.99334582862124,-10.000000000000142,0.1504646013433388
9.024,72.99334582862124,-10.000000000000142,0.20650679911775224
9.056,72.99334582862124,-10.000000000000142,0.5485250542599844
9.088,72.99334582862124,-10.000000000000142,0.04768699308253103
9.12,72.99334582862124,-10.000000000000142,0.011422334250709073
9.152,,,0.010009025493342986
9.184,,,0.010073751764282884
9.216,,,0.012403124793551348
9.248,,,0.01646758759311301
9.28,65.7852866955572,9.999999999999432,0.013100262550513397
9.312,65.7852866955572,9.999999999999432,0.01508558729750434
9.344,65.7852866955572,9.999999999999432,0.07797523762294818
9.376,65.7852866955572,9.999999999999432,0.092037570812181
9.408,65.7852866955572,9.999999999999432,0.011422334250709073
9.44,,,0.010467533617069905
9.472,,,0.020317628556360583
9.504,117.89508087899223,19.999999999999574,0.07797523762294817
9.536,117.89508087899223,19.999999999999574,0.03489742801962526
9.568,118.57804013471404,29.999999999999005,0.04069733156888105
9.6,118.57804013471404,29.999999999999005,0.020317628556360587
9.632,118.57804013471404,29.999999999999005,0.018187375734912182
9.664,118.57804013471404,29.999999999999005,0.047686993082531035
9.696,98.56656061031477,9.999999999999432,0.010004191052795269
9.728,98.56656061031477,9.999999999999432,0.01000000521622945
9.76,,,0.010259050559778863
9.792,,,0.012403124793551348
9.824,,,0.010622609040911533
9.856,,,0.010191075496968311
9.888,,,0.010001873046012551
9.92,,,0.011085791888943375
9.952,146.8323839587038,-7.105427357601002e-13,0.066081512709207
9.984,146.8323839587038,-7.105427357601002e-13,0.24075439447557434
10.016,146.8323839587038,-7.105427357601002e-13,0.1765306086328976
10.048,146.8323839587038,-7.105427357601002e-13,0.27960516533635893
10.08,146.8323839587038,-7.105427357601002e-13,0.32333605839064083
10.112,146.8323839587038,-7.105427357601002e-13,0.1504646013433388
10.144,146.8323839587038,-7.105427357601002e-13,0.01010197459374499
10.176,119.95585059317834,50.0,0.01000032860450166
10.208,119.26495573315601,39.99999999999915,0.010006178555334078
10.24,117.89508087899223,19.999999999999574,0.010073751764282882
10.272,83.8473362790669,29.999999999999005,0.011853505394683411
10.304,73.4161919793519,-7.105427357601002e-13,0.01818737573491218
10.336,73.4161919793519,-7.105427357601002e-13,0.013980210380185926
10.368,73.4161919793519,-7.105427357601002e-13,0.010622609040911533
10.4,73.4161919793519,-7.105427357601002e-13,0.018187375734912185
10.432,73.4161919793519,-7.105427357601002e-13,0.022944219124638596
10.464,73.4161919793519,-7.105427357601002e-13,0.05607139544589263
10.496,72.99334582862124,-10.000000000000142,0.018187375734912185
10.528,72.99334582862124,-10.000000000000142,0.012403124793551348
10.56,72.15494574405967,-30.000000000001137,0.010467533617069905
10.592,73.84148765291448,9.999999999999432,0.010191075496968311
10.624,74.26924703925044,19.999999999998863,0.010018764509769138
10.656,74.26924703925044,19.999999999998863,0.010052967545965857
10.688,74.26924703925044,19.999999999998863,0.010191075496968311
10.72,74.69948441050268,29.999999999999716,0.010349055133375844
10.752,73.4161919793519,-7.105427357601002e-13,0.011085791888943373
10.784,73.4161919793519,-7.105427357601002e-13,0.010622609040911531
10.816,73.4161919793519,-7.105427357601002e-13,0.010467533617069903
10.848,73.84148765291448,9.999999999999432,0.06608151270920701
10.88,73.84148765291448,9.999999999999432,0.2407543944755743
10.912,70.10083450255941,19.999999999999574,0.010140046044704068
10.944,87.81282249923147,9.999999999999432,0.01002672467381077
10.976,87.81282249923147,9.999999999999432,0.010052967545965859
11.008,87.81282249923147,9.999999999999432,0.010073751764282886
11.04,71.32617550580554,-50.0,0.010006178555334078
11.072,,,0.01000032860450166
11.104,,,0.010009025493342986
11.136,,,0.010052967545965857
11.168,78.68552628393921,20.000000000000284,0.010052967545965855
11.2,65.7852866955572,9.999999999999432,0.010018764509769138
11.232,73.84148765291448,9.999999999999432,0.010140046044704068
11.264,73.84148765291448,9.999999999999432,0.010101974593744987
11.296,73.84148765291448,9.999999999999432,0.01508558729750434
11.328,73.84148765291448,9.999999999999432,0.010009025493342986
11.36,81.46036537576103,-20.000000000000284,0.010001873046012551
11.392,82.40688922821748,0.0,0.010259050559778864
11.424,82.40688922821748,0.0,0.01108579188894337
11.456,82.40688922821748,0.0,0.030106861794195007
11.488,65.7852866955572,9.999999999999432,0.018187375734912182
11.52,65.7852866955572,9.999999999999432,0.010191075496968311
11.552,65.7852866955572,9.999999999999432,0.010000127845232541
11.584,73.4161919793519,-7.105427357601002e-13,0.010018764509769141
11.616,,,0.010622609040911533
11.648,,,0.010191075496968311
11.68,,,0.010013068846238973
11.712,,,0.010013068846238976
11.744,,,0.016467587593113012
11.776,,,0.010467533617069907
11.808,,,0.010000000101429395
11.84,,,0.01000000000061386
11.872,295.3659506116579,9.999999999998721,0.01000032860450166
11.904,293.6647679174075,-7.105427357601002e-13,0.010467533617069905
11.936,293.6647679174075,-7.105427357601002e-13,0.05607139544589261
11.968,295.3659506116579,9.999999999998721,0.20650679911775233
12.0,295.3659506116579,9.999999999998721,0.24075439447557426
12.032,295.3659506116579,9.999999999998721,0.15046460134333878
12.064,295.3659506116579,9.999999999998721,0.3721358982974879
12.096,293.6647679174075,-7.105427357601002e-13,0.01818737571595804
12.128,,,0.010000000417925077
12.16,,,0.010101974593744987
12.192,,,0.011422334250703029
12.224,146.8323839587038,-7.105427357601002e-13,0.010073751764282882
12.256,136.9994584594705,-20.000000000000284,0.01000419105279527
12.288,127.08879665595002,-50.0,0.01000419105279527
12.32,124.90548719779652,19.999999999998863,0.010006178555334078
12.352,117.21605517913326,9.999999999999432,0.010349055133375846
12.384,145.9866916572425,-10.000000000000142,0.020317628556360583
12.416,146.8323839587038,-7.105427357601002e-13,0.12793708630129036
12.448,146.8323839587038,-7.105427357601002e-13,0.12793708630129036
12.48,146.8323839587038,-7.105427357601002e-13,0.06608151270920701
12.512,146.8323839587038,-7.105427357601002e-13,0.01646758759311301
12.544,125.62905732418486,29.999999999999716,0.010006178555334077
12.576,125.62905732418486,29.999999999999716,0.01002672467381077
12.608,,,0.01000032860450166
12.64,,,0.010000078102280324
12.672,73.4161919793519,-7.105427357601002e-13,0.01000032860450166
12.704,73.4161919793519,-7.105427357601002e-13,0.010349055133375846
12.736,73.4161919793519,-7.105427357601002e-13,0.010018764509769136
12.768,73.4161919793519,-7.105427357601002e-13,0.010467533617069903
12.8,73.4161919793519,-7.105427357601002e-13,0.026168028608935755
12.832,73.4161919793519,-7.105427357601002e-13,0.066081512709207
12.864,73.4161919793519,-7.105427357601002e-13,0.3721358982975087
12.896,73.4161919793519,-7.105427357601002e-13,0.2407543944755743
12.928,73.4161919793519,-7.105427357601002e-13,0.20650679911775227
12.96,73.4161919793519,-7.105427357601002e-13,0.15046460134333886
12.992,73.4161919793519,-7.105427357601002e-13,0.12793708630129036
13.024,73.4161919793519,-7.105427357601002e-13,0.02031762855636058
13.056,73.4161919793519,-7.105427357601002e-13,0.016467587593113005
13.088,73.4161919793519,-7.105427357601002e-13,0.018187375734912182
13.12,73.84148765291448,9.999999999999432,0.022944219124638603
13.152,73.4161919793519,-7.105427357601002e-13,0.030106861794195007
13.184,73.4161919793519,-7.105427357601002e-13,0.013100262550513397
13.216,78.68552628393921,20.000000000000284,0.010349055133375844
13.248,74.26924703925044,19.999999999998863,0.12793708630129036
13.28,74.26924703925044,19.999999999998863,0.42606232904328145
13.312,74.69948441050268,29.999999999999716,0.01646758759311301
13.344,77.78174593052022,-1.4210854715202004e-12,0.010037765502929688
13.376,85.80717486147108,-29.999999999999716,0.010000802780927253
13.408,86.80420620725056,-10.000000000000142,0.010000206339031342
13.44,72.99334582862124,-10.000000000000142,0.010000516719604524
13.472,77.78174593052022,-1.4210854715202004e-12,0.010000009287486632
13.504,77.33375603922921,-10.000000000000853,0.0100000470079773
13.536,73.4161919793519,-7.105427357601002e-13,0.010001232964986118
13.568,73.4161919793519,-7.105427357601002e-13,0.010000802780927255
13.6,73.4161919793519,-7.105427357601002e-13,0.010101974593744987
13.632,73.84148765291448,9.999999999999432,0.010001232964986118
13.664,,,0.010000802780927255
13.696,,,0.010259050559778861
13.728,,,0.010824463728234169
13.76,,,0.010073751764282882
13.792,,,0.01002672467381077
13.824,,,0.0100028158258111
13.856,,,0.010001232964986118
13.888,,,0.010000127845232541
13.92,,,0.01001876450976914
13.952,,,0.010349055133375844
13.984,,,0.01818737573491218
14.016,,,0.013100262550513395
14.048,,,0.0100028158258111
14.08,,,0.011085791888943373
14.112,,,0.034897428019625254
14.144,,,0.10857977072874499
14.176,,,0.09203757081218102
14.208,,,0.010349055133375844
14.24,,,0.010000127845232541
14.272,,,0.010000000814014906
14.304,,,0.010000016226422836
14.336,,,0.010000002871100366
14.368,,,0.010000000814014906
14.4,,,0.010259050559778863
14.432,,,0.02616802860893576
14.464,,,0.32333605839064083
14.496,,,0.04768699308253103
14.528,97.99885899543732,0.0,0.010349055133375844
14.56,110.63722351746388,9.999999999999432,0.01001876450976914
14.592,110.63722351746388,9.999999999999432,0.013980210380185928
14.624,114.5388367788287,-30.000000000001137,0.010001232964986121
14.656,119.95585059317834,50.0,0.01000419105279527
14.688,119.95585059317834,50.0,0.010006178555334077
14.72,146.8323839587038,-7.105427357601002e-13,0.010013068846238973
14.752,146.8323839587038,-7.105427357601002e-13,0.010037765502929688
14.784,146.8323839587038,-7.105427357601002e-13,0.011853505394683413
14.816,146.8323839587038,-7.105427357601002e-13,0.12793708630129036
14.848,146.8323839587038,-7.105427357601002e-13,0.17653060863289757
14.88,146.8323839587038,-7.105427357601002e-13,0.15046460134333883
14.912,146.8323839587038,-7.105427357601002e-13,0.026168028608935752
14.944,145.9866916572425,-10.000000000000142,0.01010197459374499
14.976,117.89508087899223,19.999999999999574,0.010001232964986118
15.008,117.89508087899223,19.999999999999574,0.010002815825811102
15.04,117.21605517913326,9.999999999999432,0.010004191052795269
15.072,83.8473362790669,29.999999999999005,0.010073751764282886
15.104,72.99334582862124,-10.000000000000142,0.010191075496968311
15.136,73.4161919793519,-7.105427357601002e-13,0.01001876450976914
15.168,66.16637698451642,20.000000000000284,0.010073751764282884
15.2,66.16637698451642,20.000000000000284,0.010259050559778861
15.232,73.4161919793519,-7.105427357601002e-13,0.010191075496968315
15.264,73.4161919793519,-7.105427357601002e-13,0.011085791888943373
15.296,73.4161919793519,-7.105427357601002e-13,0.022944219124638603
15.328,73.4161919793519,-7.105427357601002e-13,0.10857977072874496
15.36,73.4161919793519,-7.105427357601002e-13,0.24075439447557428
15.392,73.4161919793519,-7.105427357601002e-13,0.07797523762294815
15.424,73.4161919793519,-7.105427357601002e-13,0.013980210380185926
15.456,74.26924703925044,19.999999999998863,0.010259050559778861
15.488,74.69948441050268,29.999999999999716,0.010622609040911531
15.52,74.26924703925044,19.999999999998863,0.010824463728234167
15.552,73.84148765291448,9.999999999999432,0.01142233425070907
15.584,72.99334582862124,-10.000000000000142,0.010349055133375841
15.616,72.99334582862124,-10.000000000000142,0.012403124793551348
15.648,72.99334582862124,-10.000000000000142,0.047686993082531035
15.68,72.99334582862124,-10.000000000000142,0.1765306086328976
15.712,73.4161919793519,-7.105427357601002e-13,0.026168028608935755
15.744,77.78174593052022,-1.4210854715202004e-12,0.01010197459374499
15.776,83.3644111580719,19.999999999999574,0.010009025493342986
15.808,83.8473362790669,29.999999999999005,0.0100028158258111
15.84,73.4161919793519,-7.105427357601002e-13,0.01000419105279527
15.872,72.57293509250918,-20.000000000000284,0.010000027850262288
15.904,73.4161919793519,-7.105427357601002e-13,0.010000078102280326
15.936,72.99334582862124,-10.000000000000142,0.010001873046012551
15.968,72.57293509250918,-20.000000000000284,0.010018764509769141
16.0,72.99334582862124,-10.000000000000142,0.01240312479169085
16.032,72.99334582862124,-10.000000000000142,0.013100262550513395
16.064,73.4161919793519,-7.105427357601002e-13,0.022944219124638603
16.096,73.4161919793519,-7.105427357601002e-13,0.04069733156888104
16.128,73.4161919793519,-7.105427357601002e-13,0.013100262550513397
16.16,73.84148765291448,9.999999999999432,0.010009025493342986
16.192,84.33305895682803,39.99999999999915,0.010009025493342986
16.224,84.33305895682803,39.99999999999915,0.010191075496968308
16.256,84.33305895682803,39.99999999999915,0.011422334250709073
16.288,73.84148765291448,9.999999999999432,0.010259050559778863
16.32,65.40639132514966,0.0,0.010009025493342984
16.352,66.16637698451642,20.000000000000284,0.010000802780927255
16.384,66.16637698451642,20.000000000000284,0.01001876450976914
16.416,,,0.010006178555334077
16.448,,,0.010073751764282884
16.48,,,0.01646758759311301
16.512,,,0.04069733156888105
16.544,,,0.09203757081218102
16.576,,,0.06608151270920702
16.608,,,0.010052967545965857
16.64,,,0.01000000287110037
16.672,,,0.010000000009505967
16.704,,,0.01000000287110037
16.736,,,0.010000000417925078
16.768,,,0.010000328604501658
16.8,,,0.011085791888943375
16.832,,,0.018187375734912182
16.864,109.3664466199302,-10.000000000000853,0.2796051653363589
16.896,109.99999999999999,-1.4210854715202004e-12,0.010467533617069908
16.928,98.56656061031477,9.999999999999432,0.010000127845232543
16.96,100.28947374140385,39.99999999999915,0.010073751764282882
16.992,99.71184887709214,29.999999999999005,0.010191075496968311
17.024,147.68297530582896,9.999999999999432,0.010101974593744989
17.056,146.8323839587038,-7.105427357601002e-13,0.010073751764282884
17.088,146.8323839587038,-7.105427357601002e-13,0.010026724673810772
17.12,146.8323839587038,-7.105427357601002e-13,0.010052967545965857
17.152,146.8323839587038,-7.105427357601002e-13,0.01001876450976914
17.184,146.8323839587038,-7.105427357601002e-13,0.010824463728234167
17.216,146.8323839587038,-7.105427357601002e-13,0.04069733156888106
17.248,146.8323839587038,-7.105427357601002e-13,0.04768699308253103
17.28,146.8323839587038,-7.105427357601002e-13,0.030106861794195007
17.312,146.8323839587038,-7.105427357601002e-13,0.013100262550513397
17.344,131.5705733911144,9.999999999999432,0.01000032860450166
17.376,97.43442710125966,-10.000000000000853,0.01000012784523254
17.408,97.99885899543732,0.0,0.0100028158258111
17.44,97.99885899543732,0.0,0.010013068846238978
17.472,78.68552628393921,20.000000000000284,0.17653060863289757
17.504,78.68552628393921,20.000000000000284,0.20650679911775224
17.536,78.68552628393921,20.000000000000284,0.15046460134333886
17.568,73.84148765291448,9.999999999999432,0.5485250542599845
17.6,72.99334582862124,-10.000000000000142,0.24075439447557428
17.632,74.69948441050268,29.999999999999716,0.04768699308253102
17.664,70.50692450564009,29.999999999999005,0.013100262550513397
17.696,70.10083450255941,19.999999999999574,0.020317628556360587
17.728,69.6970834057884,9.999999999999432,0.056071395445892624
17.76,69.6970834057884,9.999999999999432,0.20650679911775227
17.792,69.6970834057884,9.999999999999432,0.15046460134333883
17.824,69.6970834057884,9.999999999999432,0.03489742801962526
17.856,70.10083450255941,19.999999999999574,0.022944219124638603
17.888,70.10083450255941,19.999999999999574,0.04069733156888106
17.92,70.10083450255941,19.999999999999574,0.030106861794195014
17.952,70.10083450255941,19.999999999999574,0.013980210380185928
17.984,69.6970834057884,9.999999999999432,0.016467587593113005
18.016,69.6970834057884,9.999999999999432,0.010349055133375844
18.048,79.1413469005951,29.999999999999716,0.010052967545965855
18.08,,,0.01002672467381077
18.112,,,0.010026724673810768
18.144,70.50692450564009,29.999999999999005,0.010006178555334077
18.176,70.91536696417685,39.99999999999915,0.010037765502929688
18.208,70.10083450255941,19.999999999999574,0.010824463728234165
18.24,70.50692450564009,29.999999999999005,0.04768699308253103
18.272,75.13221412149176,39.99999999999915,0.15046460134333883
18.304,69.29565774421802,0.0,0.011853505394683413
18.336,84.33305895682803,39.99999999999915,0.010073751764282882
18.368,83.3644111580719,19.999999999999574,0.01014004604470407
18.4,82.88426748110167,10.000000000000142,0.011085791888943373
18.432,82.40688922821748,0.0,0.092037570812181
18.464,82.40688922821748,0.0,0.1765306086328976
18.496,82.40688922821748,0.0,0.1279370863012904
18.528,81.93226047174862,-10.000000000000853,0.04069733156888106
18.56,,,0.010073751764282884
18.592,,,0.011422334250709074
18.624,,,0.011422334250709073
18.656,,,0.010622609040911533
18.688,,,0.010013068846238975
18.72,,,0.010000206339031339
18.752,,,0.010052967545965855
18.784,,,0.010259050559778864
18.816,,,0.013980210380185928
18.848,,,0.01646758759311301
18.88,,,0.010052967545965855
18.912,,,0.011085791888943373
18.944,,,0.012403124793551346
18.976,,,0.020317628556360583
19.008,,,0.01001876450976914
19.04,297.0769881570017,19.999999999998153,0.0100028158258111
19.072,295.3659506116579,9.999999999998721,0.013980210380185928
19.104,293.6647679174075,-7.105427357601002e-13,0.047686993082531035
19.136,293.6647679174075,-7.105427357601002e-13,0.3233360583906409
19.168,293.6647679174075,-7.105427357601002e-13,0.5485250542599847
19.2,293.6647679174075,-7.105427357601002e-13,0.5485250542599845
19.232,293.6647679174075,-7.105427357601002e-13,0.018187375734912182
19.264,295.3659506116579,9.999999999998721,0.010009025493342986
19.296,254.17759331190004,-50.0,0.010000005216229449
19.328,252.71363809934766,39.99999999999915,0.010000000814014908
19.36,252.71363809934766,39.99999999999915,0.010000001546554298
19.392,280.40333801023763,19.999999999999574,0.01000032860450166
19.424,278.7883336231537,10.000000000000142,0.010000516719604524
19.456,,,0.010000802780927255
19.488,282.02769802256034,29.999999999999005,0.011422334250709073
19.52,291.9733833144849,-10.000000000000142,0.1279370863012904
19.552,291.9733833144849,-10.000000000000142,0.3233360583906409
19.584,291.9733833144849,-10.000000000000142,0.6159498854580681
19.616,291.9733833144849,-10.000000000000142,0.5485250542599844
19.648,291.9733833144849,-10.000000000000142,0.5485250542599845
19.68,291.9733833144849,-10.000000000000142,0.37213589829750876
19.712,291.9733833144849,-10.000000000000142,0.013980210380185928
19.744,,,0.01000020633903134
19.776,,,0.01000000928748663
19.808,,,0.01000020633903134
19.84,,,0.010001873046012551
19.872,,,0.010000516719604524
19.904,,,0.010000000101429396
19.936,,,0.01
19.968,,,0.0100000000000754
20.0,,,0.010000000814014906
20.032,,,0.010000000001606035
20.064,,,0.010000000001606033
20.096,,,0.010000000021701592
20.128,,,0.010000001546554295
20.16,,,0.010000027850262286
20.192,,,0.010000078102280324
20.224,,,0.010000001546554296
20.256,,,0.010000005216229449
20.288,,,0.010140046044704068
20.32,,,0.011853505394683411
20.352,,,0.01019107549696831
20.384,,,0.01000419105279527
20.416,,,0.010000016226422838
20.448,,,0.010000027850262286
20.48,,,0.0100028158258111
20.512,,,0.01000123296498612
20.544,,,0.01010197459374499
20.576,,,0.013100262550513395
20.608,,,0.026168028608935755
20.64,,,0.01000000928748663
20.672,,,0.010000328604501662
20.704,,,0.010000009287486629
20.736,,,0.010000005216229447
20.768,,,0.010000078102280324
20.8,,,0.010000016226422838
20.832,,,0.010018764509769138
20.864,,,0.011422334250709074
20.896,,,0.092037570812181
20.928,,,0.010009025493342986
20.96,,,0.010000016226422838
20.992,,,0.010000000009505967
21.024,74.69948441050268,29.999999999999716,0.010000001546554295
21.056,74.69948441050268,29.999999999999716,0.010000027850262284
21.088,74.69948441050268,29.999999999999716,0.010009025493342986
21.12,72.15494574405967,-30.000000000001137,0.010349055133375844
21.152,71.32617550580554,-50.0,0.010191075496968311
21.184,73.4161919793519,-7.105427357601002e-13,0.011853505394683413
21.216,73.84148765291448,9.999999999999432,0.01646758759311301
21.248,73.84148765291448,9.999999999999432,0.010622609040911533
21.28,77.78174593052022,-1.4210854715202004e-12,0.010073751764282886
21.312,80.5247132770094,-40.00000000000057,0.01001876450976914
21.344,82.40688922821748,0.0,0.010349055133375841
21.376,82.40688922821748,0.0,0.02031762855636058
21.408,82.40688922821748,0.0,0.011853505394683416
21.44,66.16637698451642,20.000000000000284,0.010009025493342986
21.472,75.5674506101949,50.0,0.01000012784523254
21.504,,,0.010000001546554296
21.536,,,0.010000000001606035
21.568,,,0.01000000000061386
21.6,,,0.010000000001606035
21.632,,,0.010000000001606035
21.664,,,0.010000000021701592
21.696,,,0.010000000814014906
21.728,,,0.01000419105279527
21.76,,,0.013980210380185928
21.792,,,0.04069733156888106
21.824,,,0.0100000470079773
21.856,,,0.010000516719604524
21.888,,,0.010000002871100368
21.92,,,0.010000000021701592
21.952,,,0.010000001546554296
21.984,,,0.010000127845232541
22.016,,,0.010000000000023851
22.048,,,0.0100000000000754
22.08,,,0.010000000001606035
22.112,67.32294488175604,49.99999999999929,0.0100000000000754
22.144,65.40639132514966,0.0,0.010000000208892744
22.176,65.40639132514966,0.0,0.010000000417925077
22.208,65.40639132514966,0.0,0.01000123296498612
22.24,65.40639132514966,0.0,0.010001873046012551
22.272,65.7852866955572,9.999999999999432,0.01000123296498612
22.304,65.7852866955572,9.999999999999432,0.010004191049304603
22.336,72.99334582862124,-10.000000000000142,0.010000206339031339
22.368,72.99334582862124,-10.000000000000142,0.015085587297504338
22.4,72.99334582862124,-10.000000000000142,0.15046460134333878
22.432,73.4161919793519,-7.105427357601002e-13,0.034897428019625254
22.464,73.4161919793519,-7.105427357601002e-13,0.010349055133375841
22.496,73.4161919793519,-7.105427357601002e-13,0.01010197459374499
22.528,73.4161919793519,-7.105427357601002e-13,0.010037765502929686
22.56,73.4161919793519,-7.105427357601002e-13,0.01019107549696668
22.592,73.4161919793519,-7.105427357601002e-13,0.010622609040905482
22.624,73.84148765291448,9.999999999999432,0.010467533617069905
22.656,73.84148765291448,9.999999999999432,0.015085587297504338
22.688,73.84148765291448,9.999999999999432,0.022944219124638603
22.72,73.4161919793519,-7.105427357601002e-13,0.07797523762294818
22.752,73.4161919793519,-7.105427357601002e-13,0.026168028608935752
22.784,73.84148765291448,9.999999999999432,0.013980210380185928
22.816,,,0.010140046044704068
22.848,,,0.010052967545965857
22.88,,,0.010000127845232541
22.912,,,0.010000000000000439
22.944,,,0.010000001546554293
22.976,,,0.01000419105279527
23.008,,,0.010004191052795272
23.04,,,0.010000516719604524
23.072,,,0.010000328604501662
23.104,,,0.01000617855533408
23.136,,,0.010013068846238975
23.168,,,0.010026724673810772
23.2,,,0.01001876450976914
23.232,,,0.010002815825811098
23.264,,,0.010026724673810772
23.296,,,0.12793708630129036
23.328,,,0.010101974593744989
23.36,,,0.010824463728234167
23.392,,,0.010037765502929686
23.424,78.68552628393921,20.000000000000284,0.01010197459374499
23.456,78.68552628393921,20.000000000000284,0.026168028608935752
23.488,78.23233100085048,9.999999999999432,0.03489742801962526
23.52,78.68552628393921,20.000000000000284,0.04069733156888107
23.552,78.68552628393921,20.000000000000284,0.047686993082531035
23.584,78.68552628393921,20.000000000000284,0.04069733156888105
23.616,78.68552628393921,20.000000000000284,0.016467587593113005
23.648,78.23233100085048,9.999999999999432,0.010259050559778863
23.68,71.73936383710603,-40.00000000000057,0.010140046044704067
23.712,72.57293509250918,-20.000000000000284,0.011085791888943371
23.744,76.00520839822768,-40.00000000000057,0.01185350539468341
23.776,72.99334582862124,-10.000000000000142,0.011422334250709074
23.808,79.1413469005951,29.999999999999716,0.010037765502929688
23.84,87.81282249923147,9.999999999999432,0.01000187304601255
23.872,87.30705785825097,-7.105427357601002e-13,0.010000206339031339
23.904,77.78174593052022,-1.4210854715202004e-12,0.010000000417925077
23.936,,,0.01000000002170159
23.968,,,0.010000000000613858
24.0,,,0.01000000000061386
24.032,,,0.010000000001606033
24.064,,,0.010000001546554295
24.096,,,0.010000000047726025
24.128,,,0.010000127845232545
24.16,,,0.010004191052795269
24.192,,,0.010018764509769136
24.224,,,0.010000000814014908
24.256,,,0.010013068846238975
24.288,,,0.010000078102280324
24.32,,,0.010000000009505967
24.352,,,0.010000000417925077
24.384,,,0.01000032860450166
24.416,,,0.010000802780927255
24.448,,,0.0100028158258111
24.48,,,0.01000020633903134
24.512,,,0.010000027850262286
24.544,,,0.010000000207486965
24.576,65.40639132514966,0.0,0.010000016226422836
24.608,65.40639132514966,0.0,0.010000802780927255
24.64,65.40639132514966,0.0,0.01001876450976914
24.672,65.40639132514966,0.0,0.0100028158258111
24.704,65.40639132514966,0.0,0.010000016226422836
24.736,65.40639132514966,0.0,0.010000000009505967
24.768,,,0.01001876450976914
24.8,,,0.010824463728234167
24.832,,,0.018187375734912182
24.864,,,0.010467533617069907
24.896,,,0.010140046044704068
24.928,,,0.010052967545965857
24.96,,,0.010037765502929686
24.992,,,0.01010197459374499
25.024,,,0.011853505394683415
25.056,,,0.04069733156888106
25.088,,,0.07797523762294818
25.12,,,0.012403124793551348
25.152,,,0.01000032860450166
25.184,,,0.010001873046012553
25.216,,,0.01000032860450166
25.248,,,0.01001876450976914
25.28,,,0.03010686179419501
25.312,,,0.022944219124638603
25.344,,,0.012403124793551348
25.376,,,0.011853505394683413
25.408,,,0.01508558729750434
25.44,,,0.01000419105279527
25.472,,,0.010001873046012551
25.504,,,0.0100028158258111
25.536,,,0.01000419105279527
25.568,82.40688922821748,0.0,0.01000419105279527
25.6,109.3664466199302,-10.000000000000853,0.010000127845232541
25.632,97.43442710125966,-10.000000000000853,0.01002672467381077
25.664,97.99885899543732,0.0,0.06608151270920701
25.696,97.99885899543732,0.0,0.24075439447557428
25.728,97.99885899543732,0.0,0.010037765502929688
25.76,121.34967043801211,-29.999999999999716,0.010000016226422834
25.792,122.75968568932456,-10.000000000000142,0.0100000470079773
25.824,123.47082531403102,-7.105427357601002e-13,0.010000328604501662
25.856,124.18608452867443,9.999999999999432,0.010000027850262286
25.888,97.99885899543732,0.0,0.010000516719604526
25.92,97.99885899543732,0.0,0.0100028158258111
25.952,97.99885899543732,0.0,0.010004191052795269
25.984,,,0.01002672467381077
26.016,,,0.010037765502929688
26.048,,,0.01002672467381077
26.08,,,0.01001876450976914
26.112,,,0.010000078102280324
26.144,,,0.0100028158258111
26.176,,,0.010013068846238975
26.208,,,0.01002672467381077
26.24,,,0.010009025493342988
26.272,,,0.010052967545965472
26.304,,,0.010622609040845677
26.336,,,0.01001306884623293
26.368,,,0.010000000208892744
26.4,,,0.0100028158258111
26.432,,,0.01002672467381077
26.464,,,0.020317628556360583
26.496,,,0.056071395445892624
26.528,,,0.011853505394683411
26.56,,,0.011085791888943373
26.592,,,0.013980210380185931
26.624,,,0.01001876450976914
26.656,,,0.01000123296498612
26.688,,,0.010000078102280324
26.72,,,0.010000516719604524
26.752,,,0.010006178555334077
26.784,,,0.010009025493342984
26.816,,,0.0100028158258111
26.848,,,0.010349055133375844
26.88,,,0.015085587297504336
26.912,,,0.011422334250709073
26.944,,,0.010000001546554296
26.976,,,0.010000000001606033
27.008,,,0.010000016226422836
27.04,,,0.010000328604501662
27.072,,,0.010000516719604523
27.104,,,0.010001873046012551
27.136,,,0.010052967545965857
27.168,,,0.011853505394683411
27.2,,,0.010073751764282884
27.232,,,0.01001876450976914
27.264,,,0.01000032860450166
27.296,,,0.010000001546554296
27.328,,,0.010000078102280324
27.36,,,0.010000027850262284
27.392,,,0.0100000470079773
27.424,,,0.0100000470079773
27.456,,,0.010000047007977303
27.488,,,0.010000005216229447
27.52,,,0.010000000001606035
27.552,,,0.010000000003996623
27.584,,,0.01000000000000011
27.616,,,0.010000000417925077
27.648,,,0.010000027850262286
27.68,,,0.010009025493342988
27.712,,,0.010018764509769141
27.744,,,0.010006178555334078
27.776,,,0.0100000470079773
27.808,,,0.010000001546554296
27.84,,,0.010000000021701592
27.872,,,0.010000000003996623
27.904,,,0.01000020633903134
27.936,,,0.01000123296498612
27.968,,,0.01000032860450166
28.0,,,0.010000000003996623
28.032,,,0.0100028158258111
28.064,,,0.01001876450976914
28.096,,,0.010037765502929686
28.128,,,0.010052967545965859
28.16,,,0.01000020633903134
28.192,,,0.010259050559778863
28.224,,,0.015085587297504338
28.256,,,0.03489742801962488
28.288,,,0.02294421910568446
28.32,,,0.04069733156539041
28.352,,,0.01508558725582049
28.384,,,0.010006137497799699
28.416,,,0.010002102313111893
28.448,,,1.4853212580260369e-07
28.48,,,1.1305882143765372e-09
28.512,,,0.010000794666532037
28.544,,,0.010002815643360115
28.576,,,0.010000008576394544
28.608,,,0.010000007912218558
28.64,,,0.01000187268098803
28.672,,,0.010101974590254345
28.704,,,0.012403124793551348
28.736,,,0.011422334250709074
28.768,,,0.012403124793551348
28.8,,,0.022944219124638607
28.832,,,0.022944219124638607
28.864,,,0.034897428019625254
28.896,,,0.05607139544589262
28.928,,,0.07797523762294818
28.96,,,0.05607139544589262
28.992,,,0.022944219124638607
29.024,,,0.010140046044704068
29.056,,,0.010073751764282884
29.088,,,0.01002672467381077
29.12,,,0.01000123296498612
29.152,,,0.010037765502929688
29.184,,,0.01000123296498612
29.216,,,0.010000516719604526
29.248,,,0.010000802780927255
29.28,,,0.01000123296498612
29.312,,,0.010000000208892744
29.344,,,0.01000020633903134
29.376,98.56656061031477,9.999999999999432,0.010000127845232541
29.408,97.99885899543732,0.0,0.010000078102280324
29.44,88.32151700497141,19.999999999998863,0.010000206339031339
29.472,73.4161919793519,-7.105427357601002e-13,0.20650679911775227
29.504,73.4161919793519,-7.105427357601002e-13,0.42606232904328145
29.536,73.4161919793519,-7.105427357601002e-13,0.5485250542599845
29.568,73.4161919793519,-7.105427357601002e-13,0.4849868077159113
29.6,73.4161919793519,-7.105427357601002e-13,0.4849868077159113
29.632,73.4161919793519,-7.105427357601002e-13,0.20650679911775227
29.664,73.4161919793519,-7.105427357601002e-13,0.06608151270920701
29.696,69.6970834057884,9.999999999999432,0.011422334250709074
29.728,68.89654412432702,-10.000000000000853,0.011422334250709074
29.76,68.89654412432702,-10.000000000000853,0.011422334250709073
29.792,,,0.022944219124638603
29.824,,,0.01646758759311301
29.856,,,0.022944219124638596
29.888,,,0.010824463728234169
29.92,,,0.011422334250709074
29.952,335.38934511626763,29.999999999998295,0.06608151270920701
29.984,345.2170030745703,-19.999999999998863,0.108579770728745
30.016,347.21682482900223,-9.999999999999432,0.17653060863289763
30.048,347.21682482900223,-9.999999999999432,0.32333605839064083
30.08,349.2282314330038,0.0,0.6159498854580681
30.112,349.2282314330038,0.0,0.4260623290432815
30.144,351.2512899969259,9.999999999999432,0.3721358982975087
30.176,349.2282314330038,0.0,0.10857977072874499
30.208,347.21682482900223,-9.999999999999432,0.013980210380185928
30.24,337.3322358273121,39.999999999997726,0.015085587297504338
30.272,333.4576446322876,19.999999999998863,0.066081512709207
30.304,339.28638158974695,50.0,0.020317628556360583
30.336,341.2518476034216,-40.00000000000057,0.056071395445892624
30.368,341.2518476034216,-40.00000000000057,0.03010686179419501
30.4,335.38934511626763,29.999999999998295,0.0229442191246386
30.432,327.72904188699454,-10.000000000000853,0.016467587593113005
30.464,,,0.010026724673810768
30.496,,,0.010467533617069901
30.528,,,0.015085587297504338
30.56,,,0.010000078102280324
30.592,120.65074776640884,-40.00000000000057,0.010000001546554296
30.624,85.80717486147108,-29.999999999999716,0.010000000009505967
30.656,80.9911881955289,-30.000000000001137,0.010000027850262286
30.688,72.99334582862124,-10.000000000000142,0.010191075496968311
30.72,73.4161919793519,-7.105427357601002e-13,0.013100262550513397
30.752,82.40688922821748,0.0,0.03010686179419501
30.784,82.40688922821748,0.0,0.04768699308253103
30.816,82.40688922821748,0.0,0.05607139544589263
30.848,82.40688922821748,0.0,0.04768699308253103
30.88,65.7852866955572,9.999999999999432,0.07797523762294821
30.912,65.7852866955572,9.999999999999432,0.12793708630129033
30.944,82.40688922821748,0.0,0.17653060863289755
30.976,82.40688922821748,0.0,0.03489742801962526
31.008,109.99999999999999,-1.4210854715202004e-12,0.010037765502929688
31.04,109.99999999999999,-1.4210854715202004e-12,0.01000187304601255
31.072,82.40688922821748,0.0,0.010000127845232541
31.104,82.40688922821748,0.0,0.01000012784523254
31.136,77.33375603922921,-10.000000000000853,0.01002672467381077
31.168,77.78174593052022,-1.4210854715202004e-12,0.010824463728234167
31.2,77.78174593052022,-1.4210854715202004e-12,0.012403124793551346
31.232,78.23233100085048,9.999999999999432,0.011422334250709074
31.264,82.40688922821748,0.0,0.010026724673810768
31.296,83.3644111580719,19.999999999999574,0.0100028158258111
31.328,,,0.010009025493342986
31.36,,,0.013980210380185928
31.392,146.8323839587038,-7.105427357601002e-13,0.42606232904328145
31.424,146.8323839587038,-7.105427357601002e-13,0.12793708630129036
31.456,146.8323839587038,-7.105427357601002e-13,0.01398021038018593
31.488,146.8323839587038,-7.105427357601002e-13,0.011085791888943373
31.52,146.8323839587038,-7.105427357601002e-13,0.010824463728234167
31.552,146.8323839587038,-7.105427357601002e-13,0.01646758759311301
31.584,146.8323839587038,-7.105427357601002e-13,0.09203757081218102
31.616,146.8323839587038,-7.105427357601002e-13,0.37213589829750865
31.648,145.9866916572425,-10.000000000000142,0.17653060863289757
31.68,,,0.07797523762294818
31.712,,,0.010349055133375844
31.744,,,0.010000078102280322
31.776,65.7852866955572,9.999999999999432,0.010000002871100368
31.808,65.40639132514966,0.0,0.01000020633903134
31.84,65.40639132514966,0.0,0.01000419105279527
31.872,65.40639132514966,0.0,0.010009025493342986
31.904,65.40639132514966,0.0,0.010000802780927255
31.936,65.7852866955572,9.999999999999432,0.01000123296498612
31.968,70.10083450255941,19.999999999999574,0.01142233425070907
32.0,73.84148765291448,9.999999999999432,0.056071395445892624
32.032,73.84148765291448,9.999999999999432,0.04069733156888105
32.064,73.84148765291448,9.999999999999432,0.06608151270920702
32.096,73.84148765291448,9.999999999999432,0.03010686179419501
32.128,73.84148765291448,9.999999999999432,0.018187375734912182
32.16,73.84148765291448,9.999999999999432,0.01185350539468341
32.192,,,0.010140046044704068
32.224,,,0.010000027850262286
32.256,,,0.010000516719604526
32.288,73.84148765291448,9.999999999999432,0.010259050559778861
32.32,73.84148765291448,9.999999999999432,0.013100262550513391
32.352,73.84148765291448,9.999999999999432,0.018187375734912182
32.384,73.84148765291448,9.999999999999432,0.030106861794195007
32.416,73.4161919793519,-7.105427357601002e-13,0.02031762855636058
32.448,73.4161919793519,-7.105427357601002e-13,0.056071395445892624
32.48,73.4161919793519,-7.105427357601002e-13,0.24075439447557428
32.512,73.4161919793519,-7.105427357601002e-13,0.0779752376229482
32.544,77.78174593052022,-1.4210854715202004e-12,0.011853505394683413
32.576,87.30705785825097,-7.105427357601002e-13,0.010037765502929686
32.608,87.81282249923147,9.999999999999432,0.01001876450976914
32.64,,,0.0100000470079773
32.672,,,0.010000802780927255
32.704,77.78174593052022,-1.4210854715202004e-12,0.01000032860450166
32.736,77.78174593052022,-1.4210854715202004e-12,0.01001876450976914
32.768,77.78174593052022,-1.4210854715202004e-12,0.011422334250709073
32.8,77.78174593052022,-1.4210854715202004e-12,0.03010686179419501
32.832,73.4161919793519,-7.105427357601002e-13,0.04768699308253104
32.864,73.4161919793519,-7.105427357601002e-13,0.056071395445892624
32.896,73.4161919793519,-7.105427357601002e-13,0.056071395445892624
32.928,72.99334582862124,-10.000000000000142,0.010052967545965857
32.96,65.7852866955572,9.999999999999432,0.01000000928748663
32.992,65.40639132514966,0.0,0.010000516719604523
33.024,65.40639132514966,0.0,0.010001873046012551
33.056,65.40639132514966,0.0,0.0100028158258111
33.088,65.40639132514966,0.0,0.010013068846238975
33.12,65.40639132514966,0.0,0.010000127845232541
33.152,65.7852866955572,9.999999999999432,0.0100000470079773
33.184,73.84148765291448,9.999999999999432,0.010000078102280322
33.216,73.84148765291448,9.999999999999432,0.010824463728234165
33.248,73.84148765291448,9.999999999999432,0.01818737573491218
33.28,73.84148765291448,9.999999999999432,0.04768699308253103
33.312,73.84148765291448,9.999999999999432,0.013980210380185924
33.344,73.84148765291448,9.999999999999432,0.012403124793551346
33.376,,,0.018187375734912182
33.408,,,0.010000127845232541
33.44,,,0.010000000814014906
33.472,73.84148765291448,9.999999999999432,0.010002815825811097
33.504,73.84148765291448,9.999999999999432,0.011422334250709074
33.536,73.84148765291448,9.999999999999432,0.01398021038018593
33.568,73.84148765291448,9.999999999999432,0.03489742801962527
33.6,72.99334582862124,-10.000000000000142,0.026168028608935755
33.632,72.99334582862124,-10.000000000000142,0.03010686179419501
33.664,73.84148765291448,9.999999999999432,0.17653060863289752
33.696,75.5674506101949,50.0,0.20650679911775227
33.728,73.4161919793519,-7.105427357601002e-13,0.013100262550513397
33.76,78.68552628393921,20.000000000000284,0.010026724673810772
33.792,,,0.010000802780927255
33.824,,,0.01000000287110037
33.856,,,0.010000047007977303
33.888,65.40639132514966,0.0,0.010000000814014906
33.92,65.40639132514966,0.0,0.0100000470079773
33.952,65.40639132514966,0.0,0.010000516719604524
33.984,65.40639132514966,0.0,0.010001873046012551
34.016,65.40639132514966,0.0,0.010000127845232541
34.048,65.40639132514966,0.0,0.01000000928748663
34.08,65.40639132514966,0.0,0.010000002871100368
34.112,65.40639132514966,0.0,0.010000000814014906
34.144,65.40639132514966,0.0,0.010000000208892744
34.176,65.40639132514966,0.0,0.010000027850262286
34.208,65.40639132514966,0.0,0.01000032860450166
34.24,65.40639132514966,0.0,0.01000419105279527
34.272,65.40639132514966,0.0,0.010001873046012551
34.304,67.32294488175604,49.99999999999929,0.010000016226422836
34.336,69.6970834057884,9.999999999999432,0.01000032860450166
34.368,,,0.01508558729750434
34.4,,,0.03489742801962526
34.432,,,0.040697331568881064
34.464,,,0.026168028608935762
34.496,,,0.018187375734912185
34.528,349.2282314330038,0.0,0.066081512709207
34.56,349.2282314330038,0.0,0.1504646013433388
34.592,387.49298438230534,-20.000000000000284,0.018187375734912182
34.624,389.7377084050387,-10.000000000000853,0.06608151270920702
34.656,389.7377084050387,-10.000000000000853,0.37213589829750876
34.688,389.7377084050387,-10.000000000000853,0.6159498854580681
34.72,391.9954359817493,0.0,0.5485250542599845
34.752,391.9954359817493,0.0,0.48498680771591124
34.784,391.9954359817493,0.0,0.5485250542599844
34.816,391.9954359817493,0.0,0.6860828109301793
34.848,391.9954359817493,0.0,0.8266685594724996
34.88,394.2662424412591,9.999999999999432,0.7571601330199094
34.912,398.84739550836855,29.999999999998295,0.06608151270920701
34.944,415.30469757994507,0.0,0.013980210380185928
34.976,427.4740541075866,50.0,0.1504646013433388
35.008,420.1303057205832,19.999999999998863,0.034897428019625254
35.04,408.1700114541761,-30.000000000001137,0.04768699308253104
35.072,403.4817790100553,-50.0,0.0779752376229482
35.104,410.5345162761952,-20.000000000001705,0.02031762855636058
35.136,429.9503861110682,-40.00000000000057,0.04069733156888106
35.168,439.99999999999994,0.0,0.6159498854580681
35.2,439.99999999999994,0.0,0.8266685594724995
35.232,439.99999999999994,0.0,0.7571601330199094
35.264,437.4657864797208,-9.999999999999432,0.6860828109301793
35.296,432.44106335991046,-30.000000000001137,0.4849868077159113
35.328,,,0.010000078102280324
35.36,,,0.010000328604501658
35.392,,,0.01000032860450166
35.424,,,0.010000802780927255
35.456,,,0.01000123296498612
35.488,,,0.01001876450976914
35.52,,,0.01000123296498612
35.552,,,0.010000516719604524
35.584,,,0.015085587297504336
35.616,,,0.10857977072874496
35.648,,,0.1504646013433388
35.68,,,0.013100262550513395
35.712,,,0.010006178555334077
35.744,,,0.010000328604501658
35.776,394.2662424412591,9.999999999999432,0.010000000003996623
35.808,329.6275569128699,-1.4210854715202004e-12,0.011085791888943375
35.84,329.6275569128699,-1.4210854715202004e-12,0.07797523762294818
35.872,329.6275569128699,-1.4210854715202004e-12,0.20650679911775235
35.904,327.72904188699454,-10.000000000000853,0.3721358982975087
35.936,327.72904188699454,-10.000000000000853,0.047686993082531035
35.968,300.528856485967,39.99999999999915,0.010349055133375843
36.0,295.3659506116579,9.999999999998721,0.047686993082531035
36.032,293.6647679174075,-7.105427357601002e-13,0.09203757081211517
36.064,293.6647679174075,-7.105427357601002e-13,0.24075439447555344
36.096,293.6647679174075,-7.105427357601002e-13,0.4849868077158905
36.128,293.6647679174075,-7.105427357601002e-13,0.6860828109301794
36.16,293.6647679174075,-7.105427357601002e-13,0.7571601330199093
36.192,293.6647679174075,-7.105427357601002e-13,0.8266685594724997
36.224,293.6647679174075,-7.105427357601002e-13,0.8266685594724995
36.256,293.6647679174075,-7.105427357601002e-13,0.8266685594724995
36.288,293.6647679174075,-7.105427357601002e-13,0.8266685594724994
36.32,293.6647679174075,-7.105427357601002e-13,0.8266685594724994
36.352,291.9733833144849,-10.000000000000142,0.6159498854580681
36.384,291.9733833144849,-10.000000000000142,0.1504646013433388
36.416,,,0.010824463728234167
36.448,,,0.01000032860450166
36.48,,,0.01000000521622945
36.512,,,0.010000000047726025
36.544,,,0.010000027850262286
36.576,65.7852866955572,9.999999999999432,0.010000002871100368
36.608,65.40639132514966,0.0,0.01000020633903134
36.64,65.40639132514966,0.0,0.01000419105279527
36.672,65.40639132514966,0.0,0.010009025493342986
36.704,65.40639132514966,0.0,0.01000123296498612
36.736,65.7852866955572,9.999999999999432,0.010000802780927253
36.768,65.7852866955572,9.999999999999432,0.010824463728234165
36.8,74.26924703925044,19.999999999998863,0.04768699308253102
36.832,74.26924703925044,19.999999999998863,0.03489742801962526
36.864,74.26924703925044,19.999999999998863,0.06608151270920702
36.896,74.26924703925044,19.999999999998863,0.047686993082531035
36.928,73.84148765291448,9.999999999999432,0.04069733156888106
36.96,73.84148765291448,9.999999999999432,0.026168028608935766
36.992,,,0.010052967545965857
37.024,,,0.010000078102280324
37.056,,,0.010000516719604526
37.088,73.84148765291448,9.999999999999432,0.010622609040911533
37.12,73.84148765291448,9.999999999999432,0.013980210380185924
37.152,73.84148765291448,9.999999999999432,0.016467587593113002
37.184,73.4161919793519,-7.105427357601002e-13,0.0229442191246386
37.216,73.4161919793519,-7.105427357601002e-13,0.018187375734912182
37.248,73.4161919793519,-7.105427357601002e-13,0.05607139544589263
37.28,73.4161919793519,-7.105427357601002e-13,0.20650679911775222
37.312,73.4161919793519,-7.105427357601002e-13,0.0779752376229482
37.344,77.78174593052022,-1.4210854715202004e-12,0.01240312479355135
37.376,87.81282249923147,9.999999999999432,0.010037765502929688
37.408,87.81282249923147,9.999999999999432,0.010026724673810768
37.44,,,0.010000127845232541
37.472,,,0.01000123296498612
37.504,77.78174593052022,-1.4210854715202004e-12,0.010000802780927255
37.536,77.78174593052022,-1.4210854715202004e-12,0.010052967545965854
37.568,77.78174593052022,-1.4210854715202004e-12,0.01240312479355135
37.6,77.78174593052022,-1.4210854715202004e-12,0.04069733156888106
37.632,73.4161919793519,-7.105427357601002e-13,0.04768699308253104
37.664,73.4161919793519,-7.105427357601002e-13,0.056071395445892624
37.696,73.4161919793519,-7.105427357601002e-13,0.05607139544589263
37.728,73.4161919793519,-7.105427357601002e-13,0.010073751764282886
37.76,65.7852866955572,9.999999999999432,0.010000005216229449
37.792,65.40639132514966,0.0,0.010000516719604524
37.824,65.40639132514966,0.0,0.0100028158258111
37.856,65.40639132514966,0.0,0.0100028158258111
37.888,65.40639132514966,0.0,0.01001876450976914
37.92,65.40639132514966,0.0,0.01000032860450166
37.952,65.7852866955572,9.999999999999432,0.010000078102280324
37.984,65.7852866955572,9.999999999999432,0.01000007810228032
38.016,73.84148765291448,9.999999999999432,0.010467533617069905
38.048,73.84148765291448,9.999999999999432,0.016467587593113005
38.08,73.84148765291448,9.999999999999432,0.04069733156888106
38.112,73.84148765291448,9.999999999999432,0.01398021038018593
38.144,73.84148765291448,9.999999999999432,0.013980210380185928
38.176,98.56656061031477,9.999999999999432,0.02031762855636058
38.208,98.56656061031477,9.999999999999432,0.01000032860450166
38.24,98.56656061031477,9.999999999999432,0.010000000814014906
38.272,73.84148765291448,9.999999999999432,0.010002815825811102
38.304,73.84148765291448,9.999999999999432,0.011422334250709074
38.336,73.84148765291448,9.999999999999432,0.013980210380185926
38.368,73.4161919793519,-7.105427357601002e-13,0.04069733156888106
38.4,73.4161919793519,-7.105427357601002e-13,0.03489742801962526
38.432,73.4161919793519,-7.105427357601002e-13,0.04069733156888105
38.464,73.84148765291448,9.999999999999432,0.20650679911775227
38.496,73.4161919793519,-7.105427357601002e-13,0.07797523762294817
38.528,79.59980805922079,39.99999999999986,0.010101974593744989
38.56,82.88426748110167,10.000000000000142,0.010018764509769138
38.592,82.88426748110167,10.000000000000142,0.01000187304601255
38.624,,,0.010001232964986118
38.656,,,0.010000016226422834
38.688,79.1413469005951,29.999999999999716,0.010000000101429396
38.72,65.40639132514966,0.0,0.010000000208892744
38.752,65.40639132514966,0.0,0.010000000814014906
38.784,65.7852866955572,9.999999999999432,0.010000000208892744
38.816,73.4161919793519,-7.105427357601002e-13,0.010000000208892744
38.848,73.4161919793519,-7.105427357601002e-13,0.0100000470079773
38.88,73.4161919793519,-7.105427357601002e-13,0.0100000470079773
38.912,97.99885899543732,0.0,0.010000000101429395
38.944,65.40639132514966,0.0,0.010000000417925077
38.976,65.40639132514966,0.0,0.010000016226422836
39.008,65.40639132514966,0.0,0.01000123296498612
39.04,65.40639132514966,0.0,0.01002672467381077
39.072,65.40639132514966,0.0,0.010073751764282884
39.104,65.40639132514966,0.0,0.010009025493342986
39.136,65.40639132514966,0.0,0.0100028158258111
39.168,73.84148765291448,9.999999999999432,0.01019107549696831
39.2,73.4161919793519,-7.105427357601002e-13,0.01398021038018593
39.232,73.4161919793519,-7.105427357601002e-13,0.02616802860893576
39.264,73.4161919793519,-7.105427357601002e-13,0.047686993082531035
39.296,73.4161919793519,-7.105427357601002e-13,0.026168028608935752
39.328,73.4161919793519,-7.105427357601002e-13,0.015085587297504338
39.36,72.15494574405967,-30.000000000001137,0.01240312479355135
39.392,71.73936383710603,-40.00000000000057,0.010467533617069903
39.424,74.26924703925044,19.999999999998863,0.011085791888943371
39.456,74.26924703925044,19.999999999998863,0.011422334250709074
39.488,74.26924703925044,19.999999999998863,0.01646758759311301
39.52,74.26924703925044,19.999999999998863,0.016467587593113005
39.552,72.15494574405967,-30.000000000001137,0.011422334250709076
39.584,72.15494574405967,-30.000000000001137,0.010026724673810772
39.616,78.68552628393921,20.000000000000284,0.0100000470079773
39.648,65.7852866955572,9.999999999999432,0.010000009287486634
39.68,,,0.010000009287486632
39.712,,,0.010001232964986118
39.744,,,0.012403124793551346
39.776,,,0.013100262550513397
39.808,,,0.013980210380185928
39.84,,,0.010013068846238975
39.872,,,0.010000027850262286
39.904,79.59980805922079,39.99999999999986,0.0100028158258111
39.936,79.1413469005951,29.999999999999716,0.010052967545965855
39.968,79.1413469005951,29.999999999999716,0.010259050559778863
40.0,78.68552628393921,20.000000000000284,0.010622609040911531
40.032,74.26924703925044,19.999999999998863,0.011085791888943371
40.064,74.26924703925044,19.999999999998863,0.013100262550513395
40.096,75.13221412149176,39.99999999999915,0.026168028608935755
40.128,73.4161919793519,-7.105427357601002e-13,0.010052967545965857
40.16,65.7852866955572,9.999999999999432,0.010000001546554296
40.192,65.40639132514966,0.0,0.01000032860450166
40.224,65.40639132514966,0.0,0.0100028158258111
40.256,65.40639132514966,0.0,0.010006178555334078
40.288,65.40639132514966,0.0,0.01001876450976914
40.32,65.7852866955572,9.999999999999432,0.01000020633903134
40.352,65.7852866955572,9.999999999999432,0.01000000928748663
40.384,,,0.01000123296498612
40.416,,,0.010259050559778864
40.448,,,0.01002672467381077
40.48,,,0.010001232964986121
40.512,,,0.010052967545965855
40.544,,,0.010824463728234169
40.576,,,0.010622609040911534
40.608,,,0.010000000047726026
40.64,,,0.010000000047726025
40.672,,,0.010009025493342986
40.704,,,0.010259050559778863
40.736,,,0.013980210380185928
40.768,,,0.03010686179419501
40.8,,,0.04069733156888105
40.832,,,0.026168028608935755
40.864,,,0.12793704524458388
40.896,,,0.013980186055802948
40.928,,,0.010000516719604523
40.96,,,0.01010197459374499
40.992,,,0.010018764509232982
41.024,,,0.010000016226229017
41.056,,,0.010000001546548247
41.088,65.7852866955572,9.999999999999432,0.010000000208892744
41.12,65.40639132514966,0.0,0.010000002871100368
41.152,65.40639132514966,0.0,0.010000078102280324
41.184,65.40639132514966,0.0,0.010000802780927253
41.216,65.40639132514966,0.0,0.010004191052795269
41.248,65.40639132514966,0.0,0.010000802780927253
41.28,65.40639132514966,0.0,0.01000012784523254
41.312,65.40639132514966,0.0,0.010000078102280324
41.344,65.40639132514966,0.0,0.010000002871100368
41.376,65.40639132514966,0.0,0.010000027850262284
41.408,65.40639132514966,0.0,0.01000020633903134
41.44,65.40639132514966,0.0,0.01000123296498612
41.472,65.40639132514966,0.0,0.01000123296498612
41.504,65.40639132514966,0.0,0.010000078102280322
41.536,65.7852866955572,9.999999999999432,0.0100000470079773
41.568,70.91536696417685,39.99999999999915,0.010191075496968311
41.6,73.84148765291448,9.999999999999432,0.016467587593113005
41.632,73.4161919793519,-7.105427357601002e-13,0.015085587297504336
41.664,73.4161919793519,-7.105427357601002e-13,0.030106861794195007
41.696,73.4161919793519,-7.105427357601002e-13,0.10857977072874499
41.728,73.4161919793519,-7.105427357601002e-13,0.15046460134333886
41.76,73.4161919793519,-7.105427357601002e-13,0.15046460134333878
41.792,73.4161919793519,-7.105427357601002e-13,0.092037570812181
41.824,73.4161919793519,-7.105427357601002e-13,0.020317628556360583
41.856,73.4161919793519,-7.105427357601002e-13,0.03010686179419501
41.888,73.4161919793519,-7.105427357601002e-13,0.05607139544589264
41.92,73.4161919793519,-7.105427357601002e-13,0.04069733156888105
41.952,72.99334582862124,-10.000000000000142,0.020317628556360583
41.984,72.99334582862124,-10.000000000000142,0.010259050559778863
42.016,66.54967490706109,29.999999999999716,0.01000002785026229
42.048,74.26924703925044,19.999999999998863,0.0100000470079773
42.08,73.84148765291448,9.999999999999432,0.010000127845232543
42.112,97.43442710125966,-10.000000000000853,0.01000000928748663
42.144,109.3664466199302,-10.000000000000853,0.010349055133375844
42.176,108.1102658399776,-30.000000000000426,0.012403124793551348
42.208,108.1102658399776,-30.000000000000426,0.011853505394683413
42.24,,,0.010000005216229449
42.272,,,0.010000027850262286
42.304,78.68552628393921,20.000000000000284,0.01000123296498612
42.336,76.88834637984607,-20.000000000000284,0.010013068846238973
42.368,73.84148765291448,9.999999999999432,0.01019107549696831
42.4,73.84148765291448,9.999999999999432,0.026168028608935755
42.432,73.4161919793519,-7.105427357601002e-13,0.026168028608935752
42.464,73.4161919793519,-7.105427357601002e-13,0.022944219124638596
42.496,73.4161919793519,-7.105427357601002e-13,0.04768699308253103
42.528,73.4161919793519,-7.105427357601002e-13,0.010824463728234169
42.56,,,0.010000002871100368
42.592,66.16637698451642,20.000000000000284,0.0100000470079773
42.624,65.7852866955572,9.999999999999432,0.010000047007977299
42.656,65.40639132514966,0.0,0.010000127845232541
42.688,65.40639132514966,0.0,0.01000419105279527
42.72,65.40639132514966,0.0,0.01000020633903134
42.752,65.7852866955572,9.999999999999432,0.010004191052795269
42.784,65.7852866955572,9.999999999999432,0.011853505394683413
42.816,81.93226047174862,-10.000000000000853,0.020317628556360583
42.848,74.69948441050268,29.999999999999716,0.011422334250709074
42.88,73.4161919793519,-7.105427357601002e-13,0.010101974593744992
42.912,,,0.013100262550513395
42.944,,,0.056071395445892624
42.976,,,0.05607139544589262
43.008,,,0.010349055133375843
43.04,,,0.010000009287486629
43.072,,,0.010000000814014906
43.104,,,0.010013068846238978
43.136,,,0.01014004604470407
43.168,,,0.010824463728234165
43.2,,,0.010259050559778863
43.232,,,0.010349055133375846
43.264,,,0.011853505394683411
43.296,,,0.010824463728234167
43.328,,,0.010052967545965859
43.36,,,0.010037765502929685
43.392,,,0.016467587593113005
43.424,,,0.01000187304601255
43.456,,,0.010000000814014904
43.488,65.40639132514966,0.0,0.010000000417925075
43.52,65.40639132514966,0.0,0.010000002871100368
43.552,65.40639132514966,0.0,0.010000027850262286
43.584,65.40639132514966,0.0,0.010000000003996623
43.616,65.40639132514966,0.0,0.010000000003996623
43.648,73.4161919793519,-7.105427357601002e-13,0.010000000009505967
43.68,97.99885899543732,0.0,0.010000002871100368
43.712,65.40639132514966,0.0,0.01000000928748663
43.744,65.40639132514966,0.0,0.010000000814014906
43.776,65.40639132514966,0.0,0.010000016226422834
43.808,65.40639132514966,0.0,0.010000516719604524
43.84,65.40639132514966,0.0,0.010009025493342986
43.872,65.40639132514966,0.0,0.010006178555334078
43.904,65.40639132514966,0.0,0.01000032860450166
43.936,66.16637698451642,20.000000000000284,0.01000007810174418
43.968,67.32294488175604,49.99999999999929,0.010052967545965857
44.0,82.40688922821748,0.0,0.01010197459374499
44.032,73.84148765291448,9.999999999999432,0.010467533617069908
44.064,73.4161919793519,-7.105427357601002e-13,0.011422334250709073
44.096,72.99334582862124,-10.000000000000142,0.018187375734912185
44.128,73.4161919793519,-7.105427357601002e-13,0.03489742801962525
44.16,73.4161919793519,-7.105427357601002e-13,0.04069733156888106
44.192,73.4161919793519,-7.105427357601002e-13,0.030106861794195014
44.224,74.26924703925044,19.999999999998863,0.016467587593113005
44.256,73.84148765291448,9.999999999999432,0.012403124793551348
44.288,73.84148765291448,9.999999999999432,0.015085587297504336
44.32,73.84148765291448,9.999999999999432,0.013980210380185931
44.352,73.84148765291448,9.999999999999432,0.010191075496968311
44.384,73.84148765291448,9.999999999999432,0.010026724673810768
44.416,73.84148765291448,9.999999999999432,0.010013068846238975
44.448,73.4161919793519,-7.105427357601002e-13,0.010259050559778863
44.48,,,0.056071395445892624
44.512,,,0.010191075496968313
44.544,,,0.011853505394683413
44.576,,,0.0229442191246386
44.608,,,0.03489742801962526
44.64,,,0.01000020633903134
44.672,,,0.010000206339031342
44.704,76.88834637984607,-20.000000000000284,0.010000016226422836
44.736,79.1413469005951,29.999999999999716,0.01000032860450166
44.768,79.59980805922079,39.99999999999986,0.010037765502929688
44.8,72.99334582862124,-10.000000000000142,0.020317628556360583
44.832,72.99334582862124,-10.000000000000142,0.05607139544589261
44.864,73.4161919793519,-7.105427357601002e-13,0.047686993082531035
44.896,73.84148765291448,9.999999999999432,0.06608151270920702
44.928,73.4161919793519,-7.105427357601002e-13,0.010013068846238975
44.96,,,0.010000000417925077
44.992,65.40639132514966,0.0,0.01000123296498612
45.024,65.40639132514966,0.0,0.01000123296498612
45.056,65.40639132514966,0.0,0.0100028158258111
45.088,65.40639132514966,0.0,0.010013068846238975
45.12,65.40639132514966,0.0,0.01000020633903134
45.152,66.54967490706109,29.999999999999716,0.01000032860450166
45.184,73.84148765291448,9.999999999999432,0.010073751764282882
45.216,74.26924703925044,19.999999999998863,0.013100262550513397
45.248,73.84148765291448,9.999999999999432,0.012403124793551348
45.28,73.4161919793519,-7.105427357601002e-13,0.013100262550513393
45.312,73.84148765291448,9.999999999999432,0.011853505394683413
45.344,97.99885899543732,0.0,0.011085791888943373
45.376,98.56656061031477,9.999999999999432,0.020317628556360583
45.408,98.56656061031477,9.999999999999432,0.010013068846238975
45.44,98.56656061031477,9.999999999999432,0.010000000003996621
45.472,87.30705785825097,-7.105427357601002e-13,0.01000000928748663
45.504,75.5674506101949,50.0,0.010052967545965857
45.536,78.68552628393921,20.000000000000284,0.010622609040911533
45.568,73.84148765291448,9.999999999999432,0.01646758759311301
45.6,73.84148765291448,9.999999999999432,0.020317628556360587
45.632,73.84148765291448,9.999999999999432,0.026168028608935752
45.664,73.84148765291448,9.999999999999432,0.12793708630129036
45.696,73.84148765291448,9.999999999999432,0.020317628556360583
45.728,97.99885899543732,0.0,0.01000123296498612
45.76,98.56656061031477,9.999999999999432,0.013980210380185926
45.792,97.99885899543732,0.0,0.026168028608935755
45.824,,,0.01010197459374499
45.856,,,0.01000032860450166
45.888,73.4161919793519,-7.105427357601002e-13,0.010000005216229449
45.92,65.7852866955572,9.999999999999432,0.01000000287110037
45.952,65.40639132514966,0.0,0.010000802780927255
45.984,65.40639132514966,0.0,0.010000078102280324
46.016,65.40639132514966,0.0,0.01000020633903134
46.048,65.40639132514966,0.0,0.010000016226422836
46.08,65.40639132514966,0.0,0.01000000928748663
46.112,65.40639132514966,0.0,0.010000027850262286
46.144,65.40639132514966,0.0,0.010000000814014906
46.176,65.40639132514966,0.0,0.01000123296498612
46.208,65.40639132514966,0.0,0.010006178555334078
46.24,65.40639132514966,0.0,0.01010197459374499
46.272,65.40639132514966,0.0,0.01010197459374499
46.304,65.40639132514966,0.0,0.010001873046012551
46.336,65.40639132514966,0.0,0.010006178555334078
46.368,70.50692450564009,29.999999999999005,0.010467533617069905
46.4,73.84148765291448,9.999999999999432,0.026168028608935755
46.432,73.84148765291448,9.999999999999432,0.020317628556360587
46.464,70.91536696417685,39.99999999999915,0.015085587297504336
46.496,70.10083450255941,19.999999999999574,0.018187375734912185
46.528,69.6970834057884,9.999999999999432,0.04069733156888104
46.56,69.6970834057884,9.999999999999432,0.09203757081218099
46.592,69.6970834057884,9.999999999999432,0.07797523762294818
46.624,70.10083450255941,19.999999999999574,0.020317628556360587
46.656,70.10083450255941,19.999999999999574,0.022944219124638603
46.688,70.10083450255941,19.999999999999574,0.01646758759311301
46.72,70.10083450255941,19.999999999999574,0.015085587297504336
46.752,71.73936383710603,-40.00000000000057,0.010824463728234169
46.784,69.29565774421802,0.0,0.010824463728234169
46.816,78.68552628393921,20.000000000000284,0.010622609040911531
46.848,78.68552628393921,20.000000000000284,0.010824463728234165
46.88,79.1413469005951,29.999999999999716,0.010467533617069905
46.912,79.1413469005951,29.999999999999716,0.010824463728234163
46.944,71.32617550580554,-50.0,0.011422334250709074
46.976,70.91536696417685,39.99999999999915,0.01646758759311301
47.008,70.91536696417685,39.99999999999915,0.04768699308253103
47.04,72.57293509250918,-20.000000000000284,0.06608151270920704
47.072,73.4161919793519,-7.105427357601002e-13,0.06608151270920702
47.104,82.88426748110167,10.000000000000142,0.010824463728234165
47.136,82.40688922821748,0.0,0.01398021038018593
47.168,82.40688922821748,0.0,0.0229442191246386
47.2,82.40688922821748,0.0,0.06608151270920701
47.232,82.40688922821748,0.0,0.1504646013433388
47.264,82.40688922821748,0.0,0.1504646013433388
47.296,82.40688922821748,0.0,0.17653060863289752
47.328,81.93226047174862,-10.000000000000853,0.09203757081218102
47.36,81.93226047174862,-10.000000000000853,0.011085791888943373
47.392,,,0.011085791888943373
47.424,,,0.010259050559778863
47.456,,,0.010052967545965857
47.488,,,0.010073751764282884
47.52,,,0.010001873046012551
47.552,,,0.010009025493342986
47.584,,,0.010000802780927255
47.616,,,0.010000206339031339
47.648,,,0.010000000208892744
47.68,103.82617439498627,-7.105427357601002e-13,0.010000047007977297
47.712,103.82617439498627,-7.105427357601002e-13,0.010000016226422838
47.744,103.82617439498627,-7.105427357601002e-13,0.010000206339031342
47.776,103.82617439498627,-7.105427357601002e-13,0.01000012784523254
47.808,109.99999999999999,-1.4210854715202004e-12,0.010000000417925078
47.84,100.28947374140385,39.99999999999915,0.010000027850262286
47.872,97.99885899543732,0.0,0.010009025493342988
47.904,97.99885899543732,0.0,0.010191075496968313
47.936,97.99885899543732,0.0,0.012403124793551346
47.968,97.99885899543732,0.0,0.02031762855636058
48.0,97.99885899543732,0.0,0.011422334250709073
48.032,98.56656061031477,9.999999999999432,0.010037765502929688
48.064,97.99885899543732,0.0,0.010000001546554296
48.096,,,0.010000001546554296
48.128,,,0.010000000208892744
48.16,,,0.01000000002170159
48.192,126.35681904967383,39.99999999999915,0.010000000417925075
48.224,98.56656061031477,9.999999999999432,0.010000002871100368
48.256,98.56656061031477,9.999999999999432,0.0100000470079773
48.288,98.56656061031477,9.999999999999432,0.010009025493342988
48.32,97.99885899543732,0.0,0.010073751764282882
48.352,97.99885899543732,0.0,0.011085791888943375
48.384,97.99885899543732,0.0,0.015085587297504338
48.416,97.99885899543732,0.0,0.010467533617069905
48.448,73.4161919793519,-7.105427357601002e-13,0.010467533617069907
48.48,73.4161919793519,-7.105427357601002e-13,0.01002672467381077
48.512,73.4161919793519,-7.105427357601002e-13,0.010000802780927255
48.544,65.40639132514966,0.0,0.01000000002170159
48.576,65.40639132514966,0.0,0.010000206339031339
48.608,65.40639132514966,0.0,0.01000419105279527
48.64,65.40639132514966,0.0,0.01001876450976914
48.672,65.40639132514966,0.0,0.010037765502929688
48.704,66.54967490706109,29.999999999999716,0.010000078102280322
48.736,67.7129427339704,-40.00000000000057,0.010018764509769141
48.768,72.99334582862124,-10.000000000000142,0.01818737573491218
48.8,73.4161919793519,-7.105427357601002e-13,0.07797523762294818
48.832,73.4161919793519,-7.105427357601002e-13,0.016467587593113005
48.864,73.4161919793519,-7.105427357601002e-13,0.0100028158258111
48.896,79.1413469005951,29.999999999999716,0.010000000417925075
48.928,,,0.010000016226422834
48.96,,,0.01002672467381077
48.992,,,0.010001232964986118
49.024,77.78174593052022,-1.4210854715202004e-12,0.010000000814014908
49.056,70.50692450564009,29.999999999999005,0.010000802780927255
49.088,70.10083450255941,19.999999999999574,0.010073751764282884
49.12,70.10083450255941,19.999999999999574,0.013100262550513395
49.152,70.10083450255941,19.999999999999574,0.01108579188894337
49.184,74.26924703925044,19.999999999998863,0.011422334250709073
49.216,73.84148765291448,9.999999999999432,0.015085587297504338
49.248,73.84148765291448,9.999999999999432,0.03010686179419501
49.28,73.4161919793519,-7.105427357601002e-13,0.10857977072874497
49.312,73.4161919793519,-7.105427357601002e-13,0.047686993082531035
49.344,79.1413469005951,29.999999999999716,0.010259050559778863
49.376,87.81282249923147,9.999999999999432,0.010006178555334078
49.408,97.99885899543732,0.0,0.010009025493342986
49.44,,,0.010000000009505967
49.472,80.0609250563203,49.99999999999929,0.010000001546554298
49.504,80.0609250563203,49.99999999999929,0.010001232964986118
49.536,73.84148765291448,9.999999999999432,0.01002672467381077
49.568,80.9911881955289,-30.000000000001137,0.010824463728234165
49.6,73.4161919793519,-7.105427357601002e-13,0.05607139544589263
49.632,73.4161919793519,-7.105427357601002e-13,0.092037570812181
49.664,73.4161919793519,-7.105427357601002e-13,0.10857977072874499
49.696,73.4161919793519,-7.105427357601002e-13,0.10857977072874496
49.728,73.4161919793519,-7.105427357601002e-13,0.010000516719604524
49.76,65.40639132514966,0.0,0.010000000417925077
49.792,68.49972922973525,-20.000000000000284,0.01000419105279527
49.824,65.40639132514966,0.0,0.010000802780927255
49.856,65.40639132514966,0.0,0.01001876450976914
49.888,65.40639132514966,0.0,0.010013068846238975
49.92,67.32294488175604,49.99999999999929,0.01000123296498612
49.952,73.4161919793519,-7.105427357601002e-13,0.010052967545965855
49.984,73.4161919793519,-7.105427357601002e-13,0.03489742801962526
50.016,73.4161919793519,-7.105427357601002e-13,0.056071395445892624
50.048,74.26924703925044,19.999999999998863,0.010824463728234167
50.08,68.49972922973525,-20.000000000000284,0.01000419105279527
50.112,,,0.010000516719604523
50.144,,,0.01010197459374499
50.176,,,0.010349055133369795
50.208,,,0.010000016226422836
50.24,72.99334582862124,-10.000000000000142,0.010000206339031339
50.272,74.69948441050268,29.999999999999716,0.010026724673810768
50.304,73.84148765291448,9.999999999999432,0.011422334250709074
50.336,72.99334582862124,-10.000000000000142,0.015085587297504338
50.368,72.99334582862124,-10.000000000000142,0.01818737573491218
50.4,72.99334582862124,-10.000000000000142,0.03489742801962526
50.432,72.99334582862124,-10.000000000000142,0.04768699308253104
50.464,73.84148765291448,9.999999999999432,0.1765306086328976
50.496,76.00520839822768,-40.00000000000057,0.20650679911775222
50.528,76.88834637984607,-20.000000000000284,0.012403124793551348
50.56,79.1413469005951,29.999999999999716,0.010073751764282884
50.592,92.4986056779086,0.0,0.010004191052795272
50.624,99.71184887709214,29.999999999999005,0.010000078102280324
50.656,,,0.010000005216229449
50.688,,,0.01000000000061386
50.72,65.40639132514966,0.0,0.010000000009505967
50.752,65.40639132514966,0.0,0.010000000101429396
50.784,65.7852866955572,9.999999999999432,0.010000001538096994
50.816,65.7852866955572,9.999999999999432,0.010000000009505967
50.848,65.40639132514966,0.0,0.010000000003996623
50.88,65.40639132514966,0.0,0.010000000009505967
50.912,65.40639132514966,0.0,0.010000000001606035
50.944,65.40639132514966,0.0,0.0100000000000754
50.976,65.7852866955572,9.999999999999432,0.01000020633903134
51.008,65.40639132514966,0.0,0.0100028158258111
51.04,65.40639132514966,0.0,0.010052967545965857
51.072,65.40639132514966,0.0,0.010073751764282884
51.104,65.40639132514966,0.0,0.010000516719604524
51.136,68.49972922973525,-20.000000000000284,0.010018764509769138
51.168,73.84148765291448,9.999999999999432,0.01818737573491218
51.2,73.84148765291448,9.999999999999432,0.09203757081218104
51.232,73.84148765291448,9.999999999999432,0.04768699308253103
51.264,74.26924703925044,19.999999999998863,0.010349055133375844
51.296,73.84148765291448,9.999999999999432,0.010000802780927253
51.328,74.26924703925044,19.999999999998863,0.010000000814014908
51.36,,,0.01000001622293218
51.392,,,6.463969670812638e-12
51.424,73.84148765291448,9.999999999999432,0.010000000417925077
51.456,73.4161919793519,-7.105427357601002e-13,0.01000419105279527
51.488,73.4161919793519,-7.105427357601002e-13,0.010140046044704068
51.52,73.4161919793519,-7.105427357601002e-13,0.013100262550513393
51.552,73.4161919793519,-7.105427357601002e-13,0.013100262550513395
51.584,73.4161919793519,-7.105427357601002e-13,0.020317628556360583
51.616,73.84148765291448,9.999999999999432,0.01508558729750434
51.648,73.84148765291448,9.999999999999432,0.016467587593113005
51.68,73.84148765291448,9.999999999999432,0.018187375734912182
51.712,76.44550209132854,-30.000000000000426,0.010824463728234169
51.744,77.78174593052022,-1.4210854715202004e-12,0.010006178555334077
51.776,84.33305895682803,39.99999999999915,0.010000328604501656
51.808,86.30425076864258,-20.000000000000284,0.010000328604501658
51.84,115.86971395503193,-10.000000000000853,0.010000000101429396
51.872,116.54094037952247,0.0,0.010000001546554296
51.904,80.0609250563203,49.99999999999929,0.01000123296498612
51.936,78.68552628393921,20.000000000000284,0.01001876450976914
51.968,79.1413469005951,29.999999999999716,0.010467533617069905
52.0,79.1413469005951,29.999999999999716,0.016467587593113005
52.032,76.00520839822768,-40.00000000000057,0.022944219124638607
52.064,78.68552628393921,20.000000000000284,0.026168028608935755
52.096,78.68552628393921,20.000000000000284,0.03489742801962526
52.128,78.23233100085048,9.999999999999432,0.010000206339031339
52.16,65.40639132514966,0.0,0.010000001546554296
52.192,65.40639132514966,0.0,0.010026724673810772
52.224,65.40639132514966,0.0,0.010013068846238975
52.256,65.40639132514966,0.0,0.010191075496968311
52.288,65.40639132514966,0.0,0.010349055133375843
52.32,65.40639132514966,0.0,0.010073751764282884
52.352,78.23233100085048,9.999999999999432,0.010037765502929688
52.384,78.23233100085048,9.999999999999432,0.010467533617069907
52.416,75.13221412149176,39.99999999999915,0.011085791888943375
52.448,75.5674506101949,50.0,0.010349055133375844
52.48,75.13221412149176,39.99999999999915,0.01001876450976914
52.512,78.68552628393921,20.000000000000284,0.01000000521622945
52.544,115.20235351026894,-20.000000000000284,0.010000078102280326
52.576,115.20235351026894,-20.000000000000284,0.010001232964986121
52.608,108.73654223881857,-20.000000000000284,0.01000000000061386
52.64,75.13221412149176,39.99999999999915,0.010000516719604524
52.672,74.69948441050268,29.999999999999716,0.010018764509769138
52.704,73.84148765291448,9.999999999999432,0.010622609040911531
52.736,72.99334582862124,-10.000000000000142,0.013100262550513395
52.768,72.99334582862124,-10.000000000000142,0.015085587297504338
52.8,72.99334582862124,-10.000000000000142,0.026168028608935755
52.832,72.99334582862124,-10.000000000000142,0.04069733156888105
52.864,73.84148765291448,9.999999999999432,0.20650679911775227
52.896,76.88834637984607,-20.000000000000284,0.12793708630129036
52.928,78.23233100085048,9.999999999999432,0.010824463728234169
52.96,78.68552628393921,20.000000000000284,0.010009025493342984
52.992,86.30425076864258,-20.000000000000284,0.010000027850262282
53.024,,,0.010000000814014906
53.056,,,0.010000000814014906
53.088,65.40639132514966,0.0,0.010000000000221911
53.12,65.40639132514966,0.0,0.010000000047726025
53.152,65.40639132514966,0.0,0.010000000417925077
53.184,65.40639132514966,0.0,0.010000027850262286
53.216,65.40639132514966,0.0,0.0100000470079773
53.248,65.40639132514966,0.0,0.01000032860450166
53.28,65.40639132514966,0.0,0.01000419105279527
53.312,,,0.010052967545965857
53.344,,,0.010013068846238975
53.376,65.40639132514966,0.0,0.010013068842748324
53.408,65.40639132514966,0.0,0.010191075496968311
53.44,65.40639132514966,0.0,0.010467533617069905
53.472,65.40639132514966,0.0,0.010467533617069905
53.504,65.40639132514966,0.0,0.010006178555334078
53.536,65.40639132514966,0.0,0.010000078102280324
53.568,,,0.010001873046012551
53.6,,,0.010001873046012551
53.632,65.40639132514966,0.0,0.01001876450976914
53.664,65.40639132514966,0.0,0.01003776550292969
53.696,65.40639132514966,0.0,0.01001876450976914
53.728,65.40639132514966,0.0,0.010006178555334078
53.76,65.40639132514966,0.0,0.01000123296498612
53.792,65.40639132514966,0.0,0.010001232964986118
53.824,65.40639132514966,0.0,0.010009025493342986
53.856,65.40639132514966,0.0,0.010013068846238976
53.888,65.40639132514966,0.0,0.01000617855533408
53.92,65.40639132514966,0.0,0.010001873046012551
53.952,65.40639132514966,0.0,0.010000000047726025
53.984,,,0.010000005216229449
54.016,,,0.010000005216229449
54.048,,,0.01000020633903134
54.08,,,0.010006178555334078
54.112,,,0.010006178555334078
54.144,,,0.01002672467381077
54.176,,,0.011422334250709074
54.208,,,0.022944219124638603
54.24,,,0.01025905055977886
54.272,,,0.010073751764282886
54.304,,,0.018187375734912185
54.336,,,0.016467587593113005
54.368,,,0.010349055133375846
54.4,,,0.01000020633903134
54.432,,,0.010000000101429396
54.464,,,0.01001876450976914
54.496,,,0.010349055133375846
54.528,295.3659506116579,9.999999999998721,0.010140046044704068
54.56,293.6647679174075,-7.105427357601002e-13,0.010824463728234167
54.592,295.3659506116579,9.999999999998721,0.015085587297504338
54.624,295.3659506116579,9.999999999998721,0.022944219124638603
54.656,293.6647679174075,-7.105427357601002e-13,0.12793708630129036
54.688,293.6647679174075,-7.105427357601002e-13,0.27960516533635893
54.72,293.6647679174075,-7.105427357601002e-13,0.3721358982975087
54.752,293.6647679174075,-7.105427357601002e-13,0.4849868077159112
54.784,293.6647679174075,-7.105427357601002e-13,0.6159498854580678
54.816,291.9733833144849,-10.000000000000142,0.6860828109301793
54.848,290.2917403700367,-20.000000000001705,0.3721358982975087
54.88,286.9574553484241,-40.00000000000057,0.09203757081218103
54.912,278.7883336231537,10.000000000000142,0.12793708630129036
54.944,277.1826309768721,-1.4210854715202004e-12,0.48498680771591124
54.976,277.1826309768721,-1.4210854715202004e-12,0.6860828109301793
55.008,277.1826309768721,-1.4210854715202004e-12,0.6860828109301792
55.04,277.1826309768721,-1.4210854715202004e-12,0.615949885458068
55.072,277.1826309768721,-1.4210854715202004e-12,0.32333605802562565
55.104,278.7883336231537,10.000000000000142,0.1085786938587233
55.136,278.7883336231537,10.000000000000142,0.026166392692867184
55.168,357.39105439674364,39.99999999999915,0.010052967545965857
55.2,351.2512899969259,9.999999999999432,0.09203757081218103
55.232,351.2512899969259,9.999999999999432,0.06608151270920701
55.264,355.3326333920185,29.999999999999716,0.10857977072874497
55.296,355.3326333920185,29.999999999999716,0.092037570812181
55.328,353.2860680198856,20.000000000000284,0.026168028608935755
55.36,353.2860680198856,20.000000000000284,0.12793708630129033
55.392,351.2512899969259,9.999999999999432,0.1765306086328976
55.424,349.2282314330038,0.0,0.02031762855636058
55.456,343.22869944588433,-30.000000000001137,0.010259050559778863
55.488,331.5370699244067,9.999999999999432,0.02616802860893576
55.52,329.6275569128699,-1.4210854715202004e-12,0.32333605839064095
55.552,329.6275569128699,-1.4210854715202004e-12,0.3721358982975087
55.584,327.72904188699454,-10.000000000000853,0.12793708630129036
55.616,325.8414615030442,-20.000000000000284,0.026168028608935755
55.648,295.3659506116579,9.999999999998721,0.2065067991177523
55.68,293.6647679174075,-7.105427357601002e-13,0.615949885458068
55.712,293.6647679174075,-7.105427357601002e-13,0.12793708630129036
55.744,293.6647679174075,-7.105427357601002e-13,0.020317628556360583
55.776,,,0.011085791888943373
55.808,,,0.013100262550513395
55.84,,,0.04069733156888105
55.872,,,0.37213589829750865
55.904,,,0.48498680771591135
55.936,293.6647679174075,-7.105427357601002e-13,0.615949885458068
55.968,293.6647679174075,-7.105427357601002e-13,0.4260623290432815
56.0,290.2917403700367,-20.000000000001705,0.37213589829750876
56.032,286.9574553484241,-40.00000000000057,0.07797523762294818
56.064,282.02769802256034,29.999999999999005,0.030106861794195014
56.096,277.1826309768721,-1.4210854715202004e-12,0.040697331568881064
56.128,277.1826309768721,-1.4210854715202004e-12,0.10857977072874488
56.16,277.1826309768721,-1.4210854715202004e-12,0.1279370721291537
56.192,,,0.010824463728168313
56.224,,,0.010467533617069905
56.256,,,0.013980210380185928
56.288,139.3941668115768,9.999999999999432,0.03010686179419501
56.32,138.591315488436,0.0,0.03010686179419501
56.352,136.9994584594705,-20.000000000000284,0.011422334250709074
56.384,140.20166900511882,19.999999999999574,0.010140046044704067
56.416,139.3941668115768,9.999999999999432,0.01818737573491218
56.448,139.3941668115768,9.999999999999432,0.1279370863012904
56.48,139.3941668115768,9.999999999999432,0.1504646013433388
56.512,138.591315488436,0.0,0.07797523762294818
56.544,138.591315488436,0.0,0.04768699308253103
56.576,138.591315488436,0.0,0.016467587593113005
56.608,138.591315488436,0.0,0.018187375734912182
56.64,133.87038650376502,39.99999999999986,0.010000206339031344
56.672,147.68297530582896,9.999999999999432,0.010000127845232541
56.704,148.5384940785009,19.999999999998863,0.010073751764282884
56.736,149.39896882100535,29.999999999999716,0.010259050559778863
56.768,149.39896882100535,29.999999999999716,0.010073751764282884
56.8,133.87038650376502,39.99999999999986,0.010018764509769136
56.832,109.3664466199302,-10.000000000000853,0.010009025493342986
56.864,109.3664466199302,-10.000000000000853,0.010013068846238975
56.896,,,0.015085587297504338
56.928,,,0.010073751764282884
56.96,110.63722351746388,9.999999999999432,0.010000206339031344
56.992,109.99999999999999,-1.4210854715202004e-12,0.010349055133375461
57.024,109.99999999999999,-1.4210854715202004e-12,0.0124031247900607
57.056,109.99999999999999,-1.4210854715202004e-12,0.034897427308665706
57.088,109.99999999999999,-1.4210854715202004e-12,0.12793706197690732
57.12,109.99999999999999,-1.4210854715202004e-12,0.03010685928657967
57.152,109.99999999999999,-1.4210854715202004e-12,0.011421633099590572
57.184,110.63722351746388,9.999999999999432,0.010808074771758183
57.216,,,0.01646758759311301
57.248,,,0.011418673789385214
57.28,,,0.010191061324831637
57.312,,,0.016467579481434225
57.344,,,0.10857977072044248
57.376,,,0.011085791888943373
57.408,155.56349186104043,-1.4210854715202004e-12,0.010000000814014908
57.44,146.8323839587038,-7.105427357601002e-13,0.010006178555334078
57.472,146.8323839587038,-7.105427357601002e-13,0.010052967545965855
57.504,145.9866916572425,-10.000000000000142,0.013100262550513395
57.536,146.8323839587038,-7.105427357601002e-13,0.030106861794195014
57.568,146.8323839587038,-7.105427357601002e-13,0.12793708630129036
57.6,146.8323839587038,-7.105427357601002e-13,0.32333605839064083
57.632,146.8323839587038,-7.105427357601002e-13,0.6159498854580681
57.664,146.8323839587038,-7.105427357601002e-13,0.4849868077159112
57.696,146.8323839587038,-7.105427357601002e-13,0.20650679911775227
57.728,97.99885899543732,0.0,0.06608151270920702
57.76,72.99334582862124,-10.000000000000142,0.020317628556360576
57.792,72.99334582862124,-10.000000000000142,0.010824463728234167
57.824,72.57293509250918,-20.000000000000284,0.010000047007977297
57.856,,,0.010000000001606035
57.888,73.84148765291448,9.999999999999432,0.010000000000221913
57.92,65.40639132514966,0.0,0.010000000047726023
57.952,67.7129427339704,-40.00000000000057,0.010001232964986118
57.984,67.7129427339704,-40.00000000000057,0.010037765502929688
58.016,67.7129427339704,-40.00000000000057,0.01025905055977886
58.048,66.93519325188251,39.99999999999986,0.010467533617069905
58.08,66.16637698451642,20.000000000000284,0.010000516719604524
58.112,69.6970834057884,9.999999999999432,0.01000000004772602
58.144,65.7852866955572,9.999999999999432,0.010000000000075398
58.176,65.7852866955572,9.999999999999432,0.010000802780927256
58.208,65.7852866955572,9.999999999999432,0.010009025493342988
58.24,65.40639132514966,0.0,0.010140046044704068
58.272,65.40639132514966,0.0,0.010191075496968311
58.304,65.40639132514966,0.0,0.01000123296498612
58.336,65.7852866955572,9.999999999999432,0.010037765502929688
58.368,73.84148765291448,9.999999999999432,0.013100262550513395
58.4,73.84148765291448,9.999999999999432,0.026168028608935755
58.432,73.84148765291448,9.999999999999432,0.03010686179419501
58.464,73.84148765291448,9.999999999999432,0.02616802860893576
58.496,73.84148765291448,9.999999999999432,0.016467587593113005
58.528,73.84148765291448,9.999999999999432,0.018187375734912185
58.56,73.84148765291448,9.999999999999432,0.022944219124638607
58.592,73.84148765291448,9.999999999999432,0.012403124793551348
58.624,73.84148765291448,9.999999999999432,0.01000419105279527
58.656,73.84148765291448,9.999999999999432,0.010073751764282884
58.688,73.84148765291448,9.999999999999432,0.010259050559778863
58.72,73.84148765291448,9.999999999999432,0.01646758759311301
58.752,73.84148765291448,9.999999999999432,0.010259050559778863
58.784,73.4161919793519,-7.105427357601002e-13,0.010140046044704068
58.816,66.16637698451642,20.000000000000284,0.010000802780927255
58.848,65.7852866955572,9.999999999999432,0.010013068846238975
58.88,65.7852866955572,9.999999999999432,0.010191075496968311
58.912,65.40639132514966,0.0,0.010000127845232541
58.944,70.50692450564009,29.999999999999005,0.010073751764282882
58.976,70.10083450255941,19.999999999999574,0.010467533617069903
59.008,87.81282249923147,9.999999999999432,0.01002672467381077
59.04,73.4161919793519,-7.105427357601002e-13,0.010000047007977299
59.072,78.23233100085048,9.999999999999432,0.010000328604501662
59.104,78.23233100085048,9.999999999999432,0.01001876450976914
59.136,78.23233100085048,9.999999999999432,0.010622609040911533
59.168,76.88834637984607,-20.000000000000284,0.018187375734912182
59.2,73.84148765291448,9.999999999999432,0.0779752376229482
59.232,73.84148765291448,9.999999999999432,0.07797523762294818
59.264,73.4161919793519,-7.105427357601002e-13,0.06608151270920702
59.296,73.4161919793519,-7.105427357601002e-13,0.07797523762294817
59.328,73.4161919793519,-7.105427357601002e-13,0.01000123296498612
59.36,66.16637698451642,20.000000000000284,0.010000000009505966
59.392,66.16637698451642,20.000000000000284,0.010052967545965857
59.424,65.40639132514966,0.0,0.010009025493342986
59.456,65.40639132514966,0.0,0.01010197459374499
59.488,65.40639132514966,0.0,0.010073751764282884
59.52,66.16637698451642,20.000000000000284,0.01000419105279527
59.552,66.16637698451642,20.000000000000284,0.010052967545965855
59.584,66.16637698451642,20.000000000000284,0.01508558729750434
59.616,82.40688922821748,0.0,0.018187375734912182
59.648,65.7852866955572,9.999999999999432,0.0229442191246386
59.68,65.7852866955572,9.999999999999432,0.01818737573491219
59.712,82.40688922821748,0.0,0.011853505394683411
59.744,109.99999999999999,-1.4210854715202004e-12,0.020317628556360583
59.776,109.99999999999999,-1.4210854715202004e-12,0.06608151270920702
59.808,109.99999999999999,-1.4210854715202004e-12,0.01007375176428288
59.84,88.83315834800462,29.999999999999716,0.010000027850262284
59.872,78.23233100085048,9.999999999999432,0.010000127845232543
59.904,78.23233100085048,9.999999999999432,0.010052967545965857
59.936,70.50692450564009,29.999999999999005,0.010101974593744992
59.968,77.78174593052022,-1.4210854715202004e-12,0.010009025493342986
60.0,71.32617550580554,-50.0,0.0100028158258111
60.032,65.7852866955572,9.999999999999432,0.010001873046012551
60.064,65.7852866955572,9.999999999999432,0.010349055133375844
60.096,65.40639132514966,0.0,0.010013068846238975
60.128,66.16637698451642,20.000000000000284,0.010000802780927255
60.16,97.99885899543732,0.0,0.01000419105279527
60.192,97.99885899543732,0.0,0.013100262550513395
60.224,97.99885899543732,0.0,0.010622609040911533
60.256,73.4161919793519,-7.105427357601002e-13,0.010000516719604524
60.288,73.4161919793519,-7.105427357601002e-13,0.010000005216229449
60.32,73.4161919793519,-7.105427357601002e-13,0.010000000208892744
60.352,67.7129427339704,-40.00000000000057,0.010000000047726025
60.384,73.4161919793519,-7.105427357601002e-13,0.010000000000023851
60.416,97.99885899543732,0.0,0.0100000000000754
60.448,65.40639132514966,0.0,0.010000000000001869
60.48,65.40639132514966,0.0,0.010000000003996623
60.512,65.40639132514966,0.0,0.010000000009505967
60.544,65.7852866955572,9.999999999999432,0.010000000000221913
60.576,65.7852866955572,9.999999999999432,0.010000206339031339
60.608,65.40639132514966,0.0,0.010000802780927255
60.64,65.40639132514966,0.0,0.010037765502929688
60.672,65.40639132514966,0.0,0.010052967545965857
60.704,65.40639132514966,0.0,0.0100028158258111
60.736,65.40639132514966,0.0,0.01000032860450166
60.768,70.10083450255941,19.999999999999574,0.010824463728234167
60.8,73.84148765291448,9.999999999999432,0.020317628556360583
60.832,73.84148765291448,9.999999999999432,0.018187375734912182
60.864,73.84148765291448,9.999999999999432,0.016467587593113005
60.896,73.84148765291448,9.999999999999432,0.012403124793551348
60.928,73.84148765291448,9.999999999999432,0.011853505394683415
60.96,73.84148765291448,9.999999999999432,0.010349055133375844
60.992,98.56656061031477,9.999999999999432,0.01000032860450166
61.024,88.83315834800462,29.999999999999716,0.010000016226422836
61.056,73.84148765291448,9.999999999999432,0.010006178555334078
61.088,73.84148765291448,9.999999999999432,0.010140046044704068
61.12,73.84148765291448,9.999999999999432,0.01240312479355135
61.152,74.26924703925044,19.999999999998863,0.010073751764282884
61.184,71.73936383710603,-40.00000000000057,0.010000802780927255
61.216,66.16637698451642,20.000000000000284,0.01000000928748663
61.248,65.40639132514966,0.0,0.0100000470079773
61.28,65.40639132514966,0.0,0.010001873046012551
61.312,65.40639132514966,0.0,0.010000078102280324
61.344,,,0.010000000021701592
61.376,,,0.010191075496968313
61.408,,,0.011853505394683411
61.44,,,0.010000047007977303
61.472,80.5247132770094,-40.00000000000057,0.010000047007977303
61.504,75.13221412149176,39.99999999999915,0.010018764509769138
61.536,75.5674506101949,50.0,0.011422334250709073
61.568,75.5674506101949,50.0,0.03010686179419501
61.6,74.69948441050268,29.999999999999716,0.07797523762294818
61.632,74.26924703925044,19.999999999998863,0.06608151270920702
61.664,78.23233100085048,9.999999999999432,0.026168028608935755
61.696,78.23233100085048,9.999999999999432,0.04069733156888106
61.728,78.23233100085048,9.999999999999432,0.010140046044704065
61.76,65.40639132514966,0.0,0.010000206339031342
61.792,65.40639132514966,0.0,0.010191075496968313
61.824,65.40639132514966,0.0,0.010026724673810772
61.856,65.40639132514966,0.0,0.010349055133375844
61.888,65.40639132514966,0.0,0.010259050559778863
61.92,65.40639132514966,0.0,0.010009025493342986
61.952,73.4161919793519,-7.105427357601002e-13,0.010037765502929688
61.984,73.4161919793519,-7.105427357601002e-13,0.026168028608935752
62.016,73.84148765291448,9.999999999999432,0.04069733156888106
62.048,73.4161919793519,-7.105427357601002e-13,0.022944219124638603
62.08,73.4161919793519,-7.105427357601002e-13,0.015085587297504338
62.112,73.84148765291448,9.999999999999432,0.011422334250709074
62.144,88.32151700497141,19.999999999998863,0.011853505394683411
62.176,109.99999999999999,-1.4210854715202004e-12,0.034897428019625254
62.208,109.99999999999999,-1.4210854715202004e-12,0.01002672467381077
62.24,73.4161919793519,-7.105427357601002e-13,0.010140046044704067
62.272,73.4161919793519,-7.105427357601002e-13,0.013100262550513395
62.304,73.4161919793519,-7.105427357601002e-13,0.030106861794195004
62.336,73.4161919793519,-7.105427357601002e-13,0.022944219124638603
62.368,73.4161919793519,-7.105427357601002e-13,0.010140046044704068
62.4,71.32617550580554,-50.0,0.010001873046012551
62.432,65.40639132514966,0.0,0.010000802780927255
62.464,65.40639132514966,0.0,0.01010197459374499
62.496,65.40639132514966,0.0,0.01000419105279527
62.528,65.40639132514966,0.0,0.01000123296498612
62.56,88.32151700497141,19.999999999998863,0.010000002871100368
62.592,97.99885899543732,0.0,0.010001873046012551
62.624,109.99999999999999,-1.4210854715202004e-12,0.010000002871100365
62.656,73.4161919793519,-7.105427357601002e-13,0.010000000000613858
62.688,65.40639132514966,0.0,0.010000001546554296
62.72,65.40639132514966,0.0,0.0100000470079773
62.752,65.40639132514966,0.0,0.010001873046012551
62.784,65.40639132514966,0.0,0.010000078102280324
62.816,65.40639132514966,0.0,0.010000002871100368
62.848,65.40639132514966,0.0,0.010000000101429396
62.88,65.40639132514966,0.0,0.010000000208892744
62.912,65.40639132514966,0.0,0.010000000208892744
62.944,65.40639132514966,0.0,0.010000000021701592
62.976,65.7852866955572,9.999999999999432,0.010000802780927255
63.008,65.7852866955572,9.999999999999432,0.010018764509769141
63.04,65.40639132514966,0.0,0.010191075496968311
63.072,65.40639132514966,0.0,0.010191075496968311
63.104,65.40639132514966,0.0,0.01000123296498612
63.136,68.49972922973525,-20.000000000000284,0.010009025493342986
63.168,73.84148765291448,9.999999999999432,0.012403124793551346
63.2,73.84148765291448,9.999999999999432,0.03010686179419501
63.232,73.84148765291448,9.999999999999432,0.0229442191246386
63.264,73.84148765291448,9.999999999999432,0.026168028608935755
63.296,73.84148765291448,9.999999999999432,0.01508558729750434
63.328,73.84148765291448,9.999999999999432,0.013100262550513393
63.36,73.84148765291448,9.999999999999432,0.012403124793551346
63.392,97.99885899543732,0.0,0.011422334250709074
63.424,97.99885899543732,0.0,0.010000516719604524
63.456,73.4161919793519,-7.105427357601002e-13,0.010000516719604524
63.488,73.4161919793519,-7.105427357601002e-13,0.010001232964986118
63.52,74.26924703925044,19.999999999998863,0.01010197459374499
63.552,78.23233100085048,9.999999999999432,0.01001876450976914
63.584,73.4161919793519,-7.105427357601002e-13,0.010140046044704068
63.616,69.29565774421802,0.0,0.010000516719604524
63.648,65.7852866955572,9.999999999999432,0.010013068846238976
63.68,65.40639132514966,0.0,0.010259050559778863
63.712,65.7852866955572,9.999999999999432,0.010000516719604526
63.744,73.4161919793519,-7.105427357601002e-13,0.010013068846238975
63.776,82.40688922821748,0.0,0.01001876450976914
63.808,,,0.010006178555334078
63.84,,,0.010000009287486629
63.872,77.78174593052022,-1.4210854715202004e-12,0.010000328604501658
63.904,77.78174593052022,-1.4210854715202004e-12,0.010037765502929688
63.936,77.78174593052022,-1.4210854715202004e-12,0.011085791888943373
63.968,77.78174593052022,-1.4210854715202004e-12,0.022944219124638596
64.0,73.84148765291448,9.999999999999432,0.1504646013433388
64.032,73.4161919793519,-7.105427357601002e-13,0.17653060863289757
64.064,73.4161919793519,-7.105427357601002e-13,0.17653060863289757
64.096,73.4161919793519,-7.105427357601002e-13,0.17653060863289755
64.128,73.4161919793519,-7.105427357601002e-13,0.010073751764282884
64.16,65.7852866955572,9.999999999999432,0.010000027850262284
64.192,65.7852866955572,9.999999999999432,0.010140046044704068
64.224,65.40639132514966,0.0,0.01001876450976914
64.256,65.40639132514966,0.0,0.010191075496968311
64.288,65.40639132514966,0.0,0.01010197459374499
64.32,65.40639132514966,0.0,0.0100028158258111
64.352,73.84148765291448,9.999999999999432,0.010009025493342988
64.384,74.26924703925044,19.999999999998863,0.030106861794195007
64.416,74.26924703925044,19.999999999998863,0.066081512709207
64.448,74.26924703925044,19.999999999998863,0.056071395445892624
64.48,74.26924703925044,19.999999999998863,0.03489742801962526
64.512,74.26924703925044,19.999999999998863,0.013980210380185924
64.544,73.84148765291448,9.999999999999432,0.013980210380185928
64.576,98.56656061031477,9.999999999999432,0.010349055133375841
64.608,98.56656061031477,9.999999999999432,0.010000000101429396
64.64,79.59980805922079,39.99999999999986,0.010000027850262286
64.672,79.1413469005951,29.999999999999716,0.010009025493342986
64.704,78.23233100085048,9.999999999999432,0.010052967545965857
64.736,73.84148765291448,9.999999999999432,0.010052967545965857
64.768,73.84148765291448,9.999999999999432,0.01000007810228032
64.8,66.16637698451642,20.000000000000284,0.010000005216229449
64.832,65.40639132514966,0.0,0.010000127845232541
64.864,65.40639132514966,0.0,0.010037765502929688
64.896,65.40639132514966,0.0,0.010000802780927255
64.928,65.40639132514966,0.0,0.010000000417925077
64.96,,,0.01000000928748663
64.992,,,0.010824463728234167
65.024,,,0.01000187304601255
65.056,73.84148765291448,9.999999999999432,0.01000000002170159
65.088,65.40639132514966,0.0,0.010000002871100368
65.12,65.40639132514966,0.0,0.010000127845232543
65.152,65.40639132514966,0.0,0.01000123296498612
65.184,65.40639132514966,0.0,0.010000016226422836
65.216,65.40639132514966,0.0,0.010000002871100368
65.248,65.40639132514966,0.0,0.010000005216229449
65.28,65.40639132514966,0.0,0.010000005216229449
65.312,65.7852866955572,9.999999999999432,0.0100000470079773
65.344,65.7852866955572,9.999999999999432,0.010000027850262286
65.376,98.56656061031477,9.999999999999432,0.01000000000061386
65.408,98.56656061031477,9.999999999999432,0.010000000208892745
65.44,80.0609250563203,49.99999999999929,0.01000000928748663
65.472,73.84148765291448,9.999999999999432,0.010101974593744992
65.504,65.7852866955572,9.999999999999432,0.012403124793551346
65.536,65.7852866955572,9.999999999999432,0.010824463728234167
65.568,65.7852866955572,9.999999999999432,0.010259050559778863
65.6,73.84148765291448,9.999999999999432,0.010006178555334077
65.632,73.84148765291448,9.999999999999432,0.010013068846238973
65.664,73.84148765291448,9.999999999999432,0.010259050559778864
65.696,73.84148765291448,9.999999999999432,0.012403124793551344
65.728,73.84148765291448,9.999999999999432,0.018187375734912182
65.76,73.84148765291448,9.999999999999432,0.011422334250709074
65.792,73.84148765291448,9.999999999999432,0.01002672467381077
65.824,73.84148765291448,9.999999999999432,0.01000617855533408
65.856,73.84148765291448,9.999999999999432,0.010191075496968311
65.888,73.84148765291448,9.999999999999432,0.010824463728234167
65.92,73.84148765291448,9.999999999999432,0.01508558729750434
65.952,73.84148765291448,9.999999999999432,0.06608151270920706
65.984,73.4161919793519,-7.105427357601002e-13,0.1765306086328976
66.016,73.4161919793519,-7.105427357601002e-13,0.24075439447557428
66.048,73.4161919793519,-7.105427357601002e-13,0.48498680771591135
66.08,72.99334582862124,-10.000000000000142,0.4849868077159114
66.112,72.99334582862124,-10.000000000000142,0.4849868077159114
66.144,73.4161919793519,-7.105427357601002e-13,0.10857977072874499
66.176,77.78174593052022,-1.4210854715202004e-12,0.1504646013433388
66.208,77.78174593052022,-1.4210854715202004e-12,0.2065067991177523
66.24,77.78174593052022,-1.4210854715202004e-12,0.013100262550513397
66.272,77.78174593052022,-1.4210854715202004e-12,0.013100262550513393
66.304,77.78174593052022,-1.4210854715202004e-12,0.012403124793551346
66.336,77.78174593052022,-1.4210854715202004e-12,0.02616802860893576
66.368,77.78174593052022,-1.4210854715202004e-12,0.24075439447557426
66.4,77.78174593052022,-1.4210854715202004e-12,0.37213589829750865
66.432,77.78174593052022,-1.4210854715202004e-12,0.12793708630129036
66.464,77.78174593052022,-1.4210854715202004e-12,0.17653060863289755
66.496,73.4161919793519,-7.105427357601002e-13,0.17653060863289755
66.528,73.4161919793519,-7.105427357601002e-13,0.011422334250709074
66.56,73.4161919793519,-7.105427357601002e-13,0.011853505394683413
66.592,73.4161919793519,-7.105427357601002e-13,0.010259050559778864
66.624,73.4161919793519,-7.105427357601002e-13,0.010259050559778863
66.656,72.99334582862124,-10.000000000000142,0.026168028608935755
66.688,72.99334582862124,-10.000000000000142,0.015085587297504336
66.72,72.99334582862124,-10.000000000000142,0.047686993082531035
66.752,73.84148765291448,9.999999999999432,0.01019107549696831
66.784,73.84148765291448,9.999999999999432,0.013100262550513397
66.816,73.84148765291448,9.999999999999432,0.013980210380185926
66.848,73.84148765291448,9.999999999999432,0.013980210380185924
66.88,73.84148765291448,9.999999999999432,0.02616802860893575
66.912,73.84148765291448,9.999999999999432,0.01185350539468341
66.944,73.84148765291448,9.999999999999432,0.03489742801962526
66.976,73.84148765291448,9.999999999999432,0.02031762855636059
67.008,73.84148765291448,9.999999999999432,0.026168028608935762
67.04,,,0.015085587297504338
67.072,,,0.022944219124638603
67.104,,,0.026168028608935755
67.136,,,0.02616802860893576
67.168,,,0.010467533617069905
67.2,117.89508087899223,19.999999999999574,0.01003776550292969
67.232,147.68297530582896,9.999999999999432,0.010191075496968311
67.264,148.5384940785009,19.999999999998863,0.010140046044704067
67.296,177.66631669600923,29.999999999999716,0.010006178555334078
67.328,221.27444703492776,9.999999999999432,0.010009025493342988
67.36,219.99999999999997,-1.4210854715202004e-12,0.026168028608935755
67.392,219.99999999999997,-1.4210854715202004e-12,0.07797523762294818
67.424,221.27444703492776,9.999999999999432,0.026168028608935755
67.456,219.99999999999997,-1.4210854715202004e-12,0.011085791888943373
67.488,222.55627686642293,20.000000000000284,0.016467587593113005
67.52,221.27444703492776,9.999999999999432,0.07797523762294818
67.552,221.27444703492776,9.999999999999432,0.37213589829750876
67.584,221.27444703492776,9.999999999999432,0.7571601330199093
67.616,221.27444703492776,9.999999999999432,0.7571601330199094
67.648,221.27444703492776,9.999999999999432,0.8266685594724995
67.68,221.27444703492776,9.999999999999432,0.5485250542599845
67.712,219.99999999999997,-1.4210854715202004e-12,0.018187375734912185
67.744,,,0.010000516719604524
67.776,,,0.01000000928748663
67.808,,,0.010000001546554296
67.84,,,0.010000328604501662
67.872,80.5247132770094,-40.00000000000057,0.010052967545965857
67.904,72.15494574405967,-30.000000000001137,0.010191075496968311
67.936,72.15494574405967,-30.000000000001137,0.010824463728234167
67.968,72.15494574405967,-30.000000000001137,0.01398021038018593
68.0,73.4161919793519,-7.105427357601002e-13,0.012403124793551346
68.032,73.4161919793519,-7.105427357601002e-13,0.04069733156888106
68.064,73.4161919793519,-7.105427357601002e-13,0.04069733156888105
68.096,73.4161919793519,-7.105427357601002e-13,0.056071395445892624
68.128,72.99334582862124,-10.000000000000142,0.04069733156888105
68.16,72.99334582862124,-10.000000000000142,0.03010686179419501
68.192,72.99334582862124,-10.000000000000142,0.015085587297504338
68.224,73.4161919793519,-7.105427357601002e-13,0.010101974593744989
68.256,75.13221412149176,39.99999999999915,0.011085791888943371
68.288,74.26924703925044,19.999999999998863,0.016467587593113005
68.32,74.69948441050268,29.999999999999716,0.018187375734912182
68.352,74.26924703925044,19.999999999998863,0.015085587297504336
68.384,74.26924703925044,19.999999999998863,0.01508558729750434
68.416,74.26924703925044,19.999999999998863,0.015085587297504336
68.448,74.69948441050268,29.999999999999716,0.04069733156888105
68.48,71.73936383710603,-40.00000000000057,0.0229442191246386
68.512,71.32617550580554,-50.0,0.010467533617069903
68.544,72.15494574405967,-30.000000000001137,0.010052967545965855
68.576,,,0.010013068846238975
68.608,,,0.010140046044704068
68.64,,,0.01000000928748663
68.672,,,0.01000020633903134
68.704,,,0.010000127845232541
68.736,,,0.010000802780927255
68.768,73.4161919793519,-7.105427357601002e-13,0.010037765502929686
68.8,73.4161919793519,-7.105427357601002e-13,0.04069733156888105
68.832,73.4161919793519,-7.105427357601002e-13,0.06608151270920701
68.864,73.4161919793519,-7.105427357601002e-13,0.020317628556360583
68.896,74.26924703925044,19.999999999998863,0.016467587593113005
68.928,74.69948441050268,29.999999999999716,0.01000187304601255
68.96,83.3644111580719,19.999999999999574,0.010000802780927255
68.992,76.00520839822768,-40.00000000000057,0.010000027850262284
69.024,74.69948441050268,29.999999999999716,0.01000020633903134
69.056,73.4161919793519,-7.105427357601002e-13,0.010467533617069905
69.088,73.4161919793519,-7.105427357601002e-13,0.03489742801962526
69.12,72.57293509250918,-20.000000000000284,0.018187375734912182
69.152,73.4161919793519,-7.105427357601002e-13,0.011422334250709073
69.184,68.49972922973525,-20.000000000000284,0.01000020633903134
69.216,71.73936383710603,-40.00000000000057,0.010002815825811102
69.248,,,0.010259050559778863
69.28,,,0.015085587297504338
69.312,,,0.04768699308253104
69.344,,,0.010622609040911533
69.376,,,0.010000027850262288
69.408,,,0.010052967545965857
69.44,,,0.011422334250709074
69.472,,,0.02616802860893576
69.504,,,0.06608151270920701
69.536,,,0.07797523762294817
69.568,,,0.12793708630129036
69.6,,,0.07797523762294818
69.632,,,0.05607139544589261
69.664,,,0.04768699308246517
69.696,,,0.01000123296498612
69.728,109.3664466199302,-10.000000000000853,0.02031762855636058
69.76,109.99999999999999,-1.4210854715202004e-12,0.10857977072874497
69.792,109.3664466199302,-10.000000000000853,0.12793708630129036
69.824,109.99999999999999,-1.4210854715202004e-12,0.010259050559778863
69.856,114.5388367788287,-30.000000000001137,0.010009025493342988
69.888,130.05935646298627,-10.000000000000853,0.010140046044704068
69.92,130.05935646298627,-10.000000000000853,0.010349055133375844
69.952,128.565497341737,-30.000000000000426,0.010259050559778863
69.984,109.3664466199302,-10.000000000000853,0.01010197459374499
70.016,109.3664466199302,-10.000000000000853,0.011422334250709074
70.048,111.92276613129549,29.999999999999716,0.01818737573491218
70.08,111.92276613129549,29.999999999999716,0.04069733156888105
70.112,109.3664466199302,-10.000000000000853,0.01000032860450166
70.144,,,0.010037765502929688
70.176,,,0.010000002871100368
70.208,65.40639132514966,0.0,0.010000001546554298
70.24,65.40639132514966,0.0,0.010006178555334077
70.272,79.59980805922079,39.99999999999986,0.011853505394683415
70.304,79.59980805922079,39.99999999999986,0.011085791888943375
70.336,71.32617550580554,-50.0,0.012403124793551348
70.368,72.99334582862124,-10.000000000000142,0.030106861794195017
70.4,73.4161919793519,-7.105427357601002e-13,0.05607139544589262
70.432,73.4161919793519,-7.105427357601002e-13,0.17653060863289755
70.464,73.4161919793519,-7.105427357601002e-13,0.17653060863289757
70.496,73.84148765291448,9.999999999999432,0.12793708630129033
70.528,73.84148765291448,9.999999999999432,0.17653060863289757
70.56,73.84148765291448,9.999999999999432,0.10857977072874496
70.592,73.4161919793519,-7.105427357601002e-13,0.12793708630129036
70.624,74.26924703925044,19.999999999998863,0.02616802860893576
70.656,73.84148765291448,9.999999999999432,0.02616802860893575
70.688,73.4161919793519,-7.105427357601002e-13,0.018187375734912182
70.72,73.4161919793519,-7.105427357601002e-13,0.013100262550513395
70.752,72.57293509250918,-20.000000000000284,0.020317628556360583
70.784,71.73936383710603,-40.00000000000057,0.01398021038018593
70.816,75.13221412149176,39.99999999999915,0.010622609040911533
70.848,72.57293509250918,-20.000000000000284,0.02294421912463861
70.88,72.57293509250918,-20.000000000000284,0.04768699308253105
70.912,79.1413469005951,29.999999999999716,0.011422334250709073
70.944,90.90953499696329,-30.000000000000426,0.010009025493342986
70.976,97.43442710125966,-10.000000000000853,0.010073751764282886
71.008,97.43442710125966,-10.000000000000853,0.010140046044704068
71.04,134.6458897635121,49.99999999999929,0.01000032860450166
71.072,126.35681904967383,39.99999999999915,0.01002672467381077
71.104,126.35681904967383,39.99999999999915,0.010013068846238975
71.136,125.62905732418486,29.999999999999716,0.01002672467381077
71.168,117.89508087899223,19.999999999999574,0.010000127845232541
71.2,,,0.010000016226422836
71.232,,,0.010002815825811098
71.264,,,0.010140046044704068
71.296,,,0.01646758759311301
71.328,,,0.015085587297504338
71.36,241.30149553281768,-40.00000000000057,0.010006178555334078
71.392,254.17759331190004,-50.0,0.010009025493342986
71.424,261.6255653005986,0.0,0.01010197459374499
71.456,266.19869962824436,30.000000000000426,0.013100262550513395
71.488,291.9733833144849,-10.000000000000142,0.010006178555334078
71.52,325.8414615030442,-20.000000000000284,0.010073751764282884
71.552,325.8414615030442,-20.000000000000284,0.0229442191246386
71.584,327.72904188699454,-10.000000000000853,0.056071395445892624
71.616,320.24370022528115,49.99999999999929,0.03489742801962526
71.648,302.26980244077964,-49.99999999999929,0.06608151270920702
71.68,295.3659506116579,9.999999999998721,0.1765306086328976
71.712,293.6647679174075,-7.105427357601002e-13,0.1504646013433388
71.744,293.6647679174075,-7.105427357601002e-13,0.06608151270920701
71.776,291.9733833144849,-10.000000000000142,0.0229442191246386
71.808,,,0.010037765502929688
71.84,,,0.010004191052795269
71.872,,,0.010001232964986116
71.904,,,0.010001873046012551
71.936,,,0.010000802780927253
71.968,,,0.011422334250709074
72.0,,,0.026168028608935755
72.032,,,0.034897428019625254
72.064,,,0.05607139544589262
72.096,,,0.010073751764282884
72.128,98.56656061031477,9.999999999999432,0.010001873046012553
72.16,98.56656061031477,9.999999999999432,0.011422334250709074
72.192,99.13755088719131,19.999999999999574,0.013100262550513397
72.224,128.565497341737,-30.000000000000426,0.010000027850262286
72.256,131.5705733911144,9.999999999999432,0.01001876450976914
72.288,131.5705733911144,9.999999999999432,0.010052967545965857
72.32,132.33275396903284,20.000000000000284,0.01002672467381077
72.352,114.5388367788287,-30.000000000001137,0.013980210380185928
72.384,112.57112811964524,39.99999999999986,0.018187375734912182
72.416,110.63722351746388,9.999999999999432,0.2407543944755743
72.448,110.63722351746388,9.999999999999432,0.3721358982975087
72.48,109.99999999999999,-1.4210854715202004e-12,0.1765306086328976
72.512,110.63722351746388,9.999999999999432,0.09203757081218102
72.544,111.27813843321147,20.000000000000284,0.01002672467381077
72.576,110.63722351746388,9.999999999999432,0.010000328604501658
72.608,,,0.0100000470079773
72.64,,,0.0100000470079773
72.672,85.3129619008554,-40.00000000000057,0.010002815825811098
72.704,70.50692450564009,29.999999999999005,0.0100028158258111
72.736,71.32617550580554,-50.0,0.01000123296498612
72.768,72.57293509250918,-20.000000000000284,0.010037765502929688
72.8,72.99334582862124,-10.000000000000142,0.010824463728234167
72.832,73.4161919793519,-7.105427357601002e-13,0.010259050559778863
72.864,73.4161919793519,-7.105427357601002e-13,0.010467533617069903
72.896,97.99885899543732,0.0,0.010259050559778863
72.928,73.4161919793519,-7.105427357601002e-13,0.010824463728234169
72.96,73.4161919793519,-7.105427357601002e-13,0.010259050559778863
72.992,73.4161919793519,-7.105427357601002e-13,0.01001876450976914
73.024,87.30705785825097,-7.105427357601002e-13,0.01000012784523254
73.056,87.30705785825097,-7.105427357601002e-13,0.01000123296498612
73.088,87.30705785825097,-7.105427357601002e-13,0.01000032860450166
73.12,75.5674506101949,50.0,0.010000516719604526
73.152,71.32617550580554,-50.0,0.010000516719604526
73.184,73.84148765291448,9.999999999999432,0.01001876450976914
73.216,73.84148765291448,9.999999999999432,0.010037765502929686
73.248,72.99334582862124,-10.000000000000142,0.010259050559778864
73.28,73.84148765291448,9.999999999999432,0.010259050559778863
73.312,74.69948441050268,29.999999999999716,0.010073751764282886
73.344,80.0609250563203,49.99999999999929,0.010052967545965857
73.376,91.43616857570666,-20.000000000000284,0.010026724673810768
73.408,97.43442710125966,-10.000000000000853,0.010052967545965857
73.44,127.08879665595002,-50.0,0.010000002871100368
73.472,123.47082531403102,-7.105427357601002e-13,0.010006178555334078
73.504,,,0.010000027850262286
73.536,,,0.01000012784523254
73.568,73.4161919793519,-7.105427357601002e-13,0.010073751764282886
73.6,73.4161919793519,-7.105427357601002e-13,0.018187375734912182
73.632,73.4161919793519,-7.105427357601002e-13,0.013100262550513395
73.664,73.4161919793519,-7.105427357601002e-13,0.012403124793551346
73.696,73.84148765291448,9.999999999999432,0.010349055133375844
73.728,74.26924703925044,19.999999999998863,0.01010197459374499
73.76,73.84148765291448,9.999999999999432,0.01000187304601255
73.792,87.30705785825097,-7.105427357601002e-13,0.0100028158258111
73.824,73.4161919793519,-7.105427357601002e-13,0.010018764509769138
73.856,73.4161919793519,-7.105427357601002e-13,0.013100262550513397
73.888,72.99334582862124,-10.000000000000142,0.010018764509769141
73.92,73.4161919793519,-7.105427357601002e-13,0.01010197459374499
73.952,72.99334582862124,-10.000000000000142,0.011422334250709074
73.984,72.99334582862124,-10.000000000000142,0.06608151270920701
74.016,72.99334582862124,-10.000000000000142,0.4849868077159113
74.048,73.4161919793519,-7.105427357601002e-13,0.17653060863289757
74.08,73.4161919793519,-7.105427357601002e-13,0.15046460134333878
74.112,73.4161919793519,-7.105427357601002e-13,0.07797523762294817
74.144,73.4161919793519,-7.105427357601002e-13,0.09203757081218102
74.176,72.99334582862124,-10.000000000000142,0.06608151270920701
74.208,72.99334582862124,-10.000000000000142,0.01019107549696831
74.24,75.13221412149176,39.99999999999915,0.010052967545965855
74.272,75.13221412149176,39.99999999999915,0.010073751764282886
74.304,75.13221412149176,39.99999999999915,0.010052967545965859
74.336,76.00520839822768,-40.00000000000057,0.010052967545965857
74.368,72.57293509250918,-20.000000000000284,0.010018764509769138
74.4,72.57293509250918,-20.000000000000284,0.010349055133375844
74.432,72.57293509250918,-20.000000000000284,0.010824463728234167
74.464,72.99334582862124,-10.000000000000142,0.034897428019625254
74.496,73.4161919793519,-7.105427357601002e-13,0.010013068846238973
74.528,97.43442710125966,-10.000000000000853,0.010000127845232541
74.56,98.56656061031477,9.999999999999432,0.011422334250709074
74.592,98.56656061031477,9.999999999999432,0.022944219124638603
74.624,145.9866916572425,-10.000000000000142,0.01002672467381077
74.656,145.14587018501834,-20.000000000000284,0.010052967545965857
74.688,144.30989148811935,-30.000000000001137,0.010191075496968311
74.72,145.9866916572425,-10.000000000000142,0.010191075496968311
74.752,119.26495573315601,39.99999999999915,0.010467533617069905
74.784,146.8323839587038,-7.105427357601002e-13,0.02616802860893576
74.816,147.68297530582896,9.999999999999432,0.10857977072874497
74.848,146.8323839587038,-7.105427357601002e-13,0.12793708630129036
74.88,146.8323839587038,-7.105427357601002e-13,0.10857977072874499
74.912,147.68297530582896,9.999999999999432,0.018187375734912182
74.944,126.35681904967383,39.99999999999915,0.010191075496968311
74.976,130.05935646298627,-10.000000000000853,0.010467533617069905
75.008,130.05935646298627,-10.000000000000853,0.010622609040911534
75.04,130.05935646298627,-10.000000000000853,0.012403124793551348
75.072,97.99885899543732,0.0,0.01019107549696831
75.104,97.99885899543732,0.0,0.010259050559778863
75.136,97.99885899543732,0.0,0.010000516719604523
75.168,97.99885899543732,0.0,0.010000009287486632
75.2,97.43442710125966,-10.000000000000853,0.010000078102280326
75.232,106.252996181733,39.99999999999915,0.010000005216229449
75.264,114.5388367788287,-30.000000000001137,0.010000127845232541
75.296,,,0.010037765502929688
75.328,,,0.01240312479355135
75.36,,,0.03489742801962526
75.392,,,0.04069733156888104
75.424,,,0.01646758759311301
75.456,,,0.018187375734912182
75.488,,,0.01398021038018593
75.52,,,0.016467587593113005
75.552,,,0.015085587297504338
75.584,,,0.01003776550292969
75.616,,,0.010037765502929686
75.648,,,0.01002672467381077
75.68,,,0.010349055133375844
75.712,,,0.010052967545965857
75.744,,,0.010009025493342986
75.776,,,0.010000516719604524
75.808,87.30705785825097,-7.105427357601002e-13,0.010000802780927256
75.84,88.32151700497141,19.999999999998863,0.01000020633903134
75.872,77.78174593052022,-1.4210854715202004e-12,0.010000009287486634
75.904,83.3644111580719,19.999999999999574,0.010001873046012551
75.936,82.40688922821748,0.0,0.010349055133375846
75.968,82.40688922821748,0.0,0.018187375734912185
76.0,82.40688922821748,0.0,0.07797523762294817
76.032,82.40688922821748,0.0,0.06608151270920701
76.064,82.40688922821748,0.0,0.06608151270920701
76.096,82.40688922821748,0.0,0.04768699308253104
76.128,81.93226047174862,-10.000000000000853,0.030106861794195007
76.16,,,0.012403124793551348
76.192,,,0.012403124793551348
76.224,,,0.011085791888943373
76.256,,,0.010824463728234167
76.288,,,0.010101974593744989
76.32,,,0.01000123296498612
76.352,99.13755088719131,19.999999999999574,0.010000802780927255
76.384,99.13755088719131,19.999999999999574,0.010006178555334078
76.416,101.45478129445331,-40.00000000000057,0.010000005216229449
76.448,101.45478129445331,-40.00000000000057,0.010000027850262288
76.48,97.99885899543732,0.0,0.010009025493342986
76.512,97.99885899543732,0.0,0.010191075496968311
76.544,97.99885899543732,0.0,0.01010197459374499
76.576,97.99885899543732,0.0,0.010467533617069903
76.608,97.43442710125966,-10.000000000000853,0.010000328604501658
76.64,99.71184887709214,29.999999999999005,0.010000000814014908
76.672,99.13755088719131,19.999999999999574,0.010009025493342986
76.704,98.56656061031477,9.999999999999432,0.011085791888943373
76.736,97.99885899543732,0.0,0.030106861794195014
76.768,97.99885899543732,0.0,0.06608151270920701
76.8,117.21605517913326,9.999999999999432,0.026168028608935752
76.832,116.54094037952247,0.0,0.011085791888943373
76.864,143.47872767421205,-40.00000000000057,0.01000123296498612
76.896,123.47082531403102,-7.105427357601002e-13,0.010000000208892744
76.928,124.18608452867443,9.999999999999432,0.010000000417925078
76.96,124.18608452867443,9.999999999999432,0.010000000101429398
76.992,147.68297530582896,9.999999999999432,0.01000020633903134
77.024,147.68297530582896,9.999999999999432,0.010140046044704068
77.056,147.68297530582896,9.999999999999432,0.010622609040911531
77.088,,,0.01010197459374499
77.12,,,0.01001876450976914
77.152,,,0.01002672467381077
77.184,,,0.010467533617069905
77.216,,,0.010191075496968311
77.248,,,0.010259050559778861
77.28,,,0.01010197459374499
77.312,72.57293509250918,-20.000000000000284,0.010000516719604524
77.344,65.40639132514966,0.0,0.010000001546554296
77.376,65.40639132514966,0.0,0.010000127845232541
77.408,65.40639132514966,0.0,0.010000127845232541
77.44,65.40639132514966,0.0,0.010006178555334078
77.472,65.40639132514966,0.0,0.010006178555334078
77.504,66.93519325188251,39.99999999999986,0.010000016226422834
77.536,67.32294488175604,49.99999999999929,0.0100000470079773
77.568,72.99334582862124,-10.000000000000142,0.010101974593744992
77.6,73.4161919793519,-7.105427357601002e-13,0.011085791888943373
77.632,73.4161919793519,-7.105427357601002e-13,0.010467533617069905
77.664,72.57293509250918,-20.000000000000284,0.010018764509769141
77.696,81.46036537576103,-20.000000000000284,0.01000617855533408
77.728,84.33305895682803,39.99999999999915,0.01002672467381077
77.76,82.40688922821748,0.0,0.010140046044704067
77.792,82.88426748110167,10.000000000000142,0.010191075496968311
77.824,82.40688922821748,0.0,0.010018764509769138
77.856,87.30705785825097,-7.105427357601002e-13,0.010191075496968311
77.888,87.30705785825097,-7.105427357601002e-13,0.013100262550513393
77.92,87.30705785825097,-7.105427357601002e-13,0.013980210380185926
77.952,,,0.010259050559778863
77.984,,,0.010009025493342986
78.016,,,0.010000000417925077
78.048,,,0.010000000047726023
78.08,,,0.010000000101429396
78.112,,,0.010000078102280324
78.144,,,0.018187375734912182
78.176,,,0.10857977072874497
78.208,,,0.24075439447557428
78.24,,,0.01000123296498612
78.272,,,0.010000078102280324
78.304,73.84148765291448,9.999999999999432,0.01000032860450166
78.336,73.4161919793519,-7.105427357601002e-13,0.010037765502929688
78.368,73.4161919793519,-7.105427357601002e-13,0.013980210380185928
78.4,73.4161919793519,-7.105427357601002e-13,0.047686993082531035
78.432,73.4161919793519,-7.105427357601002e-13,0.07797523762294817
78.464,73.4161919793519,-7.105427357601002e-13,0.04768699308253104
78.496,73.4161919793519,-7.105427357601002e-13,0.040697331568881064
78.528,,,0.010009025493342986
78.56,80.9911881955289,-30.000000000001137,0.010000000021701592
78.592,80.0609250563203,49.99999999999929,0.010000027850262286
78.624,73.4161919793519,-7.105427357601002e-13,0.010002815825811098
78.656,72.99334582862124,-10.000000000000142,0.012403124793551348
78.688,72.99334582862124,-10.000000000000142,0.07797523762294818
78.72,72.99334582862124,-10.000000000000142,0.20650679911775224
78.752,72.99334582862124,-10.000000000000142,0.10857977072874496
78.784,72.99334582862124,-10.000000000000142,0.12793708630129033
78.816,73.4161919793519,-7.105427357601002e-13,0.04768699308253104
78.848,72.99334582862124,-10.000000000000142,0.010467533617069903
78.88,69.6970834057884,9.999999999999432,0.010140046044704067
78.912,69.6970834057884,9.999999999999432,0.010037765502393544
78.944,82.88426748110167,10.000000000000142,0.010018764509232997
78.976,82.88426748110167,10.000000000000142,0.010073751764282882
79.008,82.40688922821748,0.0,0.011422334250709073
79.04,73.4161919793519,-7.105427357601002e-13,0.010622609040911533
79.072,73.4161919793519,-7.105427357601002e-13,0.010052967545965859
79.104,73.84148765291448,9.999999999999432,0.010073751764282884
79.136,,,0.01000000287110037
79.168,,,0.010000002871100368
79.2,,,0.010000001546554296
79.232,,,0.010000005216229449
79.264,,,0.010000000417925077
79.296,,,0.010000000003996623
79.328,,,0.010622609040911533
79.36,,,0.03489742801962527
79.392,,,0.09203757081218103
79.424,,,0.010000802780927255
79.456,,,0.010000127845232541
79.488,65.40639132514966,0.0,0.010000000208892744
79.52,65.40639132514966,0.0,0.010000009287486629
79.552,65.40639132514966,0.0,0.010000328604501658
79.584,65.40639132514966,0.0,0.01000032860450166
79.616,65.40639132514966,0.0,0.010000016226422836
79.648,65.40639132514966,0.0,0.010000005216229449
79.68,65.40639132514966,0.0,0.010000027850262286
79.712,65.40639132514966,0.0,0.010000002871100368
79.744,,,0.010000000021701592
79.776,65.40639132514966,0.0,0.010000000101429396
79.808,65.40639132514966,0.0,0.01000000928748663
79.84,65.40639132514966,0.0,0.01000123296498612
79.872,65.40639132514966,0.0,0.01000419105279527
79.904,65.40639132514966,0.0,0.010000802780927255
79.936,65.40639132514966,0.0,0.010000000417925077
79.968,65.40639132514966,0.0,0.01000000928748663
80.0,,,0.01000000928748663
80.032,74.26924703925044,19.999999999998863,0.010000009287486634
80.064,72.15494574405967,-30.000000000001137,0.01000020633903134
80.096,71.73936383710603,-40.00000000000057,0.010000005216229449
80.128,73.84148765291448,9.999999999999432,0.01000032860450166
80.16,79.1413469005951,29.999999999999716,0.0100028158258111
80.192,73.84148765291448,9.999999999999432,0.010009025493342986
80.224,73.84148765291448,9.999999999999432,0.010349055133375844
80.256,73.84148765291448,9.999999999999432,0.010140046044704067
80.288,73.84148765291448,9.999999999999432,0.01010197459374499
80.32,,,0.01010197459374499
80.352,,,0.013100262550513393
80.384,,,0.01646758759311301
80.416,,,0.010824463728234167
80.448,,,0.01002672467381077
80.48,,,0.01000000928748663
80.512,,,0.010000000003996624
80.544,,,0.010052967545965859
80.576,,,0.010349055133375844
80.608,,,0.01010197459374499
80.64,,,0.010004191052795272
80.672,,,0.010001873046012553
80.704,70.10083450255941,19.999999999999574,0.01000020633903134
80.736,70.10083450255941,19.999999999999574,0.0100028158258111
80.768,70.50692450564009,29.999999999999005,0.010037765502929688
80.8,70.50692450564009,29.999999999999005,0.01062260904091153
80.832,78.68552628393921,20.000000000000284,0.010622609040911533
80.864,78.23233100085048,9.999999999999432,0.010467533617069907
80.896,78.23233100085048,9.999999999999432,0.012403124793551348
80.928,,,0.010013068846238975
80.96,,,0.010004191052795272
80.992,78.23233100085048,9.999999999999432,0.010349055133375844
81.024,78.68552628393921,20.000000000000284,0.013100262550513395
81.056,78.68552628393921,20.000000000000284,0.12793708630129036
81.088,78.68552628393921,20.000000000000284,0.2796051653363588
81.12,78.68552628393921,20.000000000000284,0.3233360583906408
81.152,78.23233100085048,9.999999999999432,0.1504646013433388
81.184,78.23233100085048,9.999999999999432,0.026168028608935755
81.216,78.23233100085048,9.999999999999432,0.011853505394683415
81.248,,,0.010073751764282884
81.28,,,0.010001873046012551
81.312,,,0.010000005216229449
81.344,,,0.01010197459374499
81.376,,,0.015085587297504336
81.408,,,0.01000123296498612
81.44,,,0.010000802780927255
81.472,,,0.010000206339031339
81.504,,,0.010000802780927255
81.536,,,0.010000127845232541
81.568,,,0.01000000928748663
81.6,,,0.01000000928748663
81.632,,,0.010000027850262286
81.664,,,0.010000001546554298
81.696,,,0.010000000000221913
81.728,,,0.010004191052795272
81.76,,,0.010140046044704067
81.792,,,0.010467533617069905
81.824,,,0.01000032860450166
81.856,,,0.01000012784523254
81.888,,,0.010000127845232541
81.92,65.40639132514966,0.0,0.010000027850262286
81.952,65.40639132514966,0.0,0.0100028158258111
81.984,65.40639132514966,0.0,0.01002672467381077
82.016,65.40639132514966,0.0,0.010101974593744989
82.048,65.40639132514966,0.0,0.01010197459374499
82.08,65.40639132514966,0.0,0.01010197459374499
82.112,65.40639132514966,0.0,0.010467533617069905
82.144,65.40639132514966,0.0,0.010004191052259128
82.176,65.40639132514966,0.0,0.0100028158258111
82.208,65.40639132514966,0.0,0.010052967545965855
82.24,65.40639132514966,0.0,0.010191075496968311
82.272,65.40639132514966,0.0,0.010349055133375844
82.304,65.40639132514966,0.0,0.01000123296498612
82.336,65.40639132514966,0.0,0.010000802780927255
82.368,65.7852866955572,9.999999999999432,0.01019107549696831
82.4,65.7852866955572,9.999999999999432,0.011853505394683415
82.432,65.40639132514966,0.0,0.01240312479355135
82.464,65.40639132514966,0.0,0.010467533617069903
82.496,65.40639132514966,0.0,0.010259050559778864
82.528,65.40639132514966,0.0,0.010191075496968313
82.56,65.40639132514966,0.0,0.011422334250709073
82.592,65.40639132514966,0.0,0.011085791888943373
82.624,65.40639132514966,0.0,0.011085791888943373
82.656,65.40639132514966,0.0,0.011085791888943373
82.688,65.40639132514966,0.0,0.011085791888943371
82.72,65.40639132514966,0.0,0.010259050559778863
82.752,65.40639132514966,0.0,0.01000032860450166
82.784,65.7852866955572,9.999999999999432,0.010000002871100368
82.816,65.7852866955572,9.999999999999432,0.010000001546554296
82.848,65.7852866955572,9.999999999999432,0.010000802780927253
82.88,,,0.010467533617069905
82.912,,,0.010002815825811098
82.944,,,0.010018764509769141
82.976,,,0.010349055133375846
83.008,,,0.030106861794195007
83.04,,,0.010018764509769141
83.072,,,0.01000617855533408
83.104,,,0.010009025493342986
83.136,,,0.010140046044704068
83.168,,,0.01019107549696831
83.2,,,0.010001873046012551
83.232,,,0.0100000470079773
83.264,,,0.010002815825811102
83.296,,,0.010467533617069907
83.328,,,0.013100262550513393
83.36,,,0.010001873046012551
83.392,,,0.0100000470079773
83.424,73.84148765291448,9.999999999999432,0.010000027850262284
83.456,73.4161919793519,-7.105427357601002e-13,0.010006178555334082
83.488,73.4161919793519,-7.105427357601002e-13,0.010622609040911534
83.52,73.4161919793519,-7.105427357601002e-13,0.011422334250709076
83.552,73.4161919793519,-7.105427357601002e-13,0.011085791888943371
83.584,73.4161919793519,-7.105427357601002e-13,0.010259050559778864
83.616,67.32294488175604,49.99999999999929,0.010073751764282882
83.648,,,0.010013068846238975
83.68,,,0.01000123296498612
83.712,65.40639132514966,0.0,0.010000005216229447
83.744,65.40639132514966,0.0,0.0100000470079773
83.776,68.89654412432702,-10.000000000000853,0.010000000814014906
83.808,68.89654412432702,-10.000000000000853,0.010000001546554296
83.84,67.7129427339704,-40.00000000000057,0.010000001546554295
83.872,65.40639132514966,0.0,0.010000005216229449
83.904,65.40639132514966,0.0,0.01000020633903134
83.936,66.16637698451642,20.000000000000284,0.0100000470079773
83.968,66.93519325188251,39.99999999999986,0.010000009287486629
84.0,72.15494574405967,-30.000000000001137,0.010000000021701592
84.032,,,0.010000127845232541
84.064,,,0.010349055133375844
84.096,,,0.01000617855533408
84.128,,,0.01000032860450166
84.16,,,0.0100028158258111
84.192,,,0.010467533617069908
84.224,,,0.01002672467381077
84.256,,,0.010009025493342986
84.288,,,0.010009025493342984
84.32,,,0.010001873046012551
84.352,,,0.010013068846238976
84.384,,,0.010018764509769141
84.416,,,0.010000016226422836
84.448,,,0.01000032860450166
84.48,,,0.010001873046012553
84.512,,,0.010013068846238975
84.544,,,0.010000027850262286
84.576,,,0.010000002871100368
84.608,,,0.010000802780927253
84.64,,,0.0100028158258111
84.672,,,0.010002815825811102
84.704,,,0.01000419105279527
84.736,,,0.010622609040911533
84.768,,,0.010467533617069905
84.8,,,0.010824463728234167
84.832,,,0.010259050559778863
84.864,,,0.01000419105279527
84.896,,,0.01000020633903134
84.928,,,0.010000000101429396
84.96,69.29565774421802,0.0,0.01000032860450166
84.992,92.4986056779086,0.0,0.010000047007977299
85.024,92.4986056779086,0.0,0.010000078102280322
85.056,69.29565774421802,0.0,0.010009025493342986
85.088,69.29565774421802,0.0,0.01000020633903134
85.12,69.29565774421802,0.0,0.010000005216229449
85.152,65.40639132514966,0.0,0.010000000009505967
85.184,68.89654412432702,-10.000000000000853,0.010000000047726023
85.216,69.29565774421802,0.0,0.01002672467381077
85.248,,,0.013100262550513393
85.28,,,0.030106861794195007
85.312,,,0.03489742801962526
85.344,,,0.015085587297504338
85.376,,,0.010101974593744989
85.408,,,0.010000005216229449
85.44,,,0.010000000003996623
85.472,,,0.010000127845232541
85.504,,,0.010191075496968311
85.536,,,0.010467533617069903
85.568,,,0.010349055133375843
85.6,,,0.010000000000221911
85.632,,,0.010000516719604524
85.664,,,0.01000419105279527
85.696,,,0.01002672467381077
85.728,331.5370699244067,9.999999999999432,0.010073751764282884
85.76,329.6275569128699,-1.4210854715202004e-12,0.010101974593744992
85.792,331.5370699244067,9.999999999999432,0.01818737573491218
85.824,331.5370699244067,9.999999999999432,0.06608151270920701
85.856,331.5370699244067,9.999999999999432,0.20650679911775224
85.888,329.6275569128699,-1.4210854715202004e-12,0.1504646013433388
85.92,329.6275569128699,-1.4210854715202004e-12,0.12793708630129036
85.952,331.5370699244067,9.999999999999432,0.02616802860893576
85.984,347.21682482900223,-9.999999999999432,0.011422334250709074
86.016,349.2282314330038,0.0,0.030106861794195014
86.048,351.2512899969259,9.999999999999432,0.0229442191246386
86.08,353.2860680198856,20.000000000000284,0.010824463728234167
86.112,339.28638158974695,50.0,0.010052967545965857
86.144,329.6275569128699,-1.4210854715202004e-12,0.01010197459374499
86.176,,,0.010191075496968311
86.208,,,0.010002815825811098
86.24,,,0.010000009287486632
86.272,146.8323839587038,-7.105427357601002e-13,0.0100028158258111
86.304,146.8323839587038,-7.105427357601002e-13,0.010073751764282884
86.336,147.68297530582896,9.999999999999432,0.010467533617069903
86.368,147.68297530582896,9.999999999999432,0.010622609040911534
86.4,146.8323839587038,-7.105427357601002e-13,0.012403124793551346
86.432,146.8323839587038,-7.105427357601002e-13,0.011853505394683411
86.464,146.8323839587038,-7.105427357601002e-13,0.015085587297504338
86.496,146.8323839587038,-7.105427357601002e-13,0.01818737573491218
86.528,146.8323839587038,-7.105427357601002e-13,0.016467587593113005
86.56,146.8323839587038,-7.105427357601002e-13,0.010467533617069905
86.592,145.9866916572425,-10.000000000000142,0.010052967545965859
86.624,142.65235101161107,-50.0,0.01000000928748663
86.656,131.5705733911144,9.999999999999432,0.0100028158258111
86.688,122.05264192746294,-20.000000000000284,0.011422334250709074
86.72,122.75968568932456,-10.000000000000142,0.010622609040911533
86.752,122.75968568932456,-10.000000000000142,0.0229442191246386
86.784,123.47082531403102,-7.105427357601002e-13,0.01010197459374499
86.816,123.47082531403102,-7.105427357601002e-13,0.010259050559778863
86.848,123.47082531403102,-7.105427357601002e-13,0.010073751764282884
86.88,124.18608452867443,9.999999999999432,0.01010197459374499
86.912,,,0.010073751764282884
86.944,,,0.0100028158258111
86.976,65.40639132514966,0.0,0.010000027850262288
87.008,65.40639132514966,0.0,0.010000016226422838
87.04,65.40639132514966,0.0,0.010006178555334078
87.072,73.4161919793519,-7.105427357601002e-13,0.010259050559778863
87.104,73.4161919793519,-7.105427357601002e-13,0.01508558729750434
87.136,73.84148765291448,9.999999999999432,0.011422334250709074
87.168,73.84148765291448,9.999999999999432,0.010467533617069905
87.2,77.78174593052022,-1.4210854715202004e-12,0.011422334250709074
87.232,77.78174593052022,-1.4210854715202004e-12,0.01646758759311301
87.264,74.69948441050268,29.999999999999716,0.018187375734912182
87.296,75.13221412149176,39.99999999999915,0.022944219124638603
87.328,74.26924703925044,19.999999999998863,0.020317628556360587
87.36,74.26924703925044,19.999999999998863,0.04768699308253103
87.392,74.26924703925044,19.999999999998863,0.030106861794195014
87.424,80.5247132770094,-40.00000000000057,0.01646758759311301
87.456,81.93226047174862,-10.000000000000853,0.016467587593113005
87.488,81.93226047174862,-10.000000000000853,0.022944219124638607
87.52,82.40688922821748,0.0,0.04069733156888106
87.552,82.88426748110167,10.000000000000142,0.012403124793551348
87.584,,,0.010013068846238975
87.616,,,0.010259050559778863
87.648,,,0.015085587297504338
87.68,69.6970834057884,9.999999999999432,0.040697331568881064
87.712,69.6970834057884,9.999999999999432,0.20650679911775227
87.744,69.6970834057884,9.999999999999432,0.37213589829750865
87.776,69.6970834057884,9.999999999999432,0.24075439447557426
87.808,69.6970834057884,9.999999999999432,0.03489742801962526
87.84,,,0.011853505394683413
87.872,,,0.011085791888943373
87.904,,,0.010467533617069905
87.936,,,0.010349055133375844
87.968,,,0.010349055133375844
88.0,,,0.010037765502929688
88.032,,,0.010037765502929686
88.064,,,0.010073751764282886
88.096,,,0.010467533617069907
88.128,,,0.010006178555334077
88.16,,,0.0100028158258111
88.192,,,0.010000802780927255
88.224,,,0.010000078102280324
88.256,73.4161919793519,-7.105427357601002e-13,0.010000047007977299
88.288,73.4161919793519,-7.105427357601002e-13,0.010013068846238975
88.32,82.88426748110167,10.000000000000142,0.010073751764282884
88.352,82.40688922821748,0.0,0.011085791888943373
88.384,82.40688922821748,0.0,0.026168028608935755
88.416,82.40688922821748,0.0,0.06608151270920701
88.448,82.40688922821748,0.0,0.06608151270920701
88.48,82.40688922821748,0.0,0.10857977072874499
88.512,82.40688922821748,0.0,0.12793708630129033
88.544,82.40688922821748,0.0,0.10857977072874496
88.576,82.40688922821748,0.0,0.066081512709207
88.608,109.99999999999999,-1.4210854715202004e-12,0.010052967545965855
88.64,109.99999999999999,-1.4210854715202004e-12,0.010018764509769138
88.672,117.21605517913326,9.999999999999432,0.010006178555334078
88.704,116.54094037952247,0.0,0.010073751764282884
88.736,,,0.010000078102280324
88.768,,,0.01000032860450166
88.8,83.3644111580719,19.999999999999574,0.010052967545965857
88.832,83.3644111580719,19.999999999999574,0.010467533617069905
88.864,83.3644111580719,19.999999999999574,0.010824463728234167
88.896,82.88426748110167,10.000000000000142,0.010073751764282882
88.928,80.9911881955289,-30.000000000001137,0.010004191052795272
88.96,73.4161919793519,-7.105427357601002e-13,0.010026724673810768
88.992,73.4161919793519,-7.105427357601002e-13,0.013980210380185926
89.024,97.99885899543732,0.0,0.01818737573491218
89.056,126.35681904967383,39.99999999999915,0.0100028158258111
89.088,125.62905732418486,29.999999999999716,0.01014004604470407
89.12,125.62905732418486,29.999999999999716,0.010349055133375844
89.152,124.90548719779652,19.999999999998863,0.010349055133375846
89.184,97.43442710125966,-10.000000000000853,0.010000802780927255
89.216,72.57293509250918,-20.000000000000284,0.01019107549696831
89.248,72.57293509250918,-20.000000000000284,0.010052967545965857
89.28,72.15494574405967,-30.000000000001137,0.010026724673810768
89.312,72.15494574405967,-30.000000000001137,0.010013068846238973
89.344,,,0.010000000101429396
89.376,65.40639132514966,0.0,0.010000016226422834
89.408,65.40639132514966,0.0,0.010000127845232541
89.44,65.40639132514966,0.0,0.01001876450976914
89.472,65.40639132514966,0.0,0.010037765502929688
89.504,65.40639132514966,0.0,0.010001873046012551
89.536,68.49972922973525,-20.000000000000284,0.010073751764282882
89.568,73.84148765291448,9.999999999999432,0.013100262550513393
89.6,73.84148765291448,9.999999999999432,0.05607139544589262
89.632,74.26924703925044,19.999999999998863,0.030106861794195007
89.664,74.26924703925044,19.999999999998863,0.030106861794195004
89.696,74.26924703925044,19.999999999998863,0.022944219124638607
89.728,73.84148765291448,9.999999999999432,0.013100262550513393
89.76,73.84148765291448,9.999999999999432,0.010191075496968313
89.792,98.56656061031477,9.999999999999432,0.01000419105279527
89.824,88.83315834800462,29.999999999999716,0.010000000208892742
89.856,73.84148765291448,9.999999999999432,0.010000127845232541
89.888,73.84148765291448,9.999999999999432,0.010009025493342986
89.92,73.84148765291448,9.999999999999432,0.010259050559778861
89.952,73.4161919793519,-7.105427357601002e-13,0.013100262550513393
89.984,72.99334582862124,-10.000000000000142,0.026168028608935755
90.016,72.99334582862124,-10.000000000000142,0.03010686179419501
90.048,72.99334582862124,-10.000000000000142,0.06608151270920701
90.08,72.99334582862124,-10.000000000000142,0.1279370863012903
90.112,77.33375603922921,-10.000000000000853,0.018187375734912182
90.144,82.40688922821748,0.0,0.010026724673810768
90.176,87.30705785825097,-7.105427357601002e-13,0.010009025493342984
90.208,93.57338770459413,20.000000000000284,0.010002815825811102
90.24,73.84148765291448,9.999999999999432,0.010000001546554296
90.272,,,0.010000005216229449
90.304,77.78174593052022,-1.4210854715202004e-12,0.010000078102280324
90.336,77.78174593052022,-1.4210854715202004e-12,0.010013068846238975
90.368,77.78174593052022,-1.4210854715202004e-12,0.012403124793551348
90.4,73.4161919793519,-7.105427357601002e-13,0.034897428019625254
90.432,73.4161919793519,-7.105427357601002e-13,0.04069733156888106
90.464,73.4161919793519,-7.105427357601002e-13,0.020317628556360587
90.496,73.4161919793519,-7.105427357601002e-13,0.011422334250709074
90.528,82.40688922821748,0.0,0.010000005216229447
90.56,65.40639132514966,0.0,0.010000000814014906
90.592,65.40639132514966,0.0,0.01000419105279527
90.624,65.40639132514966,0.0,0.010006178555334078
90.656,65.40639132514966,0.0,0.01002672467381077
90.688,65.40639132514966,0.0,0.010073751764282884
90.72,65.40639132514966,0.0,0.01001876450976914
90.752,69.6970834057884,9.999999999999432,0.010018764509769138
90.784,74.26924703925044,19.999999999998863,0.01508558729750434
90.816,74.26924703925044,19.999999999998863,0.026168028608935762
90.848,74.26924703925044,19.999999999998863,0.020317628556360583
90.88,74.26924703925044,19.999999999998863,0.01646758759311301
90.912,74.26924703925044,19.999999999998863,0.010824463728234169
90.944,74.26924703925044,19.999999999998863,0.010622609040911533
90.976,99.13755088719131,19.999999999999574,0.010052967545965854
91.008,98.56656061031477,9.999999999999432,0.010000001546554296
91.04,74.26924703925044,19.999999999998863,0.010000000003996621
91.072,74.26924703925044,19.999999999998863,0.0100000470079773
91.104,74.26924703925044,19.999999999998863,0.010037765502929688
91.136,74.26924703925044,19.999999999998863,0.011422334250709074
91.168,72.99334582862124,-10.000000000000142,0.013980210380185926
91.2,73.84148765291448,9.999999999999432,0.016467587593113005
91.232,73.84148765291448,9.999999999999432,0.026168028608935755
91.264,73.84148765291448,9.999999999999432,0.10857977072874496
91.296,73.84148765291448,9.999999999999432,0.056071395445892624
91.328,77.78174593052022,-1.4210854715202004e-12,0.01003776550292969
91.36,84.82159539743674,49.99999999999858,0.010001873046012551
91.392,99.13755088719131,19.999999999999574,0.010001873046012551
91.424,99.13755088719131,19.999999999999574,0.0100000470079773
91.456,,,0.010000047007977299
91.488,,,0.010000005216229447
91.52,,,0.010000000003996623
91.552,65.40639132514966,0.0,0.010000000814014906
91.584,65.40639132514966,0.0,0.01000032860450166
91.616,65.40639132514966,0.0,0.010000016226422836
91.648,65.7852866955572,9.999999999999432,0.010000516719604526
91.68,65.7852866955572,9.999999999999432,0.01000419105279527
91.712,65.7852866955572,9.999999999999432,0.010006178555334077
91.744,65.7852866955572,9.999999999999432,0.01000000928748663
91.776,65.40639132514966,0.0,0.01000000287110037
91.808,65.40639132514966,0.0,0.01000032860450166
91.84,65.40639132514966,0.0,0.010013068846238975
91.872,65.40639132514966,0.0,0.010009025493342986
91.904,65.40639132514966,0.0,0.010000516719604524
91.936,69.6970834057884,9.999999999999432,0.010140046044704068
91.968,70.10083450255941,19.999999999999574,0.011085791888943375
92.0,70.10083450255941,19.999999999999574,0.013100262550513397
92.032,69.6970834057884,9.999999999999432,0.0779752376229482
92.064,69.6970834057884,9.999999999999432,0.09203757081218103
92.096,70.10083450255941,19.999999999999574,0.06608151270920702
92.128,70.10083450255941,19.999999999999574,0.10857977072874496
92.16,70.10083450255941,19.999999999999574,0.06608151270920702
92.192,74.69948441050268,29.999999999999716,0.011422334250709073
92.224,79.59980805922079,39.99999999999986,0.013100262550513391
92.256,79.1413469005951,29.999999999999716,0.015085587297504336
92.288,79.1413469005951,29.999999999999716,0.016467587593113002
92.32,79.1413469005951,29.999999999999716,0.026168028608935755
92.352,78.68552628393921,20.000000000000284,0.030106861794195014
92.384,78.68552628393921,20.000000000000284,0.026168028608935755
92.416,78.68552628393921,20.000000000000284,0.07797523762294818
92.448,78.68552628393921,20.000000000000284,0.10857977072874497
92.48,78.68552628393921,20.000000000000284,0.10857977072874497
92.512,78.68552628393921,20.000000000000284,0.020317628556360583
92.544,78.68552628393921,20.000000000000284,0.011085791888943371
92.576,73.84148765291448,9.999999999999432,0.011422334250709074
92.608,73.84148765291448,9.999999999999432,0.010824463728234167
92.64,73.4161919793519,-7.105427357601002e-13,0.010073751764282884
92.672,,,0.010349055133375844
92.704,,,0.016467587593113005
92.736,,,0.034897428019625254
92.768,,,0.20650679911775227
92.8,,,0.27960516533635893
92.832,,,0.27960516533635893
92.864,,,0.092037570812181
92.896,,,0.016467587593113005
92.928,,,0.010000127845232543
92.96,,,0.0100000000000754
92.992,65.40639132514966,0.0,0.01000419105279527
93.024,65.40639132514966,0.0,0.010000802780927255
93.056,65.40639132514966,0.0,0.010037765502929688
93.088,65.40639132514966,0.0,0.010259050559778863
93.12,65.40639132514966,0.0,0.010000516719604524
93.152,70.10083450255941,19.999999999999574,0.010073751764282886
93.184,70.10083450255941,19.999999999999574,0.020317628556360587
93.216,70.10083450255941,19.999999999999574,0.04069733156888105
93.248,70.10083450255941,19.999999999999574,0.056071395445892624
93.28,70.10083450255941,19.999999999999574,0.04069733156888106
93.312,69.6970834057884,9.999999999999432,0.030106861794195007
93.344,69.6970834057884,9.999999999999432,0.026168028608935755
93.376,73.84148765291448,9.999999999999432,0.12793708630129036
93.408,74.26924703925044,19.999999999998863,0.02616802860893576
93.44,81.93226047174862,-10.000000000000853,0.01646758759311301
93.472,81.93226047174862,-10.000000000000853,0.018187375734912182
93.504,81.93226047174862,-10.000000000000853,0.018187375734912182
93.536,81.93226047174862,-10.000000000000853,0.01240312479355135
93.568,72.99334582862124,-10.000000000000142,0.010037765502929686
93.6,,,0.010073751764282884
93.632,,,0.011085791888943373
93.664,,,0.020317628556360583
93.696,97.99885899543732,0.0,0.034897428019625254
93.728,97.99885899543732,0.0,0.05607139544589263
93.76,97.99885899543732,0.0,0.09203757081218102
93.792,97.99885899543732,0.0,0.092037570812181
93.824,97.99885899543732,0.0,0.10857977072874499
93.856,97.99885899543732,0.0,0.10857977072874497
93.888,97.99885899543732,0.0,0.10857977072874497
93.92,97.99885899543732,0.0,0.092037570812181
93.952,,,0.012403124793551348
93.984,,,0.011422334250709074
94.016,,,0.010622609040911533
94.048,,,0.010140046044704068
94.08,,,0.010037765502929688
94.112,,,0.010000127845232541
94.144,,,0.01000020633903134
94.176,65.40639132514966,0.0,0.010000000417925075
94.208,65.40639132514966,0.0,0.01000032860450166
94.24,65.40639132514966,0.0,0.01002672467381077
94.272,65.40639132514966,0.0,0.010052967545965857
94.304,65.40639132514966,0.0,0.010006178555334078
94.336,66.16637698451642,20.000000000000284,0.010037765502929686
94.368,69.6970834057884,9.999999999999432,0.010622609040911533
94.4,73.84148765291448,9.999999999999432,0.020317628556360587
94.432,74.26924703925044,19.999999999998863,0.012403124793551348
94.464,74.26924703925044,19.999999999998863,0.01398021038018593
94.496,74.26924703925044,19.999999999998863,0.013100262550513398
94.528,74.26924703925044,19.999999999998863,0.012403124793551346
94.56,73.84148765291448,9.999999999999432,0.010467533617069901
94.592,98.56656061031477,9.999999999999432,0.0100000470079773
94.624,89.3477635991859,39.99999999999915,0.010000000009505966
94.656,73.84148765291448,9.999999999999432,0.010000206339031339
94.688,73.84148765291448,9.999999999999432,0.010026724673810772
94.72,74.26924703925044,19.999999999998863,0.010824463728234167
94.752,73.4161919793519,-7.105427357601002e-13,0.013100262550513395
94.784,72.99334582862124,-10.000000000000142,0.02031762855636058
94.816,72.99334582862124,-10.000000000000142,0.020317628556360583
94.848,72.99334582862124,-10.000000000000142,0.05607139544589262
94.88,72.99334582862124,-10.000000000000142,0.15046460134333883
94.912,72.99334582862124,-10.000000000000142,0.022944219124638603
94.944,87.30705785825097,-7.105427357601002e-13,0.010037765502929688
94.976,87.30705785825097,-7.105427357601002e-13,0.010009025493342986
95.008,99.13755088719131,19.999999999999574,0.01000419105279527
95.04,,,0.010000001546554296
95.072,,,0.010000027850262284
95.104,77.78174593052022,-1.4210854715202004e-12,0.010000027850262288
95.136,73.84148765291448,9.999999999999432,0.010006178555334078
95.168,77.78174593052022,-1.4210854715202004e-12,0.010259050559778863
95.2,73.4161919793519,-7.105427357601002e-13,0.012403124793551348
95.232,73.4161919793519,-7.105427357601002e-13,0.011853505394683413
95.264,73.4161919793519,-7.105427357601002e-13,0.010824463728234165
95.296,69.6970834057884,9.999999999999432,0.010073751764282882
95.328,66.16637698451642,20.000000000000284,0.010000000021701592
95.36,65.40639132514966,0.0,0.010000000208892745
95.392,65.40639132514966,0.0,0.010006178555334077
95.424,65.40639132514966,0.0,0.010009025493342986
95.456,65.40639132514966,0.0,0.010037765502929688
95.488,65.40639132514966,0.0,0.01010197459374499
95.52,65.40639132514966,0.0,0.01001876450976914
95.552,69.6970834057884,9.999999999999432,0.010009025493342986
95.584,74.26924703925044,19.999999999998863,0.015085587297504336
95.616,74.26924703925044,19.999999999998863,0.020317628556360576
95.648,74.26924703925044,19.999999999998863,0.020317628556360583
95.68,74.26924703925044,19.999999999998863,0.01646758759311301
95.712,74.26924703925044,19.999999999998863,0.011085791888943371
95.744,73.84148765291448,9.999999999999432,0.011085791888943373
95.776,84.82159539743674,49.99999999999858,0.010006178555334078
95.808,98.56656061031477,9.999999999999432,0.01000000521622945
95.84,73.84148765291448,9.999999999999432,0.010000000047726026
95.872,73.84148765291448,9.999999999999432,0.010000516719604524
95.904,73.84148765291448,9.999999999999432,0.010073751764282884
95.936,73.4161919793519,-7.105427357601002e-13,0.010467533617069905
95.968,72.99334582862124,-10.000000000000142,0.010824463728234167
96.0,78.23233100085048,9.999999999999432,0.012403124793551348
96.032,72.57293509250918,-20.000000000000284,0.01646758759311301
96.064,74.26924703925044,19.999999999998863,0.04069733156888106
96.096,73.4161919793519,-7.105427357601002e-13,0.018187375734912182
96.128,73.4161919793519,-7.105427357601002e-13,0.01010197459374499
96.16,72.99334582862124,-10.000000000000142,0.010013068846238975
96.192,,,0.010191075496968311
96.224,,,0.010009025493342986
96.256,,,0.010000127845232541
96.288,,,0.010000078102280326
96.32,73.84148765291448,9.999999999999432,0.010000002871100368
96.352,73.4161919793519,-7.105427357601002e-13,0.010000802780927253
96.384,72.99334582862124,-10.000000000000142,0.011853505394683413
96.416,73.4161919793519,-7.105427357601002e-13,0.026168028608935752
96.448,73.84148765291448,9.999999999999432,0.030106861794195014
96.48,73.84148765291448,9.999999999999432,0.01646758759311301
96.512,73.84148765291448,9.999999999999432,0.010052967545965855
96.544,,,0.0100000470079773
96.576,65.40639132514966,0.0,0.010000005216229449
96.608,65.40639132514966,0.0,0.01001876450976914
96.64,65.40639132514966,0.0,0.01010197459374499
96.672,65.40639132514966,0.0,0.010191075496968311
96.704,65.40639132514966,0.0,0.01000419105279527
96.736,65.7852866955572,9.999999999999432,0.010052967545965857
96.768,73.84148765291448,9.999999999999432,0.010467533617069907
96.8,73.84148765291448,9.999999999999432,0.01508558729750434
96.832,73.4161919793519,-7.105427357601002e-13,0.04069733156888105
96.864,73.4161919793519,-7.105427357601002e-13,0.10857977072874496
96.896,73.4161919793519,-7.105427357601002e-13,0.06608151270920702
96.928,72.57293509250918,-20.000000000000284,0.01818737573491218
96.96,73.84148765291448,9.999999999999432,0.012403124793551348
96.992,74.26924703925044,19.999999999998863,0.010349055133375843
97.024,73.84148765291448,9.999999999999432,0.013100262550513397
97.056,74.26924703925044,19.999999999998863,0.03489742801962526
97.088,76.88834637984607,-20.000000000000284,0.1504646013433388
97.12,75.13221412149176,39.99999999999915,0.24075439447557428
97.152,75.13221412149176,39.99999999999915,0.20650679911775227
97.184,74.69948441050268,29.999999999999716,0.17653060863289757
97.216,74.69948441050268,29.999999999999716,0.17653060863289757
97.248,76.44550209132854,-30.000000000000426,0.24075439447557434
97.28,76.44550209132854,-30.000000000000426,0.03489742801962526
97.312,71.73936383710603,-40.00000000000057,0.010259050559778863
97.344,73.4161919793519,-7.105427357601002e-13,0.010467533617069905
97.376,73.4161919793519,-7.105427357601002e-13,0.010191075496968313
97.408,73.4161919793519,-7.105427357601002e-13,0.01508558729750434
97.44,73.4161919793519,-7.105427357601002e-13,0.03489742801962527
97.472,72.15494574405967,-30.000000000001137,0.016467587593113005
97.504,72.99334582862124,-10.000000000000142,0.018187375734912185
97.536,72.99334582862124,-10.000000000000142,0.026168028608935755
97.568,73.4161919793519,-7.105427357601002e-13,0.092037570812181
97.6,73.84148765291448,9.999999999999432,0.24075439447557423
97.632,73.84148765291448,9.999999999999432,0.2796051653363588
97.664,73.84148765291448,9.999999999999432,0.2796051653363589
97.696,73.84148765291448,9.999999999999432,0.17653060863289766
97.728,74.69948441050268,29.999999999999716,0.07797523762294818
97.76,71.73936383710603,-40.00000000000057,0.022944219124638596
97.792,72.15494574405967,-30.000000000001137,0.030106861794195007
97.824,73.4161919793519,-7.105427357601002e-13,0.020317628556360583
97.856,73.4161919793519,-7.105427357601002e-13,0.03010686179419501
97.888,73.4161919793519,-7.105427357601002e-13,0.026168028608935755
97.92,72.99334582862124,-10.000000000000142,0.013100262550513393
97.952,72.99334582862124,-10.000000000000142,0.0181873757349118
97.984,72.99334582862124,-10.000000000000142,0.015085586586544767
98.016,72.99334582862124,-10.000000000000142,0.012403083736840532
98.048,73.4161919793519,-7.105427357601002e-13,0.010001871695253956
98.08,105.03257643014581,19.999999999998863,0.010000009287420777
98.112,105.64102395561046,29.999999999999716,0.010001873046012456
98.144,109.99999999999999,-1.4210854715202004e-12,0.010467533617069905
98.176,107.48759652776704,-40.00000000000057,0.010622609040911533
98.208,116.54094037952247,0.0,0.010037765502929688
98.24,139.3941668115768,9.999999999999432,0.010006178555328033
98.272,148.5384940785009,19.999999999998863,0.010467509292684259
98.304,147.68297530582896,9.999999999999432,0.011853481070297956
98.336,147.68297530582896,9.999999999999432,0.010824459172386093
98.368,146.8323839587038,-7.105427357601002e-13,0.013100238226062547
98.4,146.8323839587038,-7.105427357601002e-13,0.01508557918582544
98.432,146.8323839587038,-7.105427357601002e-13,0.010467529061221429
98.464,146.8323839587038,-7.105427357601002e-13,0.010622322038163748
98.496,121.34967043801211,-29.999999999999716,0.010037765414341386
98.528,143.47872767421205,-40.00000000000057,0.01000187304601255
98.56,147.68297530582896,9.999999999999432,0.010037765502393542
98.592,147.68297530582896,9.999999999999432,0.011422334162120773
98.624,147.68297530582896,9.999999999999432,0.013100261199754767
98.656,147.68297530582896,9.999999999999432,0.01003774117844222
98.688,,,0.010037765502735873
98.72,,,0.010037765502929686
98.752,,,0.010073751764282886
98.784,,,0.010349055133375844
98.816,,,0.011422334250709074
98.848,,,0.010026724673810772
98.88,,,0.01000419105279527
98.912,,,0.01000123296498612
98.944,,,0.010000000000221913
98.976,66.93519325188251,39.99999999999986,0.010000027850262288
99.008,65.40639132514966,0.0,0.010006178555334078
99.04,65.40639132514966,0.0,0.010073751764282884
99.072,65.40639132514966,0.0,0.010259050559778863
99.104,65.40639132514966,0.0,0.01000123296498612
99.136,68.10519982075922,-30.000000000001137,0.01002672467381077
99.168,71.32617550580554,-50.0,0.011085791888943375
99.2,73.4161919793519,-7.105427357601002e-13,0.020317628556360583
99.232,73.4161919793519,-7.105427357601002e-13,0.020317628556354533
99.264,73.4161919793519,-7.105427357601002e-13,0.02294421912444478
99.296,73.84148765291448,9.999999999999432,0.011422334250709073
99.328,97.99885899543732,0.0,0.010101974593744989
99.36,97.99885899543732,0.0,0.020317628556360587
99.392,97.99885899543732,0.0,0.012403124793551348
99.424,97.99885899543732,0.0,0.010140046044704068
99.456,,,0.01010197459374499
99.488,,,0.011422334250709073
99.52,,,0.013980210380185928
99.552,,,0.011422334250709074
99.584,,,0.010101974593744992
99.616,,,0.01000012784523254
99.648,,,0.010000000101429395
99.68,,,0.010000000001606035
99.712,,,0.010004191052795272
99.744,,,0.015085587297504338
99.776,,,0.04069733156888106
99.808,,,0.06608151270920702
99.84,,,0.01000123296498612
99.872,,,0.0100000470079773
99.904,74.26924703925044,19.999999999998863,0.0100000470079773
99.936,74.26924703925044,19.999999999998863,0.010013068846238973
99.968,74.26924703925044,19.999999999998863,0.010824463728234167
100.0,74.26924703925044,19.999999999998863,0.01818737573491218
100.032,72.57293509250918,-20.000000000000284,0.012403124793551348
100.064,73.84148765291448,9.999999999999432,0.012403124793530517
100.096,73.84148765291448,9.999999999999432,0.020317628514676736
100.128,73.84148765291448,9.999999999999432,0.010052967544563148
100.16,71.32617550580554,-50.0,0.010000016226422836
100.192,70.91536696417685,39.99999999999915,0.010052967545965855
100.224,65.40639132514966,0.0,0.010001873046012551
100.256,65.40639132514966,0.0,0.010037765502929688
100.288,65.40639132514966,0.0,0.010073751764282884
100.32,65.7852866955572,9.999999999999432,0.010000078102280324
100.352,72.99334582862124,-10.000000000000142,0.01000123296498612
100.384,73.84148765291448,9.999999999999432,0.010622609040911533
100.416,81.46036537576103,-20.000000000000284,0.011085791888943371
100.448,73.84148765291448,9.999999999999432,0.012403124793551346
100.48,73.84148765291448,9.999999999999432,0.011422334250709074
100.512,73.84148765291448,9.999999999999432,0.011085791888943373
100.544,98.56656061031477,9.999999999999432,0.06608151270920702
100.576,98.56656061031477,9.999999999999432,0.10857977072874499
100.608,97.99885899543732,0.0,0.010073751764282884
100.64,73.84148765291448,9.999999999999432,0.010001873046012551
100.672,76.00520839822768,-40.00000000000057,0.011422334250709074
100.704,76.00520839822768,-40.00000000000057,0.030106861794195014
100.736,74.69948441050268,29.999999999999716,0.108579770728745
100.768,75.13221412149176,39.99999999999915,0.09203757081218102
100.8,74.26924703925044,19.999999999998863,0.092037570812181
100.832,73.4161919793519,-7.105427357601002e-13,0.10857977072874496
100.864,73.4161919793519,-7.105427357601002e-13,0.12793708630129033
100.896,73.4161919793519,-7.105427357601002e-13,0.05607139544589263
100.928,73.4161919793519,-7.105427357601002e-13,0.010006178555334077
100.96,,,0.010006178555334077
100.992,,,0.010140046044704068
101.024,,,0.010001232964986121
101.056,,,0.010000000208892744
101.088,65.40639132514966,0.0,0.010000000814014906
101.12,65.40639132514966,0.0,0.01000000928748663
101.152,65.40639132514966,0.0,0.010000078102280324
101.184,65.40639132514966,0.0,0.010000000021701592
101.216,65.40639132514966,0.0,0.010000000000006925
101.248,65.40639132514966,0.0,0.010000000000001869
101.28,65.40639132514966,0.0,0.010000000001606035
101.312,65.40639132514966,0.0,0.010000000101429396
101.344,,,0.010000005216229449
101.376,,,0.010000078102280324
101.408,65.40639132514966,0.0,0.010000001546554296
101.44,65.40639132514966,0.0,0.01000032860450166
101.472,65.40639132514966,0.0,0.01000000928748663
101.504,65.40639132514966,0.0,0.010000078102280324
101.536,66.16637698451642,20.000000000000284,0.010052967545965857
101.568,66.16637698451642,20.000000000000284,0.011853505394683413
101.6,80.5247132770094,-40.00000000000057,0.012403124793551348
101.632,77.78174593052022,-1.4210854715202004e-12,0.010622609040911531
101.664,73.84148765291448,9.999999999999432,0.010824463728234165
101.696,73.4161919793519,-7.105427357601002e-13,0.015085587297504338
101.728,73.4161919793519,-7.105427357601002e-13,0.013980210380185928
101.76,73.4161919793519,-7.105427357601002e-13,0.010259050559778863
101.792,98.56656061031477,9.999999999999432,0.010073751764282886
101.824,99.71184887709214,29.999999999999005,0.01000032860450166
101.856,103.82617439498627,-7.105427357601002e-13,0.010000002871100368
101.888,74.69948441050268,29.999999999999716,0.01000000004772602
101.92,74.69948441050268,29.999999999999716,0.010000000101429395
101.952,,,1.3234182863155204e-17
101.984,,,0.01000032860450166
102.016,,,0.010349055133375844
102.048,,,0.020317628556360583
102.08,110.63722351746388,9.999999999999432,0.24075439447557428
102.112,110.63722351746388,9.999999999999432,0.01646758759311301
102.144,109.3664466199302,-10.000000000000853,0.07797523762294818
102.176,104.42763330455712,9.999999999999432,0.17653060863289757
102.208,105.03257643014581,19.999999999998863,0.20650679911775227
102.24,,,0.0100028158258111
102.272,,,0.010000016226422836
102.304,73.84148765291448,9.999999999999432,0.01000020633903134
102.336,73.4161919793519,-7.105427357601002e-13,0.01002672467381077
102.368,73.4161919793519,-7.105427357601002e-13,0.012403124793551348
102.4,73.4161919793519,-7.105427357601002e-13,0.07797523762294818
102.432,73.4161919793519,-7.105427357601002e-13,0.10857977072874497
102.464,73.4161919793519,-7.105427357601002e-13,0.07797523762294818
102.496,73.4161919793519,-7.105427357601002e-13,0.07797523762294817
102.528,73.84148765291448,9.999999999999432,0.010052967545965857
102.56,73.4161919793519,-7.105427357601002e-13,0.010000001546554296
102.592,66.16637698451642,20.000000000000284,0.010037765502929688
102.624,66.16637698451642,20.000000000000284,0.010001873046012551
102.656,66.16637698451642,20.000000000000284,0.010018764509769138
102.688,65.40639132514966,0.0,0.01002672467381077
102.72,66.16637698451642,20.000000000000284,0.01000020633903134
102.752,66.54967490706109,29.999999999999716,0.01000419105279527
102.784,80.5247132770094,-40.00000000000057,0.010467533617069905
102.816,77.78174593052022,-1.4210854715202004e-12,0.011085791888943375
102.848,74.69948441050268,29.999999999999716,0.013980210380185928
102.88,73.84148765291448,9.999999999999432,0.022944219124638603
102.912,72.99334582862124,-10.000000000000142,0.03010686179419501
102.944,73.4161919793519,-7.105427357601002e-13,0.018187375734912185
102.976,97.43442710125966,-10.000000000000853,0.02616802860893576
103.008,97.43442710125966,-10.000000000000853,0.01142233425070907
103.04,87.81282249923147,9.999999999999432,0.010000000814014906
103.072,104.42763330455712,9.999999999999432,0.010000000417925075
103.104,87.30705785825097,-7.105427357601002e-13,0.010000000814014903
103.136,,,0.010000000047726025
103.168,,,0.010000016226422836
103.2,,,0.010191075496968311
103.232,,,0.011422334250709076
103.264,,,0.056071395445892624
103.296,,,0.011853505394683411
103.328,93.57338770459413,20.000000000000284,0.01000032860450166
103.36,97.99885899543732,0.0,0.010467533617069905
103.392,98.56656061031477,9.999999999999432,0.013980210380185926
103.424,98.56656061031477,9.999999999999432,0.010101974593744992
103.456,73.84148765291448,9.999999999999432,0.01000000928748663
103.488,65.40639132514966,0.0,0.010000000814014904
103.52,65.40639132514966,0.0,0.010000078102280324
103.552,65.40639132514966,0.0,0.01002672467381077
103.584,65.40639132514966,0.0,0.010006178555334078
103.616,65.40639132514966,0.0,0.0100028158258111
103.648,65.40639132514966,0.0,0.010000516719604524
103.68,65.40639132514966,0.0,0.010000078102280322
103.712,65.40639132514966,0.0,0.01000020633903134
103.744,65.40639132514966,0.0,0.010000000417925077
103.776,,,0.01000000928748663
103.808,65.40639132514966,0.0,0.010000027850262286
103.84,65.40639132514966,0.0,0.01000419105279527
103.872,65.40639132514966,0.0,0.010000516719604524
103.904,65.40639132514966,0.0,0.010001873046012551
103.936,65.40639132514966,0.0,0.010073751764282884
103.968,70.10083450255941,19.999999999999574,0.015085587297504338
104.0,71.73936383710603,-40.00000000000057,0.0229442191246386
104.032,71.73936383710603,-40.00000000000057,0.01062260903642432
104.064,69.6970834057884,9.999999999999432,0.010001873046012548
104.096,,,0.010259050559778864
104.128,,,0.04069733156888106
104.16,,,0.20650679911775227
104.192,,,0.24075439447557428
104.224,,,0.04069733156888105
104.256,,,0.011422334250709074
104.288,,,0.012403124793551348
104.32,,,0.026168028608935752
104.352,,,0.06608151270920701
104.384,,,0.016467587593113005
104.416,,,0.010026724673810772
104.448,,,0.01002672467381077
104.48,,,0.02616802860893576
104.512,,,0.010052967545965857
104.544,,,0.010013068846238975
104.576,,,0.01002672467381077
104.608,,,0.03010686179419501
104.64,,,0.010001232964986118
104.672,,,0.010000078102280324
104.704,65.7852866955572,9.999999999999432,0.010000016226422834
104.736,65.7852866955572,9.999999999999432,0.01002672467381077
104.768,65.7852866955572,9.999999999999432,0.012403124793551346
104.8,65.7852866955572,9.999999999999432,0.026168028608935752
104.832,65.7852866955572,9.999999999999432,0.04768699308253103
104.864,65.7852866955572,9.999999999999432,0.030106861794195014
104.896,66.16637698451642,20.000000000000284,0.0229442191246386
104.928,82.40688922821748,0.0,0.010622609040911533
104.96,65.7852866955572,9.999999999999432,0.010000802780927255
104.992,65.7852866955572,9.999999999999432,0.010191075496968311
105.024,65.40639132514966,0.0,0.010009025493342986
105.056,65.40639132514966,0.0,0.010073751764282884
105.088,65.40639132514966,0.0,0.01010197459374499
105.12,65.40639132514966,0.0,0.010000802780927253
105.152,72.99334582862124,-10.000000000000142,0.010073751764282886
105.184,74.26924703925044,19.999999999998863,0.04768699308253103
105.216,74.26924703925044,19.999999999998863,0.1504646013433388
105.248,75.13221412149176,39.99999999999915,0.05607139544589262
105.28,73.4161919793519,-7.105427357601002e-13,0.0229442191246386
105.312,73.4161919793519,-7.105427357601002e-13,0.011422334250709076
105.344,97.43442710125966,-10.000000000000853,0.011853505394683411
105.376,97.99885899543732,0.0,0.04069733156888106
105.408,97.99885899543732,0.0,0.01002672467381077
105.44,103.82617439498627,-7.105427357601002e-13,0.010000001546554296
105.472,,,0.010006178555334078
105.504,,,0.01398021038018593
105.536,,,0.047686993082531035
105.568,,,0.10857977072874497
105.6,,,0.05607139544589262
105.632,,,0.011085791888943375
105.664,,,0.010000802780927255
105.696,,,0.010000000003996623
105.728,,,0.010000000009505966
105.76,,,0.010000516719604523
105.792,,,0.01000020633903134
105.824,,,0.010000127845232541
105.856,66.54967490706109,29.999999999999716,0.010000000208892745
105.888,66.54967490706109,29.999999999999716,0.0100000470079773
105.92,65.40639132514966,0.0,0.010000027850262286
105.952,65.40639132514966,0.0,0.010000516719604524
105.984,65.40639132514966,0.0,0.010000001546554296
106.016,65.40639132514966,0.0,0.010000005216229449
106.048,65.40639132514966,0.0,0.010000016226422836
106.08,65.40639132514966,0.0,0.010000027850262286
106.112,65.40639132514966,0.0,0.01000000928748663
106.144,65.40639132514966,0.0,0.0100000000000754
106.176,66.16637698451642,20.000000000000284,0.010000027850262288
106.208,65.40639132514966,0.0,0.010013068846238975
106.24,65.40639132514966,0.0,0.010018764509769138
106.272,67.32294488175604,49.99999999999929,0.010052967545965857
106.304,67.32294488175604,49.99999999999929,0.01000020633903134
106.336,73.4161919793519,-7.105427357601002e-13,0.01002672467381077
106.368,73.4161919793519,-7.105427357601002e-13,0.015085587297504336
106.4,73.84148765291448,9.999999999999432,0.04069733156888105
106.432,73.84148765291448,9.999999999999432,0.011422334250709074
106.464,73.4161919793519,-7.105427357601002e-13,0.010000078102280322
106.496,,,0.01000032860309895
106.528,,,0.010073751764276835
106.56,110.63722351746388,9.999999999999432,0.01398021038018583
106.592,110.63722351746388,9.999999999999432,0.018187375734912185
106.624,82.40688922821748,0.0,0.010000802780927256
106.656,79.1413469005951,29.999999999999716,0.01000032860450166
106.688,70.50692450564009,29.999999999999005,0.010037765502929686
106.72,70.50692450564009,29.999999999999005,0.010622609040911533
106.752,70.50692450564009,29.999999999999005,0.010824463728234165
106.784,75.13221412149176,39.99999999999915,0.010467533617069905
106.816,76.44550209132854,-30.000000000000426,0.010349055133375844
106.848,72.15494574405967,-30.000000000001137,0.013980210380185928
106.88,72.15494574405967,-30.000000000001137,0.03489742801962526
106.912,77.78174593052022,-1.4210854715202004e-12,0.012403124793551348
106.944,85.80717486147108,-29.999999999999716,0.010001873046012551
106.976,99.13755088719131,19.999999999999574,0.010009025493342986
107.008,103.82617439498627,-7.105427357601002e-13,0.013100262550513395
107.04,,,0.010000078102280324
107.072,,,0.010000206339031339
107.104,73.4161919793519,-7.105427357601002e-13,0.010000016226422836
107.136,73.4161919793519,-7.105427357601002e-13,0.010002815825811097
107.168,73.4161919793519,-7.105427357601002e-13,0.010622609040911531
107.2,73.4161919793519,-7.105427357601002e-13,0.013100262550513393
107.232,73.4161919793519,-7.105427357601002e-13,0.015085587297504342
107.264,73.84148765291448,9.999999999999432,0.011853505394683411
107.296,74.26924703925044,19.999999999998863,0.015085587297504336
107.328,73.84148765291448,9.999999999999432,0.010000516719604524
107.36,65.40639132514966,0.0,0.010000000814014906
107.392,67.7129427339704,-40.00000000000057,0.010073751764282884
107.424,65.40639132514966,0.0,0.010001873046012551
107.456,67.32294488175604,49.99999999999929,0.01002672467381077
107.488,67.32294488175604,49.99999999999929,0.010037765502929688
107.52,67.32294488175604,49.99999999999929,0.01000123296498612
107.552,72.99334582862124,-10.000000000000142,0.010259050559778863
107.584,72.99334582862124,-10.000000000000142,0.04069733156888105
107.616,72.99334582862124,-10.000000000000142,0.056071395445892624
107.648,72.99334582862124,-10.000000000000142,0.011085791888943373
107.68,83.3644111580719,19.999999999999574,0.010006178555333983
107.712,110.63722351746388,9.999999999999432,0.01001876450976309
107.744,109.99999999999999,-1.4210854715202004e-12,0.013980210379649784
107.776,109.3664466199302,-10.000000000000853,0.02031762851467674
107.808,109.3664466199302,-10.000000000000853,0.010026724673810675
107.84,81.46036537576103,-20.000000000000284,0.010018764509769141
107.872,74.69948441050268,29.999999999999716,0.01108579188894337
107.904,74.26924703925044,19.999999999998863,0.056071395445892624
107.936,73.84148765291448,9.999999999999432,0.1504646013433388
107.968,75.13221412149176,39.99999999999915,0.12793708630129036
108.0,75.13221412149176,39.99999999999915,0.15046460134333883
108.032,77.33375603922921,-10.000000000000853,0.15046460134333844
108.064,74.26924703925044,19.999999999998863,0.3233360583906409
108.096,74.26924703925044,19.999999999998863,0.24075439447557428
108.128,79.1413469005951,29.999999999999716,0.010191075496968311
108.16,87.30705785825097,-7.105427357601002e-13,0.0100028158258111
108.192,,,0.010073751764282884
108.224,,,0.01000032860450166
108.256,,,0.010000002871100368
108.288,65.40639132514966,0.0,0.010000000814014908
108.32,65.40639132514966,0.0,0.010000009287486629
108.352,65.40639132514966,0.0,0.01000032860450166
108.384,65.40639132514966,0.0,0.010000009287486629
108.416,66.93519325188251,39.99999999999986,0.010000000101429396
108.448,66.93519325188251,39.99999999999986,0.010000000009505967
108.48,67.32294488175604,49.99999999999929,0.01000000000061386
108.512,67.7129427339704,-40.00000000000057,0.010000000001606033
108.544,,,0.010000127845232541
108.576,65.40639132514966,0.0,0.010000000003996623
108.608,65.40639132514966,0.0,0.010000127845232541
108.64,65.40639132514966,0.0,0.01000123296498612
108.672,65.40639132514966,0.0,0.010000516719604524
108.704,65.40639132514966,0.0,0.010000127845232541
108.736,66.54967490706109,29.999999999999716,0.01000419105279527
108.768,72.15494574405967,-30.000000000001137,0.010037765502929686
108.8,72.57293509250918,-20.000000000000284,0.010467533617069903
108.832,72.57293509250918,-20.000000000000284,0.01003776550292969
108.864,71.73936383710603,-40.00000000000057,0.010000002871100372
108.896,,,0.01000000000061386
108.928,,,0.010000000009505966
108.96,,,0.010000000814014904
108.992,,,0.01000000928748663
109.024,73.4161919793519,-7.105427357601002e-13,0.010000005216229447
109.056,73.4161919793519,-7.105427357601002e-13,0.010073751764282882
109.088,73.4161919793519,-7.105427357601002e-13,0.011085791888943371
109.12,73.4161919793519,-7.105427357601002e-13,0.03489742801962526
109.152,73.4161919793519,-7.105427357601002e-13,0.07797523762294818
109.184,73.4161919793519,-7.105427357601002e-13,0.10857977072874499
109.216,73.4161919793519,-7.105427357601002e-13,0.07797523762294818
109.248,73.84148765291448,9.999999999999432,0.09203757081218102
109.28,74.69948441050268,29.999999999999716,0.05607139544589262
109.312,76.44550209132854,-30.000000000000426,0.016467587593113012
109.344,76.44550209132854,-30.000000000000426,0.01000187304601255
109.376,102.04250286354403,-29.999999999999716,0.010000078102280324
109.408,107.48759652776704,-40.00000000000057,0.010006178555334078
109.44,117.89508087899223,19.999999999999574,0.010000078102280322
109.472,117.89508087899223,19.999999999999574,0.010004191052795269
109.504,117.89508087899223,19.999999999999574,0.010000802780927253
109.536,,,0.01000419105279527
109.568,,,0.01001876450976914
109.6,,,0.01000419105279527
109.632,,,0.010013068846238973
109.664,,,0.010026724673810772
109.696,,,0.010622609040911536
109.728,,,0.01000419105279527
109.76,,,0.010006178555334078
109.792,65.40639132514966,0.0,0.01000000928748663
109.824,65.40639132514966,0.0,0.010000005216229449
109.856,65.40639132514966,0.0,0.01000123296498612
109.888,65.40639132514966,0.0,0.010140046044704067
109.92,65.40639132514966,0.0,0.010018764509769138
109.952,65.40639132514966,0.0,0.010052967545965857
109.984,78.23233100085048,9.999999999999432,0.01046753361706991
110.016,78.23233100085048,9.999999999999432,0.010140046044704068
110.048,77.33375603922921,-10.000000000000853,0.010000802780927255
110.08,75.5674506101949,50.0,0.0100000470079773
110.112,91.43616857570666,-20.000000000000284,0.01000000081401491
110.144,97.43442710125966,-10.000000000000853,0.01000419105279527
110.176,97.43442710125966,-10.000000000000853,0.010191075496968313
110.208,89.86534992826049,-50.0,0.010000000021701592
110.24,75.13221412149176,39.99999999999915,0.010002815825811102
110.272,75.13221412149176,39.99999999999915,0.012403124793551348
110.304,74.69948441050268,29.999999999999716,0.056071395445892624
110.336,74.26924703925044,19.999999999998863,0.17653060863289757
110.368,75.13221412149176,39.99999999999915,0.15046460134333883
110.4,75.13221412149176,39.99999999999915,0.17653060863289757
110.432,76.44550209132854,-30.000000000000426,0.2065067991177523
110.464,73.84148765291448,9.999999999999432,0.3721358982975087
110.496,74.26924703925044,19.999999999998863,0.2796051653363589
110.528,78.68552628393921,20.000000000000284,0.010467533617069903
110.56,86.30425076864258,-20.000000000000284,0.01000123296498612
110.592,,,0.01000187304601255
110.624,,,0.010000016226422836
110.656,,,0.010000001546554296
110.688,65.40639132514966,0.0,0.010000016226422836
110.72,65.40639132514966,0.0,0.01000032860450166
110.752,65.40639132514966,0.0,0.010006178555334078
110.784,65.40639132514966,0.0,0.01000123296498612
110.816,65.7852866955572,9.999999999999432,0.010000127845232541
110.848,65.7852866955572,9.999999999999432,0.0100000470079773
110.88,65.40639132514966,0.0,0.010000127845165465
110.912,65.40639132514966,0.0,0.01000080278092716
110.944,,,0.010000802780927255
110.976,65.40639132514966,0.0,0.010000078102280326
111.008,65.40639132514966,0.0,0.010000802780927255
111.04,65.40639132514966,0.0,0.01001876450976914
111.072,65.40639132514966,0.0,0.010073751764282884
111.104,65.40639132514966,0.0,0.01000032860450166
111.136,65.7852866955572,9.999999999999432,0.010026724673810768
111.168,65.7852866955572,9.999999999999432,0.011422334250709074
111.2,78.68552628393921,20.000000000000284,0.020317628556360573
111.232,65.40639132514966,0.0,0.022944219124638596
111.264,65.40639132514966,0.0,0.022944219124638603
111.296,65.40639132514966,0.0,0.0229442191246386
111.328,65.40639132514966,0.0,0.018187375734912185
111.36,65.40639132514966,0.0,0.02031762855636059
111.392,65.40639132514966,0.0,0.016467587593113005
111.424,65.40639132514966,0.0,0.020317628556360587
111.456,65.40639132514966,0.0,0.018187375734912185
111.488,65.40639132514966,0.0,0.015085587297504338
111.52,65.40639132514966,0.0,0.01142233425070907
111.552,65.40639132514966,0.0,0.010006178555334075
111.584,,,0.010013068846238975
111.616,,,0.010052967545965859
111.648,,,0.01014004604470407
111.68,,,0.010073751764282884
111.712,,,0.01010197459374499
111.744,357.39105439674364,39.99999999999915,0.011085791888943373
111.776,353.2860680198856,20.000000000000284,0.030106861794195007
111.808,351.2512899969259,9.999999999999432,0.10857977072874497
111.84,347.21682482900223,-9.999999999999432,0.01818737573491218
111.872,337.3322358273121,39.999999999997726,0.011422334250709073
111.904,333.4576446322876,19.999999999998863,0.026168028608935755
111.936,331.5370699244067,9.999999999999432,0.066081512709207
111.968,329.6275569128699,-1.4210854715202004e-12,0.047686993082531035
112.0,327.72904188699454,-10.000000000000853,0.018187375734912182
112.032,323.96475278211557,-29.999999999999716,0.010467533617069905
112.064,298.79793764201077,29.999999999999716,0.02616802860893576
112.096,295.3659506116579,9.999999999998721,0.07797523762294818
112.128,293.6647679174075,-7.105427357601002e-13,0.015085587297504338
112.16,295.3659506116579,9.999999999998721,0.018187375734912182
112.192,295.3659506116579,9.999999999998721,0.04069733156888106
112.224,295.3659506116579,9.999999999998721,0.09203757081218102
112.256,295.3659506116579,9.999999999998721,0.27960516533635893
112.288,293.6647679174075,-7.105427357601002e-13,0.42606232904328134
112.32,293.6647679174075,-7.105427357601002e-13,0.5485250542599847
112.352,293.6647679174075,-7.105427357601002e-13,0.4849868077159113
112.384,293.6647679174075,-7.105427357601002e-13,0.4260623290432814
112.416,291.9733833144849,-10.000000000000142,0.32333605839064083
112.448,291.9733833144849,-10.000000000000142,0.24075439447557428
112.48,,,0.12793708630129036
112.512,,,0.013980210380185928
112.544,,,0.01001876450976914
112.576,,,0.010037765502929683
112.608,,,0.010000802780927256
112.64,,,0.010000516719604523
112.672,,,0.010009025493336937
112.704,,,0.010004191044492771
112.736,,,0.01000281578412725
112.768,,,0.010000016226422836
112.8,,,0.010000078102280324
112.832,,,0.01000419105279527
112.864,,,0.010259050559778863
112.896,,,0.011853505394683413
112.928,,,0.011085791888943371
112.96,,,0.016467587593113005
112.992,,,0.056071395445892624
113.024,,,0.013100262550513395
113.056,,,0.010349055133375844
113.088,,,0.020317628556360583
113.12,,,0.066081512709207
113.152,,,0.03489742801962526
113.184,,,0.018187375734912182
113.216,,,0.010622609040911533
113.248,73.4161919793519,-7.105427357601002e-13,0.04069733156888106
113.28,73.4161919793519,-7.105427357601002e-13,0.20650679911775224
113.312,72.99334582862124,-10.000000000000142,0.04069733156888106
113.344,97.99885899543732,0.0,0.010000802780927256
113.376,98.56656061031477,9.999999999999432,0.010001873046012551
113.408,97.99885899543732,0.0,0.010026724673810768
113.44,97.99885899543732,0.0,0.012403124793551348
113.472,97.99885899543732,0.0,0.12793708630129036
113.504,97.99885899543732,0.0,0.24075439447557428
113.536,97.99885899543732,0.0,0.27960516533635893
113.568,97.99885899543732,0.0,0.32333605839064083
113.6,109.99999999999999,-1.4210854715202004e-12,0.24075439447557428
113.632,109.99999999999999,-1.4210854715202004e-12,0.15046460134333883
113.664,109.3664466199302,-10.000000000000853,0.030106861794195007
113.696,109.3664466199302,-10.000000000000853,0.015085587297504338
113.728,109.3664466199302,-10.000000000000853,0.010140046044704068
113.76,139.3941668115768,9.999999999999432,0.01001876450976914
113.792,138.591315488436,0.0,0.010009025493342986
113.824,139.3941668115768,9.999999999999432,0.01002672467381077
113.856,138.591315488436,0.0,0.010037765502929688
113.888,138.591315488436,0.0,0.01001876450976914
113.92,110.63722351746388,9.999999999999432,0.012403124793551348
113.952,110.63722351746388,9.999999999999432,0.0229442191246386
113.984,119.26495573315601,39.99999999999915,0.010191075496968311
114.016,137.79308824865404,-10.000000000000853,0.010349055133375844
114.048,137.79308824865404,-10.000000000000853,0.02616802860893576
114.08,137.79308824865404,-10.000000000000853,0.03489742801962527
114.112,138.591315488436,0.0,0.03010686179419501
114.144,136.9994584594705,-20.000000000000284,0.010349055133375843
114.176,119.26495573315601,39.99999999999915,0.010140046044704067
114.208,116.54094037952247,0.0,0.012403124793551348
114.24,110.63722351746388,9.999999999999432,0.010349055133375844
114.272,99.13755088719131,19.999999999999574,0.010037765502929688
114.304,98.56656061031477,9.999999999999432,0.010824463728234169
114.336,98.56656061031477,9.999999999999432,0.020317628556360583
114.368,98.56656061031477,9.999999999999432,0.022944219124638607
114.4,109.99999999999999,-1.4210854715202004e-12,0.012403124793551346
114.432,109.99999999999999,-1.4210854715202004e-12,0.02031762855636058
114.464,109.99999999999999,-1.4210854715202004e-12,0.03010686179419501
114.496,109.99999999999999,-1.4210854715202004e-12,0.10857977072874499
114.528,109.3664466199302,-10.000000000000853,0.030106861794195007
114.56,109.99999999999999,-1.4210854715202004e-12,0.011085791888943371
114.592,110.63722351746388,9.999999999999432,0.0229442191246386
114.624,110.63722351746388,9.999999999999432,0.047686993082531035
114.656,110.63722351746388,9.999999999999432,0.1765306086328976
114.688,109.99999999999999,-1.4210854715202004e-12,0.17653060863289757
114.72,109.99999999999999,-1.4210854715202004e-12,0.20650679911775227
114.752,109.99999999999999,-1.4210854715202004e-12,0.066081512709207
114.784,109.99999999999999,-1.4210854715202004e-12,0.010622609040911531
114.816,115.86971395503193,-10.000000000000853,0.010467533617069905
114.848,115.86971395503193,-10.000000000000853,0.010191075496968311
114.88,114.5388367788287,-30.000000000001137,0.010006178555334078
114.912,109.99999999999999,-1.4210854715202004e-12,0.010037765502929688
114.944,,,0.010824463721618192
114.976,,,0.010073751764282884
115.008,,,0.010000002871100368
115.04,75.5674506101949,50.0,0.010000027850262284
115.072,73.4161919793519,-7.105427357601002e-13,0.010013068846238973
115.104,73.4161919793519,-7.105427357601002e-13,0.012403124793551346
115.136,73.4161919793519,-7.105427357601002e-13,0.010026724673810768
115.168,73.84148765291448,9.999999999999432,0.01010197459374499
115.2,73.84148765291448,9.999999999999432,0.010009025493342986
115.232,73.84148765291448,9.999999999999432,0.010073751764282884
115.264,73.4161919793519,-7.105427357601002e-13,0.01508558729750434
115.296,73.4161919793519,-7.105427357601002e-13,0.01646758759311301
115.328,,,0.05607139544589262
115.36,,,0.12793708630129036
115.392,,,0.092037570812181
115.424,,,0.01001876450976914
115.456,,,0.010000002871100368
115.488,,,0.01000000287110037
115.52,,,0.010000016226422834
115.552,,,0.01000032860450166
115.584,,,0.010000802780927258
115.616,,,0.010001873046012553
115.648,,,0.010001232964986121
115.68,,,0.010018764509769141
115.712,,,0.01000007810228032
115.744,,,0.0100028158258111
115.776,65.40639132514966,0.0,0.010000000047726025
115.808,65.40639132514966,0.0,0.0100000470079773
115.84,65.40639132514966,0.0,0.010000127845232541
115.872,65.40639132514966,0.0,0.010000802780927255
115.904,65.40639132514966,0.0,0.010001873046012551
115.936,65.40639132514966,0.0,0.01000020633903134
115.968,65.7852866955572,9.999999999999432,0.01000617855533408
116.0,68.89654412432702,-10.000000000000853,0.010191075496968311
116.032,73.84148765291448,9.999999999999432,0.010259050559778863
116.064,73.84148765291448,9.999999999999432,0.010824463728234163
116.096,73.84148765291448,9.999999999999432,0.011422334250709074
116.128,73.84148765291448,9.999999999999432,0.011422334250709074
116.16,98.56656061031477,9.999999999999432,0.013980210380185928
116.192,97.99885899543732,0.0,0.01014004604470407
116.224,88.32151700497141,19.999999999998863,0.010000002871100368
116.256,75.13221412149176,39.99999999999915,0.010013068846238975
116.288,74.69948441050268,29.999999999999716,0.010259050559778861
116.32,74.26924703925044,19.999999999998863,0.015085587297504336
116.352,74.69948441050268,29.999999999999716,0.010073751764282886
116.384,76.00520839822768,-40.00000000000057,0.01000123296498612
116.416,68.10519982075922,-30.000000000001137,0.010006178555334078
116.448,65.40639132514966,0.0,0.01000187304601255
116.48,65.40639132514966,0.0,0.010052967545965855
116.512,69.6970834057884,9.999999999999432,0.01000032860450166
116.544,69.6970834057884,9.999999999999432,0.010052967545965857
116.576,87.30705785825097,-7.105427357601002e-13,0.011085791888943375
116.608,87.30705785825097,-7.105427357601002e-13,0.010052967545965857
116.64,,,0.010000009287486629
116.672,,,0.010000000814014906
116.704,77.33375603922921,-10.000000000000853,0.0100000470079773
116.736,76.44550209132854,-30.000000000000426,0.0100028158258111
116.768,76.00520839822768,-40.00000000000057,0.010259050559778864
116.8,76.00520839822768,-40.00000000000057,0.010824463728234167
116.832,66.16637698451642,20.000000000000284,0.010191075496968311
116.864,66.16637698451642,20.000000000000284,0.01003776550292969
116.896,73.4161919793519,-7.105427357601002e-13,0.010349055133375843
116.928,73.4161919793519,-7.105427357601002e-13,0.01002672467381077
116.96,,,0.010000000021701594
116.992,66.93519325188251,39.99999999999986,0.010000516719604524
117.024,65.40639132514966,0.0,0.010000078102280324
117.056,65.40639132514966,0.0,0.01000419105279527
117.088,65.40639132514966,0.0,0.01001876450976914
117.12,66.16637698451642,20.000000000000284,0.010000078102280324
117.152,66.16637698451642,20.000000000000284,0.010006178555334082
117.184,65.7852866955572,9.999999999999432,0.011853505394683415
117.216,82.40688922821748,0.0,0.013100262550513395
117.248,65.7852866955572,9.999999999999432,0.011422334250709074
117.28,82.40688922821748,0.0,0.012403124793551346
117.312,82.40688922821748,0.0,0.011422334250709076
117.344,82.40688922821748,0.0,0.012403124793551348
117.376,109.99999999999999,-1.4210854715202004e-12,0.016467587593113005
117.408,109.99999999999999,-1.4210854715202004e-12,0.01000012784523254
117.44,82.40688922821748,0.0,0.01000020633903134
117.472,75.13221412149176,39.99999999999915,0.010018764509769138
117.504,75.5674506101949,50.0,0.011853505394683411
117.536,75.5674506101949,50.0,0.011853505394683413
117.568,75.5674506101949,50.0,0.010073751764282884
117.6,69.6970834057884,9.999999999999432,0.010073751764282884
117.632,65.7852866955572,9.999999999999432,0.01000419105279527
117.664,65.40639132514966,0.0,0.010622609040911533
117.696,65.40639132514966,0.0,0.010009025493342986
117.728,65.40639132514966,0.0,0.01000020633903134
117.76,97.99885899543732,0.0,0.010000206339031342
117.792,97.99885899543732,0.0,0.010349055133375846
117.824,98.56656061031477,9.999999999999432,0.010006178555334077
117.856,73.4161919793519,-7.105427357601002e-13,0.010000000009505967
117.888,65.40639132514966,0.0,0.010000000021701592
117.92,65.40639132514966,0.0,0.010000005216229449
117.952,65.40639132514966,0.0,0.01000032860450166
117.984,65.40639132514966,0.0,0.010000802780927256
118.016,65.40639132514966,0.0,0.010000127845232541
118.048,65.40639132514966,0.0,0.010000127845232541
118.08,65.40639132514966,0.0,0.0100000470079773
118.112,65.40639132514966,0.0,0.010000027850262286
118.144,65.40639132514966,0.0,0.010000001546554296
118.176,65.40639132514966,0.0,0.010000000814014906
118.208,65.40639132514966,0.0,0.010006178555334078
118.24,65.40639132514966,0.0,0.01001876450976914
118.272,65.40639132514966,0.0,0.010052967545965857
118.304,65.40639132514966,0.0,0.010001873046012551
118.336,66.16637698451642,20.000000000000284,0.010191075496968311
118.368,70.50692450564009,29.999999999999005,0.012403124793551348
118.4,73.84148765291448,9.999999999999432,0.04069733156888105
118.432,74.26924703925044,19.999999999998863,0.020317628556360583
118.464,74.26924703925044,19.999999999998863,0.01646758759311301
118.496,73.84148765291448,9.999999999999432,0.013100262550513393
118.528,73.84148765291448,9.999999999999432,0.011853505394683411
118.56,84.82159539743674,49.99999999999858,0.010140046044704068
118.592,98.56656061031477,9.999999999999432,0.0100000470079773
118.624,88.32151700497141,19.999999999998863,0.010000000101429396
118.656,73.84148765291448,9.999999999999432,0.01002672467381077
118.688,73.84148765291448,9.999999999999432,0.010467533617069905
118.72,73.84148765291448,9.999999999999432,0.018187375734912185
118.752,74.69948441050268,29.999999999999716,0.01002672467381077
118.784,70.50692450564009,29.999999999999005,0.010001232964986118
118.816,65.40639132514966,0.0,0.01000419105279527
118.848,65.40639132514966,0.0,0.010009025493342986
118.88,65.40639132514966,0.0,0.01010197459374499
118.912,65.40639132514966,0.0,0.010000516719604523
118.944,69.6970834057884,9.999999999999432,0.010018764509769141
118.976,87.30705785825097,-7.105427357601002e-13,0.010101974593744989
119.008,87.30705785825097,-7.105427357601002e-13,0.010073751764282884
119.04,69.6970834057884,9.999999999999432,0.010000078102280322
119.072,,,0.010000002871100368
119.104,69.6970834057884,9.999999999999432,0.010000328604501662
119.136,69.29565774421802,0.0,0.010013068846238975
119.168,69.29565774421802,0.0,0.010622609040911533
119.2,69.29565774421802,0.0,0.011422334250709073
119.232,78.68552628393921,20.000000000000284,0.011085791888943371
119.264,78.68552628393921,20.000000000000284,0.011085791888943373
119.296,78.23233100085048,9.999999999999432,0.013980210380185926
119.328,78.23233100085048,9.999999999999432,0.01019107549696831
119.36,65.40639132514966,0.0,0.010000005216229449
119.392,65.40639132514966,0.0,0.0100000470079773
119.424,65.40639132514966,0.0,0.010000027850262286
119.456,65.40639132514966,0.0,0.01000123296498612
119.488,65.40639132514966,0.0,0.010013068846238975
119.52,65.40639132514966,0.0,0.010000127845232543
119.552,73.4161919793519,-7.105427357601002e-13,0.010000516719604524
119.584,73.4161919793519,-7.105427357601002e-13,0.015085587297504338
119.616,73.84148765291448,9.999999999999432,0.06608151270920701
119.648,73.4161919793519,-7.105427357601002e-13,0.02616802860893576
119.68,73.4161919793519,-7.105427357601002e-13,0.01508558729750434
119.712,73.4161919793519,-7.105427357601002e-13,0.010191075496968313
119.744,88.32151700497141,19.999999999998863,0.010073751764282884
119.776,110.63722351746388,9.999999999999432,0.01002672467381077
119.808,87.81282249923147,9.999999999999432,0.010000516719604524
119.84,73.4161919793519,-7.105427357601002e-13,0.010006178555334078
119.872,73.4161919793519,-7.105427357601002e-13,0.010259050559778863
119.904,73.84148765291448,9.999999999999432,0.015085587297504338
119.936,73.84148765291448,9.999999999999432,0.010824463728234167
119.968,73.4161919793519,-7.105427357601002e-13,0.0100000470079773
120.0,66.16637698451642,20.000000000000284,0.010000802780927256
120.032,65.40639132514966,0.0,0.01000032860450166
120.064,65.40639132514966,0.0,0.010037765502929688
120.096,65.40639132514966,0.0,0.010013068846238975
120.128,65.7852866955572,9.999999999999432,0.010000000417925077
120.16,,,0.010000328604501662
120.192,,,0.010002815825811098
120.224,,,0.010000001546554298
120.256,,,0.01000000002170159
120.288,65.40639132514966,0.0,0.010000000208892744
120.32,65.40639132514966,0.0,0.01000000928748663
120.352,65.40639132514966,0.0,0.010000516719604524
120.384,65.40639132514966,0.0,0.010004191052795269
120.416,65.40639132514966,0.0,0.010000802780927255
120.448,65.40639132514966,0.0,0.010001873046012551
120.48,65.40639132514966,0.0,0.010000802780927255
120.512,65.40639132514966,0.0,0.010000802780927255
120.544,65.40639132514966,0.0,0.010000005216229449
120.576,65.40639132514966,0.0,0.010000001546554296
120.608,65.40639132514966,0.0,0.010006178555334078
120.64,65.40639132514966,0.0,0.010013068846238975
120.672,65.40639132514966,0.0,0.01002672467381077
120.704,65.40639132514966,0.0,0.010000802780927255
120.736,65.40639132514966,0.0,0.01002672467381077
120.768,73.84148765291448,9.999999999999432,0.010073751764282886
120.8,73.84148765291448,9.999999999999432,0.01508558729750434
120.832,73.84148765291448,9.999999999999432,0.01398021038018593
120.864,73.4161919793519,-7.105427357601002e-13,0.01818737573491219
120.896,73.84148765291448,9.999999999999432,0.013100262550513397
120.928,73.84148765291448,9.999999999999432,0.011422334250709074
120.96,98.56656061031477,9.999999999999432,0.010824463728234169
120.992,97.99885899543732,0.0,0.010191075496968311
121.024,73.4161919793519,-7.105427357601002e-13,0.010000016226422836
121.056,73.84148765291448,9.999999999999432,0.010052967545965857
121.088,74.69948441050268,29.999999999999716,0.010622609040911534
121.12,74.69948441050268,29.999999999999716,0.020317628556360583
121.152,77.78174593052022,-1.4210854715202004e-12,0.01010197459374499
121.184,72.57293509250918,-20.000000000000284,0.010001232964986118
121.216,65.7852866955572,9.999999999999432,0.01002672467381077
121.248,65.40639132514966,0.0,0.01002672467381077
121.28,65.40639132514966,0.0,0.010191075496968311
121.312,65.40639132514966,0.0,0.01000020633903134
121.344,69.29565774421802,0.0,0.010001873046012551
121.376,81.93226047174862,-10.000000000000853,0.010006178555334077
121.408,93.03444464945933,9.999999999999432,0.010009025493342986
121.44,73.4161919793519,-7.105427357601002e-13,0.010000127845232543
121.472,77.78174593052022,-1.4210854715202004e-12,0.010000002871100368
121.504,77.78174593052022,-1.4210854715202004e-12,0.01000020633903134
121.536,77.78174593052022,-1.4210854715202004e-12,0.010009025493342988
121.568,77.78174593052022,-1.4210854715202004e-12,0.011085791888943375
121.6,77.33375603922921,-10.000000000000853,0.013100262550513395
121.632,70.10083450255941,19.999999999999574,0.015085587297504338
121.664,72.99334582862124,-10.000000000000142,0.012403124793551346
121.696,72.99334582862124,-10.000000000000142,0.011853505394683413
121.728,73.4161919793519,-7.105427357601002e-13,0.010006178555334078
121.76,,,0.010000000009505967
121.792,65.40639132514966,0.0,0.010001873046012551
121.824,65.40639132514966,0.0,0.010000127845232541
121.856,65.40639132514966,0.0,0.010013068846238975
121.888,65.40639132514966,0.0,0.01010197459374499
121.92,65.7852866955572,9.999999999999432,0.010000127845232541
121.952,69.6970834057884,9.999999999999432,0.010052967545965857
121.984,73.84148765291448,9.999999999999432,0.03489742801962526
122.016,74.26924703925044,19.999999999998863,0.06608151270920702
122.048,74.26924703925044,19.999999999998863,0.04069733156888106
122.08,74.26924703925044,19.999999999998863,0.030106861794195017
122.112,74.26924703925044,19.999999999998863,0.011853505394683413
122.144,74.26924703925044,19.999999999998863,0.010349055133375844
122.176,98.56656061031477,9.999999999999432,0.010009025493342986
122.208,84.82159539743674,49.99999999999858,0.010000000047726025
122.24,74.69948441050268,29.999999999999716,0.01000012784523254
122.272,74.69948441050268,29.999999999999716,0.01010197459374499
122.304,74.69948441050268,29.999999999999716,0.013980210380185928
122.336,73.84148765291448,9.999999999999432,0.01646758759311301
122.368,78.23233100085048,9.999999999999432,0.010009025493342986
122.4,66.16637698451642,20.000000000000284,0.010013068846238975
122.432,65.40639132514966,0.0,0.010000802780927255
122.464,65.40639132514966,0.0,0.010140046044704068
122.496,65.40639132514966,0.0,0.010052967545965857
122.528,65.7852866955572,9.999999999999432,0.010000002871100368
122.56,,,0.010004191052795272
122.592,,,0.010001873046012553
122.624,,,0.01000000928748663
122.656,,,0.010000000000221913
122.688,65.40639132514966,0.0,0.010000002871100368
122.72,65.40639132514966,0.0,0.010000127845232541
122.752,65.40639132514966,0.0,0.01000419105279527
122.784,65.40639132514966,0.0,0.01000123296498612
122.816,65.40639132514966,0.0,0.010000078102280324
122.848,65.40639132514966,0.0,0.01000000928748663
122.88,65.40639132514966,0.0,0.010000027850262286
122.912,65.40639132514966,0.0,0.010000127845232541
122.944,65.40639132514966,0.0,0.0100000470079773
122.976,,,0.01000123296498612
123.008,,,0.010052967545965857
123.04,,,0.010018764509769138
123.072,,,0.010000078102280324
123.104,,,0.010000027850262286
123.136,73.84148765291448,9.999999999999432,0.010000027850262286
123.168,73.84148765291448,9.999999999999432,0.01000123296498612
123.2,73.84148765291448,9.999999999999432,0.010140046044704067
123.232,74.26924703925044,19.999999999998863,0.010073751764282884
123.264,74.26924703925044,19.999999999998863,0.011422334250709078
123.296,74.26924703925044,19.999999999998863,0.01398021038018593
123.328,74.26924703925044,19.999999999998863,0.02031762855636059
123.36,73.84148765291448,9.999999999999432,0.092037570812181
123.392,74.26924703925044,19.999999999998863,0.011422334250709073
123.424,74.26924703925044,19.999999999998863,0.010467533617069903
123.456,74.26924703925044,19.999999999998863,0.010349055133375846
123.488,73.84148765291448,9.999999999999432,0.011853505394683413
123.52,73.84148765291448,9.999999999999432,0.016467587593113002
123.552,73.84148765291448,9.999999999999432,0.022944219124638596
123.584,73.4161919793519,-7.105427357601002e-13,0.03489742801962526
123.616,73.4161919793519,-7.105427357601002e-13,0.04768699308253104
123.648,73.4161919793519,-7.105427357601002e-13,0.15046460134333878
123.68,72.99334582862124,-10.000000000000142,0.10857977072874497
123.712,72.99334582862124,-10.000000000000142,0.056071395445892624
123.744,72.99334582862124,-10.000000000000142,0.016467587593113005
123.776,73.4161919793519,-7.105427357601002e-13,0.01398021038018593
123.808,77.33375603922921,-10.000000000000853,0.01508558729750434
123.84,77.78174593052022,-1.4210854715202004e-12,0.011085791888943373
123.872,78.23233100085048,9.999999999999432,0.012403124793551348
123.904,78.23233100085048,9.999999999999432,0.010824463728234165
123.936,70.10083450255941,19.999999999999574,0.018187375734912175
123.968,70.10083450255941,19.999999999999574,0.022944219124638607
124.0,73.4161919793519,-7.105427357601002e-13,0.022944219124638603
124.032,73.4161919793519,-7.105427357601002e-13,0.013980210380185928
124.064,73.4161919793519,-7.105427357601002e-13,0.02031762855636059
124.096,73.4161919793519,-7.105427357601002e-13,0.01818737573491218
124.128,,,0.011422334250709074
124.16,,,0.010824463728234165
124.192,,,0.010467533617069905
124.224,,,0.010824463728234165
124.256,,,0.016467587593113005
124.288,,,0.016467587593113005
124.32,,,0.013980210380185928
124.352,,,0.01010197459374499
124.384,,,0.010009025493342984
124.416,,,0.010001873046012551
124.448,,,0.010101974593744992
124.48,,,0.010622609040911533
124.512,,,0.01010197459374499
124.544,,,0.010824463728234165
124.576,,,0.010259050559778863
124.608,,,0.010467533617069905
124.64,,,0.010622609040911533
124.672,,,0.01010197459374499
124.704,,,0.010622609040911534
124.736,,,0.01002672467381077
124.768,,,0.010052967545965859
124.8,,,0.010002815825811098
124.832,,,0.010006178555334077
124.864,,,0.01000419105279527
124.896,,,0.010000078102280326
124.928,,,0.01000617855533408
124.96,,,0.01010197459374499
124.992,,,0.013100262550513397
125.024,,,0.018187375734912185
125.056,,,0.011085791888943373
125.088,,,0.013980210380185926
125.12,,,0.03010686179419501
125.152,,,0.17653060863289757
125.184,,,0.5485250542599845
125.216,,,0.27960516533635893
125.248,,,0.2065067991177523
125.28,,,0.06608151270920701
125.312,,,0.011422334250709074
125.344,,,0.010001873046012551
125.376,65.40639132514966,0.0,0.010000027850262286
125.408,65.40639132514966,0.0,0.010000078102280324
125.44,65.40639132514966,0.0,0.0100028158258111
125.472,65.40639132514966,0.0,0.010006178555334078
125.504,72.57293509250918,-20.000000000000284,0.010026724673810772
125.536,72.15494574405967,-30.000000000001137,0.010009025493342986
125.568,74.26924703925044,19.999999999998863,0.010101974593744992
125.6,74.26924703925044,19.999999999998863,0.015085587297504336
125.632,74.26924703925044,19.999999999998863,0.03489742801962527
125.664,73.84148765291448,9.999999999999432,0.04768699308253104
125.696,72.57293509250918,-20.000000000000284,0.06608151270920701
125.728,72.15494574405967,-30.000000000001137,0.09203757081218102
125.76,73.84148765291448,9.999999999999432,0.2796051653363589
125.792,73.4161919793519,-7.105427357601002e-13,0.24075439447557428
125.824,73.84148765291448,9.999999999999432,0.092037570812181
125.856,74.26924703925044,19.999999999998863,0.0779752376229482
125.888,74.26924703925044,19.999999999998863,0.07797523762294818
125.92,74.26924703925044,19.999999999998863,0.09203757081218102
125.952,73.84148765291448,9.999999999999432,0.07797523762294818
125.984,73.84148765291448,9.999999999999432,0.092037570812181
126.016,73.84148765291448,9.999999999999432,0.07797523762294818
126.048,78.68552628393921,20.000000000000284,0.047686993082531035
126.08,79.59980805922079,39.99999999999986,0.011853505394683413
126.112,87.30705785825097,-7.105427357601002e-13,0.010009025493342984
126.144,85.3129619008554,-40.00000000000057,0.010001232964986118
126.176,98.56656061031477,9.999999999999432,0.010013068846238973
126.208,98.56656061031477,9.999999999999432,0.01002672467381077
126.24,72.57293509250918,-20.000000000000284,0.010000078102280322
126.272,,,0.010013068846238975
126.304,,,0.01001876450976914
126.336,,,0.010037765502929688
126.368,,,0.01000123296498612
126.4,,,0.010006178555334078
126.432,,,0.010004191052795269
126.464,,,0.010001873046012551
126.496,,,0.010001232964986123
126.528,,,0.0100000470079773
126.56,,,0.010000000101429396
126.592,280.40333801023763,19.999999999999574,0.010000027850262286
126.624,291.9733833144849,-10.000000000000142,0.01000419105279527
126.656,293.6647679174075,-7.105427357601002e-13,0.010467533617069905
126.688,295.3659506116579,9.999999999998721,0.01646758759311301
126.72,295.3659506116579,9.999999999998721,0.04069733156888106
126.752,295.3659506116579,9.999999999998721,0.03489742801962527
126.784,293.6647679174075,-7.105427357601002e-13,0.04768699308253103
126.816,293.6647679174075,-7.105427357601002e-13,0.013980210380185928
126.848,293.6647679174075,-7.105427357601002e-13,0.01062260904091115
126.88,333.4576446322876,19.999999999998863,0.010467533617069905
126.912,331.5370699244067,9.999999999999432,0.011422334250709074
126.944,335.38934511626763,29.999999999998295,0.066081512709207
126.976,,,0.010000005216229449
127.008,,,0.01000000000399662
127.04,266.19869962824436,30.000000000000426,0.010004191052795269
127.072,293.6647679174075,-7.105427357601002e-13,0.010140046044704068
127.104,293.6647679174075,-7.105427357601002e-13,0.012403124793551346
127.136,295.3659506116579,9.999999999998721,0.07797523762294818
127.168,295.3659506116579,9.999999999998721,0.1504646013433388
127.2,295.3659506116579,9.999999999998721,0.09203757081218102
127.232,297.0769881570017,19.999999999998153,0.0779752376229482
127.264,298.79793764201077,29.999999999999716,0.04768699299394274
127.296,297.0769881570017,19.999999999998153,0.01000020633903134
127.328,,,0.010259050559778864
127.36,,,0.01310026255050735
127.392,,,0.013100262550447541
127.424,,,0.010101974593743358
127.456,120.65074776640884,-40.00000000000057,0.010140046044704067
127.488,118.57804013471404,29.999999999999005,0.013100262550513395
127.52,117.89508087899223,19.999999999999574,0.020317628556360583
127.552,117.89508087899223,19.999999999999574,0.07797523762294821
127.584,117.89508087899223,19.999999999999574,0.020317628556360587
127.616,117.89508087899223,19.999999999999574,0.011085791888943373
127.648,119.26495573315601,39.99999999999915,0.010052967545965859
127.68,119.95585059317834,50.0,0.01014004604470407
127.712,,,0.010001873046012555
127.744,,,0.010006178555334078
127.776,65.40639132514966,0.0,0.010000802780927255
127.808,65.40639132514966,0.0,0.010000802780927255
127.84,65.40639132514966,0.0,0.010018764509769138
127.872,65.7852866955572,9.999999999999432,0.010018764509769141
127.904,69.29565774421802,0.0,0.010013068846238973
127.936,72.99334582862124,-10.000000000000142,0.010101974593744989
127.968,72.57293509250918,-20.000000000000284,0.010824463724743522
128.0,72.57293509250918,-20.000000000000284,0.010824462377082494
128.032,74.26924703925044,19.999999999998863,0.01398020582433592
128.064,74.26924703925044,19.999999999998863,0.02294421910568446
128.096,74.26924703925044,19.999999999998863,0.03489742801962527
128.128,73.84148765291448,9.999999999999432,0.092037570812181
128.16,73.84148765291448,9.999999999999432,0.27960516533635893
128.192,73.84148765291448,9.999999999999432,0.09203757081218103
128.224,73.84148765291448,9.999999999999432,0.047686993082531035
128.256,73.4161919793519,-7.105427357601002e-13,0.056071395445892624
128.288,73.4161919793519,-7.105427357601002e-13,0.07797523762294818
128.32,73.4161919793519,-7.105427357601002e-13,0.10857977072874501
128.352,73.4161919793519,-7.105427357601002e-13,0.092037570812181
128.384,72.99334582862124,-10.000000000000142,0.07797523762294817
128.416,76.00520839822768,-40.00000000000057,0.0779752376229482
128.448,76.00520839822768,-40.00000000000057,0.27960516533635893
128.48,75.5674506101949,50.0,0.2796051653363589
128.512,73.84148765291448,9.999999999999432,0.03489742801962526
128.544,84.82159539743674,49.99999999999858,0.010002815825811098
128.576,91.96585291173604,-10.000000000000853,0.01000123296498612
128.608,94.6606580968763,39.99999999999986,0.010000516719604523
128.64,108.1102658399776,-30.000000000000426,0.010000000101429398
128.672,124.18608452867443,9.999999999999432,0.01000020633903134
128.704,124.18608452867443,9.999999999999432,0.010000802780927255
128.736,124.90548719779652,19.999999999998863,0.010009025493342984
128.768,124.18608452867443,9.999999999999432,0.01001876450976914
128.8,127.82501456536235,-40.00000000000057,0.010000002871100368
128.832,,,0.010000005216227814
128.864,,,0.010000127843829832
128.896,,,0.010006178555268225
128.928,,,0.010037765502929594
128.96,,,0.010000127845232541
128.992,,,0.0100028158258111
129.024,,,0.0100028158258111
129.056,322.09885310803753,-40.00000000000128,0.010006178555334078
129.088,329.6275569128699,-1.4210854715202004e-12,0.010824463728234169
129.12,333.4576446322876,19.999999999998863,0.020317628556360583
129.152,333.4576446322876,19.999999999998863,0.056071395445892624
129.184,329.6275569128699,-1.4210854715202004e-12,0.09203757081218102
129.216,329.6275569128699,-1.4210854715202004e-12,0.022944219124638596
129.248,316.5653876023803,29.999999999998295,0.010073751764282884
129.28,295.3659506116579,9.999999999998721,0.12793708630129036
129.312,295.3659506116579,9.999999999998721,0.3721358982975087
129.344,295.3659506116579,9.999999999998721,0.5485250542599845
129.376,295.3659506116579,9.999999999998721,0.4260623290432814
129.408,297.0769881570017,19.999999999998153,0.010140046044704068
129.44,270.8517709358815,-40.00000000000128,0.010000002871100368
129.472,,,0.010000009287486632
129.504,,,0.010000001546554295
129.536,,,0.010000000417925075
129.568,,,0.01002672467381077
129.6,,,0.011422334250709074
129.632,,,0.02616802860893576
129.664,,,0.20650679911775233
129.696,97.99885899543732,0.0,0.4849868077159112
129.728,97.43442710125966,-10.000000000000853,0.03010686179419501
129.76,97.99885899543732,0.0,0.030106861794195014
129.792,97.43442710125966,-10.000000000000853,0.022944219124638603
129.824,103.82617439498627,-7.105427357601002e-13,0.011085791888943373
129.856,120.65074776640884,-40.00000000000057,0.011085791888943373
129.888,123.47082531403102,-7.105427357601002e-13,0.018187375734912182
129.92,123.47082531403102,-7.105427357601002e-13,0.013100262550513395
129.952,124.18608452867443,9.999999999999432,0.011422334250709074
129.984,145.9866916572425,-10.000000000000142,0.010018764509769138
130.016,146.8323839587038,-7.105427357601002e-13,0.015085587297504336
130.048,146.8323839587038,-7.105427357601002e-13,0.03489742801962526
130.08,146.8323839587038,-7.105427357601002e-13,0.047686993082531035
130.112,146.8323839587038,-7.105427357601002e-13,0.026168028608935755
130.144,146.8323839587038,-7.105427357601002e-13,0.010467533617069905
130.176,,,0.010001873046012551
130.208,,,0.010000078102280324
130.24,,,0.010000802780927255
130.272,72.99334582862124,-10.000000000000142,0.01000187304601255
130.304,72.15494574405967,-30.000000000001137,0.010018764509769138
130.336,72.57293509250918,-20.000000000000284,0.010006178555334078
130.368,66.54967490706109,29.999999999999716,0.010191075496968311
130.4,80.5247132770094,-40.00000000000057,0.011422334250709073
130.432,78.23233100085048,9.999999999999432,0.010467533617069903
130.464,73.84148765291448,9.999999999999432,0.010259050559778863
130.496,73.4161919793519,-7.105427357601002e-13,0.020317628556360583
130.528,73.4161919793519,-7.105427357601002e-13,0.092037570812181
130.56,73.4161919793519,-7.105427357601002e-13,0.17653060863289755
130.592,73.4161919793519,-7.105427357601002e-13,0.09203757081218102
130.624,74.26924703925044,19.999999999998863,0.03489742801962526
130.656,74.69948441050268,29.999999999999716,0.05607139544589263
130.688,74.69948441050268,29.999999999999716,0.047686993082531035
130.72,74.69948441050268,29.999999999999716,0.040697331568881064
130.752,72.99334582862124,-10.000000000000142,0.026168028608935752
130.784,73.4161919793519,-7.105427357601002e-13,0.034897428019625254
130.816,72.99334582862124,-10.000000000000142,0.07797523762294818
130.848,72.99334582862124,-10.000000000000142,0.24075439447557428
130.88,73.4161919793519,-7.105427357601002e-13,0.6159498854580681
130.912,73.4161919793519,-7.105427357601002e-13,0.10857977072874495
130.944,73.4161919793519,-7.105427357601002e-13,0.010006178555334078
130.976,88.83315834800462,29.999999999999716,0.010000802780927256
131.008,93.57338770459413,20.000000000000284,0.01000419105279527
131.04,108.73654223881857,-20.000000000000284,0.010000000208892744
131.072,124.18608452867443,9.999999999999432,0.01002672467381077
131.104,128.565497341737,-30.000000000000426,0.01010197459374499
131.136,130.05935646298627,-10.000000000000853,0.011085791888943373
131.168,130.8127826502993,0.0,0.013100262550513395
131.2,,,0.010052967545965857
131.232,,,0.01000012784523254
131.264,,,0.01000123296498612
131.296,,,0.01019107549696831
131.328,,,0.010026724673810772
131.36,293.6647679174075,-7.105427357601002e-13,0.01001876450976914
131.392,291.9733833144849,-10.000000000000142,0.010259050559778863
131.424,291.9733833144849,-10.000000000000142,0.010622609040911533
131.456,291.9733833144849,-10.000000000000142,0.011853505394683413
131.488,293.6647679174075,-7.105427357601002e-13,0.011085791888943373
131.52,295.3659506116579,9.999999999998721,0.0100028158258111
131.552,327.72904188699454,-10.000000000000853,0.010073751764282884
131.584,327.72904188699454,-10.000000000000853,0.016467587593113005
131.616,325.8414615030442,-20.000000000000284,0.02031762855636058
131.648,295.3659506116579,9.999999999998721,0.013980210380185928
131.68,291.9733833144849,-10.000000000000142,0.09203757081218102
131.712,291.9733833144849,-10.000000000000142,0.24075439447557426
131.744,291.9733833144849,-10.000000000000142,0.3233360583906409
131.776,293.6647679174075,-7.105427357601002e-13,0.24075439447557428
131.808,295.3659506116579,9.999999999998721,0.010101974593744992
131.84,,,0.0100000470079773
131.872,,,0.010000078102280324
131.904,,,0.010000027850262286
131.936,,,0.010000001546554296
131.968,219.99999999999997,-1.4210854715202004e-12,0.010009025493342986
132.0,219.99999999999997,-1.4210854715202004e-12,0.016467587593113005
132.032,219.99999999999997,-1.4210854715202004e-12,0.03489742801962526
132.064,218.7328932398604,-10.000000000000853,0.37213589829750876
132.096,218.7328932398604,-10.000000000000853,0.026168028608935755
132.128,,,0.010000016226422834
132.16,,,0.010467533617069903
132.192,,,0.013980210380185928
132.224,,,0.011422334250709076
132.256,,,0.01000123296498612
132.288,,,0.01001876450976914
132.32,,,0.01001876450976914
132.352,,,0.012403124793551346
132.384,,,0.010824463728234165
132.416,,,0.018187375734912182
132.448,,,0.013100262550513391
132.48,,,0.010622609040911533
132.512,,,0.011422334250709073
132.544,,,0.010013068846238975
132.576,,,0.01001876450976914
132.608,65.40639132514966,0.0,0.010002815825811098
132.64,65.40639132514966,0.0,0.010037765502929686
132.672,65.40639132514966,0.0,0.01010197459374499
132.704,65.40639132514966,0.0,0.010349055133375844
132.736,65.40639132514966,0.0,0.010018764509769141
132.768,70.10083450255941,19.999999999999574,0.010004191052795269
132.8,71.73936383710603,-40.00000000000057,0.010824463728234167
132.832,71.73936383710603,-40.00000000000057,0.010140046044704068
132.864,69.29565774421802,0.0,0.010013068846238975
132.896,70.10083450255941,19.999999999999574,0.010259050559778863
132.928,70.10083450255941,19.999999999999574,0.013100262550513397
132.96,70.10083450255941,19.999999999999574,0.12793708630129033
132.992,70.10083450255941,19.999999999999574,0.17653060863289752
133.024,70.10083450255941,19.999999999999574,0.034897428019625254
133.056,70.10083450255941,19.999999999999574,0.011085791888943373
133.088,70.91536696417685,39.99999999999915,0.01508558729750434
133.12,70.91536696417685,39.99999999999915,0.011422334250709076
133.152,69.6970834057884,9.999999999999432,0.010349055133375844
133.184,69.6970834057884,9.999999999999432,0.010101974593744992
133.216,78.68552628393921,20.000000000000284,0.010052967545965855
133.248,79.1413469005951,29.999999999999716,0.010467533617069907
133.28,79.1413469005951,29.999999999999716,0.01010197459374499
133.312,79.1413469005951,29.999999999999716,0.010140046044704068
133.344,78.68552628393921,20.000000000000284,0.010013068846238973
133.376,69.6970834057884,9.999999999999432,0.010101974593744992
133.408,69.29565774421802,0.0,0.018187375734912185
133.44,69.6970834057884,9.999999999999432,0.015085587297504338
133.472,72.57293509250918,-20.000000000000284,0.02031762855636058
133.504,80.0609250563203,49.99999999999929,0.011085791888943371
133.536,82.40688922821748,0.0,0.01818737573491218
133.568,82.40688922821748,0.0,0.03489742801962525
133.6,82.40688922821748,0.0,0.07797523762294818
133.632,82.40688922821748,0.0,0.0779752376229482
133.664,82.40688922821748,0.0,0.06608151270920701
133.696,82.40688922821748,0.0,0.10857977072874495
133.728,82.40688922821748,0.0,0.12793708630129036
133.76,82.40688922821748,0.0,0.066081512709207
133.792,82.40688922821748,0.0,0.07797523762294815
133.824,82.40688922821748,0.0,0.056071395445892624
133.856,82.40688922821748,0.0,0.01398021038018593
133.888,,,0.01010197459374499
133.92,,,0.01000020633903134
133.952,97.99885899543732,0.0,0.01000187304601255
133.984,98.56656061031477,9.999999999999432,0.010073751764282886
134.016,99.71184887709214,29.999999999999005,0.010001232964986118
134.048,132.33275396903284,20.000000000000284,0.010000078102280322
134.08,144.30989148811935,-30.000000000001137,0.01002672467381077
134.112,146.8323839587038,-7.105427357601002e-13,0.010824463728234169
134.144,146.8323839587038,-7.105427357601002e-13,0.011085791888943373
134.176,146.8323839587038,-7.105427357601002e-13,0.010824463728234165
134.208,117.89508087899223,19.999999999999574,0.010004191052795269
134.24,119.26495573315601,39.99999999999915,0.010001873046012551
134.272,97.43442710125966,-10.000000000000853,0.010073751764282886
134.304,97.43442710125966,-10.000000000000853,0.01508558729750434
134.336,145.9866916572425,-10.000000000000142,0.06608151270920701
134.368,146.8323839587038,-7.105427357601002e-13,0.2065067991177523
134.4,146.8323839587038,-7.105427357601002e-13,0.0779752376229482
134.432,146.8323839587038,-7.105427357601002e-13,0.011853505394683413
134.464,151.1349012203898,50.0,0.01000123296498612
134.496,152.01041679645533,-40.00000000000057,0.010000000003996623
134.528,158.28269380119016,29.999999999999716,0.010000000047726025
134.56,,,0.010000078102280324
134.592,,,0.010006178555334078
134.624,,,0.010622609040911533
134.656,,,0.011085791888943373
134.688,96.31529725464738,-30.000000000001137,0.010026724673810768
134.72,97.43442710125966,-10.000000000000853,0.010013068846238975
134.752,73.4161919793519,-7.105427357601002e-13,0.010140046044704068
134.784,73.4161919793519,-7.105427357601002e-13,0.013980210380185926
134.816,73.4161919793519,-7.105427357601002e-13,0.013980210380185928
134.848,73.4161919793519,-7.105427357601002e-13,0.011853505394683413
134.88,72.99334582862124,-10.000000000000142,0.010467533617069903
134.912,73.4161919793519,-7.105427357601002e-13,0.010013068846238973
134.944,,,0.010000005216229447
134.976,65.40639132514966,0.0,0.01000032860450166
135.008,65.40639132514966,0.0,0.010000802780927255
135.04,65.40639132514966,0.0,0.01000419105279527
135.072,67.32294488175604,49.99999999999929,0.01001876450976914
135.104,67.32294488175604,49.99999999999929,0.010001232964986118
135.136,67.32294488175604,49.99999999999929,0.01002672467381077
135.168,72.99334582862124,-10.000000000000142,0.010259050559778864
135.2,72.99334582862124,-10.000000000000142,0.015085587297504338
135.232,72.99334582862124,-10.000000000000142,0.010349055133375844
135.264,72.99334582862124,-10.000000000000142,0.010000802780927255
135.296,82.88426748110167,10.000000000000142,0.010037765502929688
135.328,82.40688922821748,0.0,0.010259050559778863
135.36,82.40688922821748,0.0,0.013980210380185928
135.392,82.40688922821748,0.0,0.020317628556360583
135.424,82.40688922821748,0.0,0.01001876450976914
135.456,87.81282249923147,9.999999999999432,0.01001876450976914
135.488,88.32151700497141,19.999999999998863,0.012403124793551346
135.52,87.81282249923147,9.999999999999432,0.013100262550513395
135.552,,,0.010622609040911533
135.584,,,0.010009025493342986
135.616,,,0.01000020633903134
135.648,,,0.010000000814014906
135.68,,,0.010000002871100368
135.712,,,0.010000016226422836
135.744,,,0.012403124793551348
135.776,,,0.03489742801962526
135.808,,,0.020317628556360583
135.84,,,0.010000802780927255
135.872,,,0.010006178555334078
135.904,,,0.0100000470079773
135.936,65.40639132514966,0.0,0.010000078102280324
135.968,73.4161919793519,-7.105427357601002e-13,0.010013068846238973
136.0,73.4161919793519,-7.105427357601002e-13,0.011422334250709074
136.032,73.84148765291448,9.999999999999432,0.011853505394683413
136.064,73.84148765291448,9.999999999999432,0.010824463728234167
136.096,74.26924703925044,19.999999999998863,0.011853505394683411
136.128,73.84148765291448,9.999999999999432,0.010013068846238973
136.16,80.0609250563203,49.99999999999929,0.010000027850262286
136.192,80.0609250563203,49.99999999999929,0.010000127845232541
136.224,80.5247132770094,-40.00000000000057,0.010013068846238975
136.256,73.84148765291448,9.999999999999432,0.010622609040911531
136.288,73.4161919793519,-7.105427357601002e-13,0.092037570812181
136.32,73.4161919793519,-7.105427357601002e-13,0.20650679911775227
136.352,72.99334582862124,-10.000000000000142,0.24075439447557428
136.384,72.99334582862124,-10.000000000000142,0.15046460134333883
136.416,72.99334582862124,-10.000000000000142,0.030106861794195004
136.448,74.69948441050268,29.999999999999716,0.010824463728234167
136.48,82.88426748110167,10.000000000000142,0.010467533617069903
136.512,82.40688922821748,0.0,0.010349055133375844
136.544,,,0.013100262550513393
136.576,,,0.1279370863012904
136.608,,,0.022944219124638603
136.64,,,0.010259050559778863
136.672,,,0.010000802780927253
136.704,,,0.01000032860450166
136.736,,,0.010000000814014906
136.768,,,0.010000000417919028
136.8,,,0.010000000813818582
136.832,,,0.010000002869697657
136.864,,,0.01000000928748663
136.896,,,0.010000000009505967
136.928,113.22324603078411,49.99999999999929,0.010349055133375844
136.96,106.252996181733,39.99999999999915,0.07797523762294818
136.992,106.252996181733,39.99999999999915,0.06608151270920701
137.024,100.28947374140385,39.99999999999915,0.010013068846238975
137.056,115.86971395503193,-10.000000000000853,0.010349055133375843
137.088,115.86971395503193,-10.000000000000853,0.010073751764282882
137.12,116.54094037952247,0.0,0.01001876450976914
137.152,115.86971395503193,-10.000000000000853,0.010191075496968311
137.184,116.54094037952247,0.0,0.01000419105279527
137.216,110.63722351746388,9.999999999999432,0.010052967545965855
137.248,109.99999999999999,-1.4210854715202004e-12,0.010467533617069905
137.28,109.99999999999999,-1.4210854715202004e-12,0.010259050559778861
137.312,110.63722351746388,9.999999999999432,0.010037765502929688
137.344,,,0.010006178555334078
137.376,,,0.01000032860450166
137.408,65.40639132514966,0.0,0.010000001546554296
137.44,65.40639132514966,0.0,0.010000078102280324
137.472,65.40639132514966,0.0,0.010000016226422836
137.504,65.40639132514966,0.0,0.010000127845232541
137.536,65.40639132514966,0.0,0.01000000928748663
137.568,65.7852866955572,9.999999999999432,0.010000078102280324
137.6,71.32617550580554,-50.0,0.010259050559778863
137.632,71.73936383710603,-40.00000000000057,0.010349055133375844
137.664,73.84148765291448,9.999999999999432,0.010009025493342986
137.696,77.33375603922921,-10.000000000000853,0.010006178555334078
137.728,75.13221412149176,39.99999999999915,0.010006178555334077
137.76,75.13221412149176,39.99999999999915,0.010191075496968313
137.792,72.57293509250918,-20.000000000000284,0.010259050559778863
137.824,72.99334582862124,-10.000000000000142,0.010824463728234169
137.856,72.99334582862124,-10.000000000000142,0.015085587297504338
137.888,72.57293509250918,-20.000000000000284,0.01646758759311301
137.92,72.99334582862124,-10.000000000000142,0.020317628556360583
137.952,73.84148765291448,9.999999999999432,0.012403124793551348
137.984,73.84148765291448,9.999999999999432,0.012403124793551344
138.016,74.26924703925044,19.999999999998863,0.010467533617069903
138.048,,,0.01001876450976914
138.08,,,0.01000000287110037
138.112,,,0.010000000000221911
138.144,,,0.010006178555334078
138.176,,,0.010052967545965857
138.208,,,0.010018764509769141
138.24,,,0.010002815825811098
138.272,,,0.010191075496968311
138.304,,,0.010013068846238975
138.336,,,0.010000516719604523
138.368,65.40639132514966,0.0,0.010000802780927256
138.4,78.68552628393921,20.000000000000284,0.01001876450976914
138.432,65.7852866955572,9.999999999999432,0.01010197459374499
138.464,65.7852866955572,9.999999999999432,0.010349055133375846
138.496,65.7852866955572,9.999999999999432,0.010467533617069907
138.528,76.44550209132854,-30.000000000000426,0.010073751764282884
138.56,77.33375603922921,-10.000000000000853,0.0100028158258111
138.592,78.23233100085048,9.999999999999432,0.010052967545965857
138.624,78.68552628393921,20.000000000000284,0.012403124793551348
138.656,78.68552628393921,20.000000000000284,0.07797523762294818
138.688,78.68552628393921,20.000000000000284,0.24075439447557434
138.72,78.68552628393921,20.000000000000284,0.32333605839064083
138.752,78.23233100085048,9.999999999999432,0.2796051653363588
138.784,78.23233100085048,9.999999999999432,0.04768699308253104
138.816,77.78174593052022,-1.4210854715202004e-12,0.010622609040911534
138.848,74.26924703925044,19.999999999998863,0.010101974593744989
138.88,74.26924703925044,19.999999999998863,0.011853505394683411
138.912,74.26924703925044,19.999999999998863,0.018187375734912182
138.944,71.73936383710603,-40.00000000000057,0.01240312479355135
138.976,71.73936383710603,-40.00000000000057,0.01010197459374499
139.008,,,0.010000206339031339
139.04,,,0.010000027850262288
139.072,,,0.010000005216229449
139.104,,,0.010000078102280324
139.136,,,0.010000001546554295
139.168,,,0.010000001546554296
139.2,,,0.010000000417925077
139.232,,,0.010000005216229452
139.264,,,0.010000005216229449
139.296,,,0.010000002871100368
139.328,,,0.010013068846238973
139.36,,,0.010349055133375844
139.392,,,0.010467533617069903
139.424,,,0.010004191052795269
139.456,,,0.010052967545965857
139.488,,,0.010101974593744989
139.52,,,0.0100028158258111
139.552,,,0.0100028158258111
139.584,,,0.010000078102280324
139.616,,,0.010000328604501662
139.648,,,0.010000016226422836
139.68,,,0.010000016226422836
139.712,,,0.010052967545965857
139.744,,,0.010467533617069905
139.776,65.40639132514966,0.0,0.010000802780927253
139.808,65.40639132514966,0.0,0.01001876450976914
139.84,65.40639132514966,0.0,0.010140046044704068
139.872,65.40639132514966,0.0,0.010191075496968311
139.904,65.40639132514966,0.0,0.010191075496968311
139.936,65.7852866955572,9.999999999999432,0.010191075496968311
139.968,65.7852866955572,9.999999999999432,0.010467533617069905
140.0,65.40639132514966,0.0,0.018187375734912182
140.032,65.40639132514966,0.0,0.092037570812181
140.064,65.40639132514966,0.0,0.04069733156888106
140.096,65.40639132514966,0.0,0.018187375734912182
140.128,65.40639132514966,0.0,0.026168028608935766
140.16,65.40639132514966,0.0,0.04069733156888106
140.192,65.40639132514966,0.0,0.047686993082531035
140.224,65.40639132514966,0.0,0.0229442191246386
140.256,65.40639132514966,0.0,0.03489742801962525
140.288,65.40639132514966,0.0,0.015085587297504336
140.32,65.40639132514966,0.0,0.010259050559778863
140.352,65.40639132514966,0.0,0.01000012784523254
140.384,,,0.010001232964986118
140.416,,,0.010001232964986118
140.448,,,0.01010197459374499
140.48,,,0.022944219124638603
140.512,,,0.011853505394683413
140.544,,,0.010349055133375844
140.576,117.21605517913326,9.999999999999432,0.011422334250709076
140.608,116.54094037952247,0.0,0.17653060863289757
140.64,117.21605517913326,9.999999999999432,0.010349055133375843
140.672,118.57804013471404,29.999999999999005,0.012403124793551348
140.704,127.08879665595002,-50.0,0.010824463728234167
140.736,127.82501456536235,-40.00000000000057,0.011422334250709074
140.768,131.5705733911144,9.999999999999432,0.01010197459374499
140.8,133.09934981412218,29.999999999999716,0.01000012784523254
140.832,147.68297530582896,9.999999999999432,0.010000802780927255
140.864,146.8323839587038,-7.105427357601002e-13,0.010140046044704068
140.896,146.8323839587038,-7.105427357601002e-13,0.015085587297504336
140.928,148.5384940785009,19.999999999998863,0.010073751764282884
140.96,141.01384901128017,29.999999999999005,0.010073751764282884
140.992,141.8307339283537,39.99999999999915,0.010037765502929688
141.024,142.65235101161107,-50.0,0.010000802780927255
141.056,124.90548719779652,19.999999999998863,0.010006178555334078
141.088,,,0.010467533617069905
141.12,,,0.011085791888943373
141.152,,,0.012403124793551346
141.184,,,0.02616802860893576
141.216,,,0.030106861794195007
141.248,,,0.013980210380185928
141.28,,,0.011853505394683413
141.312,,,0.01002672467381077
141.344,,,0.01001876450976914
141.376,69.29565774421802,0.0,0.010018764509769138
141.408,69.6970834057884,9.999999999999432,0.010000802780927255
141.44,65.40639132514966,0.0,0.010000078102280324
141.472,65.40639132514966,0.0,0.01000123296498612
141.504,65.40639132514966,0.0,0.010013068846238976
141.536,66.54967490706109,29.999999999999716,0.0100028158258111
141.568,67.32294488175604,49.99999999999929,0.01000020633903134
141.6,,,0.010000127845232541
141.632,,,0.010140046044704068
141.664,,,0.06608151270920702
141.696,,,0.03010686179419501
141.728,,,0.01010197459374499
141.76,,,0.010140046044704068
141.792,116.54094037952247,0.0,0.026168028608935762
141.824,117.21605517913326,9.999999999999432,0.011085791888943371
141.856,118.57804013471404,29.999999999999005,0.016467587593113005
141.888,116.54094037952247,0.0,0.018187375734912182
141.92,129.31026969119694,-20.000000000000995,0.01646758759311301
141.952,125.62905732418486,29.999999999999716,0.018187375734912182
141.984,130.8127826502993,0.0,0.010037765502929688
142.016,130.05935646298627,-10.000000000000853,0.010000802780927255
142.048,141.8307339283537,39.99999999999915,0.010000047007977303
142.08,146.8323839587038,-7.105427357601002e-13,0.01001876450976914
142.112,146.8323839587038,-7.105427357601002e-13,0.010191075496968311
142.144,145.9866916572425,-10.000000000000142,0.010013068846238975
142.176,127.82501456536235,-40.00000000000057,0.010000000814014908
142.208,,,0.010000000814014906
142.24,,,0.010000001546554296
142.272,,,0.010000016226422834
142.304,,,0.01001876450976914
142.336,,,0.010349055133375844
142.368,,,0.010052967545965857
142.4,,,0.010006178555334078
142.432,,,0.010006178555334078
142.464,,,0.0100028158258111
142.496,,,0.010000005216229449
142.528,,,0.010000016226422836
142.56,,,0.010000516719604524
142.592,,,0.010000516719604524
142.624,,,0.010000078102280324
142.656,,,0.010001232964986118
142.688,,,0.01000032860450166
142.72,,,0.01000020633903134
142.752,,,0.010000001546554295
142.784,269.2917795270241,49.99999999999929,0.010006178555334078
142.816,275.58617649730814,-10.000000000000853,0.20650679911775224
142.848,275.58617649730814,-10.000000000000853,0.4849868077159112
142.88,275.58617649730814,-10.000000000000853,0.6860828109301791
142.912,277.1826309768721,-1.4210854715202004e-12,0.8911444948731201
142.944,277.1826309768721,-1.4210854715202004e-12,0.4849868077159113
142.976,275.58617649730814,-10.000000000000853,0.20650679911775227
143.008,273.99891691894106,-20.000000000000284,0.03010686179419501
143.04,261.6255653005986,0.0,0.011085791888943373
143.072,293.6647679174075,-7.105427357601002e-13,0.06608151270920701
143.104,295.3659506116579,9.999999999998721,0.48498680771591124
143.136,295.3659506116579,9.999999999998721,0.5485250542599845
143.168,295.3659506116579,9.999999999998721,0.6159498854580681
143.2,297.0769881570017,19.999999999998153,0.10857977072874499
143.232,331.5370699244067,9.999999999999432,0.10857977072874497
143.264,329.6275569128699,-1.4210854715202004e-12,0.3233360583906408
143.296,329.6275569128699,-1.4210854715202004e-12,0.3721358982975087
143.328,331.5370699244067,9.999999999999432,0.3233360583906408
143.36,325.8414615030442,-20.000000000000284,0.07797523762294818
143.392,333.4576446322876,19.999999999998863,0.32333605839064083
143.424,333.4576446322876,19.999999999998863,0.48498680771591124
143.456,333.4576446322876,19.999999999998863,0.7571601330199094
143.488,331.5370699244067,9.999999999999432,0.6860828109301792
143.52,331.5370699244067,9.999999999999432,0.615949885458068
143.552,331.5370699244067,9.999999999999432,0.20650679911775227
143.584,335.38934511626763,29.999999999998295,0.016467587593113005
143.616,345.2170030745703,-19.999999999998863,0.04768699308253104
143.648,345.2170030745703,-19.999999999998863,0.020317628556360583
143.68,345.2170030745703,-19.999999999998863,0.011422334250708979
143.712,333.4576446322876,19.999999999998863,0.026168028608935755
143.744,331.5370699244067,9.999999999999432,0.04768699308253104
143.776,,,0.016467587593113005
143.808,,,0.010018764509769141
143.84,,,0.010000802780927255
143.872,,,0.011085791888943373
143.904,97.99885899543732,0.0,0.03010686179419501
143.936,98.56656061031477,9.999999999999432,0.01508558729750434
143.968,98.56656061031477,9.999999999999432,0.022944219124638603
144.0,98.56656061031477,9.999999999999432,0.02616802860893576
144.032,98.56656061031477,9.999999999999432,0.03010686179419501
144.064,97.99885899543732,0.0,0.09203757081218099
144.096,97.43442710125966,-10.000000000000853,0.04069733156888105
144.128,97.43442710125966,-10.000000000000853,0.05607139544589263
144.16,97.43442710125966,-10.000000000000853,0.02031762855636058
144.192,96.87324609557632,-20.000000000000284,0.011422334250709073
144.224,95.20902171067573,49.99999999999929,0.01001876450976914
144.256,140.20166900511882,19.999999999999574,0.010013068846238975
144.288,122.05264192746294,-20.000000000000284,0.010073751764282884
144.32,130.05935646298627,-10.000000000000853,0.010073751764282886
144.352,114.5388367788287,-30.000000000001137,0.010824463728234163
144.384,130.05935646298627,-10.000000000000853,0.010000000047726025
144.416,122.75968568932456,-10.000000000000142,0.010000027850262288
144.448,123.47082531403102,-7.105427357601002e-13,0.010000000814014904
144.48,122.05264192746294,-20.000000000000284,0.010000005216229449
144.512,106.86851352689663,50.0,0.01000012784523254
144.544,136.21039964151845,-30.000000000001137,0.010001873046012551
144.576,126.35681904967383,39.99999999999915,0.010259050559778863
144.608,124.18608452867443,9.999999999999432,0.010037765502929688
144.64,,,0.010009025493342986
144.672,,,0.010006178555334078
144.704,72.99334582862124,-10.000000000000142,0.010002815825811102
144.736,72.99334582862124,-10.000000000000142,0.010073751764282882
144.768,72.99334582862124,-10.000000000000142,0.010824463728234167
144.8,72.99334582862124,-10.000000000000142,0.03010686179419501
144.832,73.84148765291448,9.999999999999432,0.04768699308253104
144.864,73.84148765291448,9.999999999999432,0.03489742801962526
144.896,73.84148765291448,9.999999999999432,0.07797523762294818
144.928,73.84148765291448,9.999999999999432,0.07797523762294815
144.96,73.84148765291448,9.999999999999432,0.092037570812181
144.992,73.84148765291448,9.999999999999432,0.10857977072874495
145.024,80.0609250563203,49.99999999999929,0.01646758759311301
145.056,82.40688922821748,0.0,0.013100262550513395
145.088,82.40688922821748,0.0,0.013980210380185928
145.12,82.40688922821748,0.0,0.01398021038018593
145.152,82.40688922821748,0.0,0.01010197459374499
145.184,80.0609250563203,49.99999999999929,0.01001876450976914
145.216,70.91536696417685,39.99999999999915,0.01007375176428288
145.248,88.32151700497141,19.999999999998863,0.010622609040911533
145.28,87.81282249923147,9.999999999999432,0.010259050559778861
145.312,87.30705785825097,-7.105427357601002e-13,0.01818737573491218
145.344,87.30705785825097,-7.105427357601002e-13,0.03489742801962527
145.376,87.30705785825097,-7.105427357601002e-13,0.047686993082531035
145.408,87.30705785825097,-7.105427357601002e-13,0.010467533617069907
145.44,73.84148765291448,9.999999999999432,0.010002815825811102
145.472,73.4161919793519,-7.105427357601002e-13,0.010000027850262288
145.504,72.15494574405967,-30.000000000001137,0.010000516719604523
145.536,72.15494574405967,-30.000000000001137,0.010000328604501658
145.568,72.15494574405967,-30.000000000001137,0.010000516719604524
145.6,82.88426748110167,10.000000000000142,0.010009025493342982
145.632,82.88426748110167,10.000000000000142,0.01010197459374499
145.664,73.84148765291448,9.999999999999432,0.01001876450976914
145.696,73.84148765291448,9.999999999999432,0.01025905055977886
145.728,73.84148765291448,9.999999999999432,0.011422334250709074
145.76,73.4161919793519,-7.105427357601002e-13,0.013980210380185928
145.792,73.4161919793519,-7.105427357601002e-13,0.013980210380185928
145.824,73.4161919793519,-7.105427357601002e-13,0.020317628556360583
145.856,73.4161919793519,-7.105427357601002e-13,0.016467587593113005
145.888,73.84148765291448,9.999999999999432,0.018187375734912182
145.92,73.84148765291448,9.999999999999432,0.012403124793551348
145.952,82.40688922821748,0.0,0.010622609040911533
145.984,82.40688922821748,0.0,0.020317628556360583
146.016,82.40688922821748,0.0,0.04768699308253103
146.048,82.40688922821748,0.0,0.05607139544589261
146.08,82.40688922821748,0.0,0.07797523762294818
146.112,109.99999999999999,-1.4210854715202004e-12,0.07797523762294817
146.144,109.99999999999999,-1.4210854715202004e-12,0.10857977072874497
146.176,82.40688922821748,0.0,0.06608151270920701
146.208,66.16637698451642,20.000000000000284,0.01240312479355135
146.24,66.16637698451642,20.000000000000284,0.010622609040911536
146.272,66.54967490706109,29.999999999999716,0.010009025493342986
146.304,67.7129427339704,-40.00000000000057,0.010009025493342986
146.336,67.7129427339704,-40.00000000000057,0.010013068846238975
146.368,67.7129427339704,-40.00000000000057,0.010009025493342984
146.4,,,0.01000419105279527
146.432,,,0.010140046044704067
146.464,,,0.011422334250709074
146.496,,,0.011853505394683413
146.528,,,0.011422334250709074
146.56,,,0.010622609040911533
146.592,,,0.030106861794195014
146.624,,,0.02616802860893576
146.656,,,0.013100262550513397
146.688,,,0.010824463728234167
146.72,,,0.010191075496968311
146.752,,,0.010073751764282884
146.784,,,0.010013068846238975
146.816,,,0.010004191052795269
146.848,,,0.010026724673810772
146.88,,,0.01000123296498612
146.912,,,0.010000027850262288
146.944,,,0.01000032860450166
146.976,,,0.010000000000023851
147.008,65.40639132514966,0.0,0.01000032860450166
147.04,65.40639132514966,0.0,0.010000802780927255
147.072,65.40639132514966,0.0,0.01000419105279527
147.104,65.40639132514966,0.0,0.01000123296498612
147.136,66.54967490706109,29.999999999999716,0.01010197459374499
147.168,70.10083450255941,19.999999999999574,0.011853505394683413
147.2,74.26924703925044,19.999999999998863,0.05607139544589263
147.232,74.26924703925044,19.999999999998863,0.04768699308253104
147.264,74.26924703925044,19.999999999998863,0.05607139544589262
147.296,74.26924703925044,19.999999999998863,0.03010686179419501
147.328,74.26924703925044,19.999999999998863,0.013980210380185928
147.36,74.26924703925044,19.999999999998863,0.010052967545965857
147.392,98.56656061031477,9.999999999999432,0.010000016226422838
147.424,84.82159539743674,49.99999999999858,0.010000027850262286
147.456,74.69948441050268,29.999999999999716,0.01010197459374499
147.488,74.69948441050268,29.999999999999716,0.011422334250709074
147.52,74.69948441050268,29.999999999999716,0.03010686179419501
147.552,73.4161919793519,-7.105427357601002e-13,0.07797523762294818
147.584,72.99334582862124,-10.000000000000142,0.10857977072874499
147.616,72.99334582862124,-10.000000000000142,0.09203757081218102
147.648,73.4161919793519,-7.105427357601002e-13,0.24075439447557428
147.68,72.99334582862124,-10.000000000000142,0.3721358982975087
147.712,77.33375603922921,-10.000000000000853,0.03489742801962527
147.744,82.40688922821748,0.0,0.01003776550292969
147.776,87.30705785825097,-7.105427357601002e-13,0.010009025493342984
147.808,99.71184887709214,29.999999999999005,0.01010197459374499
147.84,,,0.010000009287486629
147.872,,,0.010000000208892744
147.904,78.23233100085048,9.999999999999432,0.010000127845232543
147.936,77.78174593052022,-1.4210854715202004e-12,0.010009025493342986
147.968,77.78174593052022,-1.4210854715202004e-12,0.013100262550513395
148.0,77.33375603922921,-10.000000000000853,0.026168028608935752
148.032,70.10083450255941,19.999999999999574,0.03489742801962526
148.064,69.6970834057884,9.999999999999432,0.015085587297504335
148.096,69.6970834057884,9.999999999999432,0.010467533617069907
148.128,,,0.010000000021701592
148.16,,,0.010000802780927255
148.192,65.40639132514966,0.0,0.010000516719604524
148.224,65.40639132514966,0.0,0.010000127845232541
148.256,65.40639132514966,0.0,0.010006178555334078
148.288,65.40639132514966,0.0,0.01010197459374499
148.32,65.7852866955572,9.999999999999432,0.01000020633903134
148.352,70.10083450255941,19.999999999999574,0.010037765502929688
148.384,73.84148765291448,9.999999999999432,0.026168028608935755
148.416,74.26924703925044,19.999999999998863,0.05607139544589263
148.448,74.26924703925044,19.999999999998863,0.03489742801962526
148.48,74.26924703925044,19.999999999998863,0.030106861794195014
148.512,74.26924703925044,19.999999999998863,0.011853505394683415
148.544,74.26924703925044,19.999999999998863,0.010467533617069907
148.576,99.13755088719131,19.999999999999574,0.010004191052795269
148.608,98.56656061031477,9.999999999999432,0.010000000003996623
148.64,74.69948441050268,29.999999999999716,0.010000516719604524
148.672,74.69948441050268,29.999999999999716,0.010191075496968311
148.704,74.69948441050268,29.999999999999716,0.015085587297504336
148.736,74.26924703925044,19.999999999998863,0.026168028608935755
148.768,74.26924703925044,19.999999999998863,0.020317628556360583
148.8,74.26924703925044,19.999999999998863,0.026168028608935755
148.832,74.26924703925044,19.999999999998863,0.04069733156888105
148.864,74.26924703925044,19.999999999998863,0.12793708630129036
148.896,74.69948441050268,29.999999999999716,0.056071395445892624
148.928,85.3129619008554,-40.00000000000057,0.010000802780927253
148.96,98.56656061031477,9.999999999999432,0.010006178555334078
148.992,98.56656061031477,9.999999999999432,0.010140046044704067
149.024,,,0.010000078102280324
149.056,,,0.010000000021701592
149.088,65.40639132514966,0.0,0.010000000208892744
149.12,65.40639132514966,0.0,0.0100000470079773
149.152,65.40639132514966,0.0,0.0100028158258111
149.184,65.40639132514966,0.0,0.01001876450976914
149.216,65.40639132514966,0.0,0.010006178555334078
149.248,65.40639132514966,0.0,0.01000419105279527
149.28,65.40639132514966,0.0,0.010001873046012551
149.312,65.40639132514966,0.0,0.01000123296498612
149.344,65.40639132514966,0.0,0.010000000417925078
149.376,65.40639132514966,0.0,0.01000000000061386
149.408,65.40639132514966,0.0,0.010000016226422836
149.44,65.40639132514966,0.0,0.010000516719604524
149.472,65.40639132514966,0.0,0.010000127845232541
149.504,65.40639132514966,0.0,0.010000016226422836
149.536,70.10083450255941,19.999999999999574,0.010006178555334078
149.568,70.10083450255941,19.999999999999574,0.010052967545965859
149.6,69.29565774421802,0.0,0.012403124793551346
149.632,69.6970834057884,9.999999999999432,0.040697331568881064
149.664,69.6970834057884,9.999999999999432,0.05607139544589263
149.696,69.6970834057884,9.999999999999432,0.07797523762294817
149.728,70.10083450255941,19.999999999999574,0.15046460134333878
149.76,69.6970834057884,9.999999999999432,0.06608151270920701
149.792,,,0.010259050559778861
149.824,,,0.011853505394683413
149.856,,,0.01508558729750434
149.888,,,0.04069733156888106
149.92,,,0.05607139544589262
149.952,394.2662424412591,9.999999999999432,0.15046460134333883
149.984,394.2662424412591,9.999999999999432,0.2796051653363589
150.016,394.2662424412591,9.999999999999432,0.48498680771591135
150.048,394.2662424412591,9.999999999999432,0.5485250542599845
150.08,394.2662424412591,9.999999999999432,0.615949885458068
150.112,398.84739550836855,29.999999999998295,0.24075439447557426
150.144,415.30469757994507,0.0,0.056071395445892624
150.176,429.9503861110682,-40.00000000000057,0.17653060863289763
150.208,427.4740541075866,50.0,0.2065067991177523
150.24,415.30469757994507,0.0,0.07797523762294818
150.272,412.91271853530293,-9.999999999999432,0.1279370863012904
150.304,415.30469757994507,0.0,0.09203757081218102
150.336,425.01198472693204,39.99999999999915,0.06608151270920701
150.368,439.99999999999994,0.0,0.6860828109301793
150.4,442.5488940698555,9.999999999999432,0.8911444948731204
150.432,442.5488940698555,9.999999999999432,0.8266685594724996
150.464,437.4657864797208,-9.999999999999432,0.6159498854580681
150.496,427.4740541075866,50.0,0.066081512709207
150.528,,,0.010000802780927253
150.56,,,0.010009025493342986
150.592,,,0.010000078102280324
150.624,,,0.010000005216229449
150.656,,,0.010000802780927255
150.688,,,0.01002672467381077
150.72,65.40639132514966,0.0,0.0100000470079773
150.752,68.49972922973525,-20.000000000000284,0.010002815825811098
150.784,69.29565774421802,0.0,0.011085791888943375
150.816,70.10083450255941,19.999999999999574,0.013980210380185928
150.848,69.6970834057884,9.999999999999432,0.03010686179419501
150.88,69.6970834057884,9.999999999999432,0.01818737573491218
150.912,69.6970834057884,9.999999999999432,0.01240312479355135
150.944,69.6970834057884,9.999999999999432,0.011853505394683413
150.976,75.13221412149176,39.99999999999915,0.018187375734912182
151.008,82.40688922821748,0.0,0.010622609040911533
151.04,82.40688922821748,0.0,0.018187375734912182
151.072,82.88426748110167,10.000000000000142,0.020317628556360583
151.104,82.88426748110167,10.000000000000142,0.04069733156888104
151.136,,,0.010467533617069905
151.168,,,0.010018764509769138
151.2,,,0.012403124793551348
151.232,,,0.02616802860893576
151.264,295.3659506116579,9.999999999998721,0.09203757081218102
151.296,293.6647679174075,-7.105427357601002e-13,0.17653060863289752
151.328,293.6647679174075,-7.105427357601002e-13,0.2065067991177523
151.36,295.3659506116579,9.999999999998721,0.3233360583906408
151.392,295.3659506116579,9.999999999998721,0.37213589829750876
151.424,293.6647679174075,-7.105427357601002e-13,0.32333605839064083
151.456,293.6647679174075,-7.105427357601002e-13,0.2407543944755743
151.488,291.9733833144849,-10.000000000000142,0.24075439447557428
151.52,290.2917403700367,-20.000000000001705,0.10857977072874497
151.552,283.6614678567074,40.00000000000057,0.015085587297504338
151.584,278.7883336231537,10.000000000000142,0.013980210380185928
151.616,275.58617649730814,-10.000000000000853,0.01646758759311301
151.648,,,0.015085587297504338
151.68,,,0.011422334250709074
151.712,,,0.010001873046012551
151.744,,,0.010001873046012551
151.776,,,0.0100000000000754
151.808,65.40639132514966,0.0,0.01000020633903134
151.84,65.40639132514966,0.0,0.01000032860450166
151.872,65.40639132514966,0.0,0.010006178555334078
151.904,65.40639132514966,0.0,0.010000802780927255
151.936,65.40639132514966,0.0,0.010052967545965857
151.968,70.10083450255941,19.999999999999574,0.010140046044704067
152.0,73.84148765291448,9.999999999999432,0.022944219124638603
152.032,74.26924703925044,19.999999999998863,0.016467587593113005
152.064,74.26924703925044,19.999999999998863,0.0229442191246386
152.096,74.26924703925044,19.999999999998863,0.020317628556360583
152.128,74.26924703925044,19.999999999998863,0.022944219124638603
152.16,74.26924703925044,19.999999999998863,0.022944219124638593
152.192,84.82159539743674,49.99999999999858,0.01010197459374499
152.224,84.33305895682803,39.99999999999915,0.010013068846238973
152.256,74.26924703925044,19.999999999998863,0.010349055133375846
152.288,74.26924703925044,19.999999999998863,0.011853505394683415
152.32,74.26924703925044,19.999999999998863,0.020317628556360587
152.352,73.84148765291448,9.999999999999432,0.04768699308253104
152.384,72.99334582862124,-10.000000000000142,0.0779752376229482
152.416,72.99334582862124,-10.000000000000142,0.09203757081218103
152.448,77.33375603922921,-10.000000000000853,0.2407543944755743
152.48,77.33375603922921,-10.000000000000853,0.3233360583906408
152.512,77.33375603922921,-10.000000000000853,0.20650679911775227
152.544,77.78174593052022,-1.4210854715202004e-12,0.01646758759311301
152.576,77.78174593052022,-1.4210854715202004e-12,0.012403124793551348
152.608,78.23233100085048,9.999999999999432,0.010259050559778861
152.64,78.23233100085048,9.999999999999432,0.010018764509769141
152.672,78.23233100085048,9.999999999999432,0.010009025493342986
152.704,78.23233100085048,9.999999999999432,0.01010197459374499
152.736,78.23233100085048,9.999999999999432,0.010824463728234167
152.768,77.78174593052022,-1.4210854715202004e-12,0.018187375734912185
152.8,77.33375603922921,-10.000000000000853,0.04069733156888106
152.832,70.10083450255941,19.999999999999574,0.03489742801962526
152.864,69.6970834057884,9.999999999999432,0.013100262550513397
152.896,65.7852866955572,9.999999999999432,0.010259050559778864
152.928,65.7852866955572,9.999999999999432,0.010000001546554296
152.96,,,0.010000206339031342
152.992,65.40639132514966,0.0,0.01000032860450166
153.024,65.40639132514966,0.0,0.010000027850262286
153.056,65.40639132514966,0.0,0.010001873046012551
153.088,65.40639132514966,0.0,0.010013068846238975
153.12,65.40639132514966,0.0,0.01000032860450166
153.152,70.10083450255941,19.999999999999574,0.01000419105279527
153.184,70.10083450255941,19.999999999999574,0.015085587297504336
153.216,74.26924703925044,19.999999999998863,0.03010686179419501
153.248,74.26924703925044,19.999999999998863,0.04768699308253104
153.28,74.26924703925044,19.999999999998863,0.04069733156888105
153.312,74.26924703925044,19.999999999998863,0.013100262550513393
153.344,74.26924703925044,19.999999999998863,0.010622609040911531
153.376,84.82159539743674,49.99999999999858,0.010013068846238976
153.408,84.82159539743674,49.99999999999858,0.010000001546554298
153.44,78.68552628393921,20.000000000000284,0.01000617855533408
153.472,74.26924703925044,19.999999999998863,0.010622609040911531
153.504,74.26924703925044,19.999999999998863,0.022944219124638607
153.536,74.26924703925044,19.999999999998863,0.056071395445892624
153.568,74.26924703925044,19.999999999998863,0.05607139544589262
153.6,74.26924703925044,19.999999999998863,0.09203757081218102
153.632,74.26924703925044,19.999999999998863,0.15046460134333878
153.664,74.26924703925044,19.999999999998863,0.32333605839064083
153.696,74.26924703925044,19.999999999998863,0.20650679911775227
153.728,73.84148765291448,9.999999999999432,0.013100262550513393
153.76,78.68552628393921,20.000000000000284,0.010349055133375844
153.792,79.1413469005951,29.999999999999716,0.010101974593744992
153.824,88.32151700497141,19.999999999998863,0.010000802780927255
153.856,78.68552628393921,20.000000000000284,0.010000802780927253
153.888,65.40639132514966,0.0,0.010000005216229447
153.92,65.40639132514966,0.0,0.010000027850262284
153.952,65.40639132514966,0.0,0.01000123296498612
153.984,65.7852866955572,9.999999999999432,0.010000516719604523
154.016,65.7852866955572,9.999999999999432,0.01000032860450166
154.048,65.7852866955572,9.999999999999432,0.010000027850262284
154.08,65.7852866955572,9.999999999999432,0.010000127845232541
154.112,65.40639132514966,0.0,0.01000032860450166
154.144,65.40639132514966,0.0,0.010000001546554295
154.176,,,0.010000127845232541
154.208,,,0.01000187304601255
154.24,,,0.01000419105279527
154.272,73.84148765291448,9.999999999999432,0.010013068846238973
154.304,73.84148765291448,9.999999999999432,0.010824463728234169
154.336,73.4161919793519,-7.105427357601002e-13,0.010824463728234167
154.368,73.84148765291448,9.999999999999432,0.013980210380165097
154.4,73.84148765291448,9.999999999999432,0.040697317396744356
154.432,73.84148765291448,9.999999999999432,0.040697329061265705
154.464,73.84148765291448,9.999999999999432,0.09203757079322687
154.496,71.73936383710603,-40.00000000000057,0.056071395445892624
154.528,72.57293509250918,-20.000000000000284,0.03489742801962527
154.56,72.15494574405967,-30.000000000001137,0.020317628556360583
154.592,71.32617550580554,-50.0,0.013100262550513395
154.624,73.84148765291448,9.999999999999432,0.047686993082531035
154.656,73.4161919793519,-7.105427357601002e-13,0.10857977072874497
154.688,73.84148765291448,9.999999999999432,0.3721358982975087
154.72,73.84148765291448,9.999999999999432,0.3721358982975087
154.752,74.26924703925044,19.999999999998863,0.24075439447557428
154.784,75.5674506101949,50.0,0.07797523762294817
154.816,76.00520839822768,-40.00000000000057,0.020317628556360587
154.848,76.00520839822768,-40.00000000000057,0.026168028608935755
154.88,76.00520839822768,-40.00000000000057,0.04069733156888106
154.912,76.44550209132854,-30.000000000000426,0.010824463728234167
154.944,69.29565774421802,0.0,0.010052967545965857
154.976,70.50692450564009,29.999999999999005,0.010013068846238975
155.008,70.50692450564009,29.999999999999005,0.01001876450976914
155.04,70.50692450564009,29.999999999999005,0.020317628556360576
155.072,72.57293509250918,-20.000000000000284,0.010824463728234167
155.104,73.84148765291448,9.999999999999432,0.015085587297504338
155.136,73.84148765291448,9.999999999999432,0.026168028608935762
155.168,73.4161919793519,-7.105427357601002e-13,0.016467587593113005
155.2,73.84148765291448,9.999999999999432,0.047686993082531035
155.232,73.84148765291448,9.999999999999432,0.03010686179419501
155.264,74.26924703925044,19.999999999998863,0.04069733156888106
155.296,74.26924703925044,19.999999999998863,0.034897428019625275
155.328,73.84148765291448,9.999999999999432,0.020317628556360587
155.36,73.84148765291448,9.999999999999432,0.026168028608935755
155.392,73.84148765291448,9.999999999999432,0.013980210380185928
155.424,73.4161919793519,-7.105427357601002e-13,0.03489742801962526
155.456,73.4161919793519,-7.105427357601002e-13,0.056071395445892624
155.488,73.4161919793519,-7.105427357601002e-13,0.1504646013433388
155.52,73.4161919793519,-7.105427357601002e-13,0.013100262550513395
155.552,,,0.011422334250709074
155.584,,,0.010467533613579261
155.616,,,0.01108578938132777
155.648,,,0.010073749256667538
155.68,,,0.010001873045818732
155.712,,,0.01000123296498007
155.744,,,0.01010197459374499
155.776,,,0.012403124793551346
155.808,,,0.013100262550513397
155.84,,,0.010026724673810772
155.872,,,0.010140046044704072
155.904,291.9733833144849,-10.000000000000142,0.011422334250709074
155.936,291.9733833144849,-10.000000000000142,0.02031762855636058
155.968,295.3659506116579,9.999999999998721,0.047686993082510204
156.0,295.3659506116579,9.999999999998721,0.09203757077049718
156.032,295.3659506116579,9.999999999998721,0.0560713940951341
156.064,295.3659506116579,9.999999999998721,0.06608149853707031
156.096,295.3659506116579,9.999999999998721,0.011421633102445738
156.128,291.9733833144849,-10.000000000000142,0.010004191052793638
156.16,295.3659506116579,9.999999999998721,0.022944217773880084
156.192,295.3659506116579,9.999999999998721,0.10857976617289694
156.224,295.3659506116579,9.999999999998721,0.1765306005212188
156.256,295.3659506116579,9.999999999998721,0.07797519656624174
156.288,295.3659506116579,9.999999999998721,0.02616802860893576
156.32,293.6647679174075,-7.105427357601002e-13,0.05607139544589263
156.352,293.6647679174075,-7.105427357601002e-13,0.17653060863289757
156.384,293.6647679174075,-7.105427357601002e-13,0.42606232904328156
156.416,293.6647679174075,-7.105427357601002e-13,0.5485250542599845
156.448,293.6647679174075,-7.105427357601002e-13,0.24075439447557426
156.48,293.6647679174075,-7.105427357601002e-13,0.0779752376229482
156.512,293.6647679174075,-7.105427357601002e-13,0.011085791888943375
156.544,,,0.010006178555334078
156.576,,,0.01000032860450166
156.608,,,0.010000516719604523
156.64,,,0.010013068846238973
156.672,,,0.01000419105279527
156.704,70.91536696417685,39.99999999999915,0.010006178555334077
156.736,70.91536696417685,39.99999999999915,0.010052967545965857
156.768,71.32617550580554,-50.0,0.010622609040911534
156.8,73.84148765291448,9.999999999999432,0.016467587593113005
156.832,73.84148765291448,9.999999999999432,0.018187375734912182
156.864,73.84148765291448,9.999999999999432,0.04768699308253105
156.896,73.84148765291448,9.999999999999432,0.07797523762294818
156.928,73.4161919793519,-7.105427357601002e-13,0.06608151270920701
156.96,73.4161919793519,-7.105427357601002e-13,0.17653060863289757
156.992,73.4161919793519,-7.105427357601002e-13,0.12793708630129033
157.024,72.99334582862124,-10.000000000000142,0.034897428019625254
157.056,73.4161919793519,-7.105427357601002e-13,0.022944219124638603
157.088,73.4161919793519,-7.105427357601002e-13,0.02031762855636058
157.12,72.99334582862124,-10.000000000000142,0.01508558729750434
157.152,72.99334582862124,-10.000000000000142,0.01398021038018593
157.184,72.57293509250918,-20.000000000000284,0.012403124793551346
157.216,70.10083450255941,19.999999999999574,0.010140046044704072
157.248,72.57293509250918,-20.000000000000284,0.010191075496968311
157.28,85.80717486147108,-29.999999999999716,0.010140046044704068
157.312,117.21605517913326,9.999999999999432,0.010000000814014906
157.344,108.73654223881857,-20.000000000000284,0.012403124793551348
157.376,108.1102658399776,-30.000000000000426,0.030106861794195007
157.408,106.252996181733,39.99999999999915,0.026168028608935755
157.44,113.87914162255151,-40.00000000000057,0.010259050559778861
157.472,121.34967043801211,-29.999999999999716,0.01646758759311301
157.504,123.47082531403102,-7.105427357601002e-13,0.012403124793551348
157.536,123.47082531403102,-7.105427357601002e-13,0.012403124793551348
157.568,124.18608452867443,9.999999999999432,0.010467533617069905
157.6,146.8323839587038,-7.105427357601002e-13,0.01010197459374499
157.632,136.9994584594705,-20.000000000000284,0.010259050559778864
157.664,137.79308824865404,-10.000000000000853,0.010191075496968311
157.696,146.8323839587038,-7.105427357601002e-13,0.010824463728234169
157.728,146.8323839587038,-7.105427357601002e-13,0.010259050559778861
157.76,137.79308824865404,-10.000000000000853,0.010349055133375844
157.792,136.21039964151845,-30.000000000001137,0.010073751764282884
157.824,127.82501456536235,-40.00000000000057,0.010004191052795269
157.856,115.20235351026894,-20.000000000000284,0.010259050559778861
157.888,115.20235351026894,-20.000000000000284,0.01000419105279527
157.92,,,0.010000027850262286
157.952,,,0.01000012784523254
157.984,,,0.010013068846238975
158.016,,,0.010191075496968311
158.048,,,0.010002815825811102
158.08,,,0.010013068846238975
158.112,,,0.010824463728234167
158.144,,,0.030106861794195007
158.176,,,0.07797523762294818
158.208,,,0.010052967545965859
158.24,85.3129619008554,-40.00000000000057,0.01000123296498612
158.272,74.69948441050268,29.999999999999716,0.010622609040911534
158.304,74.26924703925044,19.999999999998863,0.02031762855636058
158.336,75.5674506101949,50.0,0.12793708630129036
158.368,76.00520839822768,-40.00000000000057,0.12793708630129036
158.4,73.84148765291448,9.999999999999432,0.09203757081218103
158.432,73.4161919793519,-7.105427357601002e-13,0.09203757081218102
158.464,73.4161919793519,-7.105427357601002e-13,0.1504646013433388
158.496,73.4161919793519,-7.105427357601002e-13,0.12793708630129036
158.528,97.99885899543732,0.0,0.011853505394683413
158.56,97.99885899543732,0.0,0.015085587297504338
158.592,106.86851352689663,50.0,0.06608151270920702
158.624,106.252996181733,39.99999999999915,0.015085587297504336
158.656,118.57804013471404,29.999999999999005,0.010259050559778863
158.688,119.95585059317834,50.0,0.011085791888943373
158.72,121.34967043801211,-29.999999999999716,0.010259050559778863
158.752,124.18608452867443,9.999999999999432,0.010259050559778863
158.784,145.14587018501834,-20.000000000000284,0.010073751764282884
158.816,145.9866916572425,-10.000000000000142,0.013980210380185926
158.848,147.68297530582896,9.999999999999432,0.0229442191246386
158.88,147.68297530582896,9.999999999999432,0.015085587297504336
158.912,147.68297530582896,9.999999999999432,0.010622609040911533
158.944,117.89508087899223,19.999999999999574,0.010001873046012551
158.976,118.57804013471404,29.999999999999005,0.01000020633903134
159.008,,,0.010000009287486629
159.04,,,0.01000020633903134
159.072,74.26924703925044,19.999999999998863,0.010013068846238973
159.104,74.26924703925044,19.999999999998863,0.010073751764282882
159.136,82.40688922821748,0.0,0.010026724673810768
159.168,66.16637698451642,20.000000000000284,0.010824463728234169
159.2,82.40688922821748,0.0,0.013980210380185928
159.232,82.40688922821748,0.0,0.026168028608935755
159.264,80.9911881955289,-30.000000000001137,0.011422334250709073
159.296,74.69948441050268,29.999999999999716,0.01019107549696831
159.328,74.26924703925044,19.999999999998863,0.012403124793551346
159.36,74.26924703925044,19.999999999998863,0.047686993082531035
159.392,73.84148765291448,9.999999999999432,0.12793708630129036
159.424,73.84148765291448,9.999999999999432,0.09203757081218097
159.456,73.84148765291448,9.999999999999432,0.07797523762294818
159.488,74.26924703925044,19.999999999998863,0.09203757081218103
159.52,75.13221412149176,39.99999999999915,0.05607139544589261
159.552,75.5674506101949,50.0,0.047686993082531035
159.584,72.99334582862124,-10.000000000000142,0.020317628556360583
159.616,72.99334582862124,-10.000000000000142,0.026168028608935752
159.648,72.99334582862124,-10.000000000000142,0.06608151270920704
159.68,72.99334582862124,-10.000000000000142,0.10857977072874496
159.712,73.84148765291448,9.999999999999432,0.010259050559778864
159.744,105.03257643014581,19.999999999998863,0.010191075496968311
159.776,103.82617439498627,-7.105427357601002e-13,0.01646758759311301
159.808,105.03257643014581,19.999999999998863,0.018187375734912182
159.84,113.87914162255151,-40.00000000000057,0.01001876450976914
159.872,121.34967043801211,-29.999999999999716,0.010259050559778863
159.904,124.90548719779652,19.999999999998863,0.010622609040911533
159.936,125.62905732418486,29.999999999999716,0.011085791888943373
159.968,125.62905732418486,29.999999999999716,0.010259050559778863
160.0,146.8323839587038,-7.105427357601002e-13,0.010259050559778863
160.032,145.9866916572425,-10.000000000000142,0.011422334250709074
160.064,145.9866916572425,-10.000000000000142,0.012403124793551348
160.096,145.9866916572425,-10.000000000000142,0.01646758759311301
160.128,145.9866916572425,-10.000000000000142,0.011422334250709074
160.16,,,0.01001876450976914
160.192,,,0.010824463728234167
160.224,,,0.010467533617069905
160.256,295.3659506116579,9.999999999998721,0.012403124793551348
160.288,295.3659506116579,9.999999999998721,0.011853505394683413
160.32,297.0769881570017,19.999999999998153,0.010013068846238976
160.352,331.5370699244067,9.999999999999432,0.013100262550513395
160.384,331.5370699244067,9.999999999999432,0.047686993082531035
160.416,331.5370699244067,9.999999999999432,0.10857977072874497
160.448,327.72904188699454,-10.000000000000853,0.030106861794195014
160.48,295.3659506116579,9.999999999998721,0.030106861794195007
160.512,297.0769881570017,19.999999999998153,0.09203757081218103
160.544,297.0769881570017,19.999999999998153,0.20650679911775227
160.576,297.0769881570017,19.999999999998153,0.24075439447557426
160.608,298.79793764201077,29.999999999999716,0.010622609040911534
160.64,,,0.010000078102280324
160.672,,,0.010000001546554295
160.704,,,0.010000016226422834
160.736,,,0.010000000208892744
160.768,,,0.010000000417925075
160.8,,,0.010001873046012551
160.832,72.99334582862124,-10.000000000000142,0.010191075496968311
160.864,73.4161919793519,-7.105427357601002e-13,0.04768699308253104
160.896,72.99334582862124,-10.000000000000142,0.010000206339031339
160.928,95.76056196257365,-40.00000000000057,0.01000000928748663
160.96,97.99885899543732,0.0,0.010073751764282884
160.992,98.56656061031477,9.999999999999432,0.011085791888943373
161.024,98.56656061031477,9.999999999999432,0.010824463728234169
161.056,120.65074776640884,-40.00000000000057,0.01000123296498612
161.088,120.65074776640884,-40.00000000000057,0.010191075496968313
161.12,119.95585059317834,50.0,0.010259050559778861
161.152,119.95585059317834,50.0,0.020317628556360587
161.184,119.26495573315601,39.99999999999915,0.010349055133375843
161.216,147.68297530582896,9.999999999999432,0.011853505394683413
161.248,146.8323839587038,-7.105427357601002e-13,0.011085791888943373
161.28,146.8323839587038,-7.105427357601002e-13,0.010467533617069905
161.312,146.8323839587038,-7.105427357601002e-13,0.010191075496968311
161.344,131.5705733911144,9.999999999999432,0.01010197459374499
161.376,127.08879665595002,-50.0,0.01001876450976914
161.408,,,0.010000802780927255
161.44,,,0.01001876450976914
161.472,65.7852866955572,9.999999999999432,0.010037765502929686
161.504,65.7852866955572,9.999999999999432,0.010467533617069901
161.536,70.10083450255941,19.999999999999574,0.010349055133375841
161.568,70.91536696417685,39.99999999999915,0.01646758759311301
161.6,72.15494574405967,-30.000000000001137,0.07797523762294818
161.632,74.69948441050268,29.999999999999716,0.03489742801962526
161.664,76.00520839822768,-40.00000000000057,0.010824463728234165
161.696,70.50692450564009,29.999999999999005,0.010467533617069907
161.728,70.10083450255941,19.999999999999574,0.013100262550513397
161.76,70.50692450564009,29.999999999999005,0.030106861794195014
161.792,70.50692450564009,29.999999999999005,0.1504646013433388
161.824,70.91536696417685,39.99999999999915,0.04768699308253104
161.856,71.32617550580554,-50.0,0.016467587593113005
161.888,71.32617550580554,-50.0,0.015085587297504338
161.92,70.91536696417685,39.99999999999915,0.011422334250709073
161.952,,,0.010824463728234169
161.984,,,0.01398021038018593
162.016,,,0.010073751764282884
162.048,,,0.010349055133375846
162.08,,,0.026168028608935755
162.112,,,0.010467533617069905
162.144,,,0.010191075496968311
162.176,,,0.015085587297504338
162.208,,,0.10857977072874497
162.24,,,0.011422334250709076
162.272,,,0.010000000021165288
162.304,331.5370699244067,9.999999999999432,0.015085587297504338
162.336,331.5370699244067,9.999999999999432,0.12793708630129033
162.368,329.6275569128699,-1.4210854715202004e-12,0.37213589829750865
162.4,329.6275569128699,-1.4210854715202004e-12,0.6860828109301794
162.432,329.6275569128699,-1.4210854715202004e-12,0.7571601330199094
162.464,329.6275569128699,-1.4210854715202004e-12,0.6860828109301794
162.496,329.6275569128699,-1.4210854715202004e-12,0.6860828109301793
162.528,327.72904188699454,-10.000000000000853,0.6860828109301793
162.56,329.6275569128699,-1.4210854715202004e-12,0.24075439447557434
162.592,333.4576446322876,19.999999999998863,0.10857977072874497
162.624,331.5370699244067,9.999999999999432,0.04768699308253104
162.656,329.6275569128699,-1.4210854715202004e-12,0.011853505394683411
162.688,325.8414615030442,-20.000000000000284,0.010013068846238975
162.72,,,0.01000419105279527
162.752,,,0.01001876450976914
162.784,,,0.010622609040911533
162.816,,,0.013100262550513395
162.848,115.86971395503193,-10.000000000000853,0.013100262550513393
162.88,97.99885899543732,0.0,0.010052967545965855
162.912,98.56656061031477,9.999999999999432,0.010349055133375844
162.944,98.56656061031477,9.999999999999432,0.010191075496968311
162.976,98.56656061031477,9.999999999999432,0.011853505394683411
163.008,110.63722351746388,9.999999999999432,0.010018764509769138
163.04,118.57804013471404,29.999999999999005,0.010001873046012551
163.072,146.8323839587038,-7.105427357601002e-13,0.010349055133375844
163.104,146.8323839587038,-7.105427357601002e-13,0.016467587593113002
163.136,146.8323839587038,-7.105427357601002e-13,0.07797523762294817
163.168,146.8323839587038,-7.105427357601002e-13,0.17653060863289763
163.2,145.9866916572425,-10.000000000000142,0.07797523762294817
163.232,145.9866916572425,-10.000000000000142,0.011085791888943375
163.264,146.8323839587038,-7.105427357601002e-13,0.010000127845232541
163.296,101.45478129445331,-40.00000000000057,0.010000000003996623
163.328,97.43442710125966,-10.000000000000853,0.010000000009505966
163.36,,,0.010000000208892745
163.392,,,0.010000000101429396
163.424,,,0.010000005216229449
163.456,,,0.010000027850262286
163.488,,,0.010073751764282884
163.52,,,0.010467533617069907
163.552,,,0.013980210380185928
163.584,,,0.06608151270920702
163.616,,,0.04768699308253103
163.648,,,0.056071395445892624
163.68,,,0.0229442191246386
163.712,,,0.011422334250709073
163.744,,,0.010001873046012551
163.776,,,0.010000016226422836
163.808,65.40639132514966,0.0,0.010000127845232541
163.84,65.40639132514966,0.0,0.01000020633903134
163.872,65.40639132514966,0.0,0.010000127845232541
163.904,67.7129427339704,-40.00000000000057,0.0100000470079773
163.936,68.10519982075922,-30.000000000001137,0.01002672467381077
163.968,73.4161919793519,-7.105427357601002e-13,0.01010197459374499
164.0,72.99334582862124,-10.000000000000142,0.020317628556360576
164.032,72.99334582862124,-10.000000000000142,0.013100262550513395
164.064,74.26924703925044,19.999999999998863,0.010073751764282882
164.096,82.40688922821748,0.0,0.010259050559778863
164.128,82.40688922821748,0.0,0.010824463728234169
164.16,82.40688922821748,0.0,0.02031762855636058
164.192,82.40688922821748,0.0,0.022944219124638603
164.224,82.40688922821748,0.0,0.010191075496968313
164.256,87.30705785825097,-7.105427357601002e-13,0.010191075496968313
164.288,87.81282249923147,9.999999999999432,0.013100262550513397
164.32,87.81282249923147,9.999999999999432,0.02031762855636058
164.352,70.10083450255941,19.999999999999574,0.016467587593113002
164.384,70.10083450255941,19.999999999999574,0.010259050559778864
164.416,69.6970834057884,9.999999999999432,0.01000617855533408
164.448,,,0.010000516719604526
164.48,,,0.010000802780927255
164.512,,,0.011853505394683413
164.544,,,0.010467533617069905
164.576,,,0.01001876450976914
164.608,201.74088950502764,49.99999999999858,0.010259050559778863
164.64,199.42369775418427,29.999999999999005,0.01001876450976914
164.672,278.7883336231537,10.000000000000142,0.010037765502929688
164.704,291.9733833144849,-10.000000000000142,0.010467533617069905
164.736,291.9733833144849,-10.000000000000142,0.01508558729750434
164.768,293.6647679174075,-7.105427357601002e-13,0.37213589829750865
164.8,295.3659506116579,9.999999999998721,0.3721358982975087
164.832,295.3659506116579,9.999999999998721,0.615949885458068
164.864,295.3659506116579,9.999999999998721,0.6860828109301791
164.896,295.3659506116579,9.999999999998721,0.7571601330199094
164.928,295.3659506116579,9.999999999998721,0.615949885458068
164.96,290.2917403700367,-20.000000000001705,0.010824463728234167
164.992,291.9733833144849,-10.000000000000142,0.04768699308253103
165.024,293.6647679174075,-7.105427357601002e-13,0.2407543944755743
165.056,295.3659506116579,9.999999999998721,0.42606232904328145
165.088,295.3659506116579,9.999999999998721,0.6159498854580678
165.12,293.6647679174075,-7.105427357601002e-13,0.6860828109301792
165.152,295.3659506116579,9.999999999998721,0.48498680771591124
165.184,295.3659506116579,9.999999999998721,0.3721358982975087
165.216,295.3659506116579,9.999999999998721,0.07797523762294818
165.248,295.3659506116579,9.999999999998721,0.010052967545965857
165.28,329.6275569128699,-1.4210854715202004e-12,0.011085791888943373
165.312,329.6275569128699,-1.4210854715202004e-12,0.022944219124638603
165.344,329.6275569128699,-1.4210854715202004e-12,0.10857977072874496
165.376,329.6275569128699,-1.4210854715202004e-12,0.48498680771591124
165.408,329.6275569128699,-1.4210854715202004e-12,0.42606232904187874
165.44,327.72904188699454,-10.000000000000853,0.4260623290432605
165.472,329.6275569128699,-1.4210854715202004e-12,0.20650679911775227
165.504,,,0.011422334250709076
165.536,,,0.011085791888943371
165.568,,,0.010467533617069901
165.6,,,0.010018764509769136
165.632,,,0.010000516719604523
165.664,,,0.010000078102279937
165.696,,,0.010000027850260653
165.728,,,0.010000047007977204
165.76,,,0.010000516719604524
165.792,,,0.010001873046012551
165.824,,,0.010000000009505967
165.856,,,0.010000000101429396
165.888,,,0.010000000009505966
165.92,,,0.010000000101429395
165.952,,,0.0100000470079773
165.984,,,0.010009025493322153
166.016,,,0.047686993082531035
166.048,,,0.24075439447557426
166.08,,,0.24075439447557428
166.112,,,0.01646758759311301
166.144,,,0.010013068846238975
166.176,65.40639132514966,0.0,0.010000002871100368
166.208,65.40639132514966,0.0,0.010000001546554296
166.24,65.40639132514966,0.0,0.01000032860450166
166.272,65.40639132514966,0.0,0.0100000470079773
166.304,65.40639132514966,0.0,0.010000802780927255
166.336,65.40639132514966,0.0,0.010000000417925075
166.368,71.32617550580554,-50.0,0.0100028158258111
166.4,71.73936383710603,-40.00000000000057,0.010622609040911533
166.432,71.73936383710603,-40.00000000000057,0.011422334250709078
166.464,72.15494574405967,-30.000000000001137,0.011422334250709073
166.496,75.5674506101949,50.0,0.010467533617069905
166.528,76.00520839822768,-40.00000000000057,0.010622609040911533
166.56,76.00520839822768,-40.00000000000057,0.012403124793551348
166.592,73.4161919793519,-7.105427357601002e-13,0.026168028608935755
166.624,74.26924703925044,19.999999999998863,0.015085587297504338
166.656,74.26924703925044,19.999999999998863,0.013980210380185928
166.688,73.4161919793519,-7.105427357601002e-13,0.013100262550513395
166.72,73.4161919793519,-7.105427357601002e-13,0.022944219124638603
166.752,73.84148765291448,9.999999999999432,0.10857977072874497
166.784,73.84148765291448,9.999999999999432,0.10857977072874496
166.816,73.84148765291448,9.999999999999432,0.022944219124638603
166.848,,,0.010349055133375844
166.88,,,0.010000016226422836
166.912,,,0.010000000000001869
166.944,,,0.01000020633903134
166.976,,,0.010191075496968311
167.008,349.2282314330038,0.0,0.01646758759311301
167.04,349.2282314330038,0.0,0.047686993082531035
167.072,349.2282314330038,0.0,0.37213589829750865
167.104,349.2282314330038,0.0,0.6159498854580681
167.136,351.2512899969259,9.999999999999432,0.37213589829750865
167.168,353.2860680198856,20.000000000000284,0.03489742801962526
167.2,387.49298438230534,-20.000000000000284,0.01010197459374499
167.232,391.9954359817493,0.0,0.022944219124638603
167.264,391.9954359817493,0.0,0.48498680771591124
167.296,391.9954359817493,0.0,0.6159498854580681
167.328,389.7377084050387,-10.000000000000853,0.2796051653363589
167.36,387.49298438230534,-20.000000000000284,0.37213589829750865
167.392,389.7377084050387,-10.000000000000853,0.615949885458068
167.424,389.7377084050387,-10.000000000000853,0.6860828109301792
167.456,391.9954359817493,0.0,0.8911444948731202
167.488,391.9954359817493,0.0,0.8911444948731202
167.52,391.9954359817493,0.0,0.8911444948731202
167.552,391.9954359817493,0.0,0.8911444948731202
167.584,389.7377084050387,-10.000000000000853,0.615949885458068
167.616,387.49298438230534,-20.000000000000284,0.20650679911775224
167.648,383.04224785029453,-40.00000000000057,0.05607139544589262
167.68,,,0.01019107549696831
167.712,,,0.010000802780927255
167.744,,,0.010009025493342986
167.776,145.9866916572425,-10.000000000000142,0.010000802780927253
167.808,130.05935646298627,-10.000000000000853,0.010000001546554296
167.84,130.8127826502993,0.0,0.010006178555334077
167.872,130.05935646298627,-10.000000000000853,0.010001873046012551
167.904,132.33275396903284,20.000000000000284,0.010037765502929688
167.936,130.05935646298627,-10.000000000000853,0.010073751764282884
167.968,129.31026969119694,-20.000000000000995,0.010259050559778863
168.0,129.31026969119694,-20.000000000000995,0.011853505394683413
168.032,128.565497341737,-30.000000000000426,0.010622609040911533
168.064,127.82501456536235,-40.00000000000057,0.015085587297504342
168.096,127.82501456536235,-40.00000000000057,0.011085791888943375
168.128,126.35681904967383,39.99999999999915,0.01508558729750434
168.16,120.65074776640884,-40.00000000000057,0.011853505394683413
168.192,120.65074776640884,-40.00000000000057,0.010073751764282882
168.224,115.86971395503193,-10.000000000000853,0.01000902549334299
168.256,121.34967043801211,-29.999999999999716,0.010000027850262286
168.288,,,0.01000032860450166
168.32,,,0.01002672467381077
168.352,,,0.010349055133375844
168.384,,,0.018187375734912185
168.416,,,0.015085587297504336
168.448,,,0.011853505394683411
168.48,,,0.011853505394683413
168.512,,,0.013100262550513393
168.544,,,0.010073751764282884
168.576,,,0.010001873046012551
168.608,65.40639132514966,0.0,0.01000032860450166
168.64,65.40639132514966,0.0,0.010006178555334078
168.672,65.40639132514966,0.0,0.010013068846238975
168.704,65.40639132514966,0.0,0.010073751764282884
168.736,65.40639132514966,0.0,0.010073751764282884
168.768,65.40639132514966,0.0,0.010349055133375841
168.8,65.40639132514966,0.0,0.011085791888943375
168.832,65.40639132514966,0.0,0.015085587297504336
168.864,65.40639132514966,0.0,0.04069733156888105
168.896,65.40639132514966,0.0,0.01818737573491218
168.928,65.40639132514966,0.0,0.018187375734912182
168.96,65.40639132514966,0.0,0.01818737573491218
168.992,65.40639132514966,0.0,0.018187375734912182
169.024,65.40639132514966,0.0,0.012403124793551348
169.056,65.40639132514966,0.0,0.013980210380185928
169.088,65.40639132514966,0.0,0.013100262550513395
169.12,65.40639132514966,0.0,0.011853505394683415
169.152,65.40639132514966,0.0,0.01003776550292969
169.184,69.6970834057884,9.999999999999432,0.010001873046012551
169.216,69.6970834057884,9.999999999999432,0.010001873046012551
169.248,,,0.01002672467381077
169.28,,,0.010259050559778863
169.312,,,0.010037765502929688
169.344,,,0.010013068846238976
169.376,,,0.026168028608935752
169.408,,,0.24075439447557428
169.44,,,0.01646758759311301
169.472,,,0.01240312479355135
169.504,,,0.010259050559778861
169.536,,,0.010191075496968311
169.568,,,0.010013068846238975
169.6,,,0.010004191052795269
169.632,,,0.01002672467381077
169.664,,,0.010006178555334078
169.696,,,0.01001876450976914
169.728,,,0.010001873046012551
169.76,,,0.01010197459374499
169.792,,,0.010009025493342986
169.824,,,0.010001232964986118
169.856,,,0.010000078102280324
169.888,,,0.010000078102280324
169.92,,,0.010101974593744992
169.952,,,0.010191075496968311
169.984,,,0.010622609040911533
170.016,,,0.011422334250709074
170.048,,,0.011853505394683413
170.08,,,0.015085587297504338
170.112,,,0.010622609040911533
170.144,70.10083450255941,19.999999999999574,0.010004191052795269
170.176,69.29565774421802,0.0,0.010026724673810768
170.208,69.29565774421802,0.0,0.01001876450976914
170.24,69.29565774421802,0.0,0.01000419105279527
170.272,68.89654412432702,-10.000000000000853,0.010001873046012551
170.304,66.93519325188251,39.99999999999986,0.010009025493342986
170.336,65.40639132514966,0.0,0.01000123296498612
170.368,67.7129427339704,-40.00000000000057,0.010000206339031339
170.4,71.32617550580554,-50.0,0.010000027850262286
170.432,,,0.010006178555334078
170.464,,,0.01240312479355135
170.496,,,0.0229442191246386
170.528,,,0.01001876450976914
170.56,,,0.010349055133375843
170.592,,,0.04069733156888105
170.624,,,0.010824463728234165
170.656,,,0.013980210380185928
170.688,,,0.015085587297504338
170.72,,,0.013100262550513395
170.752,,,0.011085791888943373
170.784,,,0.010000516719604523
170.816,,,0.01000020633903134
170.848,,,0.010000000208892744
170.88,,,0.01002672467381077
170.912,,,0.011422334250709073
170.944,,,0.0100028158258111
170.976,,,0.010000078102280326
171.008,,,0.010000001546554296
171.04,,,0.010000001546554296
171.072,,,0.010000000208892744
171.104,,,0.010000027850262286
171.136,,,0.0100028158258111
171.168,,,0.010006178555334075
171.2,,,0.010037765502929688
171.232,,,0.010013068846238975
171.264,66.93519325188251,39.99999999999986,0.0100000470079773
171.296,67.32294488175604,49.99999999999929,0.0100000470079773
171.328,69.29565774421802,0.0,0.0100028158258111
171.36,68.89654412432702,-10.000000000000853,0.010073751764282886
171.392,68.89654412432702,-10.000000000000853,0.01002672467381077
171.424,69.6970834057884,9.999999999999432,0.010037765502929688
171.456,70.10083450255941,19.999999999999574,0.010009025493342986
171.488,70.10083450255941,19.999999999999574,0.01000617855533408
171.52,70.10083450255941,19.999999999999574,0.010000127845232541
171.552,65.40639132514966,0.0,0.010009025493342986
171.584,65.40639132514966,0.0,0.01000123296498612
171.616,68.89654412432702,-10.000000000000853,0.010001873046012553
171.648,,,0.010191075496968311
171.68,,,0.0229442191246386
171.712,,,0.04768699308253103
171.744,,,0.022944219124638603
171.776,,,0.010467533617069903
171.808,,,0.0100028158258111
171.84,,,0.010006178555334078
171.872,,,0.01000000928748663
171.904,,,0.010013068846238975
171.936,,,0.01003776550292969
171.968,,,0.010101974593744989
172.0,,,0.010013068846238975
172.032,65.40639132514966,0.0,0.010013068846238975
172.064,65.40639132514966,0.0,0.01001876450976914
172.096,65.40639132514966,0.0,0.010026724673810768
172.128,65.7852866955572,9.999999999999432,0.010073751764282884
172.16,65.40639132514966,0.0,0.010006178555334078
172.192,66.16637698451642,20.000000000000284,0.01001876450976914
172.224,,,0.010824463728234165
172.256,,,0.022944219124638596
172.288,,,0.040697331568881064
172.32,,,0.03010686179419501
172.352,,,0.018187375734912182
172.384,,,0.010140046044703685
172.416,,,0.010026724673810768
172.448,,,0.010000078102280324
172.48,,,0.010000027850262286
172.512,,,0.010000206339031339
172.544,,,0.01000123296498612
172.576,,,0.01000012784523254
172.608,,,0.010000005216229447
172.64,,,0.01000032860450166
172.672,,,0.010052967545965857
172.704,,,0.011422334250709074
172.736,,,0.011422334250709074
172.768,,,0.012403124793551348
172.8,,,0.013100262550513395
172.832,,,0.010824463728234167
172.864,,,0.010467533617069905
172.896,,,0.010073751764282884
172.928,,,0.010052967545965857
172.96,,,0.01001876450976914
172.992,,,0.010000027850262288
173.024,,,0.010000000000006925
173.056,,,0.010000000000006925
173.088,,,0.010000000001606035
173.12,,,0.010000000208892744
173.152,,,0.01000020633903134
173.184,,,0.010000078102280326
173.216,,,0.0100028158258111
173.248,,,0.010006178555334078
173.28,,,0.01003776550292969
173.312,,,0.010140046044704068
173.344,,,0.010013068846238975
173.376,,,0.01000419105279527
173.408,,,0.010000127845232541
173.44,65.40639132514966,0.0,0.01000032860450166
173.472,71.73936383710603,-40.00000000000057,0.010000078102280326
173.504,72.99334582862124,-10.000000000000142,0.010101974593744989
173.536,72.99334582862124,-10.000000000000142,0.01002672467381077
173.568,71.73936383710603,-40.00000000000057,0.010140046044704068
173.6,71.32617550580554,-50.0,0.010622609040911533
173.632,77.78174593052022,-1.4210854715202004e-12,0.010622609040911533
173.664,72.57293509250918,-20.000000000000284,0.015085587297504338
173.696,73.84148765291448,9.999999999999432,0.01818737573491218
173.728,73.84148765291448,9.999999999999432,0.03489742801962526
173.76,73.84148765291448,9.999999999999432,0.0779752376229482
173.792,73.84148765291448,9.999999999999432,0.07797523762294818
173.824,79.59980805922079,39.99999999999986,0.012403124793551348
173.856,80.9911881955289,-30.000000000001137,0.011422334250709074
173.888,82.40688922821748,0.0,0.012403124793551346
173.92,82.40688922821748,0.0,0.013100262550513395
173.952,82.40688922821748,0.0,0.010191075496968311
173.984,70.10083450255941,19.999999999999574,0.01019107549696831
174.016,70.10083450255941,19.999999999999574,0.010824463728234163
174.048,87.30705785825097,-7.105427357601002e-13,0.012403124793551348
174.08,87.30705785825097,-7.105427357601002e-13,0.01646758759311301
174.112,69.6970834057884,9.999999999999432,0.020317628556360583
174.144,69.6970834057884,9.999999999999432,0.020317628556360587
174.176,69.6970834057884,9.999999999999432,0.020317628556360587
174.208,70.10083450255941,19.999999999999574,0.011422334250709074
174.24,70.10083450255941,19.999999999999574,0.010349055133375844
174.272,70.10083450255941,19.999999999999574,0.01000617855533408
174.304,71.73936383710603,-40.00000000000057,0.01001876450976914
174.336,71.73936383710603,-40.00000000000057,0.010009025493342986
174.368,76.00520839822768,-40.00000000000057,0.010006178555334077
174.4,76.88834637984607,-20.000000000000284,0.010073751764282882
174.432,70.10083450255941,19.999999999999574,0.010622609040911531
174.464,70.10083450255941,19.999999999999574,0.010259050559778864
174.496,73.84148765291448,9.999999999999432,0.010349055133375844
174.528,73.84148765291448,9.999999999999432,0.010037765502929686
174.56,65.40639132514966,0.0,0.010000001546554295
174.592,65.40639132514966,0.0,0.010000078102280326
174.624,65.40639132514966,0.0,0.01000012784523254
174.656,65.7852866955572,9.999999999999432,0.010001873046012551
174.688,74.26924703925044,19.999999999998863,0.010009025493342986
174.72,74.26924703925044,19.999999999998863,0.010101973377713317
174.752,74.26924703925044,19.999999999998863,0.010140046044704068
174.784,82.40688922821748,0.0,0.010349055133375843
174.816,82.40688922821748,0.0,0.016467587593113005
174.848,82.40688922821748,0.0,0.016467587593113005
174.88,82.40688922821748,0.0,0.012403124793551348
174.912,65.7852866955572,9.999999999999432,0.011853505394683413
174.944,65.7852866955572,9.999999999999432,0.015085587297504335
174.976,66.16637698451642,20.000000000000284,0.015085587297504336
175.008,66.16637698451642,20.000000000000284,0.010101974593744989
175.04,66.16637698451642,20.000000000000284,0.010052967545965857
175.072,,,0.010004191052795269
175.104,,,0.010018764509769141
175.136,,,0.010000516719604524
175.168,,,0.010000027850262284
175.2,,,0.010000002871100368
175.232,,,0.010000078102280324
175.264,,,0.01002672467381077
175.296,,,0.010037765502929688
175.328,,,0.010000802780927253
175.36,,,0.010052967545965857
175.392,,,0.010824463728234169
175.424,,,0.018187375734912182
175.456,,,0.010052967545965857
175.488,,,0.010824463728234167
175.52,,,0.010259050559778863
175.552,,,0.010052967545965857
175.584,,,0.010000001546554296
175.616,,,0.010000002871100368
175.648,,,0.01000000928748663
175.68,,,0.010000000814014906
175.712,,,0.010000001546554296
175.744,,,0.01000020633903134
175.776,,,0.010000000001606035
175.808,65.40639132514966,0.0,0.010000027850262286
175.84,65.40639132514966,0.0,0.01000032860450166
175.872,65.40639132514966,0.0,0.0100028158258111
175.904,65.40639132514966,0.0,0.010000516719604524
175.936,65.40639132514966,0.0,0.01001876450976914
175.968,70.10083450255941,19.999999999999574,0.01002672467381077
176.0,70.10083450255941,19.999999999999574,0.015085587297504338
176.032,70.50692450564009,29.999999999999005,0.010824463728234167
176.064,74.26924703925044,19.999999999998863,0.010622609040911536
176.096,74.26924703925044,19.999999999998863,0.011422334250709076
176.128,74.26924703925044,19.999999999998863,0.011853505394683411
176.16,74.26924703925044,19.999999999998863,0.010467533617069905
176.192,84.82159539743674,49.99999999999858,0.010009025493342984
176.224,85.3129619008554,-40.00000000000057,0.010001232964986118
176.256,74.69948441050268,29.999999999999716,0.010073751764282884
176.288,74.69948441050268,29.999999999999716,0.011085791888943375
176.32,74.69948441050268,29.999999999999716,0.018187375734912182
176.352,73.84148765291448,9.999999999999432,0.04069733156888106
176.384,72.99334582862124,-10.000000000000142,0.06608151270920701
176.416,72.99334582862124,-10.000000000000142,0.07797523762294818
176.448,77.33375603922921,-10.000000000000853,0.2065067991177523
176.48,77.33375603922921,-10.000000000000853,0.2796051653363588
176.512,77.33375603922921,-10.000000000000853,0.09203757081218102
176.544,77.78174593052022,-1.4210854715202004e-12,0.010622609040911534
176.576,87.30705785825097,-7.105427357601002e-13,0.010073751764282886
176.608,87.30705785825097,-7.105427357601002e-13,0.010018764509769141
176.64,73.84148765291448,9.999999999999432,0.010000516719604526
176.672,70.10083450255941,19.999999999999574,0.010000027850262284
176.704,74.26924703925044,19.999999999998863,0.010001232964986121
176.736,70.10083450255941,19.999999999999574,0.01002672467381077
176.768,77.33375603922921,-10.000000000000853,0.010824463728234167
176.8,70.10083450255941,19.999999999999574,0.011853505394683411
176.832,69.6970834057884,9.999999999999432,0.013100262550513397
176.864,69.6970834057884,9.999999999999432,0.011422334250709074
176.896,69.6970834057884,9.999999999999432,0.011085791888943375
176.928,72.99334582862124,-10.000000000000142,0.01002672467381077
176.96,66.16637698451642,20.000000000000284,0.010000000814014906
176.992,65.40639132514966,0.0,0.010000027850262286
177.024,65.40639132514966,0.0,0.010000078102280324
177.056,65.40639132514966,0.0,0.010000078102280324
177.088,65.40639132514966,0.0,0.010000027850262286
177.12,65.40639132514966,0.0,0.010000127845232541
177.152,65.7852866955572,9.999999999999432,0.01000000002170159
177.184,74.26924703925044,19.999999999998863,0.01001876450976914
177.216,74.26924703925044,19.999999999998863,0.010622609040911533
177.248,74.26924703925044,19.999999999998863,0.01010197459374499
177.28,79.1413469005951,29.999999999999716,0.010037765502929688
177.312,79.1413469005951,29.999999999999716,0.01001876450976914
177.344,79.1413469005951,29.999999999999716,0.010052967545965855
177.376,84.82159539743674,49.99999999999858,0.010140046044704068
177.408,84.82159539743674,49.99999999999858,0.010000001546554296
177.44,84.33305895682803,39.99999999999915,0.010000802780927256
177.472,74.69948441050268,29.999999999999716,0.01010197459374499
177.504,74.26924703925044,19.999999999998863,0.015085587297504338
177.536,74.26924703925044,19.999999999998863,0.030106861794195014
177.568,74.69948441050268,29.999999999999716,0.03010686179419501
177.6,78.23233100085048,9.999999999999432,0.06608151270920701
177.632,74.69948441050268,29.999999999999716,0.12793708630129036
177.664,74.26924703925044,19.999999999998863,0.2407543944755743
177.696,74.26924703925044,19.999999999998863,0.24075439447557426
177.728,74.26924703925044,19.999999999998863,0.012403124793551348
177.76,79.59980805922079,39.99999999999986,0.010140046044704068
177.792,84.82159539743674,49.99999999999858,0.010006178555334077
177.824,,,0.010000027850262286
177.856,,,0.010000000001606035
177.888,65.40639132514966,0.0,0.010000000047726023
177.92,65.40639132514966,0.0,0.01000000287110037
177.952,65.40639132514966,0.0,0.010000802780927255
177.984,65.40639132514966,0.0,0.010000516719604524
178.016,65.40639132514966,0.0,0.010000802780927255
178.048,65.40639132514966,0.0,0.010000078102280324
178.08,65.40639132514966,0.0,0.01000032860450166
178.112,65.40639132514966,0.0,0.01000020633903134
178.144,65.7852866955572,9.999999999999432,0.010000000814014904
178.176,,,0.010000005216229449
178.208,,,0.01000000928748663
178.24,,,0.010000127845232541
178.272,,,0.0100000470079773
178.304,,,0.010000016226422836
178.336,,,0.010000000208892742
178.368,,,0.010000127845232541
178.4,,,0.010004191052795272
178.432,,,0.010824463728234167
178.464,,,0.018187375734912182
178.496,,,0.0229442191246386
178.528,,,0.056071395445892624
178.56,,,0.016467587593113012
178.592,,,0.010013068846238975
178.624,,,0.010140046044704068
178.656,394.2662424412591,9.999999999999432,0.010824463728234167
178.688,394.2662424412591,9.999999999999432,0.04069733156888106
178.72,394.2662424412591,9.999999999999432,0.047686993082531035
178.752,394.2662424412591,9.999999999999432,0.10857977072874497
178.784,391.9954359817493,0.0,0.17653060863289763
178.816,391.9954359817493,0.0,0.37213589829750865
178.848,391.9954359817493,0.0,0.4260623290432814
178.88,394.2662424412591,9.999999999999432,0.42606232904328134
178.912,398.84739550836855,29.999999999998295,0.24075439447557428
178.944,403.4817790100553,-50.0,0.056071395445892624
178.976,427.4740541075866,50.0,0.09203757081218102
179.008,427.4740541075866,50.0,0.1765306086328976
179.04,417.71053321822836,9.999999999999432,0.0779752376229482
179.072,417.71053321822836,9.999999999999432,0.10857977072874499
179.104,417.71053321822836,9.999999999999432,0.06608151270920701
179.136,429.9503861110682,-40.00000000000057,0.03489742801962526
179.168,439.99999999999994,0.0,0.24075439447557428
179.2,442.5488940698555,9.999999999999432,0.5485250542599845
179.232,439.99999999999994,0.0,0.48498680771591135
179.264,437.4657864797208,-9.999999999999432,0.32333605839064083
179.296,432.44106335991046,-30.000000000001137,0.047686993082531035
179.328,,,0.010000005216229449
179.36,,,0.01000000928748663
179.392,,,0.010000328604501662
179.424,,,0.010000016226422836
179.456,,,0.010001873046012551
179.488,,,0.01001876450976914
179.52,70.10083450255941,19.999999999999574,0.010000078102280324
179.552,70.10083450255941,19.999999999999574,0.010004191052795269
179.584,70.10083450255941,19.999999999999574,0.011422334250709076
179.616,70.10083450255941,19.999999999999574,0.013100262550513395
179.648,70.10083450255941,19.999999999999574,0.03010686179419501
179.68,70.50692450564009,29.999999999999005,0.020317628556360583
179.712,70.50692450564009,29.999999999999005,0.013980210380185928
179.744,72.99334582862124,-10.000000000000142,0.015085587297504336
179.776,72.99334582862124,-10.000000000000142,0.012403124793551351
179.808,82.40688922821748,0.0,0.010824463728234169
179.84,82.40688922821748,0.0,0.011853505394683413
179.872,82.40688922821748,0.0,0.011422334250709074
179.904,82.88426748110167,10.000000000000142,0.01240312479355135
179.936,83.3644111580719,19.999999999999574,0.010000516719604524
179.968,97.43442710125966,-10.000000000000853,0.010000127845232541
180.0,,,0.010006178555334078
180.032,,,0.010259050559778864
180.064,,,0.012403124793551348
180.096,,,0.02616802860893576
180.128,97.99885899543732,0.0,0.03489742801962526
180.16,97.99885899543732,0.0,0.04069733156888104
180.192,97.99885899543732,0.0,0.056071395445892624
180.224,97.99885899543732,0.0,0.06608151270920702
180.256,97.99885899543732,0.0,0.09203757081218103
180.288,97.99885899543732,0.0,0.12793708630129033
180.32,97.99885899543732,0.0,0.056071395445892624
180.352,,,0.013100262550513395
180.384,,,0.011422334250709074
180.416,,,0.010622609040911533
180.448,,,0.010037765502929688
180.48,,,0.010009025493342986
180.512,,,0.010000027850262286
180.544,,,0.01002672467381077
180.576,,,0.0100000470079773
180.608,65.40639132514966,0.0,0.01000020633903134
180.64,65.40639132514966,0.0,0.010000078102280324
180.672,65.40639132514966,0.0,0.010001873046012551
180.704,65.40639132514966,0.0,0.0100028158258111
180.736,65.40639132514966,0.0,0.010001873046012551
180.768,70.10083450255941,19.999999999999574,0.01002672467381077
180.8,70.10083450255941,19.999999999999574,0.01646758759311301
180.832,70.50692450564009,29.999999999999005,0.010824463728234167
180.864,74.26924703925044,19.999999999998863,0.010824463728234167
180.896,73.84148765291448,9.999999999999432,0.010824463728234165
180.928,74.26924703925044,19.999999999998863,0.011085791888943375
180.96,74.26924703925044,19.999999999998863,0.012403124793551348
180.992,74.26924703925044,19.999999999998863,0.010052967545965855
181.024,74.69948441050268,29.999999999999716,0.010000078102280324
181.056,74.69948441050268,29.999999999999716,0.011085791888943373
181.088,74.26924703925044,19.999999999998863,0.018187375734912182
181.12,74.26924703925044,19.999999999998863,0.06608151270920701
181.152,73.84148765291448,9.999999999999432,0.15046460134333878
181.184,73.84148765291448,9.999999999999432,0.10857977072874497
181.216,72.99334582862124,-10.000000000000142,0.10857977072874499
181.248,72.99334582862124,-10.000000000000142,0.20650679911775224
181.28,77.33375603922921,-10.000000000000853,0.2796051653363588
181.312,77.33375603922921,-10.000000000000853,0.07797523762294817
181.344,77.33375603922921,-10.000000000000853,0.010073751764282884
181.376,87.30705785825097,-7.105427357601002e-13,0.010000516719604524
181.408,99.71184887709214,29.999999999999005,0.0100028158258111
181.44,116.54094037952247,0.0,0.010000001546554296
181.472,78.23233100085048,9.999999999999432,0.010000078102280324
181.504,78.23233100085048,9.999999999999432,0.01002672467381077
181.536,77.78174593052022,-1.4210854715202004e-12,0.010259050559778863
181.568,77.78174593052022,-1.4210854715202004e-12,0.02031762855636058
181.6,77.33375603922921,-10.000000000000853,0.02616802860893576
181.632,72.57293509250918,-20.000000000000284,0.030106861794195007
181.664,69.29565774421802,0.0,0.011422334250709074
181.696,65.7852866955572,9.999999999999432,0.010467533617069905
181.728,65.7852866955572,9.999999999999432,0.01000000521622945
181.76,,,0.010073751764282884
181.792,65.40639132514966,0.0,0.010000078102280324
181.824,65.40639132514966,0.0,0.010000078102280324
181.856,65.40639132514966,0.0,0.010000802780927255
181.888,65.40639132514966,0.0,0.01001876450976914
181.92,65.40639132514966,0.0,0.010000016226422836
181.952,65.7852866955572,9.999999999999432,0.01000123296498612
181.984,70.10083450255941,19.999999999999574,0.012403124793551348
182.016,74.26924703925044,19.999999999998863,0.02031762855636058
182.048,74.26924703925044,19.999999999998863,0.01646758759311301
182.08,74.26924703925044,19.999999999998863,0.013980210380185926
182.112,74.26924703925044,19.999999999998863,0.010824463728234167
182.144,74.26924703925044,19.999999999998863,0.01108579188894337
182.176,74.26924703925044,19.999999999998863,0.011085791888943371
182.208,74.26924703925044,19.999999999998863,0.01000000928748663
182.24,74.69948441050268,29.999999999999716,0.010018764509769138
182.272,74.26924703925044,19.999999999998863,0.011422334250709074
182.304,74.26924703925044,19.999999999998863,0.03010686179419501
182.336,74.26924703925044,19.999999999998863,0.10857977072874497
182.368,74.26924703925044,19.999999999998863,0.10857977072874497
182.4,74.26924703925044,19.999999999998863,0.17653060863289757
182.432,74.26924703925044,19.999999999998863,0.27960516533635893
182.464,74.26924703925044,19.999999999998863,0.48498680771591135
182.496,74.26924703925044,19.999999999998863,0.32333605839064083
182.528,74.26924703925044,19.999999999998863,0.020317628556360583
182.56,73.84148765291448,9.999999999999432,0.013100262550513395
182.592,73.84148765291448,9.999999999999432,0.010259050559778863
182.624,73.84148765291448,9.999999999999432,0.01002672467381077
182.656,74.26924703925044,19.999999999998863,0.010000328604501662
182.688,65.40639132514966,0.0,0.010000000417925077
182.72,65.40639132514966,0.0,0.01000000928748663
182.752,65.40639132514966,0.0,0.01000187304601255
182.784,65.40639132514966,0.0,0.01000123296498612
182.816,66.16637698451642,20.000000000000284,0.010000802780927255
182.848,66.16637698451642,20.000000000000284,0.01000020633903134
182.88,65.7852866955572,9.999999999999432,0.010000802780927255
182.912,65.7852866955572,9.999999999999432,0.010001873046012551
182.944,66.16637698451642,20.000000000000284,0.010000000814014908
182.976,65.40639132514966,0.0,0.01
183.008,65.40639132514966,0.0,0.01000020633903134
183.04,65.40639132514966,0.0,0.010000127845232541
183.072,65.40639132514966,0.0,0.010000802780927255
183.104,65.40639132514966,0.0,0.010004191052795269
183.136,69.29565774421802,0.0,0.010002815825811097
183.168,73.4161919793519,-7.105427357601002e-13,0.01062260904084568
183.2,73.4161919793519,-7.105427357601002e-13,0.012403124793550964
183.232,73.4161919793519,-7.105427357601002e-13,0.011422334250707442
183.264,72.99334582862124,-10.000000000000142,0.01398021038018593
183.296,72.57293509250918,-20.000000000000284,0.011085791888943375
183.328,71.73936383710603,-40.00000000000057,0.010467533617069907
183.36,72.15494574405967,-30.000000000001137,0.010259050559778863
183.392,72.15494574405967,-30.000000000001137,0.010009025493342988
183.424,72.57293509250918,-20.000000000000284,0.010013068846238973
183.456,72.99334582862124,-10.000000000000142,0.010013068846238976
183.488,72.99334582862124,-10.000000000000142,0.010052967545965857
183.52,73.84148765291448,9.999999999999432,0.01001876450976914
183.552,72.57293509250918,-20.000000000000284,0.01000002785026228
183.584,74.69948441050268,29.999999999999716,0.01000000928748663
183.616,75.13221412149176,39.99999999999915,0.010000016226422836
183.648,72.99334582862124,-10.000000000000142,0.010000516719604523
183.68,82.40688922821748,0.0,0.010000001546554296
183.712,85.3129619008554,-40.00000000000057,0.010000000047726025
183.744,,,0.01000000928748663
183.776,,,0.01000000928748663
183.808,,,0.010000802780927255
183.84,,,0.010000016226422834
183.872,78.23233100085048,9.999999999999432,0.01000020633903134
183.904,78.23233100085048,9.999999999999432,0.0100028158258111
183.936,74.26924703925044,19.999999999998863,0.01002672467381077
183.968,73.84148765291448,9.999999999999432,0.011422334250709073
184.0,73.84148765291448,9.999999999999432,0.013980210380185928
184.032,72.99334582862124,-10.000000000000142,0.012403124793551346
184.064,73.84148765291448,9.999999999999432,0.010026724673810772
184.096,65.40639132514966,0.0,0.010052967545965859
184.128,65.40639132514966,0.0,0.010001232964986118
184.16,75.5674506101949,50.0,0.010000005216229449
184.192,77.78174593052022,-1.4210854715202004e-12,0.0100000470079773
184.224,72.99334582862124,-10.000000000000142,0.010000001546554295
184.256,65.40639132514966,0.0,0.010000016226422834
184.288,65.40639132514966,0.0,0.01000020633903134
184.32,65.40639132514966,0.0,0.0100000470079773
184.352,73.4161919793519,-7.105427357601002e-13,0.010052967545965857
184.384,73.4161919793519,-7.105427357601002e-13,0.011422334068262424
184.416,73.84148765291448,9.999999999999432,0.011853464337976889
184.448,73.84148765291448,9.999999999999432,0.010026683617103764
184.48,68.89654412432702,-10.000000000000853,0.01000184872162922
184.512,83.3644111580719,19.999999999999574,0.010018763798809576
184.544,83.3644111580719,19.999999999999574,0.010073751764276837
184.576,80.9911881955289,-30.000000000001137,0.010191075496966679
184.608,73.84148765291448,9.999999999999432,0.01000419105279527
184.64,73.84148765291448,9.999999999999432,0.010001873046012551
184.672,73.4161919793519,-7.105427357601002e-13,0.010002815825811098
184.704,73.4161919793519,-7.105427357601002e-13,0.010026724673810768
184.736,73.4161919793519,-7.105427357601002e-13,0.010026724673810772
184.768,,,0.010191075496966679
184.8,,,0.010467533617069903
184.832,,,0.010259050559778864
184.864,,,0.011422334249306366
184.896,73.84148765291448,9.999999999999432,0.010004190964206959
184.928,96.87324609557632,-20.000000000000284,0.010000016226416789
184.96,97.43442710125966,-10.000000000000853,0.01014004353708678
184.992,97.43442710125966,-10.000000000000853,0.010259046003916705
185.024,97.43442710125966,-10.000000000000853,0.010009025474388844
185.056,76.00520839822768,-40.00000000000057,0.010000000101423346
185.088,65.40639132514966,0.0,0.010000000208892744
185.12,65.40639132514966,0.0,0.010000078102280326
185.152,65.40639132514966,0.0,0.010018764509769141
185.184,65.40639132514966,0.0,0.010073751764282884
185.216,65.40639132514966,0.0,0.010349055133375846
185.248,65.7852866955572,9.999999999999432,0.010191075496968311
185.28,65.40639132514966,0.0,0.010191075496968313
185.312,65.40639132514966,0.0,0.010101974593744989
185.344,65.40639132514966,0.0,0.01000000928748663
185.376,65.40639132514966,0.0,0.010000000101429395
185.408,65.40639132514966,0.0,0.010000027850262286
185.44,65.40639132514966,0.0,0.010000005216229449
185.472,65.40639132514966,0.0,0.0100000470079773
185.504,65.40639132514966,0.0,0.0100028158258111
185.536,69.29565774421802,0.0,0.01000123296498612
185.568,71.32617550580554,-50.0,0.011853505394683416
185.6,71.73936383710603,-40.00000000000057,0.020317628556360583
185.632,73.4161919793519,-7.105427357601002e-13,0.016467587593113005
185.664,73.4161919793519,-7.105427357601002e-13,0.016467587593113005
185.696,73.4161919793519,-7.105427357601002e-13,0.015085587297504336
185.728,73.84148765291448,9.999999999999432,0.013100262550513395
185.76,73.84148765291448,9.999999999999432,0.02031762855636058
185.792,73.84148765291448,9.999999999999432,0.013100262550513397
185.824,73.4161919793519,-7.105427357601002e-13,0.010191075496968308
185.856,73.4161919793519,-7.105427357601002e-13,0.010052967545965857
185.888,72.57293509250918,-20.000000000000284,0.01002672467381077
185.92,72.15494574405967,-30.000000000001137,0.010073751764282882
185.952,72.15494574405967,-30.000000000001137,0.010013068846238973
185.984,71.32617550580554,-50.0,0.01000419105279527
186.016,71.32617550580554,-50.0,0.01000032860450166
186.048,72.99334582862124,-10.000000000000142,0.010000328604501663
186.08,72.15494574405967,-30.000000000001137,0.010000078102280327
186.112,78.23233100085048,9.999999999999432,0.010000000000006925
186.144,,,0.010000802780927255
186.176,,,0.01002672467381077
186.208,,,0.010073751764282884
186.24,,,0.010000000021701592
186.272,79.1413469005951,29.999999999999716,0.010000516719604524
186.304,77.33375603922921,-10.000000000000853,0.010052967545965857
186.336,76.44550209132854,-30.000000000000426,0.010191075496968311
186.368,73.4161919793519,-7.105427357601002e-13,0.01240312479355135
186.4,73.4161919793519,-7.105427357601002e-13,0.020317628556360587
186.432,72.99334582862124,-10.000000000000142,0.016467587593113012
186.464,71.32617550580554,-50.0,0.010467533617069903
186.496,71.32617550580554,-50.0,0.010037765502929686
186.528,71.32617550580554,-50.0,0.010000328604501658
186.56,73.84148765291448,9.999999999999432,0.010000016226422832
186.592,74.26924703925044,19.999999999998863,0.010000009287486629
186.624,68.89654412432702,-10.000000000000853,0.010000000021701592
186.656,65.40639132514966,0.0,0.010000005216229449
186.688,65.40639132514966,0.0,0.010000027850262284
186.72,65.40639132514966,0.0,0.01000000287110037
186.752,67.7129427339704,-40.00000000000057,0.010000802780927258
186.784,73.4161919793519,-7.105427357601002e-13,0.010018764509769136
186.816,73.4161919793519,-7.105427357601002e-13,0.010259050559778864
186.848,73.84148765291448,9.999999999999432,0.010349055133375846
186.88,72.57293509250918,-20.000000000000284,0.011085791888943375
186.912,72.15494574405967,-30.000000000001137,0.013100262550513398
186.944,72.15494574405967,-30.000000000001137,0.010622609040911534
186.976,72.15494574405967,-30.000000000001137,0.010259050559778863
187.008,72.99334582862124,-10.000000000000142,0.01014004604470407
187.04,73.84148765291448,9.999999999999432,0.010622609040911533
187.072,73.4161919793519,-7.105427357601002e-13,0.010037765502929688
187.104,74.26924703925044,19.999999999998863,0.010013068846238975
187.136,74.26924703925044,19.999999999998863,0.01000032860450166
187.168,74.26924703925044,19.999999999998863,0.010000027850262286
187.2,74.26924703925044,19.999999999998863,0.010000005216229447
187.232,72.99334582862124,-10.000000000000142,0.010000027850262286
187.264,72.99334582862124,-10.000000000000142,0.010037765502929686
187.296,72.99334582862124,-10.000000000000142,0.010026724673810772
187.328,97.43442710125966,-10.000000000000853,0.01000032860450166
187.36,108.1102658399776,-30.000000000000426,0.01010197459374499
187.392,108.1102658399776,-30.000000000000426,0.011085791888943373
187.424,99.13755088719131,19.999999999999574,0.010000206339031339
187.456,75.5674506101949,50.0,0.010000000000006923
187.488,65.40639132514966,0.0,0.010000000009505967
187.52,65.40639132514966,0.0,0.010000027850262286
187.552,65.40639132514966,0.0,0.010009025493342986
187.584,65.40639132514966,0.0,0.010013068846238975
187.616,65.40639132514966,0.0,0.01002672467381077
187.648,65.40639132514966,0.0,0.010006178555334078
187.68,65.40639132514966,0.0,0.01001876450976914
187.712,65.40639132514966,0.0,0.01001876450976914
187.744,65.40639132514966,0.0,0.010000047007977299
187.776,65.40639132514966,0.0,0.010000000009505967
187.808,65.40639132514966,0.0,0.01000020633903134
187.84,65.40639132514966,0.0,0.0100000470079773
187.872,65.40639132514966,0.0,0.010000127845232541
187.904,65.40639132514966,0.0,0.010000802780927256
187.936,66.16637698451642,20.000000000000284,0.010001873046012551
187.968,67.32294488175604,49.99999999999929,0.01002672467381077
188.0,79.1413469005951,29.999999999999716,0.011085791888943371
188.032,79.1413469005951,29.999999999999716,0.011853505394683411
188.064,76.88834637984607,-20.000000000000284,0.010467533617069903
188.096,74.69948441050268,29.999999999999716,0.010037765502929688
188.128,74.26924703925044,19.999999999998863,0.01019107549696831
188.16,73.84148765291448,9.999999999999432,0.011085791888943375
188.192,73.84148765291448,9.999999999999432,0.030106861794195014
188.224,73.84148765291448,9.999999999999432,0.011422334250709074
188.256,74.26924703925044,19.999999999998863,0.010467533617069907
188.288,74.26924703925044,19.999999999998863,0.010622609040911533
188.32,74.26924703925044,19.999999999998863,0.010140046044704068
188.352,72.57293509250918,-20.000000000000284,0.01000032860450166
188.384,72.57293509250918,-20.000000000000284,0.010000127845232541
188.416,72.57293509250918,-20.000000000000284,0.01000187304601255
188.448,72.57293509250918,-20.000000000000284,0.010140046044704068
188.48,72.57293509250918,-20.000000000000284,0.011085791888943373
188.512,,,0.0100000470079773
188.544,,,0.01001876450976914
188.576,,,0.010191075496968311
188.608,,,0.010622609040911533
188.64,,,0.010000000208892744
188.672,78.68552628393921,20.000000000000284,0.010000078102280324
188.704,80.0609250563203,49.99999999999929,0.010001873046012551
188.736,74.26924703925044,19.999999999998863,0.010026724673810768
188.768,73.84148765291448,9.999999999999432,0.011422334250709074
188.8,74.26924703925044,19.999999999998863,0.013980210380185928
188.832,73.4161919793519,-7.105427357601002e-13,0.015085587297504338
188.864,73.4161919793519,-7.105427357601002e-13,0.010467533617069905
188.896,73.4161919793519,-7.105427357601002e-13,0.01010197459374499
188.928,,,0.01000000928748663
188.96,65.40639132514966,0.0,0.010000001546554296
188.992,65.40639132514966,0.0,0.010000005216229447
189.024,65.40639132514966,0.0,0.010000127845232541
189.056,65.40639132514966,0.0,0.010000516719604524
189.088,65.40639132514966,0.0,0.0100028158258111
189.12,65.40639132514966,0.0,0.010000016226422836
189.152,67.32294488175604,49.99999999999929,0.010037765502929688
189.184,67.7129427339704,-40.00000000000057,0.010349055133375844
189.216,69.29565774421802,0.0,0.010349055133375843
189.248,72.99334582862124,-10.000000000000142,0.010824463728234165
189.28,72.99334582862124,-10.000000000000142,0.01398021038018593
189.312,72.99334582862124,-10.000000000000142,0.011853505394683413
189.344,73.4161919793519,-7.105427357601002e-13,0.011853505394683413
189.376,73.4161919793519,-7.105427357601002e-13,0.01508558729750434
189.408,73.4161919793519,-7.105427357601002e-13,0.010622609040911531
189.44,73.4161919793519,-7.105427357601002e-13,0.010191075496968311
189.472,73.84148765291448,9.999999999999432,0.010013068846238975
189.504,73.84148765291448,9.999999999999432,0.0100028158258111
189.536,74.26924703925044,19.999999999998863,0.010000047007977299
189.568,72.57293509250918,-20.000000000000284,0.010000016226422834
189.6,72.99334582862124,-10.000000000000142,0.01000020633903134
189.632,72.57293509250918,-20.000000000000284,0.010013068846238976
189.664,72.99334582862124,-10.000000000000142,0.011853505394683413
189.696,74.69948441050268,29.999999999999716,0.010000078102280324
189.728,95.20902171067573,49.99999999999929,0.010000000101429395
189.76,98.56656061031477,9.999999999999432,0.010004191052795269
189.792,99.13755088719131,19.999999999999574,0.010052967545965857
189.824,98.56656061031477,9.999999999999432,0.01002672467381077
189.856,74.26924703925044,19.999999999998863,0.010000000417925075
189.888,65.40639132514966,0.0,0.010000000814014906
189.92,65.40639132514966,0.0,0.01000012784523254
189.952,65.40639132514966,0.0,0.010052967545965855
189.984,65.40639132514966,0.0,0.010073751764282884
190.016,65.40639132514966,0.0,0.010259050559778863
190.048,65.40639132514966,0.0,0.010037765502929688
190.08,65.40639132514966,0.0,0.010073751764282884
190.112,65.40639132514966,0.0,0.010037765502929688
190.144,65.40639132514966,0.0,0.010000027850262286
190.176,65.40639132514966,0.0,0.010000027850262286
190.208,65.40639132514966,0.0,0.010013068846238973
190.24,65.40639132514966,0.0,0.01001876450976914
190.272,65.40639132514966,0.0,0.010052967545965857
190.304,65.40639132514966,0.0,0.010001232964986118
190.336,65.7852866955572,9.999999999999432,0.010073751764282884
190.368,70.91536696417685,39.99999999999915,0.013100262550513393
190.4,72.99334582862124,-10.000000000000142,0.06608151270920701
190.432,73.4161919793519,-7.105427357601002e-13,0.03010686179419501
190.464,,,0.015085587297504338
190.496,,,0.011853505394683411
190.528,,,0.01508558729750434
190.56,,,0.15046460134333878
190.592,,,0.32333605839064083
190.624,349.2282314330038,0.0,0.2407543944755743
190.656,349.2282314330038,0.0,0.24075439447557428
190.688,349.2282314330038,0.0,0.20650679911775227
190.72,349.2282314330038,0.0,0.48498680771591124
190.752,349.2282314330038,0.0,0.6860828109301793
190.784,351.2512899969259,9.999999999999432,0.3721358982975087
190.816,353.2860680198856,20.000000000000284,0.05607139544589261
190.848,378.64263238750516,40.00000000000057,0.010349055133375846
190.88,387.49298438230534,-20.000000000000284,0.013980210380185926
190.912,387.49298438230534,-20.000000000000284,0.010013068846238973
190.944,,,0.010013068846238975
190.976,,,0.01014004604470407
191.008,,,0.011422334250709074
191.04,,,0.01000617855533408
191.072,,,0.010000000000613858
191.104,329.6275569128699,-1.4210854715202004e-12,0.013980210380185928
191.136,331.5370699244067,9.999999999999432,0.07797523762294818
191.168,331.5370699244067,9.999999999999432,0.2407543944755743
191.2,331.5370699244067,9.999999999999432,0.48498680771591124
191.232,331.5370699244067,9.999999999999432,0.4849868077159113
191.264,329.6275569128699,-1.4210854715202004e-12,0.4849868077159112
191.296,329.6275569128699,-1.4210854715202004e-12,0.5485250542599845
191.328,329.6275569128699,-1.4210854715202004e-12,0.3721358982975086
191.36,331.5370699244067,9.999999999999432,0.17653060863289763
191.392,333.4576446322876,19.999999999998863,0.20650679911775227
191.424,329.6275569128699,-1.4210854715202004e-12,0.09203757081218102
191.456,327.72904188699454,-10.000000000000853,0.04069733156888106
191.488,323.96475278211557,-29.999999999999716,0.013980210380185928
191.52,316.5653876023803,29.999999999998295,0.011422334250709074
191.552,298.79793764201077,29.999999999999716,0.013100262550513395
191.584,,,0.011853505394683413
191.616,,,0.0100028158258111
191.648,,,0.0100000470079773
191.68,145.9866916572425,-10.000000000000142,0.010073751764282884
191.712,146.8323839587038,-7.105427357601002e-13,0.010467533617069905
191.744,146.8323839587038,-7.105427357601002e-13,0.01240312479355135
191.776,146.8323839587038,-7.105427357601002e-13,0.018187375734912182
191.808,146.8323839587038,-7.105427357601002e-13,0.01000032860450166
191.84,145.14587018501834,-20.000000000000284,0.010000127845232541
191.872,145.9866916572425,-10.000000000000142,0.010037765502929688
191.904,145.9866916572425,-10.000000000000142,0.011853505394683413
191.936,145.9866916572425,-10.000000000000142,0.04768699308253103
191.968,146.8323839587038,-7.105427357601002e-13,0.1504646013433388
192.0,145.9866916572425,-10.000000000000142,0.0779752376229482
192.032,145.9866916572425,-10.000000000000142,0.01646758759311301
192.064,191.5211239251473,-40.00000000000057,0.010001873046012553
192.096,191.5211239251473,-40.00000000000057,0.010000000001606035
192.128,,,0.010000000009505966
192.16,,,0.010000001546554296
192.192,,,0.01000032860450166
192.224,147.68297530582896,9.999999999999432,0.010000206339031339
192.256,110.63722351746388,9.999999999999432,0.010349055133375843
192.288,110.63722351746388,9.999999999999432,0.015085587297504338
192.32,110.63722351746388,9.999999999999432,0.011085791888943371
192.352,99.13755088719131,19.999999999999574,0.011085791888943371
192.384,99.13755088719131,19.999999999999574,0.010824463728234165
192.416,119.95585059317834,50.0,0.011085791888943373
192.448,119.95585059317834,50.0,0.011085791888943373
192.48,115.20235351026894,-20.000000000000284,0.013100262550513395
192.512,115.86971395503193,-10.000000000000853,0.018187375734912185
192.544,,,0.010006178555334078
192.576,,,0.010000000000006925
192.608,65.40639132514966,0.0,0.01000032860450166
192.64,65.40639132514966,0.0,0.01000020633903134
192.672,67.32294488175604,49.99999999999929,0.010000516719604524
192.704,67.7129427339704,-40.00000000000057,0.010000516719604526
192.736,67.7129427339704,-40.00000000000057,0.010052967545965859
192.768,72.99334582862124,-10.000000000000142,0.010467533617069905
192.8,72.99334582862124,-10.000000000000142,0.016467587593113005
192.832,73.84148765291448,9.999999999999432,0.012403124793551346
192.864,74.69948441050268,29.999999999999716,0.011853505394683413
192.896,72.99334582862124,-10.000000000000142,0.010824463728234167
192.928,72.99334582862124,-10.000000000000142,0.010349055133375844
192.96,82.40688922821748,0.0,0.011853505394683411
192.992,82.40688922821748,0.0,0.013100262550513391
193.024,82.40688922821748,0.0,0.010009025493342986
193.056,82.40688922821748,0.0,0.01002672467381077
193.088,76.00520839822768,-40.00000000000057,0.010140046044704068
193.12,75.13221412149176,39.99999999999915,0.01818737573491218
193.152,75.13221412149176,39.99999999999915,0.026168028608935755
193.184,74.69948441050268,29.999999999999716,0.030106861794195004
193.216,74.26924703925044,19.999999999998863,0.047686993082531035
193.248,73.84148765291448,9.999999999999432,0.06608151270920702
193.28,72.99334582862124,-10.000000000000142,0.12793708630129036
193.312,78.23233100085048,9.999999999999432,0.04768699308253103
193.344,79.59980805922079,39.99999999999986,0.010622609040911533
193.376,80.9911881955289,-30.000000000001137,0.010009025493342986
193.408,88.83315834800462,29.999999999999716,0.01000123296498612
193.44,80.5247132770094,-40.00000000000057,0.010000027850262284
193.472,80.0609250563203,49.99999999999929,0.01000123296498612
193.504,79.59980805922079,39.99999999999986,0.01002672467381077
193.536,79.59980805922079,39.99999999999986,0.010073751764282884
193.568,72.99334582862124,-10.000000000000142,0.010622609040911533
193.6,73.4161919793519,-7.105427357601002e-13,0.015085587297504338
193.632,73.84148765291448,9.999999999999432,0.013980210380185928
193.664,73.4161919793519,-7.105427357601002e-13,0.01010197459374499
193.696,66.54967490706109,29.999999999999716,0.010037765502929686
193.728,65.40639132514966,0.0,0.010000000047726025
193.76,,,0.010009025493342986
193.792,65.40639132514966,0.0,0.010000001546554296
193.824,65.40639132514966,0.0,0.01000000928748663
193.856,65.40639132514966,0.0,0.010000027850262286
193.888,65.40639132514966,0.0,0.0100028158258111
193.92,66.93519325188251,39.99999999999986,0.010000000417925077
193.952,72.99334582862124,-10.000000000000142,0.010006178555334077
193.984,72.99334582862124,-10.000000000000142,0.011853505394683413
194.016,73.84148765291448,9.999999999999432,0.013100262550513395
194.048,74.26924703925044,19.999999999998863,0.013100262550513397
194.08,72.99334582862124,-10.000000000000142,0.010467533617069901
194.112,82.88426748110167,10.000000000000142,0.010824463728234165
194.144,82.40688922821748,0.0,0.011853505394683413
194.176,82.40688922821748,0.0,0.013100262550513393
194.208,82.40688922821748,0.0,0.010073751764282886
194.24,81.93226047174862,-10.000000000000853,0.01010197459374499
194.272,75.13221412149176,39.99999999999915,0.013980210380185928
194.304,75.13221412149176,39.99999999999915,0.056071395445892624
194.336,74.69948441050268,29.999999999999716,0.20650679911775222
194.368,74.69948441050268,29.999999999999716,0.24075439447557428
194.4,74.69948441050268,29.999999999999716,0.2796051653363589
194.432,74.69948441050268,29.999999999999716,0.3721358982975087
194.464,74.69948441050268,29.999999999999716,0.4849868077159113
194.496,74.26924703925044,19.999999999998863,0.32333605839064083
194.528,74.69948441050268,29.999999999999716,0.01646758759311301
194.56,78.23233100085048,9.999999999999432,0.010191075496968311
194.592,85.3129619008554,-40.00000000000057,0.010006178555334078
194.624,86.30425076864258,-20.000000000000284,0.01000000928748663
194.656,79.1413469005951,29.999999999999716,0.010000005216229449
194.688,79.1413469005951,29.999999999999716,0.010000000208892744
194.72,65.40639132514966,0.0,0.010000000021701592
194.752,65.40639132514966,0.0,0.01000012784523254
194.784,65.40639132514966,0.0,0.010013068846238973
194.816,65.40639132514966,0.0,0.010052967545965857
194.848,65.40639132514966,0.0,0.01002672467381077
194.88,65.40639132514966,0.0,0.01002672467381077
194.912,65.40639132514966,0.0,0.010013068846238975
194.944,65.40639132514966,0.0,0.010000127845232541
194.976,65.40639132514966,0.0,0.010000000001606035
195.008,65.40639132514966,0.0,0.010000516719604524
195.04,65.40639132514966,0.0,0.010000127845232541
195.072,65.40639132514966,0.0,0.01000123296498612
195.104,65.40639132514966,0.0,0.010000127845232541
195.136,66.54967490706109,29.999999999999716,0.010004191052795269
195.168,72.57293509250918,-20.000000000000284,0.010824463728234165
195.2,72.57293509250918,-20.000000000000284,0.018187375734912182
195.232,72.57293509250918,-20.000000000000284,0.011853505394683413
195.264,72.15494574405967,-30.000000000001137,0.010259050559778863
195.296,77.33375603922921,-10.000000000000853,0.010037765502929688
195.328,76.88834637984607,-20.000000000000284,0.010006178555334078
195.36,76.88834637984607,-20.000000000000284,0.010013068846238976
195.392,74.26924703925044,19.999999999998863,0.010002815825811102
195.424,74.26924703925044,19.999999999998863,0.010006178555334078
195.456,74.69948441050268,29.999999999999716,0.011085791888943375
195.488,74.26924703925044,19.999999999998863,0.012403124793551348
195.52,74.26924703925044,19.999999999998863,0.03010686179419501
195.552,73.84148765291448,9.999999999999432,0.05607139544589263
195.584,73.84148765291448,9.999999999999432,0.07797523762294817
195.616,73.84148765291448,9.999999999999432,0.09203757081218103
195.648,73.84148765291448,9.999999999999432,0.07797523762294818
195.68,75.13221412149176,39.99999999999915,0.07797523762294817
195.712,75.5674506101949,50.0,0.034897428019625254
195.744,75.5674506101949,50.0,0.010191075496968311
195.776,85.80717486147108,-29.999999999999716,0.010013068846238975
195.808,86.30425076864258,-20.000000000000284,0.010004191052795269
195.84,86.80420620725056,-10.000000000000142,0.01000123296498612
195.872,80.9911881955289,-30.000000000001137,0.010001232964986118
195.904,80.5247132770094,-40.00000000000057,0.010009025493342986
195.936,80.5247132770094,-40.00000000000057,0.010026724673810768
195.968,80.5247132770094,-40.00000000000057,0.010052967545965857
196.0,75.13221412149176,39.99999999999915,0.010140046044704068
196.032,78.23233100085048,9.999999999999432,0.010467533617069907
196.064,65.40639132514966,0.0,0.010140046044704068
196.096,75.13221412149176,39.99999999999915,0.010000802780927255
196.128,,,0.010000027850262286
196.16,,,0.0100028158258111
196.192,65.40639132514966,0.0,0.010000328604501658
196.224,65.40639132514966,0.0,0.010000127845232541
196.256,65.40639132514966,0.0,0.01000419105279527
196.288,65.40639132514966,0.0,0.01010197459374499
196.32,65.40639132514966,0.0,0.010001873046012551
196.352,65.40639132514966,0.0,0.01003776550292969
196.384,78.23233100085048,9.999999999999432,0.011853505394683413
196.416,77.78174593052022,-1.4210854715202004e-12,0.011422334250709073
196.448,70.50692450564009,29.999999999999005,0.010824463728234165
196.48,76.44550209132854,-30.000000000000426,0.010824463728234169
196.512,76.00520839822768,-40.00000000000057,0.011085791888943371
196.544,73.84148765291448,9.999999999999432,0.011853505394683415
196.576,72.99334582862124,-10.000000000000142,0.013100262550513395
196.608,72.99334582862124,-10.000000000000142,0.010009025493342986
196.64,75.5674506101949,50.0,0.01010197459374499
196.672,75.13221412149176,39.99999999999915,0.011422334250709074
196.704,74.69948441050268,29.999999999999716,0.018187375734912182
196.736,74.69948441050268,29.999999999999716,0.047686993082531035
196.768,74.69948441050268,29.999999999999716,0.04768699308253103
196.8,74.69948441050268,29.999999999999716,0.09203757081218103
196.832,74.69948441050268,29.999999999999716,0.27960516533635893
196.864,74.69948441050268,29.999999999999716,0.4849868077159113
196.896,75.13221412149176,39.99999999999915,0.27960516533635893
196.928,75.5674506101949,50.0,0.013100262550513397
196.96,78.23233100085048,9.999999999999432,0.010073751764282886
196.992,85.3129619008554,-40.00000000000057,0.010000802780927255
197.024,87.81282249923147,9.999999999999432,0.01000000928748663
197.056,78.23233100085048,9.999999999999432,0.010000000047726025
197.088,65.40639132514966,0.0,0.010000000001606037
197.12,65.40639132514966,0.0,0.010000001546554296
197.152,65.40639132514966,0.0,0.010013068846238975
197.184,65.7852866955572,9.999999999999432,0.010191075496968311
197.216,65.40639132514966,0.0,0.010622609040911533
197.248,65.40639132514966,0.0,0.010349055133375844
197.28,65.40639132514966,0.0,0.010467533617069905
197.312,65.40639132514966,0.0,0.010622609040911531
197.344,65.40639132514966,0.0,0.010000127845232541
197.376,65.40639132514966,0.0,0.010000016226422836
197.408,65.40639132514966,0.0,0.010013068846238973
197.44,65.40639132514966,0.0,0.010073751764282884
197.472,65.40639132514966,0.0,0.010259050559778863
197.504,65.40639132514966,0.0,0.010052967545965857
197.536,65.40639132514966,0.0,0.010006178555334078
197.568,65.40639132514966,0.0,0.010191075496968311
197.6,65.40639132514966,0.0,0.011422334250709076
197.632,65.40639132514966,0.0,0.013100262550513395
197.664,65.40639132514966,0.0,0.018187375734912182
197.696,65.40639132514966,0.0,0.016467587593113005
197.728,65.40639132514966,0.0,0.018187375734912182
197.76,65.40639132514966,0.0,0.02031762855636058
197.792,65.40639132514966,0.0,0.020317628556360583
197.824,65.7852866955572,9.999999999999432,0.018187375734912185
197.856,65.40639132514966,0.0,0.015085587297504336
197.888,65.40639132514966,0.0,0.012403124793551351
197.92,65.40639132514966,0.0,0.01818737573491218
197.952,65.40639132514966,0.0,0.010101974593744989
197.984,70.50692450564009,29.999999999999005,0.010101974593744992
198.016,,,0.010259050559778863
198.048,,,0.010824463728234165
198.08,,,0.011422334250709074
198.112,,,0.010824463728234169
198.144,,,0.022944219124638603
198.176,351.2512899969259,9.999999999999432,0.06608151270920701
198.208,351.2512899969259,9.999999999999432,0.15046460134333883
198.24,349.2282314330038,0.0,0.01508558729750434
198.272,333.4576446322876,19.999999999998863,0.011422334250709073
198.304,331.5370699244067,9.999999999999432,0.020317628556360583
198.336,329.6275569128699,-1.4210854715202004e-12,0.030106861794195007
198.368,329.6275569128699,-1.4210854715202004e-12,0.018187375734912182
198.4,327.72904188699454,-10.000000000000853,0.012403124793551348
198.432,320.24370022528115,49.99999999999929,0.011085791888943373
198.464,297.0769881570017,19.999999999998153,0.015085587297504338
198.496,295.3659506116579,9.999999999998721,0.07797523762294818
198.528,295.3659506116579,9.999999999998721,0.013100262550513397
198.56,290.2917403700367,-20.000000000001705,0.013980210380185928
198.592,291.9733833144849,-10.000000000000142,0.013100262550513397
198.624,293.6647679174075,-7.105427357601002e-13,0.011422334250709074
198.656,293.6647679174075,-7.105427357601002e-13,0.05607139544589263
198.688,295.3659506116579,9.999999999998721,0.4260623290432815
198.72,293.6647679174075,-7.105427357601002e-13,0.6159498854580681
198.752,293.6647679174075,-7.105427357601002e-13,0.6159498854580681
198.784,291.9733833144849,-10.000000000000142,0.7571601330199093
198.816,291.9733833144849,-10.000000000000142,0.6860828109301792
198.848,288.6197829762387,-30.000000000001137,0.32333605839064083
198.88,286.9574553484241,-40.00000000000057,0.12793708630129036
198.912,280.40333801023763,19.999999999999574,0.04069733156888106
198.944,277.1826309768721,-1.4210854715202004e-12,0.1504646013433388
198.976,275.58617649730814,-10.000000000000853,0.4849868077159113
199.008,275.58617649730814,-10.000000000000853,0.3233360583906409
199.04,277.1826309768721,-1.4210854715202004e-12,0.1279370861188437
199.072,277.1826309768721,-1.4210854715202004e-12,0.04768699299394274
199.104,277.1826309768721,-1.4210854715202004e-12,0.03010686142917979
199.136,277.1826309768721,-1.4210854715202004e-12,0.010013068846238973
199.168,325.8414615030442,-20.000000000000284,0.010073751764282884
199.2,351.2512899969259,9.999999999999432,0.013100262550513395
199.232,353.2860680198856,20.000000000000284,0.013100262550513395
199.264,353.2860680198856,20.000000000000284,0.020317628556360583
199.296,353.2860680198856,20.000000000000284,0.034897428019625254
199.328,353.2860680198856,20.000000000000284,0.04069733156888105
199.36,351.2512899969259,9.999999999999432,0.1504646013433388
199.392,349.2282314330038,0.0,0.2796051653363589
199.424,349.2282314330038,0.0,0.04069733156888105
199.456,333.4576446322876,19.999999999998863,0.013980210380185928
199.488,331.5370699244067,9.999999999999432,0.03489742801962526
199.52,329.6275569128699,-1.4210854715202004e-12,0.10857977072874499
199.552,327.72904188699454,-10.000000000000853,0.026168028608935755
199.584,327.72904188699454,-10.000000000000853,0.012403124793551348
199.616,322.09885310803753,-40.00000000000128,0.010259050559778863
199.648,295.3659506116579,9.999999999998721,0.011085791888943373
199.68,293.6647679174075,-7.105427357601002e-13,0.01646758759311301
199.712,290.2917403700367,-20.000000000001705,0.010004191052795269
199.744,295.3659506116579,9.999999999998721,0.010000206339031339
199.776,295.3659506116579,9.999999999998721,0.010002815825811098
199.808,295.3659506116579,9.999999999998721,0.01001876450976914
199.84,295.3659506116579,9.999999999998721,0.011853505394683411
199.872,295.3659506116579,9.999999999998721,0.17653060863289755
199.904,295.3659506116579,9.999999999998721,0.24075439447557428
199.936,295.3659506116579,9.999999999998721,0.27960516533635893
199.968,295.3659506116579,9.999999999998721,0.1504646013433388
200.0,293.6647679174075,-7.105427357601002e-13,0.047686993082531035
200.032,291.9733833144849,-10.000000000000142,0.011422334250709074
200.064,288.6197829762387,-30.000000000001137,0.010004191052795272
200.096,280.40333801023763,19.999999999999574,0.01001876450976914
200.128,277.1826309768721,-1.4210854715202004e-12,0.010622609040911533
200.16,277.1826309768721,-1.4210854715202004e-12,0.010622609040911533
200.192,277.1826309768721,-1.4210854715202004e-12,0.010002815825811098
200.224,278.7883336231537,10.000000000000142,0.010001232964986121
200.256,280.40333801023763,19.999999999999574,0.010001873046012551
200.288,282.02769802256034,29.999999999999005,0.010000127845232541
200.32,280.40333801023763,19.999999999999574,0.0100000470079773
200.352,278.7883336231537,10.000000000000142,0.010000000000000439
200.384,269.2917795270241,49.99999999999929,0.010000016226422836
200.416,273.99891691894106,-20.000000000000284,0.010000802780927255
200.448,275.58617649730814,-10.000000000000853,0.010259050559778863
200.48,277.1826309768721,-1.4210854715202004e-12,0.04768699308253104
200.512,277.1826309768721,-1.4210854715202004e-12,0.07797523762294818
200.544,277.1826309768721,-1.4210854715202004e-12,0.047686993082531035
200.576,277.1826309768721,-1.4210854715202004e-12,0.016467587593113005
200.608,277.1826309768721,-1.4210854715202004e-12,0.01000123296498612
200.64,272.42079928303684,-29.999999999999716,0.01
200.672,297.0769881570017,19.999999999998153,0.01000000000000011
200.704,297.0769881570017,19.999999999998153,0.010000047007977299
200.736,297.0769881570017,19.999999999998153,0.01000123296498612
200.768,297.0769881570017,19.999999999998153,0.01000032860450166
200.8,298.79793764201077,29.999999999999716,0.010000000208892745
200.832,329.6275569128699,-1.4210854715202004e-12,0.010000127845232541
200.864,331.5370699244067,9.999999999999432,0.010000127845232541
200.896,331.5370699244067,9.999999999999432,0.010052967545965857
200.928,327.72904188699454,-10.000000000000853,0.010000000009505967
200.96,,,0.010000000000006925
200.992,329.6275569128699,-1.4210854715202004e-12,0.010000002871100368
201.024,329.6275569128699,-1.4210854715202004e-12,0.010000328604501658
201.056,329.6275569128699,-1.4210854715202004e-12,0.01508558729731052
201.088,329.6275569128699,-1.4210854715202004e-12,0.0476869930635769
201.12,329.6275569128699,-1.4210854715202004e-12,0.06608151270571637
201.152,331.5370699244067,9.999999999999432,0.01818737564632388
201.184,335.38934511626763,29.999999999998295,0.010191070941120269
201.216,347.21682482900223,-9.999999999999432,0.01185348107030043
201.248,349.2282314330038,0.0,0.013100238226130378
201.28,347.21682482900223,-9.999999999999432,0.010026700349407697
201.312,333.4576446322876,19.999999999998863,0.013980210338502079
201.344,329.6275569128699,-1.4210854715202004e-12,0.05607139544582677
201.376,331.5370699244067,9.999999999999432,0.03489742801908912
201.408,331.5370699244067,9.999999999999432,0.010073751760792239
201.44,293.6647679174075,-7.105427357601002e-13,0.010001232599875988
201.472,293.6647679174075,-7.105427357601002e-13,0.010073751764089067
201.504,293.6647679174075,-7.105427357601002e-13,0.018187375734912182
201.536,293.6647679174075,-7.105427357601002e-13,0.10857977072874497
201.568,293.6647679174075,-7.105427357601002e-13,0.27960516533635893
201.6,293.6647679174075,-7.105427357601002e-13,0.27960516533635893
201.632,293.6647679174075,-7.105427357601002e-13,0.24075439447557428
201.664,293.6647679174075,-7.105427357601002e-13,0.3233360583906408
201.696,293.6647679174075,-7.105427357601002e-13,0.42606232904328145
201.728,293.6647679174075,-7.105427357601002e-13,0.48498680771591124
201.76,291.9733833144849,-10.000000000000142,0.2065067991177523
201.792,290.2917403700367,-20.000000000001705,0.07797523762294818
201.824,,,0.010349055133375844
201.856,,,0.010000005216229449
201.888,,,0.01000123296498612
201.92,,,0.010000802780927255
201.952,,,0.010073751764282884
201.984,73.4161919793519,-7.105427357601002e-13,0.010824463728234167
202.016,73.4161919793519,-7.105427357601002e-13,0.015085587297504338
202.048,71.32617550580554,-50.0,0.026168028608935755
202.08,70.91536696417685,39.99999999999915,0.04768699308253104
202.112,68.89654412432702,-10.000000000000853,0.010000047007977303
202.144,,,0.01001876450976914
202.176,,,0.010000000021701592
202.208,65.40639132514966,0.0,0.010000027850262286
202.24,65.40639132514966,0.0,0.010000016226422836
202.272,65.40639132514966,0.0,0.010000078102280324
202.304,65.40639132514966,0.0,0.01000020633903134
202.336,66.54967490706109,29.999999999999716,0.010000027850262286
202.368,73.84148765291448,9.999999999999432,0.010004191052795267
202.4,73.84148765291448,9.999999999999432,0.010349055133375844
202.432,74.26924703925044,19.999999999998863,0.010259050559778861
202.464,74.26924703925044,19.999999999998863,0.010259050559778861
202.496,74.26924703925044,19.999999999998863,0.010349055133375844
202.528,74.26924703925044,19.999999999998863,0.010824463728234167
202.56,73.84148765291448,9.999999999999432,0.011853505394683413
202.592,74.26924703925044,19.999999999998863,0.010824463728234167
202.624,74.26924703925044,19.999999999998863,0.01000419105279527
202.656,75.13221412149176,39.99999999999915,0.010191075496968311
202.688,75.13221412149176,39.99999999999915,0.010467533617069905
202.72,75.13221412149176,39.99999999999915,0.013980210380185928
202.752,71.32617550580554,-50.0,0.01002672467381077
202.784,70.10083450255941,19.999999999999574,0.01000032860450166
202.816,65.40639132514966,0.0,0.0100028158258111
202.848,65.40639132514966,0.0,0.010001873046012551
202.88,65.40639132514966,0.0,0.01000020633903134
202.912,69.29565774421802,0.0,0.0100000470079773
202.944,69.29565774421802,0.0,0.010052967545965857
202.976,86.80420620725056,-10.000000000000142,0.010052967545965859
203.008,87.30705785825097,-7.105427357601002e-13,0.01014004604470407
203.04,82.40688922821748,0.0,0.010000078102280322
203.072,82.40688922821748,0.0,0.010006178555334078
203.104,82.40688922821748,0.0,0.010013068846238975
203.136,78.23233100085048,9.999999999999432,0.010052967545965857
203.168,81.46036537576103,-20.000000000000284,0.010140046044704068
203.2,70.50692450564009,29.999999999999005,0.010467533617069905
203.232,72.99334582862124,-10.000000000000142,0.010824463728234167
203.264,72.99334582862124,-10.000000000000142,0.010191075496968311
203.296,72.99334582862124,-10.000000000000142,0.010073751764282884
203.328,,,0.010000078102280324
203.36,,,0.010000000101429396
203.392,65.40639132514966,0.0,0.010000000047726025
203.424,65.40639132514966,0.0,0.010000005216229449
203.456,65.40639132514966,0.0,0.010000005216229449
203.488,65.40639132514966,0.0,0.010000127845232541
203.52,70.10083450255941,19.999999999999574,0.010000000208892744
203.552,73.84148765291448,9.999999999999432,0.010000516719604523
203.584,73.4161919793519,-7.105427357601002e-13,0.010140046044704067
203.616,81.93226047174862,-10.000000000000853,0.011422334250709076
203.648,81.93226047174862,-10.000000000000853,0.011422334250709073
203.68,81.93226047174862,-10.000000000000853,0.012403124793551348
203.712,82.40688922821748,0.0,0.013980210380185926
203.744,82.40688922821748,0.0,0.018187375734912182
203.776,82.40688922821748,0.0,0.02616802860893576
203.808,82.40688922821748,0.0,0.01010197459374499
203.84,82.88426748110167,10.000000000000142,0.01002672467381077
203.872,74.69948441050268,29.999999999999716,0.010191075496968311
203.904,74.26924703925044,19.999999999998863,0.013100262550513395
203.936,74.26924703925044,19.999999999998863,0.010824463728234167
203.968,70.50692450564009,29.999999999999005,0.010018764509769141
204.0,65.7852866955572,9.999999999999432,0.01000032860450166
204.032,65.40639132514966,0.0,0.010000802780927255
204.064,65.40639132514966,0.0,0.010001873046012551
204.096,65.40639132514966,0.0,0.01000419105279527
204.128,69.29565774421802,0.0,0.010000000101429395
204.16,74.26924703925044,19.999999999998863,0.01000123296498612
204.192,74.26924703925044,19.999999999998863,0.010467533617069905
204.224,73.84148765291448,9.999999999999432,0.010073751764282884
204.256,73.84148765291448,9.999999999999432,0.01000000928748663
204.288,73.84148765291448,9.999999999999432,0.010000000000006925
204.32,65.40639132514966,0.0,0.010000000003996623
204.352,65.40639132514966,0.0,0.010000027850262286
204.384,66.54967490706109,29.999999999999716,0.01000020633903134
204.416,66.54967490706109,29.999999999999716,0.010001873046012551
204.448,65.7852866955572,9.999999999999432,0.01000123296498612
204.48,65.7852866955572,9.999999999999432,0.01000617855533408
204.512,65.40639132514966,0.0,0.010009025493342986
204.544,65.40639132514966,0.0,0.010000027850262286
204.576,65.40639132514966,0.0,0.01000000000061386
204.608,65.40639132514966,0.0,0.0100028158258111
204.64,65.40639132514966,0.0,0.010001873046012551
204.672,65.40639132514966,0.0,0.01000419105279527
204.704,65.40639132514966,0.0,0.01000020633903134
204.736,69.6970834057884,9.999999999999432,0.010009025493342986
204.768,70.10083450255941,19.999999999999574,0.010622609040911531
204.8,70.50692450564009,29.999999999999005,0.013100262550513393
204.832,73.84148765291448,9.999999999999432,0.011085791888943371
204.864,73.84148765291448,9.999999999999432,0.010191075496968313
204.896,73.84148765291448,9.999999999999432,0.010191075496968315
204.928,73.84148765291448,9.999999999999432,0.010191075496968313
204.96,73.84148765291448,9.999999999999432,0.010467533617069903
204.992,74.26924703925044,19.999999999998863,0.010073751764282882
205.024,74.69948441050268,29.999999999999716,0.010006178555334078
205.056,75.13221412149176,39.99999999999915,0.010824463728234167
205.088,75.5674506101949,50.0,0.011085791888943371
205.12,75.5674506101949,50.0,0.015085587297504338
205.152,75.13221412149176,39.99999999999915,0.010013068846238975
205.184,66.93519325188251,39.99999999999986,0.010000328604501662
205.216,65.40639132514966,0.0,0.010006178555334078
205.248,65.40639132514966,0.0,0.010001873046012551
205.28,65.40639132514966,0.0,0.01000032860450166
205.312,65.40639132514966,0.0,0.010000078102280324
205.344,70.10083450255941,19.999999999999574,0.010009025493342984
205.376,87.30705785825097,-7.105427357601002e-13,0.010037765502929688
205.408,87.30705785825097,-7.105427357601002e-13,0.010191075496968311
205.44,87.30705785825097,-7.105427357601002e-13,0.010013068846238978
205.472,80.5247132770094,-40.00000000000057,0.010009025493342988
205.504,80.5247132770094,-40.00000000000057,0.010013068846238975
205.536,80.5247132770094,-40.00000000000057,0.01000617855533408
205.568,79.59980805922079,39.99999999999986,0.010037765502929688
205.6,70.50692450564009,29.999999999999005,0.010259050559778863
205.632,70.10083450255941,19.999999999999574,0.010140046044704068
205.664,65.40639132514966,0.0,0.01003776550292969
205.696,65.40639132514966,0.0,0.010191075496968313
205.728,65.40639132514966,0.0,0.01000419105279527
205.76,,,0.0100028158258111
205.792,65.40639132514966,0.0,0.010000027850262286
205.824,65.40639132514966,0.0,0.010000127845232541
205.856,65.40639132514966,0.0,0.01000032860450166
205.888,65.40639132514966,0.0,0.010013068846238975
205.92,65.7852866955572,9.999999999999432,0.010000027850262286
205.952,73.4161919793519,-7.105427357601002e-13,0.01000187304601255
205.984,73.4161919793519,-7.105427357601002e-13,0.011422334250709076
206.016,73.84148765291448,9.999999999999432,0.02616802860893576
206.048,73.4161919793519,-7.105427357601002e-13,0.05607139544589263
206.08,73.4161919793519,-7.105427357601002e-13,0.07797523762294817
206.112,73.4161919793519,-7.105427357601002e-13,0.06608151270920701
206.144,73.4161919793519,-7.105427357601002e-13,0.06608151270920701
206.176,73.4161919793519,-7.105427357601002e-13,0.092037570812181
206.208,73.4161919793519,-7.105427357601002e-13,0.013100262550513397
206.24,73.4161919793519,-7.105427357601002e-13,0.011422334250709073
206.272,73.4161919793519,-7.105427357601002e-13,0.016467587593113005
206.304,73.4161919793519,-7.105427357601002e-13,0.0229442191246386
206.336,73.84148765291448,9.999999999999432,0.011853505394683413
206.368,71.32617550580554,-50.0,0.010052967545965857
206.4,65.7852866955572,9.999999999999432,0.01000032860450166
206.432,65.40639132514966,0.0,0.01000123296498612
206.464,65.40639132514966,0.0,0.0100028158258111
206.496,65.40639132514966,0.0,0.010009025493342986
206.528,65.40639132514966,0.0,0.010000000047726025
206.56,72.57293509250918,-20.000000000000284,0.010000127845232541
206.592,77.78174593052022,-1.4210854715202004e-12,0.010000328604501662
206.624,86.80420620725056,-10.000000000000142,0.010000027850262286
206.656,78.68552628393921,20.000000000000284,0.010000000021701592
206.688,78.23233100085048,9.999999999999432,0.010000000000221913
206.72,65.40639132514966,0.0,0.01000000000950597
206.752,65.40639132514966,0.0,0.01000020633903134
206.784,65.40639132514966,0.0,0.010009025493342986
206.816,65.40639132514966,0.0,0.010191075496968311
206.848,65.40639132514966,0.0,0.010259050559778863
206.88,65.40639132514966,0.0,0.010191075496968311
206.912,65.40639132514966,0.0,0.010073751764282884
206.944,65.40639132514966,0.0,0.010000027850262286
206.976,65.40639132514966,0.0,0.010000000001606035
207.008,65.40639132514966,0.0,0.01000032860450166
207.04,65.40639132514966,0.0,0.01000020633903134
207.072,65.40639132514966,0.0,0.010000802780927255
207.104,65.40639132514966,0.0,0.010000127845232541
207.136,69.6970834057884,9.999999999999432,0.01001876450976914
207.168,70.10083450255941,19.999999999999574,0.011853505394683413
207.2,73.84148765291448,9.999999999999432,0.01646758759311301
207.232,74.26924703925044,19.999999999998863,0.011853505394683415
207.264,74.26924703925044,19.999999999998863,0.010824463728234167
207.296,74.26924703925044,19.999999999998863,0.010622609040911531
207.328,73.84148765291448,9.999999999999432,0.010467533617069907
207.36,73.84148765291448,9.999999999999432,0.010824463728234167
207.392,73.4161919793519,-7.105427357601002e-13,0.010037765502929686
207.424,73.4161919793519,-7.105427357601002e-13,0.01000419105279527
207.456,73.4161919793519,-7.105427357601002e-13,0.010622609040911531
207.488,73.84148765291448,9.999999999999432,0.012403124793551348
207.52,74.26924703925044,19.999999999998863,0.026168028608935755
207.552,73.84148765291448,9.999999999999432,0.01010197459374499
207.584,68.89654412432702,-10.000000000000853,0.01000020633903134
207.616,65.40639132514966,0.0,0.010013068846238975
207.648,65.40639132514966,0.0,0.010006178555334078
207.68,65.40639132514966,0.0,0.01000123296498612
207.712,65.40639132514966,0.0,0.010000127845232541
207.744,69.29565774421802,0.0,0.01000032860450166
207.776,77.78174593052022,-1.4210854715202004e-12,0.010001232964986118
207.808,87.30705785825097,-7.105427357601002e-13,0.01000419105279527
207.84,77.78174593052022,-1.4210854715202004e-12,0.010000047007977299
207.872,78.23233100085048,9.999999999999432,0.0100028158258111
207.904,78.23233100085048,9.999999999999432,0.01002672467381077
207.936,78.23233100085048,9.999999999999432,0.010073751764282884
207.968,77.78174593052022,-1.4210854715202004e-12,0.010467533617069905
208.0,77.33375603922921,-10.000000000000853,0.011085791888943373
208.032,69.6970834057884,9.999999999999432,0.012403124793551348
208.064,69.29565774421802,0.0,0.010824463728234169
208.096,66.16637698451642,20.000000000000284,0.010259050559778861
208.128,65.7852866955572,9.999999999999432,0.01000020633903134
208.16,,,0.010013068846238975
208.192,65.40639132514966,0.0,0.010000027850262286
208.224,65.40639132514966,0.0,0.0100000470079773
208.256,65.40639132514966,0.0,0.01000020633903134
208.288,65.40639132514966,0.0,0.01002672467381077
208.32,65.40639132514966,0.0,0.010000002871100368
208.352,70.10083450255941,19.999999999999574,0.01001876450976914
208.384,73.84148765291448,9.999999999999432,0.013100262550513395
208.416,74.26924703925044,19.999999999998863,0.015085587297504338
208.448,74.26924703925044,19.999999999998863,0.016467587593113005
208.48,74.26924703925044,19.999999999998863,0.015085587297504336
208.512,74.26924703925044,19.999999999998863,0.011853505394683413
208.544,74.26924703925044,19.999999999998863,0.013980210380185926
208.576,74.26924703925044,19.999999999998863,0.013100262550513395
208.608,74.26924703925044,19.999999999998863,0.010000802780927255
208.64,74.69948441050268,29.999999999999716,0.010073751764282884
208.672,74.26924703925044,19.999999999998863,0.011422334250709074
208.704,74.26924703925044,19.999999999998863,0.020317628556360583
208.736,73.84148765291448,9.999999999999432,0.011853505394683413
208.768,70.91536696417685,39.99999999999915,0.010000802780927255
208.8,65.40639132514966,0.0,0.01000020633903134
208.832,65.40639132514966,0.0,0.010000516719604524
208.864,65.40639132514966,0.0,0.010001873046012551
208.896,65.40639132514966,0.0,0.010013068846238975
208.928,65.40639132514966,0.0,0.010000000021701592
208.96,74.26924703925044,19.999999999998863,0.010000027850262286
208.992,74.26924703925044,19.999999999998863,0.01000123296498612
209.024,85.3129619008554,-40.00000000000057,0.010000328604501662
209.056,78.68552628393921,20.000000000000284,0.010000002871100368
209.088,65.40639132514966,0.0,0.0100000000000754
209.12,65.40639132514966,0.0,0.010000000417925075
209.152,65.40639132514966,0.0,0.010000802780927255
209.184,65.40639132514966,0.0,0.010073751764282884
209.216,65.40639132514966,0.0,0.010349055133375844
209.248,65.40639132514966,0.0,0.010191075496968311
209.28,65.40639132514966,0.0,0.010191075496968311
209.312,65.40639132514966,0.0,0.010140046044704068
209.344,65.40639132514966,0.0,0.010037765502929688
209.376,65.40639132514966,0.0,0.010006178555334078
209.408,65.40639132514966,0.0,0.01000032860450166
209.44,65.7852866955572,9.999999999999432,0.01000020633903134
209.472,66.16637698451642,20.000000000000284,0.01000419105279527
209.504,65.7852866955572,9.999999999999432,0.010002815825811098
209.536,65.7852866955572,9.999999999999432,0.010000516719604524
209.568,65.7852866955572,9.999999999999432,0.010001873046012553
209.6,65.7852866955572,9.999999999999432,0.01000419105279527
209.632,65.7852866955572,9.999999999999432,0.010000802780927255
209.664,74.26924703925044,19.999999999998863,0.010622609040911533
209.696,74.26924703925044,19.999999999998863,0.03010686179419501
209.728,74.26924703925044,19.999999999998863,0.108579770728745
209.76,74.26924703925044,19.999999999998863,0.3233360583906408
209.792,74.26924703925044,19.999999999998863,0.047686993082531035
209.824,74.26924703925044,19.999999999998863,0.040697331568881064
209.856,73.84148765291448,9.999999999999432,0.04069733156888106
209.888,73.84148765291448,9.999999999999432,0.034897428019625254
209.92,73.84148765291448,9.999999999999432,0.04768699308253104
209.952,73.4161919793519,-7.105427357601002e-13,0.07797523762294818
209.984,72.99334582862124,-10.000000000000142,0.17653060863289755
210.016,72.99334582862124,-10.000000000000142,0.24075439447557428
210.048,72.99334582862124,-10.000000000000142,0.5485250542599845
210.08,72.99334582862124,-10.000000000000142,0.4849868077159114
210.112,72.99334582862124,-10.000000000000142,0.4849868077159113
210.144,72.99334582862124,-10.000000000000142,0.09203757081218103
210.176,77.33375603922921,-10.000000000000853,0.06608151270920702
210.208,77.33375603922921,-10.000000000000853,0.040697331568881064
210.24,77.33375603922921,-10.000000000000853,0.013100262550513395
210.272,73.4161919793519,-7.105427357601002e-13,0.018187375734912182
210.304,73.4161919793519,-7.105427357601002e-13,0.01508558729750434
210.336,77.33375603922921,-10.000000000000853,0.04069733156888106
210.368,77.78174593052022,-1.4210854715202004e-12,0.1504646013433388
210.4,77.33375603922921,-10.000000000000853,0.10857977072874499
210.432,77.33375603922921,-10.000000000000853,0.018187375734912185
210.464,73.4161919793519,-7.105427357601002e-13,0.0229442191246386
210.496,72.99334582862124,-10.000000000000142,0.034897428019625254
210.528,72.99334582862124,-10.000000000000142,0.010467533617069905
210.56,72.99334582862124,-10.000000000000142,0.016467587593113005
210.592,72.99334582862124,-10.000000000000142,0.015085587297504342
210.624,72.99334582862124,-10.000000000000142,0.02031762855636058
210.656,72.99334582862124,-10.000000000000142,0.3233360583906408
210.688,72.99334582862124,-10.000000000000142,0.32333605839064083
210.72,72.99334582862124,-10.000000000000142,0.034897428019625254
210.752,,,0.02616802860893576
210.784,,,0.030106861794195014
210.816,,,0.047686993082531035
210.848,,,0.15046460134333878
210.88,,,0.1504646013433388
210.912,74.26924703925044,19.999999999998863,0.20650679911775227
210.944,74.26924703925044,19.999999999998863,0.4260623290432814
210.976,74.26924703925044,19.999999999998863,0.06608151270920701
211.008,74.26924703925044,19.999999999998863,0.026168028608935755
211.04,74.26924703925044,19.999999999998863,0.011422334250709073
211.072,74.26924703925044,19.999999999998863,0.015085587297504338
211.104,,,0.04768699308253103
211.136,,,0.17653060863289755
211.168,,,0.17653060863289757
211.2,,,0.020317628556360587
211.232,,,0.092037570812181
211.264,,,0.02616802860893576
211.296,,,0.010824463728234167
211.328,,,0.010052967545965859
211.36,,,0.013980210380185926
211.392,,,0.026168028608935755
211.424,,,0.018187375734912182
211.456,,,0.01508558729750434
211.488,,,0.011085791888943375
211.52,,,0.011853505394683413
211.552,108.73654223881857,-20.000000000000284,0.06608151270920701
211.584,108.73654223881857,-20.000000000000284,0.12793708630129036
211.616,108.73654223881857,-20.000000000000284,0.24075439447557428
211.648,108.73654223881857,-20.000000000000284,0.12793708630129036
211.68,,,0.02616802860893576
211.712,,,0.01002672467381077
211.744,111.27813843321147,20.000000000000284,0.010000000417925077
211.776,111.27813843321147,20.000000000000284,0.010000000003996623
211.808,109.3664466199302,-10.000000000000853,0.010000000208892744
211.84,73.4161919793519,-7.105427357601002e-13,0.010000516719604523
211.872,73.4161919793519,-7.105427357601002e-13,0.011085791888943373
211.904,73.4161919793519,-7.105427357601002e-13,0.010259050559778861
211.936,69.6970834057884,9.999999999999432,0.01000419105279527
211.968,73.4161919793519,-7.105427357601002e-13,0.010026724673810772
212.0,73.4161919793519,-7.105427357601002e-13,0.010622609040911533
212.032,73.4161919793519,-7.105427357601002e-13,0.012403124793551348
212.064,73.4161919793519,-7.105427357601002e-13,0.030106861794195014
212.096,73.4161919793519,-7.105427357601002e-13,0.04069733156888106
212.128,73.4161919793519,-7.105427357601002e-13,0.02616802860893576
212.16,72.99334582862124,-10.000000000000142,0.026168028608935755
212.192,72.15494574405967,-30.000000000001137,0.013980210380185928
212.224,75.13221412149176,39.99999999999915,0.010259050559778864
212.256,74.26924703925044,19.999999999998863,0.022944219124638603
212.288,74.26924703925044,19.999999999998863,0.030106861794195007
212.32,74.69948441050268,29.999999999999716,0.04768699308253104
212.352,74.69948441050268,29.999999999999716,0.016467587593113005
212.384,74.69948441050268,29.999999999999716,0.012403124793551346
212.416,72.57293509250918,-20.000000000000284,0.013100262550513395
212.448,73.84148765291448,9.999999999999432,0.056071395445892236
212.48,78.68552628393921,20.000000000000284,0.010622609040911533
212.512,88.32151700497141,19.999999999998863,0.01000123296498612
212.544,88.83315834800462,29.999999999999716,0.01000020633903134
212.576,88.83315834800462,29.999999999999716,0.01000020633903134
212.608,88.83315834800462,29.999999999999716,0.010001232964986118
212.64,68.89654412432702,-10.000000000000853,0.010000000000006923
212.672,,,0.010000802780927255
212.704,,,0.010006178555334078
212.736,,,0.010073751764282884
212.768,,,0.011422334250709074
212.8,,,0.011085791888943371
212.832,,,0.015085587297504338
212.864,,,0.010349055133375844
212.896,,,0.01001876450976914
212.928,,,0.010000027850262286
212.96,,,0.010000009287486632
212.992,,,0.010000516719604524
213.024,,,0.010013068846238975
213.056,,,0.013100262550513397
213.088,,,0.03010686179419501
213.12,,,0.056071395445892624
213.152,,,0.056071395445892624
213.184,,,0.012403124793551348
213.216,,,0.010004191052729419
213.248,,,0.010001232923302253
213.28,,,0.010013068663792321
213.312,,,0.010073751053323319
213.344,,,0.010037765501526977
213.376,,,0.010000047007977299
213.408,,,0.010000005216229449
213.44,,,0.01010197459374499
213.472,,,0.011085791888943371
213.504,,,0.022944219124638603
213.536,,,0.06608151270920701
213.568,,,0.06608151266752316
213.6,,,0.03010686179419501
213.632,,,0.02616802860893576
213.664,,,0.010349047021671722
213.696,,,0.01001876450976914
213.728,109.99999999999999,-1.4210854715202004e-12,0.010467533617069905
213.76,109.99999999999999,-1.4210854715202004e-12,0.015085587297504338
213.792,109.99999999999999,-1.4210854715202004e-12,0.01646758759311301
213.824,109.3664466199302,-10.000000000000853,0.010001232964986118
213.856,116.54094037952247,0.0,0.01000000928748663
213.888,116.54094037952247,0.0,0.010004191052795269
213.92,116.54094037952247,0.0,0.010009025493342986
213.952,109.99999999999999,-1.4210854715202004e-12,0.011422334250709073
213.984,109.99999999999999,-1.4210854715202004e-12,0.056071395445892624
214.016,109.99999999999999,-1.4210854715202004e-12,0.018187375734912182
214.048,109.99999999999999,-1.4210854715202004e-12,0.010467533617069903
214.08,109.99999999999999,-1.4210854715202004e-12,0.01002672467381077
214.112,,,0.010000206339031339
214.144,,,0.010001232964986118
214.176,,,0.010000000417925077
214.208,65.40639132514966,0.0,0.010000001546554298
214.24,65.40639132514966,0.0,0.010001232964986118
214.272,81.93226047174862,-10.000000000000853,0.01010197459374499
214.304,67.7129427339704,-40.00000000000057,0.010140046044704067
214.336,71.32617550580554,-50.0,0.010824463728234167
214.368,73.4161919793519,-7.105427357601002e-13,0.013100262550513395
214.4,73.4161919793519,-7.105427357601002e-13,0.026168028608935755
214.432,73.4161919793519,-7.105427357601002e-13,0.09203757081218102
214.464,73.4161919793519,-7.105427357601002e-13,0.05607139544589262
214.496,72.99334582862124,-10.000000000000142,0.04069733156888106
214.528,73.4161919793519,-7.105427357601002e-13,0.03489742801962526
214.56,73.4161919793519,-7.105427357601002e-13,0.056071395445892624
214.592,73.4161919793519,-7.105427357601002e-13,0.03010686179419501
214.624,73.4161919793519,-7.105427357601002e-13,0.034897428019625254
214.656,73.4161919793519,-7.105427357601002e-13,0.07797523762294818
214.688,73.4161919793519,-7.105427357601002e-13,0.1504646013433388
214.72,73.4161919793519,-7.105427357601002e-13,0.20650679911775227
214.752,73.4161919793519,-7.105427357601002e-13,0.092037570812181
214.784,72.99334582862124,-10.000000000000142,0.026168028608935752
214.816,72.57293509250918,-20.000000000000284,0.010824463728234165
214.848,72.57293509250918,-20.000000000000284,0.011422334250708977
214.88,72.57293509250918,-20.000000000000284,0.01240312479355125
214.912,72.57293509250918,-20.000000000000284,0.010037765502929685
214.944,87.81282249923147,9.999999999999432,0.010000206339031339
214.976,97.43442710125966,-10.000000000000853,0.010001232964986121
215.008,97.43442710125966,-10.000000000000853,0.010001873046012551
215.04,67.7129427339704,-40.00000000000057,0.010000000000000439
215.072,,,0.010000516719604524
215.104,,,0.010006178555334078
215.136,,,0.01001876450976914
215.168,,,0.010052967545965857
215.2,,,0.010000000047726025
215.232,,,0.010000000417925078
215.264,,,0.010000516719604521
215.296,,,0.010259050559778863
215.328,,,0.01646758759311301
215.36,,,0.010191075496968313
215.392,235.7901617579845,19.999999999999574,0.011085791888943373
215.424,245.51937137864914,-10.000000000000142,0.011085791888943373
215.456,264.6655079380657,19.999999999998863,0.010006178555334078
215.488,345.2170030745703,-19.999999999998863,0.010009025493342986
215.52,353.2860680198856,20.000000000000284,0.026168028608935755
215.552,347.21682482900223,-9.999999999999432,0.32333605839064083
215.584,351.2512899969259,9.999999999999432,0.1765306086328976
215.616,347.21682482900223,-9.999999999999432,0.010622609040911533
215.648,291.9733833144849,-10.000000000000142,0.010622609040911533
215.68,293.6647679174075,-7.105427357601002e-13,0.022944219124638603
215.712,293.6647679174075,-7.105427357601002e-13,0.04069733156888106
215.744,293.6647679174075,-7.105427357601002e-13,0.15046460134333878
215.776,295.3659506116579,9.999999999998721,0.24075439447557426
215.808,295.3659506116579,9.999999999998721,0.010622609040911531
215.84,,,0.010000078102280324
215.872,,,0.01000020633903134
215.904,,,0.0100028158258111
215.936,,,0.01000000928748663
215.968,,,0.010140046044704067
216.0,,,0.01508558729750434
216.032,,,0.026168028608935755
216.064,,,0.12793708630129036
216.096,,,0.011085791888943373
216.128,97.99885899543732,0.0,0.010001873046012551
216.16,103.82617439498627,-7.105427357601002e-13,0.012403124793551346
216.192,103.82617439498627,-7.105427357601002e-13,0.026168028608935755
216.224,95.20902171067573,49.99999999999929,0.01000419105279527
216.256,125.62905732418486,29.999999999999716,0.01000123296498612
216.288,123.47082531403102,-7.105427357601002e-13,0.010037765502929688
216.32,121.34967043801211,-29.999999999999716,0.01001876450976914
216.352,114.5388367788287,-30.000000000001137,0.015085587297504338
216.384,109.99999999999999,-1.4210854715202004e-12,0.05607139544589262
216.416,109.3664466199302,-10.000000000000853,0.15046460134333883
216.448,109.3664466199302,-10.000000000000853,0.056071395445892624
216.48,109.3664466199302,-10.000000000000853,0.020317628556360583
216.512,109.99999999999999,-1.4210854715202004e-12,0.015085587297504338
216.544,,,0.010073751764282884
216.576,,,0.010000078102280324
216.608,66.16637698451642,20.000000000000284,0.010000009287486629
216.64,65.7852866955572,9.999999999999432,0.010000802780927255
216.672,73.84148765291448,9.999999999999432,0.01019107549696831
216.704,73.84148765291448,9.999999999999432,0.010467533617069905
216.736,73.84148765291448,9.999999999999432,0.011422334250709074
216.768,73.4161919793519,-7.105427357601002e-13,0.018187375734912182
216.8,73.4161919793519,-7.105427357601002e-13,0.12793708630129036
216.832,72.99334582862124,-10.000000000000142,0.066081512709207
216.864,72.99334582862124,-10.000000000000142,0.04768699308253104
216.896,73.4161919793519,-7.105427357601002e-13,0.03489742801962526
216.928,73.4161919793519,-7.105427357601002e-13,0.06608151270920702
216.96,73.4161919793519,-7.105427357601002e-13,0.1765306086328976
216.992,73.4161919793519,-7.105427357601002e-13,0.06608151270920701
217.024,73.4161919793519,-7.105427357601002e-13,0.01398021038018593
217.056,74.26924703925044,19.999999999998863,0.03010686179419501
217.088,74.26924703925044,19.999999999998863,0.022944219124638603
217.12,73.84148765291448,9.999999999999432,0.022944219124638607
217.152,73.4161919793519,-7.105427357601002e-13,0.015085587297504338
217.184,73.4161919793519,-7.105427357601002e-13,0.02031762855636058
217.216,72.99334582862124,-10.000000000000142,0.018187375734912182
217.248,72.99334582862124,-10.000000000000142,0.05607139544589262
217.28,73.4161919793519,-7.105427357601002e-13,0.03489742801962526
217.312,77.33375603922921,-10.000000000000853,0.010259050559778861
217.344,81.93226047174862,-10.000000000000853,0.010001873046012551
217.376,97.43442710125966,-10.000000000000853,0.010006178555334077
217.408,97.43442710125966,-10.000000000000853,0.010013068846238975
217.44,104.42763330455712,9.999999999999432,0.0100000000000754
217.472,123.47082531403102,-7.105427357601002e-13,0.01000032860450166
217.504,124.18608452867443,9.999999999999432,0.0100028158258111
217.536,124.90548719779652,19.999999999998863,0.010006178555334078
217.568,,,0.010004191052795269
217.6,,,0.01000419105279527
217.632,,,0.01508558729750434
217.664,,,0.01646758759311301
217.696,,,0.01646758759311301
217.728,,,0.010824463728234167
217.76,,,0.010467533617069905
217.792,,,0.015085587297504338
217.824,,,0.015085587297504338
217.856,,,0.01398021038018593
217.888,,,0.01000123296498612
217.92,293.6647679174075,-7.105427357601002e-13,0.010073751764282884
217.952,295.3659506116579,9.999999999998721,0.034897428019625254
217.984,295.3659506116579,9.999999999998721,0.37213589829750865
218.016,295.3659506116579,9.999999999998721,0.32333605839064083
218.048,297.0769881570017,19.999999999998153,0.1504646013433388
218.08,295.3659506116579,9.999999999998721,0.12793708630129036
218.112,295.3659506116579,9.999999999998721,0.12793708630129033
218.144,295.3659506116579,9.999999999998721,0.20650679911775227
218.176,293.6647679174075,-7.105427357601002e-13,0.279605165336359
218.208,293.6647679174075,-7.105427357601002e-13,0.010824463728234167
218.24,,,0.010000516719604524
218.272,,,0.010000328604501658
218.304,,,0.010013068846238973
218.336,,,0.010000009287486632
218.368,,,0.010000027850262286
218.4,,,0.01002672467381077
218.432,,,0.010349055133375844
218.464,,,0.026168028608935752
218.496,,,0.010000206339031339
218.528,,,0.0100000470079773
218.56,,,0.01002672467381077
218.592,,,0.010037765502929686
218.624,,,0.010073751764282884
218.656,,,0.010006178555334078
218.688,,,0.01001876450976914
218.72,,,0.010052967545965857
218.752,,,0.018187375734912182
218.784,,,0.015085587297504338
218.816,,,0.09203757081218102
218.848,,,0.04069733156888105
218.88,,,0.018187375734912185
218.912,,,0.012403124793551348
218.944,,,0.010000001546554298
218.976,65.40639132514966,0.0,0.01000000521622945
219.008,65.40639132514966,0.0,0.010000016226422834
219.04,65.40639132514966,0.0,0.010000516719604524
219.072,65.40639132514966,0.0,0.010004191052795272
219.104,65.40639132514966,0.0,0.010018764509769141
219.136,65.40639132514966,0.0,0.01000012784523254
219.168,91.96585291173604,-10.000000000000853,0.0100000470079773
219.2,67.7129427339704,-40.00000000000057,0.010000078102280324
219.232,65.40639132514966,0.0,0.010000206339031342
219.264,78.68552628393921,20.000000000000284,0.010001873046012551
219.296,78.23233100085048,9.999999999999432,0.010467533617069903
219.328,70.10083450255941,19.999999999999574,0.015085587297504336
219.36,70.10083450255941,19.999999999999574,0.20650679911775222
219.392,70.10083450255941,19.999999999999574,0.2796051653363588
219.424,69.6970834057884,9.999999999999432,0.07797523762294818
219.456,70.10083450255941,19.999999999999574,0.011422334250709078
219.488,70.50692450564009,29.999999999999005,0.010349055133375843
219.52,,,0.011853505394683411
219.552,,,0.015085587297504338
219.584,,,0.011422334250709074
219.616,,,0.010037765502929688
219.648,,,0.01010197459374499
219.68,,,0.010191075496968311
219.712,,,0.010140046044704068
219.744,,,0.010467533617069903
219.776,70.10083450255941,19.999999999999574,0.013980210380185926
219.808,70.10083450255941,19.999999999999574,0.04069733156888106
219.84,70.10083450255941,19.999999999999574,0.015085587297504333
219.872,76.44550209132854,-30.000000000000426,0.020317628556360583
219.904,80.5247132770094,-40.00000000000057,0.010191075496968308
219.936,82.40688922821748,0.0,0.015085587297504335
219.968,82.40688922821748,0.0,0.03489742801962526
220.0,82.40688922821748,0.0,0.10857977072874496
220.032,82.88426748110167,10.000000000000142,0.15046460134333883
220.064,82.88426748110167,10.000000000000142,0.1504646013433388
220.096,82.40688922821748,0.0,0.1504646013433388
220.128,82.40688922821748,0.0,0.2065067991177523
220.16,,,0.04069733156888106
220.192,,,0.03489742801962527
220.224,,,0.013100262550513395
220.256,,,0.010073751764282882
220.288,,,0.0100028158258111
220.32,,,0.010001873046012553
220.352,,,0.01019107549696831
220.384,,,0.010140046044704068
220.416,,,0.010004191052795269
220.448,,,0.01000000928748663
220.48,,,0.010073751764282884
220.512,,,0.011422334250709076
220.544,,,0.010622609040911533
220.576,,,0.011085791888943373
220.608,,,0.010000078102280324
220.64,,,0.010000328604501658
220.672,,,0.010191075496968311
220.704,,,0.010467533617069905
220.736,,,0.0229442191246386
220.768,,,0.047686993082531035
220.8,,,0.2796051653363589
220.832,,,0.09203757081218103
220.864,,,0.010026724673810772
220.896,,,0.010000000001606035
220.928,,,0.010000027850262286
220.96,,,0.010000027850262286
220.992,,,0.010000802780927255
221.024,,,0.010101974593744989
221.056,,,0.01646758759311301
221.088,,,0.01010197459374499
221.12,,,0.011085791888943373
221.152,,,0.016467587593113002
221.184,,,0.020317628556360583
221.216,,,0.015085587297504342
221.248,,,0.0229442191246386
221.28,,,0.012403124793551348
221.312,,,0.010622609040911533
221.344,,,0.010000328604501658
221.376,65.40639132514966,0.0,0.010000002871100368
221.408,65.40639132514966,0.0,0.010000516719604524
221.44,65.40639132514966,0.0,0.01001876450976914
221.472,67.7129427339704,-40.00000000000057,0.01000419105279527
221.504,68.10519982075922,-30.000000000001137,0.0100000470079773
221.536,68.10519982075922,-30.000000000001137,0.010013068846238976
221.568,73.84148765291448,9.999999999999432,0.011085791888943373
221.6,73.84148765291448,9.999999999999432,0.013100262550513397
221.632,73.84148765291448,9.999999999999432,0.010349055133375844
221.664,72.99334582862124,-10.000000000000142,0.010013068846238973
221.696,82.40688922821748,0.0,0.01001876450976914
221.728,82.88426748110167,10.000000000000142,0.010140046044704065
221.76,82.88426748110167,10.000000000000142,0.01082446368655032
221.792,82.88426748110167,10.000000000000142,0.010191075496967928
221.824,87.81282249923147,9.999999999999432,0.010004191052795269
221.856,87.81282249923147,9.999999999999432,0.010824463728234165
221.888,,,0.020317628556360583
221.92,,,0.09203757081218102
221.952,,,0.047686993082531035
221.984,,,0.011422334250709073
222.016,,,0.010000328604501662
222.048,,,0.010000016226422836
222.08,,,0.010009025493342986
222.112,,,0.0100028158258111
222.144,110.63722351746388,9.999999999999432,0.013980210380185928
222.176,109.99999999999999,-1.4210854715202004e-12,0.034897428019625254
222.208,109.3664466199302,-10.000000000000853,0.030106861794195014
222.24,127.08879665595002,-50.0,0.010000127845232541
222.272,127.08879665595002,-50.0,0.010349055133375844
222.304,127.08879665595002,-50.0,0.011853505394683413
222.336,127.08879665595002,-50.0,0.011853505394683413
222.368,126.35681904967383,39.99999999999915,0.011422334250709074
222.4,147.68297530582896,9.999999999999432,0.022944219124638603
222.432,147.68297530582896,9.999999999999432,0.04768699308253102
222.464,147.68297530582896,9.999999999999432,0.020317628556360583
222.496,147.68297530582896,9.999999999999432,0.02294421912463861
222.528,147.68297530582896,9.999999999999432,0.010006178555334078
222.56,119.26495573315601,39.99999999999915,0.010000005216229449
222.592,80.9911881955289,-30.000000000001137,0.010000078102280324
222.624,80.5247132770094,-40.00000000000057,0.010000328604501658
222.656,74.26924703925044,19.999999999998863,0.010140046044704068
222.688,73.84148765291448,9.999999999999432,0.03489742801962527
222.72,73.84148765291448,9.999999999999432,0.034897428019625254
222.752,73.4161919793519,-7.105427357601002e-13,0.026168028608935755
222.784,73.4161919793519,-7.105427357601002e-13,0.026168028608935755
222.816,73.4161919793519,-7.105427357601002e-13,0.01646758759311301
222.848,73.4161919793519,-7.105427357601002e-13,0.010467533617069905
222.88,81.93226047174862,-10.000000000000853,0.010026724673810768
222.912,82.40688922821748,0.0,0.01010197459374499
222.944,81.93226047174862,-10.000000000000853,0.010259050559778861
222.976,81.93226047174862,-10.000000000000853,0.011085791888943375
223.008,81.46036537576103,-20.000000000000284,0.010622609040911528
223.04,72.57293509250918,-20.000000000000284,0.010052967545965855
223.072,74.26924703925044,19.999999999998863,0.01000123296498612
223.104,86.30425076864258,-20.000000000000284,0.010009025493342986
223.136,86.30425076864258,-20.000000000000284,0.010004191052795272
223.168,86.80420620725056,-10.000000000000142,0.010000009287486629
223.2,,,0.010000000003996621
223.232,,,0.010000000000613763
223.264,,,0.010000000001606035
223.296,,,0.010000000047726023
223.328,,,0.01001876450976914
223.36,,,0.016467587593113005
223.392,,,0.06608151270920701
223.424,,,0.01000020633903134
223.456,,,0.010000016226422836
223.488,65.40639132514966,0.0,0.01000012784523254
223.52,65.40639132514966,0.0,0.010000802780927255
223.552,65.40639132514966,0.0,0.01002672467381077
223.584,65.40639132514966,0.0,0.010001873042520752
223.616,66.54967490706109,29.999999999999716,0.010000802780927255
223.648,66.54967490706109,29.999999999999716,0.010001873046012551
223.68,66.54967490706109,29.999999999999716,0.010006178555334078
223.712,66.54967490706109,29.999999999999716,0.010013068846238975
223.744,66.54967490706109,29.999999999999716,0.010000005216229449
223.776,65.40639132514966,0.0,0.010000000101429396
223.808,65.40639132514966,0.0,0.010000802780927255
223.84,65.40639132514966,0.0,0.010006178555334078
223.872,65.40639132514966,0.0,0.010006178555334078
223.904,65.40639132514966,0.0,0.010000127845232541
223.936,66.16637698451642,20.000000000000284,0.0100028158258111
223.968,71.32617550580554,-50.0,0.010037765502929688
224.0,71.73936383710603,-40.00000000000057,0.011853505394683413
224.032,71.73936383710603,-40.00000000000057,0.010259050559778863
224.064,72.99334582862124,-10.000000000000142,0.010052967545965859
224.096,73.4161919793519,-7.105427357601002e-13,0.010001232964986121
224.128,72.57293509250918,-20.000000000000284,0.010001232964986118
224.16,72.57293509250918,-20.000000000000284,0.0100028158258111
224.192,72.57293509250918,-20.000000000000284,0.010013068846238976
224.224,73.84148765291448,9.999999999999432,0.010101974593744989
224.256,74.26924703925044,19.999999999998863,0.011853505394683411
224.288,73.84148765291448,9.999999999999432,0.016467587593113005
224.32,73.84148765291448,9.999999999999432,0.04069733156888106
224.352,73.84148765291448,9.999999999999432,0.07797523762294818
224.384,73.84148765291448,9.999999999999432,0.06608151270920701
224.416,74.26924703925044,19.999999999998863,0.030106861794195014
224.448,73.84148765291448,9.999999999999432,0.01508558729750434
224.48,72.99334582862124,-10.000000000000142,0.011085791888943373
224.512,75.13221412149176,39.99999999999915,0.010018764509769141
224.544,99.71184887709214,29.999999999999005,0.010000027850262288
224.576,106.86851352689663,50.0,0.010013068846238975
224.608,107.48759652776704,-40.00000000000057,0.010013068846238976
224.64,117.21605517913326,9.999999999999432,0.010000516719604524
224.672,117.21605517913326,9.999999999999432,0.01002672467381077
224.704,117.21605517913326,9.999999999999432,0.010000802780927256
224.736,,,0.010000206339031339
224.768,,,0.010009025493342986
224.8,,,0.010467533617069905
224.832,,,0.011853505394683413
224.864,,,0.011853505394683415
224.896,,,0.010824463728234169
224.928,,,0.010006178555334078
224.96,,,0.01000012784523254
224.992,78.68552628393921,20.000000000000284,0.01000123296498612
225.024,79.1413469005951,29.999999999999716,0.010052967545965857
225.056,78.68552628393921,20.000000000000284,0.01646758759311301
225.088,78.68552628393921,20.000000000000284,0.011422334250709074
225.12,78.23233100085048,9.999999999999432,0.013980210380185926
225.152,78.23233100085048,9.999999999999432,0.04069733156888105
225.184,77.78174593052022,-1.4210854715202004e-12,0.07797523762294821
225.216,77.78174593052022,-1.4210854715202004e-12,0.04069733156888107
225.248,77.78174593052022,-1.4210854715202004e-12,0.011853505394683415
225.28,77.78174593052022,-1.4210854715202004e-12,0.010140046044704068
225.312,73.84148765291448,9.999999999999432,0.010006178555334078
225.344,86.80420620725056,-10.000000000000142,0.010073751764282884
225.376,71.32617550580554,-50.0,0.011422334250709073
225.408,71.32617550580554,-50.0,0.010073751764282886
225.44,86.80420620725056,-10.000000000000142,0.010101974593744989
225.472,86.80420620725056,-10.000000000000142,0.01003776550292969
225.504,73.84148765291448,9.999999999999432,0.01010197459374499
225.536,86.80420620725056,-10.000000000000142,0.01003776550292969
225.568,71.73936383710603,-40.00000000000057,0.010000027850262286
225.6,,,0.010000000417925077
225.632,,,0.010000002871100368
225.664,,,0.010000027850262288
225.696,,,0.010000002871100368
225.728,,,0.010000078102280326
225.76,,,0.010026724673810768
225.792,,,0.010140046044704068
225.824,,,0.010000001546554296
225.856,,,0.01000123296498612
225.888,,,0.01000123296498612
225.92,65.40639132514966,0.0,0.01000032860450166
225.952,65.40639132514966,0.0,0.010140046044704068
225.984,65.40639132514966,0.0,0.010140046044704068
226.016,65.40639132514966,0.0,0.010037765502929688
226.048,65.40639132514966,0.0,0.010052967545965857
226.08,65.40639132514966,0.0,0.010101974593744989
226.112,65.40639132514966,0.0,0.01002672467381077
226.144,77.78174593052022,-1.4210854715202004e-12,0.01000002784972614
226.176,65.40639132514966,0.0,0.01000123296498612
226.208,65.40639132514966,0.0,0.01010197459374499
226.24,65.40639132514966,0.0,0.010622609040911533
226.272,65.40639132514966,0.0,0.010824463728234167
226.304,65.40639132514966,0.0,0.010037765502929688
226.336,65.40639132514966,0.0,0.01000419105279527
226.368,65.40639132514966,0.0,0.010037765502929686
226.4,,,0.010349055133375844
226.432,,,0.022944219124638603
226.464,,,0.01240312479355135
226.496,,,0.010349055133375846
226.528,65.40639132514966,0.0,0.010259050559778863
226.56,65.40639132514966,0.0,0.011853505394683415
226.592,65.40639132514966,0.0,0.016467587593113005
226.624,65.40639132514966,0.0,0.01240312479355135
226.656,65.40639132514966,0.0,0.01240312479355135
226.688,65.40639132514966,0.0,0.01108579188894337
226.72,65.40639132514966,0.0,0.013980210380185928
226.752,65.40639132514966,0.0,0.010009025493342986
226.784,69.6970834057884,9.999999999999432,0.01000617855533408
226.816,,,0.010018764509769138
226.848,,,0.01010197459374499
226.88,,,0.011422334250709074
226.912,,,0.010349055133375846
226.944,,,0.010073751764282882
226.976,,,0.013100262550513397
227.008,,,0.034897428019625254
227.04,,,0.010004191052795269
227.072,,,0.010140046044704067
227.104,,,0.010824463728234165
227.136,,,0.01398021038018593
227.168,,,0.01646758759311301
227.2,,,0.01010197459374499
227.232,,,0.010073751764282884
227.264,,,0.022944219124638607
227.296,,,0.04069733156888106
227.328,,,0.010009025493342986
227.36,,,0.010000000417925077
227.392,,,0.010000000101429396
227.424,,,0.010000000417925077
227.456,,,0.010000127845232541
227.488,,,0.010026724673810772
227.52,,,0.010140046044704068
227.552,,,0.010824463728234167
227.584,,,0.01646758759311301
227.616,,,0.020317628556360583
227.648,,,0.016467587593113005
227.68,,,0.015085587297504338
227.712,,,0.010824463728234167
227.744,,,0.010000516719604524
227.776,68.89654412432702,-10.000000000000853,0.010000802780927255
227.808,67.32294488175604,49.99999999999929,0.010001873046012551
227.84,65.40639132514966,0.0,0.01000617855533408
227.872,65.40639132514966,0.0,0.010000516719604526
227.904,65.40639132514966,0.0,0.010000802780927255
227.936,66.54967490706109,29.999999999999716,0.010000027850262286
227.968,66.54967490706109,29.999999999999716,0.010000009287486632
228.0,,,0.010006178555334078
228.032,,,0.01010197459374499
228.064,,,0.011853505394683413
228.096,,,0.011422334250709074
228.128,,,0.010052967545965857
228.16,,,0.01002672467381077
228.192,,,0.0229442191246386
228.224,,,0.010004191052795269
228.256,,,0.010037765502929688
228.288,,,0.010622609040911533
228.32,,,0.011085791888943373
228.352,,,0.015085587297504338
228.384,,,0.010467533617069905
228.416,,,0.01000617855533408
228.448,,,0.011085791888943373
228.48,,,0.015085587297504338
228.512,,,0.013980210380185928
228.544,,,0.01000032860450166
228.576,66.16637698451642,20.000000000000284,0.01000000521622945
228.608,65.40639132514966,0.0,0.01000123296498612
228.64,65.40639132514966,0.0,0.010006178555334078
228.672,65.40639132514966,0.0,0.01001876450976914
228.704,67.32294488175604,49.99999999999929,0.01000020633903134
228.736,67.32294488175604,49.99999999999929,0.010006178555334078
228.768,67.7129427339704,-40.00000000000057,0.010018764509769141
228.8,67.32294488175604,49.99999999999929,0.010004191052795272
228.832,,,0.01000020633903134
228.864,66.93519325188251,39.99999999999986,0.010000078102280326
228.896,66.93519325188251,39.99999999999986,0.0100000470079773
228.928,68.89654412432702,-10.000000000000853,0.01000419105279527
228.96,68.89654412432702,-10.000000000000853,0.010002815825811098
228.992,68.89654412432702,-10.000000000000853,0.0100028158258111
229.024,69.29565774421802,0.0,0.0100028158258111
229.056,69.29565774421802,0.0,0.01000419105279527
229.088,69.29565774421802,0.0,0.01000419105279527
229.12,65.40639132514966,0.0,0.010000516719604524
229.152,65.40639132514966,0.0,0.010000516719604524
229.184,65.40639132514966,0.0,0.010000027850262286
229.216,,,0.010026724673810768
229.248,,,0.011085791888943371
229.28,,,0.01818737573491218
229.312,,,0.02616802860893576
229.344,,,0.015085587297504336
229.376,,,0.011853505394683413
229.408,,,0.01000123296498612
229.44,266.19869962824436,30.000000000000426,0.010000001546554296
229.472,290.2917403700367,-20.000000000001705,0.010052967545965857
229.504,291.9733833144849,-10.000000000000142,0.013980210380185928
229.536,293.6647679174075,-7.105427357601002e-13,0.018187375734912182
229.568,293.6647679174075,-7.105427357601002e-13,0.04069733156888106
229.6,311.12698372208087,0.0,0.010349055133375844
229.632,325.8414615030442,-20.000000000000284,0.056071395445892624
229.664,325.8414615030442,-20.000000000000284,0.07797523762294817
229.696,325.8414615030442,-20.000000000000284,0.06608151270920701
229.728,331.5370699244067,9.999999999999432,0.010191075496968311
229.76,331.5370699244067,9.999999999999432,0.011085791888943373
229.792,331.5370699244067,9.999999999999432,0.015085587297504338
229.824,331.5370699244067,9.999999999999432,0.020317628556360583
229.856,329.6275569128699,-1.4210854715202004e-12,0.03010686179419501
229.888,329.6275569128699,-1.4210854715202004e-12,0.01082446372804035
229.92,329.6275569128699,-1.4210854715202004e-12,0.010140046044638215
229.952,331.5370699244067,9.999999999999432,0.010037765502929688
229.984,,,0.010000802780927256
230.016,,,0.01000419105279527
230.048,,,0.010009025493342602
230.08,,,0.010000127845166688
230.112,109.3664466199302,-10.000000000000853,0.01000187304601092
230.144,109.3664466199302,-10.000000000000853,0.010191075496947479
230.176,109.3664466199302,-10.000000000000853,0.010101974593208848
230.208,109.99999999999999,-1.4210854715202004e-12,0.010026724673810385
230.24,97.43442710125966,-10.000000000000853,0.01000419105279527
230.272,97.43442710125966,-10.000000000000853,0.010140046044704068
230.304,97.43442710125966,-10.000000000000853,0.013100262550513395
230.336,97.43442710125966,-10.000000000000853,0.013100262550513395
230.368,97.99885899543732,0.0,0.030106861794195007
230.4,97.99885899543732,0.0,0.04069733156888106
230.432,97.99885899543732,0.0,0.034897428019625254
230.464,97.99885899543732,0.0,0.06608151270920702
230.496,97.99885899543732,0.0,0.04069733156888106
230.528,97.43442710125966,-10.000000000000853,0.05607139544589263
230.56,96.87324609557632,-20.000000000000284,0.018187375734912182
230.592,144.30989148811935,-30.000000000001137,0.010622609040911533
230.624,141.8307339283537,39.99999999999915,0.010001232964986118
230.656,136.21039964151845,-30.000000000001137,0.010073751764282884
230.688,131.5705733911144,9.999999999999432,0.011422334250709074
230.72,117.89508087899223,19.999999999999574,0.013980210380185926
230.752,117.21605517913326,9.999999999999432,0.047686993082531035
230.784,124.18608452867443,9.999999999999432,0.010037765502929688
230.816,117.21605517913326,9.999999999999432,0.01646758759311301
230.848,114.5388367788287,-30.000000000001137,0.018187375734912182
230.88,114.5388367788287,-30.000000000001137,0.05607139544589262
230.912,114.5388367788287,-30.000000000001137,0.03010686179419501
230.944,,,0.010037765502929688
230.976,,,0.010000001546554295
231.008,72.57293509250918,-20.000000000000284,0.010000002871100368
231.04,72.99334582862124,-10.000000000000142,0.010000802780927255
231.072,73.4161919793519,-7.105427357601002e-13,0.010622609040911531
231.104,73.4161919793519,-7.105427357601002e-13,0.02031762855636058
231.136,72.99334582862124,-10.000000000000142,0.026168028608935755
231.168,72.57293509250918,-20.000000000000284,0.03010686179419501
231.2,71.73936383710603,-40.00000000000057,0.056071395445892624
231.232,70.91536696417685,39.99999999999915,0.04069733156888106
231.264,70.50692450564009,29.999999999999005,0.011853505394683413
231.296,72.57293509250918,-20.000000000000284,0.011422334250709076
231.328,73.4161919793519,-7.105427357601002e-13,0.011085791888943373
231.36,73.4161919793519,-7.105427357601002e-13,0.013100262550513395
231.392,73.4161919793519,-7.105427357601002e-13,0.06608151270920701
231.424,73.84148765291448,9.999999999999432,0.013980210380185928
231.456,81.46036537576103,-20.000000000000284,0.010349055133375844
231.488,82.40688922821748,0.0,0.011853505394683413
231.52,82.40688922821748,0.0,0.013100262550513395
231.552,82.88426748110167,10.000000000000142,0.010259050559778863
231.584,69.6970834057884,9.999999999999432,0.010349055133375844
231.616,69.6970834057884,9.999999999999432,0.020317628556360583
231.648,69.6970834057884,9.999999999999432,0.09203757081218102
231.68,69.6970834057884,9.999999999999432,0.07797523762294817
231.712,69.6970834057884,9.999999999999432,0.092037570812181
231.744,69.6970834057884,9.999999999999432,0.09203757081218102
231.776,87.30705785825097,-7.105427357601002e-13,0.06608151270920701
231.808,,,0.013100262550513393
231.84,,,0.010622609040911533
231.872,,,0.010824463728234167
231.904,,,0.012403124793551348
231.936,,,0.013100262550513395
231.968,,,0.010467533617069905
232.0,,,0.010259050559778863
232.032,,,0.010824463728234167
232.064,,,0.010018764509769141
232.096,,,0.01014004604470407
232.128,,,0.010101974593744992
232.16,73.4161919793519,-7.105427357601002e-13,0.010000206339031342
232.192,72.99334582862124,-10.000000000000142,0.010001232964986116
232.224,70.10083450255941,19.999999999999574,0.010013068846238975
232.256,70.10083450255941,19.999999999999574,0.010467533617069903
232.288,70.50692450564009,29.999999999999005,0.011085791888943373
232.32,73.84148765291448,9.999999999999432,0.010824463728234165
232.352,73.4161919793519,-7.105427357601002e-13,0.010824463728234167
232.384,72.99334582862124,-10.000000000000142,0.012403124793551351
232.416,72.57293509250918,-20.000000000000284,0.016467587593113005
232.448,81.93226047174862,-10.000000000000853,0.022944219124638596
232.48,81.93226047174862,-10.000000000000853,0.0229442191246386
232.512,65.40639132514966,0.0,0.02616802860893575
232.544,65.40639132514966,0.0,0.026168028608935755
232.576,65.7852866955572,9.999999999999432,0.015085587297504335
232.608,65.7852866955572,9.999999999999432,0.010259050559778861
232.64,65.7852866955572,9.999999999999432,0.01000123296498612
232.672,70.10083450255941,19.999999999999574,0.010009025493342988
232.704,70.10083450255941,19.999999999999574,0.010140046044704067
232.736,70.10083450255941,19.999999999999574,0.011422334250709076
232.768,70.10083450255941,19.999999999999574,0.011422334250709076
232.8,69.6970834057884,9.999999999999432,0.01398021038018593
232.832,69.6970834057884,9.999999999999432,0.018187375734912182
232.864,70.10083450255941,19.999999999999574,0.015085587297504336
232.896,70.10083450255941,19.999999999999574,0.010467533617069905
232.928,76.00520839822768,-40.00000000000057,0.010037765502929688
232.96,74.26924703925044,19.999999999998863,0.010467533617069905
232.992,73.84148765291448,9.999999999999432,0.0229442191246386
233.024,73.84148765291448,9.999999999999432,0.04768699308253103
233.056,73.84148765291448,9.999999999999432,0.010349055133375843
233.088,72.99334582862124,-10.000000000000142,0.010000802780927253
233.12,,,0.010001873046012551
233.152,,,0.010073751764282884
233.184,,,0.010009025493342986
233.216,,,0.010824463728234167
233.248,,,0.010824463728234167
233.28,,,0.010001873046012551
233.312,,,0.0100000470079773
233.344,,,0.010000127845232541
233.376,66.16637698451642,20.000000000000284,0.010000000009505967
233.408,65.40639132514966,0.0,0.0100028158258111
233.44,65.40639132514966,0.0,0.01000123296498612
233.472,65.40639132514966,0.0,0.010013068846238975
233.504,65.40639132514966,0.0,0.01000032860450166
233.536,65.40639132514966,0.0,0.010013068846238975
233.568,70.10083450255941,19.999999999999574,0.010140046044704068
233.6,70.10083450255941,19.999999999999574,0.01508558729750434
233.632,70.50692450564009,29.999999999999005,0.010349055133375843
233.664,70.10083450255941,19.999999999999574,0.010349055133375843
233.696,74.26924703925044,19.999999999998863,0.010349055133375844
233.728,74.26924703925044,19.999999999998863,0.010467533617069905
233.76,85.3129619008554,-40.00000000000057,0.011085791888943373
233.792,74.26924703925044,19.999999999998863,0.010052967545965857
233.824,74.26924703925044,19.999999999998863,0.010000802780927255
233.856,74.26924703925044,19.999999999998863,0.010824463728234165
233.888,74.26924703925044,19.999999999998863,0.012403124793551348
233.92,74.26924703925044,19.999999999998863,0.018187375734912182
233.952,73.84148765291448,9.999999999999432,0.022944219124638603
233.984,72.99334582862124,-10.000000000000142,0.03489742801962526
234.016,72.99334582862124,-10.000000000000142,0.03489742801962527
234.048,72.99334582862124,-10.000000000000142,0.06608151270920701
234.08,72.99334582862124,-10.000000000000142,0.1504646013433388
234.112,72.99334582862124,-10.000000000000142,0.04069733156888105
234.144,77.33375603922921,-10.000000000000853,0.010037765502929686
234.176,87.30705785825097,-7.105427357601002e-13,0.010001232964986118
234.208,99.13755088719131,19.999999999999574,0.010000328604501662
234.24,116.54094037952247,0.0,0.010000000003996623
234.272,78.23233100085048,9.999999999999432,0.010000016226422836
234.304,78.23233100085048,9.999999999999432,0.010013068846238975
234.336,77.33375603922921,-10.000000000000853,0.010191075496968311
234.368,77.33375603922921,-10.000000000000853,0.020317628556360583
234.4,76.88834637984607,-20.000000000000284,0.04768699308253104
234.432,72.57293509250918,-20.000000000000284,0.0779752376229482
234.464,69.29565774421802,0.0,0.01508558729750434
234.496,68.89654412432702,-10.000000000000853,0.011085791888943373
234.528,65.7852866955572,9.999999999999432,0.01000000928748663
234.56,,,0.010000016226422838
234.592,65.40639132514966,0.0,0.01000419105279527
234.624,65.40639132514966,0.0,0.01000032860450166
234.656,65.40639132514966,0.0,0.01000419105279527
234.688,65.40639132514966,0.0,0.01002672467381077
234.72,65.40639132514966,0.0,0.01000000928748663
234.752,70.10083450255941,19.999999999999574,0.010000078102280324
234.784,70.10083450255941,19.999999999999574,0.010467533617069905
234.816,70.50692450564009,29.999999999999005,0.010259050559778864
234.848,70.10083450255941,19.999999999999574,0.010349055133375843
234.88,74.26924703925044,19.999999999998863,0.010073751764282884
234.912,74.26924703925044,19.999999999998863,0.01002672467381077
234.944,85.3129619008554,-40.00000000000057,0.010191075496968311
234.976,85.3129619008554,-40.00000000000057,0.010622609040911531
235.008,84.82159539743674,49.99999999999858,0.010000002871100368
235.04,74.26924703925044,19.999999999998863,0.01002672467381077
235.072,74.26924703925044,19.999999999998863,0.015085587297504338
235.104,74.26924703925044,19.999999999998863,0.056071395445892624
235.136,74.26924703925044,19.999999999998863,0.17653060863289757
235.168,74.26924703925044,19.999999999998863,0.17653060863289757
235.2,74.26924703925044,19.999999999998863,0.1765306086328976
235.232,74.26924703925044,19.999999999998863,0.24075439447557434
235.264,74.26924703925044,19.999999999998863,0.42606232904328145
235.296,74.26924703925044,19.999999999998863,0.42606232904328145
235.328,74.26924703925044,19.999999999998863,0.09203757081218102
235.36,74.26924703925044,19.999999999998863,0.018187375734912182
235.392,79.1413469005951,29.999999999999716,0.01010197459374499
235.424,79.59980805922079,39.99999999999986,0.01000123296498612
235.456,74.26924703925044,19.999999999998863,0.010000027850262284
235.488,65.40639132514966,0.0,0.010000027850262286
235.52,65.40639132514966,0.0,0.010000802780927256
235.552,65.40639132514966,0.0,0.01010197459374499
235.584,65.7852866955572,9.999999999999432,0.010037765502929688
235.616,66.54967490706109,29.999999999999716,0.01010197459374499
235.648,66.54967490706109,29.999999999999716,0.010037765502929688
235.68,65.7852866955572,9.999999999999432,0.010037765502929688
235.712,65.7852866955572,9.999999999999432,0.010037765502929686
235.744,65.7852866955572,9.999999999999432,0.010000000814014906
235.776,69.6970834057884,9.999999999999432,0.010000000003996623
235.808,66.54967490706109,29.999999999999716,0.0100000470079773
235.84,65.40639132514966,0.0,0.0100000470079773
235.872,67.7129427339704,-40.00000000000057,0.010000516719604524
235.904,67.7129427339704,-40.00000000000057,0.010000078102280324
235.936,69.29565774421802,0.0,0.01001876450976914
235.968,70.10083450255941,19.999999999999574,0.010349055133375844
236.0,70.10083450255941,19.999999999999574,0.0229442191246386
236.032,70.10083450255941,19.999999999999574,0.01646758759311301
236.064,69.6970834057884,9.999999999999432,0.03489742801962526
236.096,69.6970834057884,9.999999999999432,0.05607139544589262
236.128,69.6970834057884,9.999999999999432,0.07797523762294818
236.16,87.30705785825097,-7.105427357601002e-13,0.09203757081218103
236.192,,,0.012403124793551348
236.224,,,0.01010197459374499
236.256,,,0.011085791888943373
236.288,,,0.015085587297504338
236.32,,,0.01508558729750434
236.352,396.5502035487653,19.999999999998863,0.04768699308253104
236.384,394.2662424412591,9.999999999999432,0.07797523762294818
236.416,394.2662424412591,9.999999999999432,0.2407543944755743
236.448,391.9954359817493,0.0,0.48498680771591135
236.48,391.9954359817493,0.0,0.5485250542599845
236.512,398.84739550836855,29.999999999998295,0.10857977072874497
236.544,422.5640958224419,29.999999999999716,0.020317628556360583
236.576,437.4657864797208,-9.999999999999432,0.07797523762294818
236.608,434.9461689552743,-20.000000000001705,0.07797523762294818
236.64,422.5640958224419,29.999999999999716,0.030106861794195014
236.672,415.30469757994507,0.0,0.07797523762294818
236.704,417.71053321822836,9.999999999999432,0.04069733156888106
236.736,429.9503861110682,-40.00000000000057,0.056071395445892624
236.768,439.99999999999994,0.0,0.4260623290432814
236.8,442.5488940698555,9.999999999999432,0.5485250542599845
236.832,439.99999999999994,0.0,0.6159498854580681
236.864,434.9461689552743,-20.000000000001705,0.5485250542599845
236.896,427.4740541075866,50.0,0.040697331568881064
236.928,,,0.010000002871100368
236.96,,,0.010000127845232541
236.992,,,0.01000419105279527
237.024,,,0.01000020633903134
237.056,,,0.0100028158258111
237.088,,,0.010013068846238975
237.12,69.6970834057884,9.999999999999432,0.010000016226422836
237.152,69.6970834057884,9.999999999999432,0.010006178555334078
237.184,70.10083450255941,19.999999999999574,0.018187375734912182
237.216,70.10083450255941,19.999999999999574,0.03010686179419501
237.248,70.10083450255941,19.999999999999574,0.09203757081218102
237.28,70.10083450255941,19.999999999999574,0.1279370863012903
237.312,70.10083450255941,19.999999999999574,0.092037570812181
237.344,70.10083450255941,19.999999999999574,0.06608151270920704
237.376,72.99334582862124,-10.000000000000142,0.04768699308253103
237.408,80.9911881955289,-30.000000000001137,0.011853505394683413
237.44,82.40688922821748,0.0,0.013980210380185928
237.472,,,0.016467587593113005
237.504,,,0.03489742801962526
237.536,,,0.013100262550513393
237.568,,,0.010001232964986121
237.6,293.6647679174075,-7.105427357601002e-13,0.03489742783717861
237.632,293.6647679174075,-7.105427357601002e-13,0.10857976822112964
237.664,293.6647679174075,-7.105427357601002e-13,0.2796051639856004
237.696,293.6647679174075,-7.105427357601002e-13,0.4260623286782662
237.728,293.6647679174075,-7.105427357601002e-13,0.37213589829744287
237.76,293.6647679174075,-7.105427357601002e-13,0.37213589829750876
237.792,293.6647679174075,-7.105427357601002e-13,0.4260623290432814
237.824,293.6647679174075,-7.105427357601002e-13,0.4849868077159113
237.856,293.6647679174075,-7.105427357601002e-13,0.615949885458068
237.888,293.6647679174075,-7.105427357601002e-13,0.6860828109301793
237.92,291.9733833144849,-10.000000000000142,0.4260623290432815
237.952,290.2917403700367,-20.000000000001705,0.04069733156888105
237.984,286.9574553484241,-40.00000000000057,0.013980210380185928
238.016,,,0.010052967545965859
238.048,,,0.010073751764282884
238.08,,,0.01001876450976914
238.112,,,0.01000032860450166
238.144,,,0.010000127845232543
238.176,66.93519325188251,39.99999999999986,0.010000000000221911
238.208,65.40639132514966,0.0,0.01000123296498612
238.24,65.40639132514966,0.0,0.01000123296498612
238.272,65.40639132514966,0.0,0.010013068846238975
238.304,65.40639132514966,0.0,0.01000020633903134
238.336,65.40639132514966,0.0,0.010013068846238975
238.368,70.10083450255941,19.999999999999574,0.010191075496968313
238.4,70.10083450255941,19.999999999999574,0.013980210380185928
238.432,70.50692450564009,29.999999999999005,0.010824463728234169
238.464,74.26924703925044,19.999999999998863,0.011422334250709074
238.496,74.26924703925044,19.999999999998863,0.011853505394683413
238.528,74.26924703925044,19.999999999998863,0.012403124793551348
238.56,74.26924703925044,19.999999999998863,0.013100262550513395
238.592,74.26924703925044,19.999999999998863,0.010073751764282882
238.624,74.26924703925044,19.999999999998863,0.01000419105279527
238.656,74.26924703925044,19.999999999998863,0.011422334250709074
238.688,74.26924703925044,19.999999999998863,0.013100262550513395
238.72,74.26924703925044,19.999999999998863,0.0229442191246386
238.752,73.84148765291448,9.999999999999432,0.047686993082531035
238.784,73.4161919793519,-7.105427357601002e-13,0.07797523762294818
238.816,72.99334582862124,-10.000000000000142,0.0779752376229482
238.848,72.99334582862124,-10.000000000000142,0.07797523762294818
238.88,72.99334582862124,-10.000000000000142,0.12793708630129036
238.912,72.99334582862124,-10.000000000000142,0.03489742801962527
238.944,77.33375603922921,-10.000000000000853,0.010052967545965857
238.976,86.80420620725056,-10.000000000000142,0.010000016226422834
239.008,98.56656061031477,9.999999999999432,0.010000000001606033
239.04,,,0.010000000000000437
239.072,78.23233100085048,9.999999999999432,0.010000000208892744
239.104,78.23233100085048,9.999999999999432,0.010000078102280324
239.136,77.33375603922921,-10.000000000000853,0.0100028158258111
239.168,77.33375603922921,-10.000000000000853,0.010467533617069905
239.2,73.4161919793519,-7.105427357601002e-13,0.010191075496968311
239.232,72.99334582862124,-10.000000000000142,0.010824463728234167
239.264,69.29565774421802,0.0,0.010073751764282884
239.296,65.7852866955572,9.999999999999432,0.010191075496968311
239.328,65.7852866955572,9.999999999999432,0.010000000417925075
239.36,,,0.010000000814014906
239.392,65.40639132514966,0.0,0.010009025493342986
239.424,65.40639132514966,0.0,0.01000123296498612
239.456,65.40639132514966,0.0,0.010006178555334078
239.488,65.40639132514966,0.0,0.010013068846238975
239.52,65.40639132514966,0.0,0.010000016226422836
239.552,65.7852866955572,9.999999999999432,0.010000005216229449
239.584,66.16637698451642,20.000000000000284,0.010018764509769138
239.616,70.10083450255941,19.999999999999574,0.010000027850262282
239.648,,,0.0100000470079773
239.68,74.26924703925044,19.999999999998863,0.010000016226422836
239.712,74.26924703925044,19.999999999998863,0.01000020633903134
239.744,74.26924703925044,19.999999999998863,0.010001873046012553
239.776,84.82159539743674,49.99999999999858,0.010000802780927253
239.808,74.26924703925044,19.999999999998863,0.010000002871100366
239.84,74.69948441050268,29.999999999999716,0.01000419105279527
239.872,74.69948441050268,29.999999999999716,0.010101974593744992
239.904,74.69948441050268,29.999999999999716,0.010824463728234165
239.936,74.26924703925044,19.999999999998863,0.015085587297504338
239.968,74.26924703925044,19.999999999998863,0.010824463728234167
240.0,73.84148765291448,9.999999999999432,0.010052967545965857
