time_s,rms,centroid_hz,flatness,zcr,onset,lt300_ratio,novelty
0.0,2.1006335e-06,2819.38173897418,0.41068432,0.24658203125,0.0,0.22326712,0.0
0.032,2.0979867e-06,3428.058027280656,0.43821594,0.37255859375,0.0,0.17903578,0.0
0.064,2.3469165e-06,3705.742227262576,0.47954047,0.5,0.0,0.11134996,0.0
0.096,2.4082105e-06,3697.2416567655728,0.46697778,0.49560546875,0.0,0.09653701,0.0
0.128,2.3598516e-06,3680.041131025858,0.47025812,0.4892578125,0.0,0.08757511,0.0
0.16,2.3987775e-06,3701.652772042025,0.48202264,0.490234375,0.0,0.06977432,0.0
0.192,2.4303229e-06,3689.590979132816,0.49717012,0.47607421875,0.0,0.036246467,0.0
0.224,2.4155654e-06,3601.7446455100235,0.47136524,0.47998046875,0.0,0.05248882,0.0
0.256,2.4471449e-06,3679.8190158618468,0.48186895,0.47265625,0.0,0.05052516,0.0
0.288,2.461124e-06,3685.037112269629,0.49041668,0.46630859375,0.0,0.0370643,0.0
0.32,2.509857e-06,3611.135675786088,0.4889024,0.4736328125,0.0,0.053186864,0.0
0.352,2.2715396e-06,3699.294567262198,0.46878022,0.48291015625,0.0,0.051669937,0.0
0.384,2.2830136e-06,3643.474611542825,0.47236434,0.498046875,0.0,0.053845175,0.0
0.416,2.0664775e-06,3713.760421712025,0.48862976,0.49853515625,0.0,0.09526412,0.0
0.448,2.022811e-06,3643.119668784173,0.49239707,0.50244140625,0.0,0.10358969,0.0
0.48,2.417513e-06,3615.220945787536,0.4712171,0.4638671875,0.0,0.09508261,0.0
0.512,0.0006717211,2951.7053679501096,0.21663597,0.41455078125,0.0,0.0011184807,0.0
0.544,0.036302164,2738.2717582540204,0.14338353,0.32177734375,0.0,0.35490105,0.0
0.576,0.13002305,2308.41813100877,0.049716268,0.2275390625,5.545905,0.7166135,0.0
0.608,0.16630043,1991.5458398425799,0.018187368,0.177734375,32.699738,0.8186301,0.0
0.64,0.110587515,2211.420919902411,0.014809469,0.1328125,7.3802214,0.74092424,0.0
0.672,0.08204508,2275.577609906559,0.015727451,0.1357421875,0.7208749,0.66261536,0.0
0.704,0.08054837,2257.8262239357537,0.010323483,0.12939453125,0.12646571,0.7419767,0.0
0.736,0.076941155,2257.207305633806,0.011675192,0.11669921875,0.28157696,0.8217215,0.0
0.768,0.081233844,2309.5906943501186,0.015825808,0.1171875,0.24345094,0.7240825,0.0
0.8,0.08812733,2327.9473153135914,0.011783573,0.10009765625,0.8081135,0.5805613,0.0
0.832,0.075300805,2349.756035126153,0.013714078,0.11376953125,2.2896671,0.6715893,0.0
0.864,0.08895687,2564.8206043048785,0.04271887,0.123046875,0.68198204,0.47846067,0.0
0.896,0.10309639,2533.9401287873948,0.031581007,0.12548828125,0.78360224,0.35184604,0.0
0.928,0.08668284,2335.1355787247285,0.011597146,0.1337890625,5.420178,0.47961757,0.0
0.96,0.079514556,2030.5983215322847,0.005452605,0.11669921875,0.752165,0.59646314,0.0
0.992,0.07308934,1926.6629469296618,0.0044802157,0.1015625,0.09627357,0.7082027,0.0
1.024,0.06863624,1845.29930298531,0.017319366,0.09716796875,0.1422098,0.74209064,0.0
1.056,0.08995011,1869.096006884998,0.03056251,0.11181640625,0.31728372,0.45084155,0.0
1.088,0.10531112,1969.8749833873921,0.018426519,0.11767578125,5.520002,0.31172642,0.0
1.12,0.08460493,1884.966235977994,0.008024479,0.12451171875,4.893089,0.46059558,0.0
1.152,0.07739576,2479.9764986843393,0.04705621,0.14453125,0.6730169,0.53535545,0.0
1.184,0.09925987,2736.3114928128607,0.059959088,0.14404296875,0.05016311,0.29943618,0.0
1.216,0.086011514,2604.622583236769,0.026984423,0.14990234375,5.310511,0.36665097,0.0
1.248,0.07012697,2134.727210819239,0.008642995,0.14111328125,2.936276,0.48897696,0.0
1.28,0.064577445,1857.168132430873,0.0050219223,0.12255859375,0.049820907,0.60475034,1.2349941779287963
1.312,0.0670856,1728.8697638201509,0.0041929637,0.09033203125,0.06352821,0.5902731,2.508005594008658
1.344,0.068354316,1565.0177894884553,0.009100412,0.091796875,0.18100162,0.72720873,3.7993709642342695
1.376,0.0873227,1554.7985121672284,0.0073321587,0.0947265625,0.9725877,0.66312796,5.083507800232557
1.408,0.091075376,1629.0137943405957,0.0039809207,0.08203125,3.8865354,0.5843415,6.35493808581654
1.44,0.07931847,2026.1477718946246,0.022387967,0.10595703125,2.1648872,0.729413,7.630077429209174
1.472,0.12911394,2259.6552233605707,0.040685527,0.0986328125,0.56526923,0.6534481,8.913100675476779
1.504,0.15177253,1968.5832456633855,0.01736817,0.09716796875,4.6490703,0.75353795,10.197426137551435
1.536,0.11149741,1669.3783131123978,0.0064000404,0.10400390625,6.271463,0.80619717,11.473506331639193
1.568,0.093429014,1435.4214063317436,0.0028396605,0.11181640625,0.4666336,0.73754084,12.741290130986439
1.6,0.09233958,1332.050444817792,0.0012648425,0.11376953125,0.06250362,0.5965445,14.003220721190669
1.632,0.085541815,1634.369935379928,0.005685903,0.11572265625,0.10526979,0.49574926,15.255385200761332
1.664,0.075134166,1910.4779547012288,0.021399686,0.12744140625,0.30057764,0.57397556,16.489884800151856
1.696,0.076292,2079.0955752591058,0.014991577,0.095703125,5.139506,0.5118816,17.711202354609473
1.728,0.06666007,2004.5599702484787,0.012398253,0.10009765625,3.9712229,0.6285707,18.928461134974597
1.76,0.08743102,2277.166783931948,0.06458273,0.0986328125,0.644805,0.6507363,18.909155862032115
1.792,0.13106528,2125.235285834128,0.037593164,0.0888671875,0.7230697,0.7175948,18.787340954537957
1.824,0.11475198,1886.5279122006777,0.011464806,0.11328125,7.96576,0.7401376,18.576116099524548
1.856,0.08628479,1535.450093584885,0.0038137273,0.107421875,1.9384317,0.666605,18.294257359097312
1.888,0.077237956,1364.54562710735,0.0013212758,0.10107421875,0.10098021,0.6681253,17.949107564854092
1.92,0.076088205,1451.4171516174952,0.0016007912,0.0859375,0.08564682,0.70841116,17.524016970099815
1.952,0.065203965,1741.136503889883,0.0070150755,0.09765625,0.15424038,0.7572045,17.015213687497713
1.984,0.0748457,2053.279369403117,0.0074553844,0.11083984375,1.26578,0.39379373,16.43236718739613
2.016,0.07396658,1981.9912254109495,0.0030806756,0.130859375,4.637122,0.30966654,15.787475130080312
2.048,0.06610765,2709.605410186192,0.04805178,0.16162109375,2.8042803,0.33866814,15.084216573058201
2.08,0.09665106,2848.513755870651,0.061369773,0.16064453125,0.26629424,0.16783088,14.313804102681267
2.112,0.09200104,2617.553240356412,0.024260066,0.16015625,7.293064,0.16690774,13.475874097475018
2.144,0.06886895,2100.256548727668,0.0047931117,0.16650390625,4.463432,0.3029434,12.576909496165818
2.176,0.057659175,1756.2973414898815,0.0021559156,0.15087890625,0.19264841,0.4591976,11.612302911879215
2.208,0.051376916,1775.9644291101963,0.007889479,0.1435546875,0.07731031,0.56209946,10.576551643670241
2.24,0.060645804,1993.6564306354574,0.049662285,0.1611328125,0.22404495,0.38270518,9.478524179269181
2.272,0.08754823,2217.676113397473,0.047097616,0.1708984375,3.9264505,0.13469076,8.42338717638698
2.304,0.07970848,2257.1322316714122,0.019482445,0.1826171875,8.987523,0.09079984,7.457995886870299
2.336,0.0506255,2480.689690761631,0.040005982,0.20947265625,2.7434785,0.16076456,6.585989709569622
2.368,0.077290185,2839.9361259117486,0.12140647,0.212890625,0.11362809,0.040682446,5.78698336964977
2.4,0.08759898,2810.389545147177,0.07159784,0.21240234375,0.9132905,0.020137649,5.0727279160158485
2.432,0.06035089,2653.9836350613646,0.014940233,0.22705078125,7.171108,0.04038579,4.435270877777905
2.464,0.04831351,2397.783511082095,0.003946008,0.22119140625,0.44942036,0.03077022,3.8698980618758045
2.496,0.043748327,2145.3579191280946,0.002068382,0.20166015625,0.090860724,0.019031927,3.3673998832028285
2.528,0.037247926,1770.07641237063,0.0078079645,0.17626953125,0.11864255,0.10720927,2.9260867519637865
2.56,0.053065374,1682.4851966610704,0.015094067,0.16259765625,0.34528607,0.45020077,2.548989266970598
2.592,0.07917842,1843.2533090723355,0.0073079593,0.12646484375,5.0544033,0.40538445,2.2400887516973973
2.624,0.06918049,1948.1900662281244,0.005528995,0.1220703125,5.324249,0.5212808,2.0038659041863554
2.656,0.08217113,2465.3292955506704,0.055331606,0.1171875,1.2638674,0.554729,1.8397586658264835
2.688,0.14067541,2214.017949639672,0.02920007,0.1025390625,0.6412516,0.64424247,1.7457201541366005
2.72,0.1308046,1794.8701696958306,0.007590199,0.119140625,8.749059,0.7412724,1.7099286645220313
2.752,0.08713398,1622.8760009360906,0.0035672698,0.10986328125,2.590677,0.676687,1.688785879498807
2.784,0.06912942,1495.009236645068,0.0021667152,0.11328125,0.115123026,0.64997196,1.6432025925308251
2.816,0.058662295,1613.1009211468916,0.0039521502,0.1318359375,0.0614035,0.7127654,1.5780865987312984
2.848,0.05151865,2022.979475864296,0.024572555,0.15234375,0.2154172,0.41026846,1.5115062523518203
2.88,0.06986746,2234.7836878595044,0.020832786,0.17919921875,2.1630287,0.1213552,1.4357865273343133
2.912,0.07353463,2285.3631059906847,0.0060668015,0.2080078125,5.824369,0.11243055,1.3568112378035297
2.944,0.06735504,2554.4858231335247,0.06658454,0.19287109375,2.1116948,0.22971396,1.2781891762967013
2.976,0.13926521,2297.215521569918,0.056473386,0.16796875,0.109751046,0.67089754,1.2122679293094
3.008,0.1675999,1976.4143305537498,0.019749185,0.1552734375,7.3765154,0.80188805,1.1579708355492775
3.04,0.11004802,2162.973878329723,0.016760416,0.1298828125,5.827539,0.72934455,1.10989979928403
3.072,0.08316295,2270.070459393185,0.017487014,0.134765625,0.45246702,0.6724065,1.0684022535727833
3.104,0.08104995,2281.3959121681605,0.01054848,0.12841796875,0.15232374,0.7572882,1.0340537031845347
3.136,0.07568046,2329.398229509574,0.013354534,0.11865234375,0.24821271,0.8206366,1.0014287049557717
3.168,0.08184683,2264.242938916362,0.017006133,0.1201171875,0.1793383,0.6934024,0.9743865405884707
3.2,0.08896901,2254.40712896158,0.011864427,0.1044921875,0.89496225,0.5368121,0.9560783760370559
3.232,0.07574098,2337.4475426434797,0.011855537,0.11865234375,2.7305367,0.64310956,0.9600551556870558
3.264,0.089599185,2559.0474409277776,0.04457183,0.12353515625,0.51892066,0.47788355,0.9799657800239303
3.296,0.10809533,2499.5080652483557,0.029722124,0.12158203125,0.4462174,0.36252683,1.0172788387722382
3.328,0.09235478,2237.384500189856,0.009144194,0.1318359375,6.0294595,0.5224199,1.066693046552303
3.36,0.08132362,2025.5241701552002,0.0046133613,0.11376953125,0.77252316,0.63038194,1.122071022574758
3.392,0.074332684,1925.4807932426822,0.0042008553,0.0986328125,0.06828657,0.71964806,1.182608659916217
3.424,0.07274126,1825.757921804364,0.015518805,0.10302734375,0.121463686,0.77798635,1.2453819708953988
3.456,0.09453808,1870.6767073460462,0.029748727,0.11279296875,0.36372548,0.49208108,1.3033283329523195
3.488,0.108690426,1976.3307591065454,0.020418793,0.11865234375,5.739197,0.3289776,1.3494153050874684
3.52,0.08649472,1878.6346144348906,0.008047781,0.12744140625,5.565706,0.45722848,1.3971249707786655
3.552,0.079246335,2441.623370267254,0.04864576,0.140625,0.78504914,0.56292874,1.4497545213926073
3.584,0.09607463,2623.9638473487594,0.06438612,0.14208984375,0.046389345,0.3516588,1.506656841388081
3.616,0.08328482,2513.5292310111477,0.02768801,0.1474609375,5.268458,0.40177977,1.5729064616145139
3.648,0.06973981,2110.5354960281793,0.008615188,0.142578125,2.6373644,0.50476867,1.645068579765644
3.68,0.06308004,1852.9427013769325,0.005103522,0.12548828125,0.113618165,0.5892556,1.72082180887004
3.712,0.0644901,1744.8706484638083,0.0042647277,0.09521484375,0.13222432,0.5804094,1.7887924998797753
3.744,0.06707483,1561.337770492647,0.009379271,0.0986328125,0.107421316,0.71951795,1.850124692236217
3.776,0.08725823,1548.754902560675,0.0068173874,0.0986328125,1.0117091,0.6386553,1.8956553099094196
3.808,0.090307385,1648.2104459889451,0.0036107819,0.08251953125,4.1148286,0.5645734,1.9264176545901706
3.84,0.07958283,2027.405493084133,0.022380777,0.10595703125,2.063748,0.7364488,1.944691491668836
3.872,0.1282517,2225.82308817039,0.041791737,0.099609375,0.4932894,0.66222286,1.9581610329268928
3.904,0.15115173,1943.517439639848,0.018047836,0.09814453125,5.1489162,0.75271493,1.9661917060172678
3.936,0.11109847,1657.8846320955909,0.0062285187,0.10986328125,6.4454174,0.7917892,1.966587112183194
3.968,0.093634,1458.9596604620565,0.0027752602,0.11279296875,0.46521902,0.72789353,1.9637065786687482
4.0,0.09324403,1313.5544390808363,0.001311818,0.11376953125,0.041470714,0.62849265,1.9514801416748915
4.032,0.08554182,1598.73062189875,0.0047435793,0.12109375,0.23776187,0.53728384,1.9206159506728975
4.064,0.07483315,1895.2566684575936,0.017868139,0.12939453125,0.2443311,0.559999,1.8667351931275784
4.096,0.07488534,2023.703972771445,0.012897368,0.1044921875,4.582449,0.48679072,1.7999207226333689
4.128,0.06527928,2037.9648660280177,0.011869846,0.11328125,4.322891,0.62255675,1.7192587194124462
4.16,0.08853947,2376.3530333862864,0.070338175,0.10546875,0.69656944,0.6270186,1.6287061711270665
4.192,0.13133588,2174.3104860835233,0.042586446,0.0966796875,0.68876207,0.69874763,1.5320490996387195
4.224,0.11604658,1880.0343375475738,0.011317769,0.1162109375,8.566655,0.74843824,1.4447586383585345
4.256,0.08503012,1516.7814390403987,0.0037815021,0.1064453125,2.0127196,0.67914146,1.3685770312427492
4.288,0.07415836,1364.975844806756,0.0012247245,0.10302734375,0.07199558,0.67384726,1.3062371283614334
4.32,0.07196485,1469.5411408330674,0.0015222623,0.0908203125,0.06220603,0.6986991,1.256633852538505
4.352,0.06293085,1801.1737668536734,0.0070926603,0.1025390625,0.18600136,0.75508595,1.2105533211315262
4.384,0.07256113,2156.5687404757527,0.0077214343,0.111328125,1.189758,0.40215436,1.1618122154804198
4.416,0.07076545,2018.1245077671547,0.002938591,0.12841796875,4.8686457,0.3297317,1.1198847045608487
4.448,0.06386502,2781.596359854335,0.046656854,0.16162109375,2.84159,0.36574158,1.0862724971018463
4.48,0.09206386,2964.8835758159553,0.06373175,0.16064453125,0.32660747,0.16537823,1.0619538356686529
4.512,0.087633744,2712.662689071351,0.02641934,0.1552734375,7.2163677,0.16648434,1.0540554630735075
4.544,0.066569135,2153.4554964594254,0.005463376,0.16064453125,4.490236,0.30356637,1.06836707508155
4.576,0.05543782,1814.1505880850063,0.0023840063,0.14208984375,0.18981087,0.44561657,1.0988334201944636
4.608,0.05016187,1771.275826363465,0.007436404,0.1328125,0.10763788,0.57110023,1.1488685649009236
4.64,0.061141655,1943.3541771099012,0.046135746,0.1533203125,0.18225734,0.40845963,1.2141550294782761
4.672,0.08996048,2179.7663415786815,0.042632744,0.166015625,3.8222423,0.1417408,1.2860012251818234
4.704,0.08171959,2220.825802254024,0.017312655,0.1845703125,9.214093,0.08083883,1.3553305814618262
4.736,0.05104075,2518.658148046894,0.04154994,0.22021484375,2.8589814,0.13725546,1.4188073248153685
4.768,0.07367998,2896.9494461659833,0.13128884,0.2265625,0.103434324,0.038964648,1.4733529431634058
4.8,0.082325146,2874.0480358055934,0.07757093,0.2177734375,1.0425863,0.0202976,1.517866507946899
4.832,0.057072148,2638.4308689171567,0.019127997,0.21923828125,7.0199804,0.044604506,1.559065669299523
4.864,0.04461457,2348.926947990468,0.004747639,0.20556640625,0.43092084,0.042573858,1.6058519728826757
4.896,0.040231556,2076.4887150894547,0.002055295,0.18701171875,0.1295876,0.03388156,1.6468960613979073
4.928,0.036856376,1663.3242023868047,0.0062839407,0.16552734375,0.08840908,0.17320684,1.6828802372116778
4.96,0.06135571,1454.2980757277498,0.0073304065,0.14599609375,0.19098645,0.56341577,1.7118128724426835
4.992,0.09075503,1616.3237607507317,0.003491368,0.11181640625,4.8183064,0.5232119,1.7325570115311755
5.024,0.07594424,1809.5985068637674,0.004342718,0.1083984375,4.9197736,0.633281,1.7427028593063136
5.056,0.08822665,2442.039528641998,0.047670525,0.1064453125,1.4098424,0.5947471,1.7380228108534201
5.088,0.14845197,2197.003173909348,0.02692702,0.1044921875,0.6965472,0.67877465,1.7151628861252302
5.12,0.13241518,1774.0992861698496,0.0073066168,0.115234375,8.548711,0.75995946,1.6742398662517806
5.152,0.08563338,1625.3029410132413,0.00355815,0.10693359375,2.7590418,0.6884264,1.6183860141948043
5.184,0.06846879,1439.6092399924391,0.0020906394,0.109375,0.121809304,0.65864295,1.5448385531647513
5.216,0.057205647,1593.6846261701317,0.0040634316,0.1259765625,0.037596524,0.69445497,1.465813578063939
5.248,0.051922932,1963.0062953596157,0.025504084,0.1533203125,0.24119738,0.3894528,1.3895020576329733
5.28,0.07156244,2193.212978391389,0.01918496,0.18115234375,1.9306864,0.119331665,1.319540263432567
5.312,0.073659934,2280.2615877651438,0.005873608,0.2138671875,6.2319255,0.11033595,1.2516674880631171
5.344,0.065590344,2604.6604873006345,0.06628966,0.203125,2.1090982,0.22662722,1.1852030247187446
5.376,0.1361153,2355.0301998500936,0.057457812,0.177734375,0.09916592,0.67173225,1.1301957695952678
5.408,0.16491927,2045.383005204773,0.022232484,0.15966796875,7.3305545,0.79697335,1.0882542972344131
5.44,0.109616466,2229.8313083089574,0.018244999,0.1328125,6.2191415,0.7195159,1.052303083009181
5.472,0.08406031,2303.779335673001,0.017580064,0.1328125,0.5832068,0.6734375,1.0227590221190275
5.504,0.081190504,2286.545316131166,0.012109434,0.12451171875,0.13904995,0.7445016,1.0019697186312637
5.536,0.0752444,2301.1088953653807,0.013361972,0.11669921875,0.20060098,0.8070115,0.9839913056267856
5.568,0.08102197,2271.4876968372773,0.016970137,0.12255859375,0.23796551,0.6700269,0.9707138910899598
5.6,0.0887378,2308.8408813719143,0.012806567,0.1083984375,0.7780151,0.49894628,0.9650632775198138
5.632,0.07652458,2381.9208045758533,0.014673868,0.12451171875,2.242564,0.62945837,0.9808250559828597
5.664,0.091485895,2619.972938990022,0.045302626,0.12744140625,0.74516153,0.47026056,1.013272795101802
5.696,0.107432455,2528.408252833119,0.030295026,0.12451171875,0.55171657,0.35944644,1.060880816983547
5.728,0.089309365,2239.0460738072743,0.009683388,0.130859375,5.3927803,0.5142944,1.1146684019057045
5.76,0.07822127,2050.1338099195914,0.0051662796,0.11181640625,0.6558221,0.61634773,1.1693447430245123
5.792,0.073099025,1933.6295471632416,0.0047705187,0.0947265625,0.07790244,0.7192448,1.224865563150807
5.824,0.07082455,1855.315951737702,0.017297085,0.09423828125,0.12445185,0.7479383,1.27982365847836
5.856,0.090948805,1891.0113992980584,0.030819668,0.10888671875,0.31904444,0.47220856,1.3294046018955565
5.888,0.105054356,1991.460854893734,0.018660113,0.11669921875,5.6436973,0.33092332,1.365110149583425
5.92,0.08543689,1932.1103144199246,0.008485237,0.13720703125,4.972844,0.45204923,1.399856801799621
5.952,0.078006804,2572.046573626835,0.058625508,0.146484375,0.70091206,0.49807286,1.4380676822466398
5.984,0.09632329,2713.0548097614806,0.07293958,0.14501953125,0.03648231,0.30450362,1.4775388133776393
6.016,0.08354955,2559.5419580980456,0.029317062,0.150390625,5.6512055,0.39533934,1.5234834126333132
6.048,0.07032182,2122.1656733005825,0.007981958,0.14013671875,2.5755994,0.5123798,1.576695892229335
6.08,0.063382216,1867.2801929909997,0.0048637637,0.12744140625,0.048335835,0.5821778,1.6340507684802732
6.112,0.06446322,1739.7529443403073,0.0041565048,0.10009765625,0.16102956,0.5822988,1.6841278802334096
6.144,0.0662806,1560.110868663163,0.009051669,0.09765625,0.37187457,0.7298027,1.7279164688939852
6.176,0.08735741,1501.526710829297,0.0063753575,0.095703125,1.0196167,0.6654263,1.758057646221739
6.208,0.08971481,1555.8091580209993,0.0031640714,0.0849609375,3.992465,0.5972473,1.7746935206546282
6.24,0.07682587,2096.6677811187906,0.024035366,0.10595703125,2.0920315,0.7372314,1.7832278454653212
6.272,0.12602215,2283.742994453491,0.041202202,0.1015625,0.40057606,0.6626128,1.7888991264366267
6.304,0.15158492,1963.7391192738148,0.017726136,0.10009765625,5.292958,0.7477272,1.7908152599168388
6.336,0.11122821,1699.2016056152083,0.0068484135,0.10888671875,6.363282,0.77645785,1.7846383187825063
6.368,0.09339682,1484.7171417504755,0.0032434985,0.11376953125,0.4672836,0.70911205,1.7763303096044902
6.4,0.09344334,1316.2569674825463,0.0014586502,0.11572265625,0.038150884,0.6195166,1.7606937024973701
6.432,0.08597028,1610.784328078767,0.0050194543,0.12548828125,0.121942855,0.51621073,1.7293822834736345
6.464,0.074272074,1951.180960109557,0.020898044,0.12939453125,0.25458786,0.55401087,1.6766761831005836
6.496,0.07459465,2093.377707235878,0.016337011,0.0986328125,4.3093877,0.5062879,1.6122655508042967
6.528,0.066733874,1999.5127048666882,0.012286013,0.1103515625,4.2163353,0.6585856,1.5354242661227957
6.56,0.08736321,2401.483213035179,0.066052705,0.10205078125,0.79545206,0.6088871,1.45334380082083
6.592,0.13099976,2238.669259114331,0.03746146,0.0966796875,0.56495094,0.6734233,1.3715830062342034
6.624,0.11639048,1953.1499513576025,0.012105342,0.1240234375,7.953527,0.7263363,1.3033736398983626
6.656,0.08540713,1614.6166700576136,0.0045300038,0.11328125,1.9002665,0.6542733,1.2476927186681206
6.688,0.0746759,1465.7542732979518,0.0016047504,0.10888671875,0.10869767,0.64297384,1.2081923484097827
6.72,0.07304559,1536.6003821947884,0.0018596519,0.0927734375,0.06946097,0.6867761,1.180508111275163
6.752,0.062469732,1814.907028533818,0.008026352,0.1044921875,0.13949895,0.7555637,1.1535076144971537
6.784,0.0706696,2171.971504426693,0.008706316,0.11474609375,1.0924935,0.38264135,1.122059913904331
6.816,0.06947259,2081.3354783594277,0.0038587744,0.1328125,4.698826,0.303187,1.0964237249703912
6.848,0.062226143,2757.8622494330457,0.053252812,0.16455078125,2.756232,0.33643967,1.0781225099115401
6.88,0.091362715,2901.5291930722133,0.07208483,0.15966796875,0.25938472,0.16626766,1.0694147133170866
6.912,0.08717371,2680.142164043447,0.02924443,0.1611328125,7.134986,0.16597171,1.0750093143841466
6.944,0.06673517,2166.211156183129,0.00569908,0.16259765625,4.33247,0.28317654,1.1020934801612836
6.976,0.056471836,1735.0706614089781,0.0022031567,0.1513671875,0.21620286,0.45796785,1.1466006559126665
7.008,0.050566442,1722.8422707473444,0.0065940246,0.140625,0.08824465,0.577217,1.2098292777242627
7.04,0.0615541,1939.3410768269678,0.04668754,0.150390625,0.33436996,0.38496995,1.2831145910409976
7.072,0.09353107,2114.469085745276,0.038391873,0.1640625,3.5799813,0.13450645,1.358244310014037
7.104,0.08709774,2121.266888881283,0.0146449115,0.181640625,9.250944,0.08759178,1.4245338488908796
7.136,0.05337983,2408.9036741204836,0.030625897,0.21484375,2.8375425,0.14721082,1.4848900627343458
7.168,0.069464915,2842.286972376138,0.11426649,0.2236328125,0.11607132,0.047758516,1.5353171239384182
7.2,0.081596546,2842.4042486244316,0.06681386,0.21533203125,0.837875,0.022248378,1.5745202408044285
7.232,0.059223004,2634.349736930175,0.016982201,0.21923828125,6.5011983,0.044322297,1.6116035499996828
7.264,0.047522362,2301.7511585833554,0.0041413126,0.21240234375,0.51405174,0.036291633,1.6530036689402767
7.296,0.043103006,2078.6733129126997,0.0019237197,0.19677734375,0.123653755,0.022107348,1.6887520728425212
7.328,0.036694646,1756.4981166675482,0.007943517,0.18408203125,0.1113253,0.11875472,1.7185188643887297
7.36,0.054517366,1727.4100113780196,0.014191805,0.16845703125,0.21096417,0.5066849,1.7426462048895532
7.392,0.08050061,1871.383303319223,0.0066195372,0.13525390625,5.09439,0.45791608,1.761187645299354
7.424,0.068531014,1941.307776277663,0.0055746804,0.1279296875,5.2039037,0.5457008,1.7726186242462538
7.456,0.083017446,2467.395582498727,0.055694234,0.115234375,1.1502056,0.55143917,1.7735099141928137
7.488,0.14406805,2194.462076907035,0.028426869,0.1044921875,0.6203209,0.6496273,1.7573521923295106
7.52,0.13366382,1775.970871968676,0.007222885,0.12109375,8.808624,0.7454483,1.7239229487417693
7.552,0.08848903,1615.9823784814048,0.003509577,0.11083984375,2.7550015,0.6828334,1.6728561864319422
7.584,0.06784714,1429.2142431916322,0.0018398509,0.1171875,0.122350305,0.63868374,1.6054895793479624
7.616,0.057576668,1637.0925588884563,0.0043634865,0.1357421875,0.02287523,0.7105713,1.523218981236715
7.648,0.05014872,2023.3547607612295,0.03072072,0.1484375,0.2035085,0.40984216,1.4377116526393396
7.68,0.07091566,2207.5856591620277,0.020113314,0.17529296875,2.1988766,0.10745773,1.3564128088015708
7.712,0.07299078,2276.0582033525648,0.0057401825,0.193359375,6.4546046,0.095811136,1.2751567245275872
7.744,0.06080621,2081.6791866778576,0.014041865,0.1875,1.9829562,0.1840461,1.1958154066377216
7.776,0.10060132,2075.569363182984,0.02689106,0.1689453125,0.1358706,0.42953342,1.1250703693586979
7.808,0.11880985,2106.5894942466957,0.015270641,0.16357421875,3.0677536,0.5573311,1.0698182239988572
7.84,0.08427829,2322.756691245475,0.011995529,0.15478515625,6.291307,0.55514765,1.0254155549916464
7.872,0.06641038,2375.795149186332,0.011853176,0.1416015625,0.8585526,0.56572956,0.99378572817295
7.904,0.062278096,2167.5516056442575,0.00758868,0.12353515625,0.07709442,0.6529981,0.9804761577252479
7.936,0.06271261,1891.0977049452,0.0055886107,0.10400390625,0.43126154,0.7787847,0.9687268183658407
7.968,0.0729667,1869.2763810966194,0.0063578854,0.09716796875,0.30362886,0.6393648,0.9712869257216132
8.0,0.08377337,1925.294244430646,0.0038623058,0.0859375,0.8404458,0.47860458,0.9916751891161604
8.032,0.072014056,1678.3506359419102,0.0024664868,0.10302734375,2.319821,0.64007473,1.0275887397108658
8.064,0.08026473,1955.733002254185,0.007888575,0.1162109375,0.55551904,0.5199134,1.0731196885762804
8.096,0.09589416,2038.5953642576956,0.005140585,0.12451171875,0.32279682,0.3609681,1.1263062557307078
8.128,0.08282017,1819.3963896073542,0.0015668141,0.138671875,4.4686937,0.459944,1.188020154957525
8.16,0.07337664,1598.7254170047077,0.00084973476,0.13134765625,0.7436361,0.5575644,1.2556620232544524
8.192,0.06697903,1482.0722905743496,0.0005937375,0.09814453125,0.19780979,0.6538882,1.3362604074900308
8.224,0.060496487,1362.1119976833243,0.00053879776,0.07666015625,0.1414035,0.79211676,1.4158867534605402
8.256,0.060903583,1872.6750412116946,0.0040120287,0.08642578125,0.20598036,0.7595469,1.4956175467429336
8.288,0.0787088,2087.3129433170648,0.004293191,0.08935546875,0.48586562,0.42451468,1.5599062197580318
8.32,0.076321885,1773.6054234750902,0.0015913512,0.107421875,5.5685835,0.4435197,1.6199818070108587
8.352,0.070854425,2331.1916445100414,0.02412815,0.1396484375,2.644531,0.5504479,1.668279665227845
8.384,0.092881665,2799.131024932954,0.042437643,0.14697265625,0.23015824,0.3091983,1.696241080829005
8.416,0.08345024,2950.4168076817587,0.04300374,0.158203125,7.8897943,0.35767725,1.7090495092836908
8.448,0.0686324,2783.147249467459,0.030326266,0.16357421875,4.1943903,0.4911493,1.6958488865216654
8.48,0.063374184,2452.9303524802567,0.016538722,0.15087890625,0.38763106,0.5352973,1.6612247375529146
8.512,0.06469213,2086.258333180584,0.0065564886,0.11376953125,0.18910359,0.51642275,1.626607227824274
8.544,0.058090966,1843.7811193978835,0.005660434,0.109375,0.22888623,0.6473141,1.5944728413230411
8.576,0.06997538,1890.9754458818636,0.005460445,0.1083984375,0.27646556,0.4625207,1.56319294378255
8.608,0.07915154,1884.9529042815625,0.0026194602,0.08154296875,0.9039686,0.3855997,1.5332748985800349
8.64,0.063985206,2050.681719896805,0.0058436366,0.12744140625,2.7191212,0.5994451,1.5011286316592969
8.672,0.08899685,2599.3218222727087,0.0107478285,0.142578125,0.5519837,0.29899156,1.458889184951437
8.704,0.09562,2485.774883015668,0.0042508123,0.15283203125,1.3505049,0.25718218,1.4188442973502773
8.736,0.07599122,1872.1220787925442,0.00089293293,0.189453125,4.2723293,0.41710892,1.375995251117551
8.768,0.073861785,1704.2263764314332,0.0005144301,0.177734375,0.27736247,0.4364388,1.3396316826557277
8.8,0.07908035,1559.3250892678345,0.00025134784,0.15576171875,0.13965794,0.3753357,1.295276064634411
8.832,0.0728311,1583.985978928603,0.00049747364,0.13623046875,0.33287174,0.41590285,1.2608062835792644
8.864,0.061986886,1892.2740809886036,0.0048755785,0.13330078125,0.23668951,0.57345945,1.2358800271208885
8.896,0.07499252,1951.2609429755166,0.0037806993,0.1005859375,1.4840105,0.41350526,1.2332408837799462
8.928,0.06487123,1720.7843915862209,0.0016821367,0.10791015625,7.1137347,0.5330832,1.2632404251858902
8.96,0.06592479,2281.7455320049066,0.010325961,0.1279296875,1.5045269,0.49071625,1.3308383133982589
8.992,0.082402304,2448.7590971648838,0.0071526063,0.123046875,0.2678209,0.29059985,1.4213501416117085
9.024,0.07321836,2187.366039427235,0.0015130806,0.14990234375,5.1632586,0.33933246,1.5558402940858833
9.056,0.06408995,1937.7493042524227,0.00085321517,0.15625,0.99043584,0.42088357,1.7280609509828413
9.088,0.061008893,2339.6207280086173,0.0062234136,0.171875,0.015034756,0.45583156,1.909652128052325
9.12,0.068844095,3155.768993409418,0.091214314,0.146484375,0.09798278,0.3870567,2.0969968941402364
9.152,0.07175611,3021.243815452145,0.10773204,0.1552734375,5.1173587,0.5858174,2.3030639137409934
9.184,0.072733745,2654.477527057843,0.035293452,0.1494140625,10.595389,0.45244142,2.52706205477276
9.216,0.076787464,2852.6797316637762,0.035071976,0.11669921875,2.0474403,0.29065692,2.7538033120418417
9.248,0.06307046,2426.4168216222633,0.020618742,0.14697265625,0.7626735,0.39837626,2.9828174120982025
9.28,0.08962779,2773.2385218926006,0.031490684,0.13623046875,0.93071777,0.34357107,3.2165907948506547
9.312,0.10345263,2787.8175254083444,0.026462067,0.14794921875,0.32595414,0.3924611,3.4471782858270044
9.344,0.07928518,2719.7200158376545,0.021097383,0.1572265625,3.9681556,0.47788706,3.6789160174071913
9.376,0.066106796,3024.692317671642,0.03928581,0.14453125,0.9745069,0.48326078,3.903120646362579
9.408,0.056020215,2676.8519492802625,0.026455935,0.1708984375,0.2960061,0.5701931,4.098595762834577
9.44,0.059336416,3180.6216110921614,0.10554202,0.16650390625,1.0765294,0.5229803,4.261260161867908
9.472,0.0643136,2917.423557176575,0.07158348,0.16748046875,0.6991116,0.45039028,4.4010896382928255
9.504,0.07419791,2552.8458776809935,0.019496692,0.1513671875,5.349613,0.47271895,4.4939051245014054
9.536,0.06786702,2326.4019846299534,0.015304694,0.138671875,0.82024574,0.6363728,4.551909655045558
9.568,0.07400833,2747.1846199541314,0.06970838,0.1494140625,0.20759317,0.43303812,4.594347613552746
9.6,0.08004146,2898.965844770779,0.079307765,0.17333984375,1.0131308,0.16020097,4.6282557721199735
9.632,0.059727017,3004.7635795774054,0.05700123,0.21630859375,6.429172,0.093279876,4.645810798668635
9.664,0.049894523,3220.1193276395206,0.063904785,0.220703125,1.5285665,0.092979915,4.644478336518938
9.696,0.043541163,3124.2712351702353,0.1044228,0.2734375,0.21271247,0.20953119,4.642709996725559
9.728,0.05434236,3771.344749975611,0.24630663,0.28076171875,0.40618736,0.25100532,4.625740411906756
9.76,0.075692415,3719.887137025017,0.19285147,0.2548828125,1.6021796,0.21016446,4.604547306651723
9.792,0.109489515,2745.7472139125352,0.05040182,0.22216796875,4.151136,0.094318494,4.579877501475016
9.824,0.10673568,2259.595675665206,0.02440874,0.20068359375,2.9366698,0.08671303,4.547415993962034
9.856,0.07799475,2847.9150701855783,0.15581848,0.19287109375,1.4163381,0.36486736,4.508131970812487
9.888,0.07813245,3013.3780689141386,0.16801353,0.20458984375,0.8568089,0.45308304,4.473692490100518
9.92,0.103386335,2710.3890843923014,0.047665484,0.205078125,4.787363,0.4521746,4.434201920062798
9.952,0.12056953,2427.5160993006475,0.014484927,0.15185546875,1.3171924,0.42238814,4.376288430567503
9.984,0.11946887,1995.1399034549836,0.006270133,0.14013671875,1.0955031,0.57748044,4.305559938261582
10.016,0.11673304,2612.4924590561304,0.020207357,0.12890625,0.9302509,0.6479199,4.192071024249122
10.048,0.11066509,2606.7025790454763,0.03305481,0.130859375,0.49771068,0.44570535,4.063745925334898
10.08,0.11704016,2099.499512544323,0.012990596,0.12841796875,2.9540567,0.19258146,3.9450969688894824
10.112,0.1028793,2274.5861137171682,0.0120494235,0.10791015625,2.5277421,0.21392474,3.8232634849778426
10.144,0.083646625,2607.1109714791064,0.07025923,0.11474609375,0.6707771,0.48446795,3.687026722985828
10.176,0.13669106,2737.8328576762096,0.0990587,0.11328125,0.7582908,0.7375248,3.5337070077164254
10.208,0.17117631,2379.8409121978516,0.045484666,0.1123046875,4.7428393,0.7736916,3.3930078751870427
10.24,0.14525434,2099.305211365207,0.018496545,0.107421875,5.7060833,0.422947,3.2507858873168973
10.272,0.1261237,2076.953246302607,0.01137565,0.09521484375,0.9151854,0.26944134,3.1053396584991955
10.304,0.112034775,2149.7285378433326,0.01077386,0.0869140625,0.3866798,0.34744343,2.960471354921058
10.336,0.08444014,2263.1089376534865,0.018667936,0.0859375,0.16192475,0.569318,2.8234983240711937
10.368,0.07222373,2416.13003877756,0.028036548,0.11279296875,0.42151576,0.8461227,2.697515879831428
10.4,0.09323204,2414.608550797837,0.030089637,0.12353515625,0.7607375,0.6062675,2.5880704448816654
10.432,0.10975285,2341.5538426901667,0.020036517,0.14208984375,1.473757,0.38234067,2.494727265461156
10.464,0.0991058,2510.473277212276,0.03554272,0.1494140625,3.3251503,0.47245955,2.41501530820986
10.496,0.09176692,2551.857939006274,0.04253044,0.1220703125,1.2972583,0.71371615,2.3792410189038704
10.528,0.08647366,2068.9975950938833,0.026338946,0.10693359375,2.2211125,0.85344034,2.365153373718355
10.56,0.076531835,1918.227383731771,0.02187051,0.1083984375,1.1808381,0.88713765,2.3484960981332867
10.592,0.065684944,2326.182094349867,0.04594042,0.1171875,0.81687504,0.7933613,2.3288145952470924
10.624,0.07170427,2702.4101814881815,0.10402986,0.14697265625,0.8185815,0.6122592,2.3177914369985193
10.656,0.09083827,2610.730317295124,0.12410439,0.13818359375,2.0487623,0.4392949,2.3257415565078547
10.688,0.07853376,2421.740126585884,0.07124539,0.10791015625,3.9453304,0.55507535,2.3467158117526727
10.72,0.06253883,2224.9017609060975,0.019744737,0.11962890625,3.0167387,0.8703369,2.3847542253562257
10.752,0.06980183,2872.17792158214,0.098322496,0.11474609375,0.12878092,0.6271846,2.429835784513214
10.784,0.0824346,3065.6686930609317,0.14659329,0.13330078125,0.039154768,0.39831826,2.4745147320935312
10.816,0.06803733,3036.6773081262145,0.09271402,0.14111328125,6.4417353,0.60770935,2.517063790256288
10.848,0.057865232,2625.5459139439986,0.030744955,0.09423828125,3.06668,0.8021509,2.5545777419971922
10.88,0.05440399,2141.73237740121,0.01124148,0.06298828125,0.17407373,0.92764014,2.582514414224296
10.912,0.056987137,1998.223362559504,0.013058267,0.0576171875,0.13672563,0.8764199,2.5990670764512873
10.944,0.10116556,1811.3409116721873,0.014043283,0.07421875,0.07706155,0.36817795,2.6111811501092506
10.976,0.13931184,1583.2574471701191,0.007733638,0.08544921875,3.2734702,0.29244104,2.6198864546412644
11.008,0.12583584,1539.2146185786971,0.005364509,0.08544921875,5.8724775,0.32304305,2.6090620386460426
11.04,0.08806171,1812.3680810372932,0.020766873,0.08447265625,1.8902646,0.6407522,2.593521992606979
11.072,0.119865954,2287.9369364628214,0.048909254,0.07080078125,0.3237935,0.8363821,2.5957421665452225
11.104,0.15686812,2047.4308908818857,0.02837948,0.078125,3.1138473,0.79026115,2.604597531970028
11.136,0.14525704,1854.793050515039,0.012241094,0.08642578125,5.789318,0.48236758,2.5883259813241146
11.168,0.12545896,1831.4918092902592,0.0076244534,0.08740234375,1.536473,0.3781981,2.5371248539623292
11.2,0.10519106,1662.5701822575406,0.013313116,0.12060546875,0.64021987,0.4772945,2.476335718053819
11.232,0.10818405,2182.8274400100568,0.034046993,0.15625,1.0205916,0.3490052,2.3967360465535252
11.264,0.10649801,2711.6952717793256,0.056407895,0.189453125,3.0070884,0.39084068,2.2919366240181143
11.296,0.075965755,3172.793245787032,0.0890879,0.21337890625,4.326249,0.5994339,2.177399136804063
11.328,0.0581439,3585.7041636361923,0.08942112,0.22216796875,1.9354312,0.7148313,2.0653339028117506
11.36,0.08598485,2993.377648378711,0.14297326,0.1845703125,0.4808035,0.6305926,1.9558965445387062
11.392,0.13102137,2621.626279993041,0.077875726,0.158203125,0.3271688,0.7379236,1.8522068384568218
11.424,0.12979214,2450.9456354976173,0.025188172,0.14794921875,6.3220925,0.6050433,1.7564803966771496
11.456,0.108898245,2277.4266614404787,0.0071633263,0.12353515625,2.0449176,0.36594957,1.6714865141895694
11.488,0.10061809,2208.836167643487,0.004252601,0.13916015625,0.5049015,0.31809756,1.6145066150612701
11.52,0.097443715,2256.9712922814574,0.009211736,0.13720703125,0.22651915,0.3536202,1.5696484256310868
11.552,0.085395865,2174.112105527961,0.023914447,0.1552734375,0.5380167,0.40713918,1.521416615138142
11.584,0.09589225,2225.505628553895,0.018163292,0.18115234375,2.578227,0.30713424,1.4670567011845554
11.616,0.096362844,2589.90787394949,0.0120502375,0.20654296875,3.7166383,0.26790124,1.43040790832394
11.648,0.08978033,2836.6140003716628,0.03460394,0.24072265625,1.6935021,0.23958305,1.4197063341363476
11.68,0.09315661,2901.6775560793703,0.06633571,0.24267578125,0.89087784,0.15455404,1.4207333197168932
11.712,0.09110151,2839.837569132291,0.03183586,0.2158203125,3.5320344,0.13817613,1.447190084955353
11.744,0.07463723,2485.077886861912,0.018431552,0.16455078125,3.2621894,0.23901969,1.5080321956206788
11.776,0.046056215,1898.451864349552,0.013618128,0.12109375,0.67153573,0.69684774,1.5919832843847121
11.808,0.041695982,2440.9627706039296,0.05652315,0.1298828125,0.7180836,0.79146117,1.6934094302589178
11.84,0.07010715,2778.795763987392,0.17790145,0.14404296875,0.43120563,0.2877421,1.8208256481087024
11.872,0.08867484,2692.8261614451794,0.14880562,0.1689453125,4.410278,0.2269438,1.9606451003890188
11.904,0.094995596,2525.574524480018,0.05393173,0.1796875,9.180567,0.42450023,2.0973187837332543
11.936,0.094205834,2635.8595105600216,0.024182176,0.17431640625,1.8365924,0.301522,2.219643337053701
11.968,0.09568757,2828.865899638333,0.07119067,0.17431640625,0.40599334,0.12661712,2.322975718875747
12.0,0.08838653,2764.4419420749855,0.07347061,0.1884765625,0.48477167,0.18324232,2.405840604306539
12.032,0.081112966,2437.3531027509307,0.021847568,0.1865234375,4.403055,0.30182135,2.472158080930106
12.064,0.06277057,2057.419592286297,0.010145328,0.15380859375,0.84034705,0.35177907,2.5395925801298507
12.096,0.028269105,1936.2633614039732,0.0264322,0.1826171875,0.37455124,0.47247046,2.6005012191294057
12.128,0.029901268,2873.459695413966,0.14395276,0.18212890625,0.6191462,0.1851535,2.6471906323144765
12.16,0.065273784,2715.962432545526,0.08766981,0.19970703125,0.5485487,0.41688192,2.68326729810224
12.192,0.09901546,2651.236304263851,0.03188397,0.2216796875,5.6771345,0.48602682,2.7138587360069515
12.224,0.098942965,2882.0293610925737,0.01653007,0.1943359375,4.5411487,0.4869911,2.7412614618671833
12.256,0.098361805,2603.857429787606,0.05421501,0.16748046875,1.7611754,0.569552,2.7581911299175217
12.288,0.13760974,2475.747276877856,0.047568366,0.1552734375,0.5785524,0.84044164,2.7523090244982935
12.32,0.14680067,2385.6313352767825,0.024746211,0.1435546875,5.959639,0.76391023,2.7139510680061445
12.352,0.1347327,2296.9383482542034,0.011477299,0.12255859375,2.3089213,0.330142,2.6560103046546266
12.384,0.11380373,1974.4305257661185,0.0045871944,0.1279296875,0.8603447,0.20237374,2.587746078996103
12.416,0.09664588,2154.0861408247415,0.014226446,0.13134765625,0.61699015,0.20405875,2.5172616533510546
12.448,0.11879338,2716.6452485406517,0.027119402,0.15576171875,0.4059067,0.068543024,2.439066048953501
12.48,0.10878422,2942.005617780105,0.033933885,0.25048828125,2.930321,0.072873354,2.3499723670724766
12.512,0.062827714,3740.2094555900867,0.07488454,0.34375,3.7365289,0.2148465,2.2521522193791874
12.544,0.05518599,3664.0489337253393,0.23938629,0.3359375,0.9816742,0.31833377,2.150407650372645
12.576,0.13465868,2752.4523740965838,0.09144214,0.29150390625,0.622862,0.74767566,2.05605888848099
12.608,0.16183113,2345.4247222696595,0.035502337,0.205078125,4.920336,0.90272343,1.965640909372124
12.64,0.116145685,2143.520466671295,0.021964489,0.1328125,5.3964834,0.77265745,1.8653415772785185
12.672,0.098594174,2212.2678171626676,0.012903411,0.15087890625,0.8570544,0.62574655,1.770311250307887
12.704,0.098807186,2223.139252066625,0.0085359365,0.13916015625,0.85352874,0.6113126,1.683983217112362
12.736,0.082673274,2015.337723621528,0.008934836,0.1533203125,0.7826896,0.6856933,1.5952948388745292
12.768,0.0852676,2556.4673594801056,0.018038679,0.166015625,1.1964374,0.67510724,1.5046441655031195
12.8,0.10956964,2909.9577368828923,0.016882,0.17236328125,0.99821204,0.4948915,1.4146859470400461
12.832,0.104027525,2941.742172448397,0.010225198,0.24169921875,2.3038402,0.4850001,1.3587853329687118
12.864,0.10492251,3164.7693115212114,0.020459682,0.25439453125,2.3665648,0.4843044,1.3211707639926002
12.896,0.1037933,3129.1309417998855,0.020182243,0.2373046875,0.6078589,0.46836534,1.2952008441268115
12.928,0.09272944,2713.3380141667026,0.0126175685,0.220703125,2.2261693,0.50326926,1.2957374474628973
12.96,0.09773963,2310.538170387641,0.0061251423,0.171875,0.9159556,0.41179827,1.3121529193446997
12.992,0.10037474,2043.7391470712878,0.0039678467,0.14404296875,0.88661325,0.3939294,1.3402211456369515
13.024,0.09928074,2311.0502065574556,0.03576053,0.134765625,0.6813662,0.428081,1.3723214907797867
13.056,0.10580428,2428.88365507053,0.08398676,0.123046875,0.603202,0.39711788,1.4037196952928088
13.088,0.11261789,2370.073079972157,0.05246787,0.11865234375,7.662546,0.3294469,1.4333177669107955
13.12,0.09924416,2262.119856674674,0.015663125,0.13671875,4.208877,0.33163103,1.4630864222570588
13.152,0.090426385,2567.7099812383058,0.056386117,0.14111328125,0.35118437,0.3360356,1.4723539778301327
13.184,0.08147325,2846.1913450792135,0.12334195,0.13037109375,0.10522829,0.3761134,1.4693177857132529
13.216,0.06122804,2686.1842885048427,0.059394624,0.11474609375,4.0451126,0.6638337,1.472821819641071
13.248,0.051087648,1921.1789172331019,0.009086452,0.06494140625,2.4062927,0.8825943,1.4887446995262297
13.28,0.049917426,1335.1165112971744,0.0019185346,0.02978515625,0.13762844,0.9461734,1.51804512210278
13.312,0.05286486,1199.0267678169832,0.0017271346,0.02490234375,0.043146223,0.97106624,1.5393117581312545
13.344,0.06533846,1502.8030272934793,0.0075519504,0.05810546875,0.081716076,0.9136604,1.5828632165055925
13.376,0.080965765,2776.4187814207085,0.026419813,0.12744140625,1.519163,0.88386995,1.6295271744073716
13.408,0.07937791,3898.4271761195196,0.038331565,0.1884765625,6.4258766,0.7886481,1.6562108915715432
13.44,0.080934435,3610.557789165126,0.088892825,0.21337890625,4.1617613,0.7200136,1.6804826451110768
13.472,0.12488906,2942.712582135507,0.09431729,0.2001953125,1.5028144,0.7608807,1.7112949668685
13.504,0.1537088,2525.4853106182527,0.043505114,0.16357421875,4.9245343,0.87633413,1.743769644116806
13.536,0.12484298,2094.3558478046903,0.015538033,0.1591796875,5.8104324,0.765375,1.7557857836196342
13.568,0.11174458,2120.780545712548,0.0075935437,0.177734375,0.77848756,0.5934773,1.748937752786343
13.6,0.108757004,2250.180055876541,0.007927852,0.19482421875,0.60626763,0.5379844,1.715588568538727
13.632,0.085856356,2443.0554804583244,0.04278326,0.2197265625,0.7715748,0.55155945,1.6564715290783145
13.664,0.085787065,2856.543391511409,0.10594836,0.21826171875,1.0994557,0.48363674,1.6448664218951699
13.696,0.10409795,2940.8716576320458,0.052429453,0.2314453125,5.2308593,0.39905092,1.6659814084346467
13.728,0.10333926,2848.900363896145,0.016111106,0.25,3.1200087,0.31444135,1.6819798359366507
13.76,0.11741779,2813.9330064975775,0.03683603,0.22509765625,0.9061599,0.3936677,1.691020443598878
13.792,0.14551353,2541.1940178362725,0.02818044,0.2021484375,0.36218262,0.6254226,1.688824722967032
13.824,0.12564634,2218.0247533858624,0.016529052,0.16748046875,4.673648,0.68376076,1.6583703387305149
13.856,0.0975302,2007.2643431984231,0.024710286,0.1298828125,1.4342264,0.47309297,1.6158097768832194
13.888,0.09720001,2010.1116443899946,0.015353795,0.1181640625,0.6754,0.29610613,1.5808492162682914
13.92,0.09796105,2033.9160647539443,0.0098973885,0.11279296875,2.2954094,0.2828863,1.5651604507730834
13.952,0.09330085,2059.9171635431644,0.010118792,0.1123046875,0.9187033,0.25076163,1.547736885148732
13.984,0.09468777,2087.563770339485,0.004964054,0.1123046875,0.89042866,0.16535589,1.5194750442192864
14.016,0.08459389,1906.0331322727923,0.004979616,0.1240234375,1.2782043,0.16080265,1.509664101449127
14.048,0.07685469,2249.939727737474,0.042549483,0.13623046875,0.4738479,0.29868373,1.5296326759571048
14.08,0.09588073,2563.5402851291747,0.06621148,0.1396484375,1.2012671,0.39103183,1.5858884794592905
14.112,0.108083494,2342.4315421624156,0.032843363,0.15283203125,7.8167014,0.18131538,1.6781972411642343
14.144,0.10562905,2079.0233807554914,0.007358952,0.15283203125,4.0018964,0.11576077,1.7254184673530557
14.176,0.09611093,2027.3160111285288,0.0053302073,0.12255859375,0.68528247,0.1327791,1.740730269443882
14.208,0.073387675,2158.931572189248,0.02723184,0.1494140625,0.32420182,0.22568552,1.7541417231945498
14.24,0.06737435,2636.6075756356304,0.14151588,0.17626953125,0.8715877,0.32628128,1.7716340815577487
14.272,0.07171808,2761.682763361086,0.16860972,0.2353515625,3.4559739,0.21048748,1.7854920639398073
14.304,0.044625517,3338.547337773228,0.1598201,0.36083984375,5.924665,0.2377502,1.806326005918917
14.336,0.036637444,4041.339302168647,0.19694193,0.39697265625,1.4180977,0.24034439,1.8573704272524898
14.368,0.06293918,3663.8418380138983,0.25137672,0.40576171875,0.17550053,0.044530503,1.9091377496070372
14.4,0.06318029,3500.1040644801824,0.22998153,0.34765625,0.68674093,0.08940782,1.9409270536667307
14.432,0.07326191,3012.2299767881896,0.061155275,0.23974609375,5.849638,0.2907455,1.9676883812286878
14.464,0.08567388,2690.3631814649707,0.015337084,0.1767578125,1.20618,0.22512342,1.9982325572389983
14.496,0.07217604,2406.384478397486,0.0109222615,0.14404296875,0.81260175,0.14608662,2.0241466611777907
14.528,0.057051774,2184.4141721637643,0.02126199,0.12158203125,0.40475732,0.106399044,2.0262539529261323
14.56,0.05506739,1796.6705750218703,0.01626279,0.09521484375,1.2579589,0.44657937,2.0044416389855853
14.592,0.053054072,1332.9851737614567,0.0048650024,0.07080078125,3.0249312,0.8538668,1.9627898761118623
14.624,0.050347827,1730.372411506181,0.007077903,0.06689453125,1.7069788,0.92085665,1.8994476600408543
14.656,0.077741586,2515.6777892043156,0.07129094,0.08251953125,0.24497844,0.6269552,1.8247588348006543
14.688,0.14190124,2348.4821069696527,0.043090247,0.10205078125,1.807202,0.61404645,1.7675270889083752
14.72,0.15155454,2069.685960158333,0.016825207,0.1181640625,11.813078,0.5808711,1.703425789382695
14.752,0.11521626,2037.9665346157115,0.013220639,0.109375,3.2890778,0.55423725,1.6230829049906983
14.784,0.092105836,1992.8076009845522,0.0060220193,0.1201171875,0.79942,0.7290691,1.5189318993348815
14.816,0.09424819,2387.7904813714276,0.014265324,0.15185546875,0.5390254,0.6608967,1.3814496318356222
14.848,0.1024219,2945.857967765942,0.04769008,0.18896484375,0.5871305,0.33366993,1.2456554172525296
14.88,0.101717174,3227.632801068578,0.046359267,0.203125,3.0482028,0.2116834,1.1368873789712706
14.912,0.09385732,3197.122447117179,0.021651087,0.205078125,4.7879434,0.17853789,1.039349918247222
14.944,0.08207639,2865.155754426739,0.102764286,0.1787109375,0.6642102,0.24574709,0.9506943423520985
14.976,0.14337118,2528.2431561176054,0.083521314,0.1494140625,0.27257365,0.6508413,0.8771556889901061
15.008,0.17785642,2075.2473059783542,0.02596426,0.14599609375,5.591213,0.7297484,0.822380286762039
15.04,0.13376677,1765.2577998051588,0.008126482,0.13818359375,4.53893,0.5108096,0.7722475847196761
15.072,0.10365406,1798.353869588177,0.0047994987,0.1533203125,0.58035374,0.41619357,0.7461174710828975
15.104,0.099946395,2245.148219642644,0.008898865,0.1708984375,0.29360586,0.506086,0.772633019662528
15.136,0.09445777,2587.147627142157,0.024504535,0.1904296875,0.54869103,0.51897377,0.8466341864950916
15.168,0.09267131,2681.5443466479223,0.025450418,0.19873046875,1.6139321,0.4878936,0.9450179527171602
15.2,0.095789485,2495.348526651492,0.010636037,0.17529296875,3.3168879,0.44915235,1.074732002576549
15.232,0.08736661,2211.68363587563,0.016917003,0.1689453125,1.6229252,0.48216516,1.2283568297961909
15.264,0.096914716,2518.8486194434754,0.04457223,0.14404296875,0.9790506,0.49711087,1.3952546962186307
15.296,0.11324379,2552.1228494918023,0.039809257,0.13720703125,2.5473065,0.40738863,1.567201177843077
15.328,0.11328941,2368.788660510298,0.015065267,0.14990234375,4.820376,0.3083473,1.731477869473014
15.36,0.107276365,2281.3455843427582,0.0047530327,0.13134765625,1.9223452,0.31265125,1.8646711459173488
15.392,0.097775355,2265.0801923294002,0.0061386614,0.12841796875,0.35506856,0.3564038,1.982006868304701
15.424,0.0796912,2506.689981156983,0.060690235,0.142578125,0.31372195,0.57851917,2.0923743652067115
15.456,0.09192025,2675.4218406482787,0.11364603,0.14013671875,1.1337717,0.4831549,2.188363557259225
15.488,0.07912772,2852.309580184106,0.100484364,0.14794921875,6.655,0.54358435,2.279164612272883
15.52,0.06541021,3436.599653267022,0.048288804,0.169921875,3.8231647,0.77782756,2.3827634237654918
15.552,0.074541405,3453.409932584553,0.10215775,0.169921875,0.4231988,0.5950277,2.478614312793506
15.584,0.08434938,3196.5186535423245,0.1334605,0.16650390625,0.21398152,0.44206497,2.5381631421222406
15.616,0.07800039,2742.5056925591816,0.06794856,0.14990234375,4.54111,0.54014903,2.554127487217807
15.648,0.08806526,2025.5244481427649,0.014819947,0.10693359375,2.9971843,0.45320392,2.5274561103686404
15.68,0.07684693,1620.6661790191065,0.0060808216,0.05712890625,0.69913864,0.5950782,2.4740090159335635
15.712,0.062374435,1286.595638628113,0.0035938986,0.03759765625,0.49172908,0.8853213,2.4184032944612093
15.744,0.06715153,1299.1688548675725,0.0054897484,0.03466796875,0.2696921,0.9080808,2.3833045714507795
15.776,0.08123954,1470.6359612415358,0.0069758687,0.03759765625,0.44052875,0.92543405,2.362569550345717
15.808,0.0780179,1935.3745449786952,0.008703817,0.06005859375,2.9523642,0.96438426,2.348779086292418
15.84,0.07629492,2414.1929232558796,0.038849942,0.0830078125,2.0410216,0.8956661,2.3500215411192817
15.872,0.11744848,2479.633464303827,0.06950746,0.099609375,0.9651644,0.78593934,2.368307751075613
15.904,0.15808581,2137.567417216987,0.03208491,0.1171875,5.83175,0.7553137,2.395387543576184
15.936,0.14188959,2215.1236226742913,0.014700394,0.13427734375,6.6730475,0.66900486,2.413631746494148
15.968,0.11799476,2500.7537213692203,0.008830718,0.14111328125,1.1882895,0.5809557,2.415824931681106
16.0,0.11414046,2438.2337592669433,0.006355248,0.15966796875,0.3472221,0.50179106,2.388399825466333
16.032,0.105563425,2681.852714555063,0.02855153,0.1689453125,0.2791332,0.4970586,2.310124481929837
16.064,0.10564852,2852.4008415768667,0.053982656,0.16357421875,0.44327098,0.4538313,2.2052045978768033
16.096,0.10906069,2688.7072569866714,0.021620482,0.16552734375,5.6607094,0.39635155,2.1298262230057063
16.128,0.10188743,2566.625836849336,0.015985735,0.1650390625,2.6963136,0.41739097,2.0875476612394417
16.16,0.10640811,2560.5043105253176,0.07163005,0.14892578125,0.19043618,0.45390305,2.0777301815638056
16.192,0.14043948,2280.3168672787474,0.050597046,0.1494140625,1.2806078,0.54556656,2.1016339004302154
16.224,0.13812698,1990.0822138582669,0.013900636,0.1533203125,7.1107826,0.44743243,2.123105609102426
16.256,0.11155599,1852.112550850333,0.0046147387,0.15576171875,1.8619845,0.32385492,2.126390290561734
16.288,0.09643435,2248.1191203657218,0.0051568933,0.18212890625,0.22739321,0.3494602,2.1161993757348414
16.32,0.088986136,2652.9579314371217,0.025469877,0.1962890625,0.21657687,0.41811678,2.0919167005103416
16.352,0.086312905,2758.4269070041587,0.052067734,0.18310546875,0.8991295,0.3306563,2.043253841480467
16.384,0.082476966,2605.2477625706206,0.032772854,0.16259765625,4.5013185,0.26683047,1.9752257425205402
16.416,0.07410264,2004.6793266629936,0.014547597,0.15234375,2.8899019,0.2877075,1.9159972830934475
16.448,0.084275655,2262.532427623045,0.03549247,0.14697265625,1.5158235,0.40482593,1.8791564801915357
16.48,0.10523697,2563.848346723831,0.060019463,0.16015625,1.2773886,0.31607473,1.8787539351231435
16.512,0.1073211,2423.4407380688144,0.026007742,0.1708984375,5.0433044,0.13772286,1.9393988925882593
16.544,0.09758265,2307.2623959529465,0.0056968066,0.1533203125,3.8762877,0.13114679,2.0387073793085753
16.576,0.0898368,2245.0748632562586,0.0056860466,0.125,0.4890969,0.14551283,2.1219115870557705
16.608,0.06252061,2326.034193104041,0.038814355,0.14111328125,0.2876197,0.31121144,2.1822994106326634
16.64,0.06714716,2798.1344150008053,0.1727856,0.17138671875,0.93143255,0.28353438,2.214200680728522
16.672,0.07332962,2903.9203519572193,0.18238486,0.236328125,4.7370133,0.17939082,2.200711346477132
16.704,0.045694925,3363.8324595664944,0.17282487,0.3388671875,6.8377247,0.2156154,2.167701943585366
16.736,0.0387311,3793.330441811978,0.21414785,0.35205078125,1.4833897,0.21076627,2.1461066214542903
16.768,0.067438714,3299.86542105805,0.20929462,0.31640625,0.075035155,0.04335552,2.131121270542326
16.8,0.071465224,2913.733411317849,0.14122747,0.2421875,0.7284403,0.09346107,2.114546951860281
16.832,0.07791302,2143.3168726917784,0.02321251,0.1630859375,5.8067193,0.14634073,2.102470486252221
16.864,0.049775846,1642.2451173752047,0.010150488,0.1279296875,1.1887447,0.15264007,2.0982067872187105
16.896,0.016325116,2065.8464780670683,0.04812906,0.16064453125,0.46120533,0.2624128,2.0927943505512667
16.928,0.03399268,2681.137864616882,0.08457453,0.17236328125,0.18931414,0.2063191,2.067645712531573
16.96,0.07708732,2352.5621159001466,0.035370413,0.16015625,0.42848644,0.53940535,2.017753835752619
16.992,0.10759172,2210.1451027354046,0.016260982,0.14892578125,7.4125056,0.4785665,1.9492974416281277
17.024,0.09954131,2252.4950669951904,0.014397508,0.11767578125,4.005278,0.434183,1.8812048958834804
17.056,0.10751162,2258.408168985729,0.04066579,0.12353515625,1.5845789,0.690379,1.8184794086857494
17.088,0.1512998,2288.607492703909,0.034238365,0.13427734375,1.1137543,0.73121375,1.7634431298259698
17.12,0.14368321,2304.154237104658,0.01546386,0.158203125,5.74849,0.68480676,1.7104808022207594
17.152,0.110062204,2464.997898880557,0.009581289,0.15234375,2.8204916,0.50171936,1.6678244255863064
17.184,0.09396566,2386.7494314120663,0.011768407,0.1513671875,0.45593333,0.37035078,1.6374296566383821
17.216,0.085146524,2178.431447494865,0.023768336,0.1630859375,0.18247803,0.4027932,1.6078560028024282
17.248,0.098955125,2639.2377841232455,0.04740711,0.1591796875,1.350893,0.27839056,1.5769766247484198
17.28,0.08808705,2883.3176765321496,0.05698577,0.15283203125,3.3893132,0.26788074,1.5499102057783758
17.312,0.05422713,2583.5600724009428,0.05527456,0.158203125,3.807829,0.45361674,1.5267987243883703
17.344,0.043926194,2163.4067233440624,0.07629857,0.12939453125,0.8574914,0.5933814,1.5042699118623482
17.376,0.13189527,2053.4502465983624,0.03584946,0.10595703125,0.29085892,0.8374036,1.4752931917230385
17.408,0.20200746,1791.12120825376,0.010641908,0.1162109375,2.4146068,0.8601366,1.4612275550725526
17.44,0.16423628,1878.470038371291,0.004087669,0.11181640625,5.6776385,0.6401483,1.4921504642131866
17.472,0.11987224,2021.567390265094,0.0033242647,0.09765625,1.2917209,0.5056668,1.5636194862067507
17.504,0.10272487,1941.475586056772,0.0043726936,0.076171875,0.24224569,0.71742326,1.6581100187386772
17.536,0.09151171,1447.62151560243,0.0020629962,0.04541015625,0.4392513,0.9231019,1.7786647156666624
17.568,0.087681994,946.3970667714257,0.00044024075,0.01513671875,1.4700657,0.97634023,1.9261214182939477
17.6,0.08483621,1222.6946130680144,0.0012202851,0.0224609375,0.37555867,0.9800441,2.0936149541051594
17.632,0.08705673,2034.1855094503028,0.01577441,0.04736328125,0.28819788,0.8790626,2.2616007901677753
17.664,0.10311299,1973.2767403580735,0.027762579,0.06591796875,2.2044756,0.6194118,2.409839909394846
17.696,0.11489427,1725.4839180637487,0.016644677,0.08935546875,10.120443,0.43152517,2.550141925947253
17.728,0.11677763,1630.6036028379326,0.004428991,0.09912109375,4.975854,0.37064102,2.7047074593144793
17.76,0.11065494,1758.1433359557832,0.0017063378,0.09326171875,1.1543875,0.39439097,2.867448830842377
17.792,0.10518423,1938.3954861771908,0.0019940762,0.0927734375,0.46666378,0.39709634,3.0391157422216466
17.824,0.09697327,1869.6726855431511,0.0032552674,0.10205078125,0.29482305,0.4269781,3.215870952829488
17.856,0.0920153,1933.825122343884,0.007765376,0.12255859375,1.0573918,0.46053427,3.4009735987495064
17.888,0.11094881,2016.8906500786998,0.005776534,0.14697265625,1.9363252,0.31528392,3.582199560903459
17.92,0.10893186,1940.2856681356648,0.0022093796,0.1689453125,3.1316187,0.32095203,3.738228105460493
17.952,0.10430751,1975.4591861424772,0.0020258299,0.17626953125,1.525593,0.34702536,3.8574103053476834
17.984,0.09973837,2041.3575957806038,0.0022857203,0.1748046875,0.22030316,0.3593375,3.939130229292561
18.016,0.097561315,2105.982818729512,0.0062360414,0.1806640625,1.1148767,0.3601275,3.972110319471851
18.048,0.10340937,2109.6512665554933,0.011903365,0.1796875,1.1820081,0.32097915,3.9621660415477167
18.08,0.09926732,2232.353813924408,0.010076616,0.1875,3.3097944,0.3364301,3.9288020013506566
18.112,0.100420676,2245.4633415290377,0.011736358,0.1884765625,3.813839,0.31255686,3.8889412390416562
18.144,0.09883397,2227.5547692236732,0.014890834,0.1884765625,1.4928344,0.3103378,3.8518925120158016
18.176,0.09182629,2608.8437916080143,0.01666664,0.17724609375,1.5098385,0.36097142,3.7898036936284742
18.208,0.07555711,3243.2533084161687,0.024096979,0.15478515625,2.037268,0.58857113,3.7078055801529466
18.24,0.06581139,3777.5818024636405,0.019690897,0.1298828125,1.2297547,0.8543334,3.6170588245294653
18.272,0.06292279,3959.6646725067826,0.017867493,0.10302734375,0.9270605,0.8706337,3.5118732457086512
18.304,0.06322037,3601.151085318761,0.033088766,0.11474609375,0.38246164,0.81669354,3.400377933919598
18.336,0.084227584,2759.040388493151,0.030592754,0.1220703125,0.5301489,0.43921745,3.2835991270949716
18.368,0.09856816,2432.019417282291,0.015959721,0.12744140625,3.6188014,0.3091614,3.172742454557611
18.4,0.10042807,2320.1674761532645,0.005663256,0.13037109375,4.301456,0.28059494,3.0605090907962293
18.432,0.1032507,2138.4511787598676,0.00281379,0.11279296875,1.2375889,0.2560842,2.940840930322873
18.464,0.08516453,1871.170752888605,0.0024441255,0.10498046875,0.592796,0.36253476,2.8118269353342127
18.496,0.07648631,1713.2811125262056,0.0020329158,0.10791015625,0.86153483,0.45105904,2.6871003911452305
18.528,0.083059296,1925.731577969066,0.004333369,0.11279296875,0.76464534,0.3736795,2.56819550221183
18.56,0.08766689,2004.72552307539,0.012996462,0.1123046875,1.3597183,0.3058619,2.4563722613052286
18.592,0.09155515,1880.6444485627953,0.018241644,0.1171875,2.6884289,0.3607008,2.3559069641437076
18.624,0.10799625,1940.5403897165247,0.020898584,0.1220703125,4.4930725,0.2248607,2.269320386384334
18.656,0.10325868,2322.5910551020543,0.021660898,0.1298828125,2.6418836,0.15493806,2.2210635214882655
18.688,0.09195115,2479.826635241096,0.0317619,0.146484375,2.3252451,0.20536338,2.1987256796937285
18.72,0.087004125,2536.3263307463667,0.032970365,0.14404296875,1.0781565,0.2855646,2.2000709745590488
18.752,0.079069726,2556.3108907988844,0.033902444,0.1259765625,1.6491199,0.35951117,2.2271056836168968
18.784,0.055818863,2178.4808691744156,0.029044706,0.1142578125,1.4176934,0.702906,2.282732552307924
18.816,0.048687275,2117.0962740777486,0.032041594,0.09619140625,1.1653538,0.7992135,2.359982317745245
18.848,0.046054773,2644.0762797208495,0.05775396,0.14208984375,0.78516495,0.7518835,2.445248225958016
18.88,0.05160273,3308.253189563855,0.1482991,0.1533203125,1.7642229,0.557872,2.5375809759541275
18.912,0.08711555,2866.8394883731653,0.062183607,0.15771484375,1.6849897,0.38264325,2.647910468635839
18.944,0.10131099,2653.6007865876236,0.024528759,0.15283203125,3.3980436,0.30721736,2.7736006046757016
18.976,0.06393688,2337.797743856221,0.028324502,0.1015625,2.5509436,0.386408,2.899250795354614
19.008,0.03845609,2182.6875073697374,0.045973297,0.12646484375,1.0204091,0.6434234,3.0187098229809064
19.04,0.05287713,2665.4885396534855,0.11125304,0.134765625,0.7362159,0.23814674,3.136600468552324
19.072,0.08021624,2503.63472834952,0.068679124,0.15673828125,1.018795,0.21903445,3.245602431006186
19.104,0.10585168,2400.3280915251144,0.021788001,0.17041015625,5.5951967,0.19302237,3.343879776100403
19.136,0.10214903,2551.427594882672,0.007339049,0.15380859375,2.507606,0.11536674,3.4219697717823583
19.168,0.097453386,2523.679370473499,0.0054855873,0.1435546875,0.6755326,0.08855483,3.457717328815317
19.2,0.097685635,2677.178494760629,0.008448849,0.15380859375,0.16965559,0.06495652,3.4617466406219557
19.232,0.08312035,2595.2229889310033,0.026506031,0.1845703125,0.37303782,0.045889344,3.4497976134859916
19.264,0.07101255,2618.62030058051,0.058261402,0.23779296875,1.7390664,0.05231799,3.425142818685015
19.296,0.09024199,2851.991437936448,0.040936243,0.2880859375,3.7045176,0.08916746,3.396756094530769
19.328,0.09430539,3007.509094973993,0.050409887,0.3017578125,2.9797733,0.09691893,3.356862333767181
19.36,0.09228967,2681.7335657432113,0.05518359,0.28271484375,1.5721,0.029221704,3.3145444081105375
19.392,0.09019486,2272.5963789241205,0.04644509,0.2294921875,1.625009,0.008105659,3.270750954442991
19.424,0.091973305,2087.41055835756,0.031666774,0.21728515625,3.0781746,0.011983553,3.2260557754111474
19.456,0.06761641,2319.922166549593,0.05627851,0.21337890625,2.9037178,0.040818024,3.1818372249618947
19.488,0.045897987,3005.9645095375754,0.13595651,0.19482421875,1.0483794,0.29582614,3.130940596670925
19.52,0.080561385,2507.7608705589523,0.037669726,0.18408203125,0.9690483,0.22303322,3.0628378606207494
19.552,0.096968524,2646.283985897606,0.012905376,0.14794921875,1.5372034,0.20584685,2.980282610387487
19.584,0.100172475,2833.34722462653,0.009362342,0.119140625,1.5201236,0.16039623,2.8933264240096914
19.616,0.099873796,2887.483319396785,0.017157208,0.1201171875,0.6296699,0.09646287,2.8034118016223895
19.648,0.09556554,2827.561899583888,0.022494912,0.130859375,0.7889049,0.053361736,2.731815936990804
19.68,0.091835625,2623.2444648563182,0.016262632,0.146484375,2.2260935,0.023971219,2.675801461388067
19.712,0.050856438,2510.6420402027197,0.034796108,0.1728515625,1.577948,0.048340637,2.639051392797392
19.744,0.054462507,2415.302041335598,0.12713276,0.169921875,0.87626696,0.3785603,2.600787040383051
19.776,0.16862506,2276.9985860897573,0.072381966,0.15283203125,0.7941788,0.7373453,2.5475685460166226
19.808,0.2220223,2138.7541135776846,0.037784547,0.11376953125,6.981236,0.8893696,2.4992065191229464
19.84,0.23392175,1958.830708596152,0.011104329,0.072265625,7.214757,0.9065041,2.4423803458760003
19.872,0.21292043,2093.8965790303637,0.0087916935,0.0830078125,0.89842874,0.8836063,2.3781916514301193
19.904,0.15255482,2506.5914725927905,0.013400867,0.1142578125,0.40480512,0.86036456,2.3090380935344377
19.936,0.11798378,2733.5872740803397,0.024256181,0.142578125,0.741836,0.7218773,2.242768863197616
19.968,0.104322605,2818.091151713102,0.029461365,0.1708984375,0.9450224,0.5919754,2.1921179469277177
20.0,0.105127074,2702.8382706959496,0.032506343,0.18017578125,1.0905694,0.6693492,2.1586945461764304
20.032,0.09310299,2812.3501839306273,0.06294095,0.1943359375,1.5311999,0.76407737,2.1352756619566176
20.064,0.09138495,3337.3567513516323,0.109785914,0.205078125,2.2501845,0.6757148,2.1073258453098496
20.096,0.10869602,2805.3430939434584,0.07825029,0.20751953125,1.7456231,0.55547804,2.0735230369905975
20.128,0.11491636,2395.8917555325525,0.031194508,0.1943359375,2.4249735,0.5114137,2.040138267823668
20.16,0.11006166,2427.9423223248978,0.020480657,0.15283203125,2.373204,0.5538903,1.9955861286671333
20.192,0.10034346,2183.2920318628294,0.014989195,0.13427734375,0.8729553,0.6622183,1.9310852911679905
20.224,0.101672225,1989.0697815367812,0.025745284,0.12939453125,0.6900567,0.6162211,1.8680727268535413
20.256,0.11095735,2208.3418610451145,0.041355845,0.12353515625,0.45930597,0.30939972,1.8286146698839782
20.288,0.09499661,2303.609201902612,0.039596494,0.13232421875,4.034716,0.15667896,1.8032734599533957
20.32,0.08543321,2140.4992205319577,0.016457746,0.15234375,3.3187857,0.07626421,1.7989338433942224
20.352,0.09258231,2702.9835179630845,0.049016688,0.18701171875,0.52446234,0.022106603,1.8136889146891704
20.384,0.09323008,3199.797491267709,0.1874498,0.20751953125,0.5040714,0.010661735,1.8433969712819231
20.416,0.08176922,3098.6219192206845,0.21433221,0.2177734375,4.535968,0.013660764,1.8806284035737746
20.448,0.063215695,2734.2278135377633,0.09706191,0.18896484375,5.23241,0.025377855,1.9143104247883005
20.48,0.05265888,2546.856707270809,0.04223867,0.1611328125,1.0837206,0.030324614,1.9401528096811482
20.512,0.0376228,2248.369193965559,0.03755305,0.13232421875,0.5108682,0.054377124,1.9692859551204134
20.544,0.036199804,1883.3958286895975,0.03977331,0.1015625,0.21542533,0.5261807,2.0108675760007313
20.576,0.057274163,1636.3773356098052,0.015178991,0.08837890625,0.40345144,0.80808896,2.0623264470417357
20.608,0.06408735,1574.6943077218707,0.010391386,0.0576171875,2.076695,0.8882367,2.112765336788613
20.64,0.07412547,2036.7838053514558,0.028808469,0.06884765625,1.0302572,0.8747521,2.166534760827726
20.672,0.12934174,2178.326910112054,0.049097154,0.08203125,0.7167964,0.7781466,2.223794543965629
20.704,0.16794574,1869.9850199835628,0.023221431,0.10009765625,4.359043,0.7441227,2.2862011388762116
20.736,0.14581868,1777.1509582957503,0.008518098,0.1123046875,6.9354095,0.69072646,2.3448455581616034
20.768,0.12849393,1898.5200751897312,0.008442151,0.1005859375,1.1235659,0.61454207,2.3969501023371786
20.8,0.11738788,1805.922429378176,0.010646191,0.10107421875,0.3577271,0.6000529,2.440232412996989
20.832,0.117152445,1630.8411400524992,0.0102430135,0.1083984375,1.0086336,0.5451303,2.458641143823418
20.864,0.12254033,1837.514098255,0.008478865,0.103515625,2.197938,0.35679558,2.4536939118919676
20.896,0.0877675,1921.4721202881378,0.011665931,0.0869140625,1.9734939,0.54353523,2.4330821087140935
20.928,0.06934284,1873.9084559938376,0.016175397,0.10546875,1.2248071,0.90886307,2.4158970712973877
20.96,0.10241984,2544.8394346068644,0.09162432,0.10302734375,0.41235226,0.6760984,2.4015787796341
20.992,0.14887016,2463.884358953939,0.07029691,0.10888671875,1.1598358,0.7530068,2.393642674732414
21.024,0.14675878,2190.4434348836926,0.030862745,0.1328125,9.1539545,0.81384104,2.398692746273105
21.056,0.12275492,2226.349527049065,0.0134852445,0.1220703125,2.739223,0.73849595,2.419734117114812
21.088,0.10988131,2364.7773539620553,0.010993178,0.11376953125,0.5855061,0.74968445,2.4517930142266353
21.12,0.107544705,2388.323910095594,0.008806759,0.11474609375,0.20544872,0.74910164,2.499006174062317
21.152,0.103313334,2371.6870305829934,0.010161013,0.119140625,0.81202704,0.6900517,2.56103640524969
21.184,0.101291604,2293.4055289893367,0.009998816,0.10791015625,0.7758266,0.66393036,2.5991656141401798
21.216,0.09615523,2143.690276339178,0.017168103,0.146484375,1.5640705,0.7107616,2.606542405125032
21.248,0.083769344,3062.242468079967,0.08671594,0.16162109375,2.7938411,0.72403926,2.593912728459009
21.28,0.093268186,3288.8595849109297,0.123401254,0.16943359375,2.8786204,0.49933115,2.5850383641671826
21.312,0.10585863,2655.685842457461,0.04880986,0.18994140625,4.067182,0.427868,2.582920218313039
21.344,0.100552365,2418.0211138516006,0.015649524,0.15966796875,3.1634192,0.48093978,2.58589225485737
21.376,0.095803745,2276.298054900597,0.005445738,0.13916015625,1.1582803,0.55678433,2.5914087832688066
21.408,0.08645693,2182.3319087724562,0.0104802195,0.1337890625,0.4997933,0.6312794,2.588430487157406
21.44,0.07204426,2062.208491660219,0.045127843,0.13232421875,0.14758037,0.51090837,2.5824613573268858
21.472,0.0639414,2261.137822440551,0.081770234,0.1416015625,2.1734943,0.19367848,2.569409059741858
21.504,0.03936817,2338.3390756105437,0.081424825,0.16015625,5.534634,0.19045886,2.54899209118692
21.536,0.024494655,2917.5550600878805,0.20274197,0.21728515625,1.6621776,0.1610369,2.5223674346710077
21.568,0.061895147,3454.750065701495,0.29305223,0.2783203125,0.079281025,0.019097514,2.4795122832001444
21.6,0.077207126,3635.3150365628544,0.3076562,0.328125,1.0344348,0.013539248,2.422548365263207
21.632,0.051877104,3571.7565943362297,0.2787904,0.3740234375,8.0302305,0.027445648,2.3517219598245322
21.664,0.037237756,3446.2376880597885,0.19797844,0.3603515625,1.9871922,0.04850336,2.295697201729096
21.696,0.03063084,3272.6834287437578,0.16444716,0.30908203125,0.20637621,0.07034565,2.263745252217099
21.728,0.03248462,2604.3358684833024,0.118719235,0.23095703125,0.1228144,0.19292577,2.2464533654736516
21.76,0.051444795,1846.0598498454258,0.028791701,0.14306640625,0.42177856,0.6970545,2.213094658877644
21.792,0.061200283,1480.7720053328512,0.0066017807,0.076171875,2.2656739,0.908328,2.177320084886463
21.824,0.05599684,2279.405371654086,0.026014153,0.07763671875,1.5354017,0.8994461,2.13185722090237
21.856,0.093518555,2457.431460418661,0.09765571,0.091796875,0.12322876,0.64477754,2.0719655849869154
21.888,0.16203246,2115.874181698448,0.05691516,0.11572265625,3.341721,0.73216486,1.9935314789463117
21.92,0.15974887,1828.1324172074599,0.028023558,0.1337890625,10.103367,0.69541335,1.910219578332254
21.952,0.14208004,1723.897983879784,0.011225685,0.095703125,3.4350543,0.7393364,1.8414826781166649
21.984,0.11986015,1594.8469138838132,0.0064607137,0.08154296875,0.70869416,0.8245369,1.788851107760537
22.016,0.10367596,1428.5356675709381,0.0068847886,0.0810546875,0.29298696,0.87813425,1.7532622577694221
22.048,0.111474596,1834.3027622052332,0.011167494,0.0673828125,0.40772116,0.657051,1.7353415577816684
22.08,0.10616156,1899.2208854781898,0.01056557,0.0654296875,2.2351458,0.60648865,1.7134970454225555
22.112,0.08503731,1572.708167206209,0.0075380383,0.076171875,3.3430042,0.84226143,1.6771330379855682
22.144,0.09247067,2224.9236441267553,0.04030212,0.0732421875,0.6307364,0.8733593,1.621460245115682
22.176,0.15483548,2265.024769884255,0.060824044,0.0810546875,0.19260986,0.8055509,1.5475080026485795
22.208,0.18809639,2011.9108626378272,0.03711196,0.08349609375,6.2401156,0.84215635,1.5207353677712918
22.24,0.21802709,1860.6058192801706,0.013914583,0.0791015625,6.631729,0.9031871,1.5534339741227923
22.272,0.20537832,1980.003915394118,0.007647787,0.08251953125,1.3101821,0.91398746,1.6196154279269885
22.304,0.15180674,2049.3479093782234,0.008136406,0.07763671875,0.641205,0.8659209,1.7076427787541693
22.336,0.11490102,1973.3325343903807,0.0132934945,0.08837890625,0.5882509,0.87674606,1.7960399104946418
22.368,0.11055571,2119.320414843126,0.011886461,0.08544921875,0.44040626,0.75302607,1.8697572632583181
22.4,0.100135595,2093.196717092363,0.011998872,0.07470703125,1.1425295,0.7369378,1.907709338076799
22.432,0.08382611,2321.5795067730332,0.02221081,0.0927734375,0.9413035,0.8896692,1.90165775544488
22.464,0.089277096,2491.2959121536205,0.06833664,0.1064453125,0.7316668,0.68639034,1.866070062745351
22.496,0.111379154,2260.8421496521705,0.064309604,0.12744140625,1.9464498,0.4391334,1.8229839126411096
22.528,0.11033354,2209.9809719959976,0.043281727,0.15478515625,5.956936,0.44385234,1.7842778031316215
22.56,0.09908043,2359.8250639940425,0.0309478,0.14794921875,2.6830144,0.6019642,1.750543921365094
22.592,0.09329848,2371.9256098037567,0.022522932,0.1337890625,0.78741044,0.68139464,1.7284744699604824
22.624,0.08796612,1930.462901348837,0.024025233,0.1240234375,0.70536333,0.78891045,1.7305337786589654
22.656,0.11158931,1973.2950478714831,0.032541793,0.10546875,0.795799,0.5001803,1.7506781323065854
22.688,0.114880234,1993.4436351763075,0.023042038,0.09716796875,3.0371943,0.516925,1.724717908620526
22.72,0.10055845,1843.7476988884075,0.01047404,0.1103515625,3.9360068,0.78867155,1.6509611820092245
22.752,0.09689399,2650.2278964458537,0.04254092,0.14990234375,0.48813447,0.7619583,1.5526110377841256
22.784,0.10357979,3266.9508357271584,0.12790911,0.18603515625,0.16590513,0.34283355,1.4534956875835805
22.816,0.09331897,3349.6538005074026,0.14084035,0.291015625,3.5570524,0.26031452,1.3756452757410762
22.848,0.06777652,3526.993106775142,0.18399936,0.3994140625,4.400441,0.32079875,1.3365579845577304
22.88,0.051518545,4162.72460879159,0.24679765,0.4775390625,0.57434475,0.08572633,1.342173384572546
22.912,0.04766112,4315.978061362092,0.23973426,0.517578125,0.3631764,0.026572226,1.3842337693921962
22.944,0.052795045,3879.4807762164755,0.25692296,0.439453125,0.3595759,0.17029282,1.4391004875164528
22.976,0.067467205,3246.789467493254,0.15647823,0.3232421875,0.5418389,0.44362685,1.4798758927776965
23.008,0.08534367,2409.1348304027165,0.039575472,0.21826171875,3.0321221,0.34407482,1.5112367237533428
23.04,0.093072966,2416.426382972153,0.03918601,0.154296875,2.4362025,0.22598149,1.5387207883582674
23.072,0.12380344,2507.1686624593895,0.054854188,0.12939453125,1.6927196,0.4635264,1.562741444649707
23.104,0.15609416,2037.284759422752,0.01871679,0.12353515625,2.1690428,0.7065881,1.5872689035867376
23.136,0.13957329,1742.1834825571277,0.0082424,0.11474609375,4.3239064,0.68634117,1.621895610611221
23.168,0.11797933,1612.220973633916,0.007492843,0.10546875,0.7177431,0.6580817,1.6720215752649787
23.2,0.109592244,1615.7601072203665,0.009547225,0.126953125,0.54660517,0.65775347,1.7391554998452203
23.232,0.11202981,1906.6399378881838,0.013660078,0.14453125,1.2686698,0.40981582,1.8136181080438911
23.264,0.09700198,2138.280996513106,0.012954844,0.1337890625,2.5455394,0.18795037,1.8652503714913122
23.296,0.07889987,2187.7848653883616,0.013410722,0.12255859375,2.7680125,0.1556712,1.8737683184977738
23.328,0.076936685,2038.2334043507356,0.018105224,0.1201171875,0.9548478,0.1512079,1.8453675269050285
23.36,0.10211614,2590.7212041838475,0.11117361,0.10546875,0.43774053,0.41688693,1.8403246402796125
23.392,0.16291583,2428.0095695186787,0.06322812,0.11474609375,1.8769912,0.59002215,1.8840437371893073
23.424,0.16216755,2210.8558825216646,0.021621453,0.1259765625,8.796663,0.5531702,1.981833850626837
23.456,0.13543911,2070.508387666156,0.008584956,0.119140625,2.429389,0.5057814,2.1320542646662375
23.488,0.12137947,1847.227996500292,0.003262912,0.123046875,0.33749777,0.4352728,2.330292175649885
23.52,0.11707276,1696.554562978636,0.0021999122,0.12548828125,0.21441942,0.43957523,2.576440853449403
23.552,0.111297436,1649.5420991019307,0.0016577041,0.12890625,0.20073213,0.40794933,2.844329672923786
23.584,0.1068971,1614.8136599441268,0.0015597438,0.12646484375,0.35116473,0.42739445,3.0897245186257996
23.616,0.104635544,1727.6870052605593,0.003880009,0.13037109375,0.4874136,0.44592926,3.2995461032481375
23.648,0.09804985,2346.402808033914,0.026448064,0.12646484375,0.6237916,0.44191793,3.4558518569941805
23.68,0.09353736,2689.257565741277,0.06649847,0.1142578125,2.8817804,0.46391413,3.545523882567511
23.712,0.08169459,2382.02776933252,0.044157326,0.10888671875,6.104056,0.6541556,3.582333715391072
23.744,0.07847408,2006.0723783915205,0.015919898,0.09912109375,4.0822206,0.7786707,3.5965257168599933
23.776,0.08405588,1802.0286935528823,0.010022206,0.095703125,0.8241523,0.73435754,3.6266618647502917
23.808,0.07958195,1736.0388436683124,0.0115477275,0.1171875,0.59125006,0.7875972,3.6813880855131376
23.84,0.072589576,2020.5816883995644,0.0535393,0.12646484375,1.304881,0.5574995,3.704482296969787
23.872,0.06691733,2270.473075733796,0.097466476,0.1494140625,1.6863862,0.17521,3.668911048853296
23.904,0.043567695,2318.329208601938,0.09010881,0.1748046875,5.2003374,0.17831644,3.579124608906437
23.936,0.028780721,2850.9046810233913,0.19605273,0.22802734375,1.9223478,0.22423047,3.43464003042216
23.968,0.06134736,3400.508837796795,0.2950286,0.30224609375,0.04185547,0.023245301,3.2281798988584276
24.0,0.0728164,3611.9905558827486,0.32811007,0.36328125,0.92605144,0.0155965295,2.9710505132411686
24.032,0.046237215,3695.948936739034,0.3064308,0.42333984375,6.8941045,0.03442623,2.694579425511383
24.064,0.027664945,3672.750440954173,0.1702885,0.40087890625,1.8759005,0.0813501,2.4336592219189503
24.096,0.018607035,3436.9590139854895,0.12139034,0.3330078125,0.18899114,0.15653911,2.2003089708087376
24.128,0.023836665,2568.7124784576463,0.10330042,0.28857421875,0.07591155,0.37758926,2.001779799746641
24.16,0.059000295,3003.541454597501,0.09960526,0.2548828125,0.0590495,0.5119814,1.833110820170007
24.192,0.07636293,3545.1471925365713,0.101026766,0.25390625,3.8288834,0.51425624,1.6909399053945473
24.224,0.06775189,3928.2429018697853,0.1067844,0.2890625,6.2771826,0.5505072,1.5738979594301061
24.256,0.092920996,3251.7541662021126,0.13542967,0.248046875,1.6875845,0.62108475,1.4944471571284672
24.288,0.15837905,2506.124185981628,0.053549908,0.19091796875,0.48563248,0.8263942,1.459687059629376
24.32,0.1573011,1973.1104614810174,0.021011671,0.142578125,5.778435,0.8062466,1.4682624950740564
24.352,0.14826848,1933.4944031810314,0.009847474,0.09228515625,2.783277,0.75214595,1.5014874220189434
24.384,0.1348474,2073.258131072765,0.007644297,0.0986328125,1.2653354,0.6801371,1.5500932730344057
24.416,0.12095077,2211.60646529903,0.0071293167,0.11328125,0.8200433,0.66459763,1.6181111510733783
24.448,0.11006155,2059.612499315006,0.014010621,0.142578125,0.9841106,0.5308625,1.6998056913185886
24.48,0.114805944,2205.6258408215663,0.012742348,0.16162109375,1.6516182,0.4534415,1.7877731038019595
24.512,0.11337614,2531.8307670825047,0.010301199,0.18603515625,3.5687664,0.47213936,1.8815897692594394
24.544,0.110575184,2454.441287551608,0.04378758,0.1845703125,0.94945645,0.5029356,1.9807521111819597
24.576,0.15623547,2364.541220150866,0.070169486,0.1591796875,0.74753416,0.7047583,2.057903866180623
24.608,0.17693105,2285.5613873966936,0.037821732,0.11962890625,6.8141575,0.8447056,2.1110594347771023
24.64,0.20438986,1971.587599771621,0.008160076,0.078125,5.073031,0.90661377,2.1521983953039596
24.672,0.2134326,1552.5602324429406,0.0022096215,0.05859375,0.4379065,0.9175463,2.1814136296265523
24.704,0.1626928,1494.8557971189648,0.003272796,0.06005859375,0.27354303,0.85488224,2.205541766389172
24.736,0.1211293,1850.9540521103233,0.013316999,0.08447265625,0.3717562,0.7062619,2.2122525583592454
24.768,0.13112788,2039.8688496008476,0.014484506,0.09814453125,1.3184906,0.37637147,2.186938904421827
24.8,0.1467935,2032.3617487132744,0.0046207723,0.1171875,4.2588477,0.26596576,2.152981570398177
24.832,0.13037723,2065.629156631529,0.004516556,0.1337890625,2.0332825,0.32973376,2.1413056567352555
24.864,0.11890777,2660.1656992491785,0.020857237,0.12939453125,0.5883204,0.3459591,2.140841362529942
24.896,0.10438532,2566.078573312596,0.025860427,0.12646484375,0.65820926,0.45282418,2.1496282026748004
24.928,0.08968713,1945.4338326431134,0.009388468,0.115234375,3.8043709,0.6453906,2.1771926508349275
24.96,0.093513094,1355.7408389793313,0.001901856,0.09033203125,0.9797082,0.5758602,2.222553006194625
24.992,0.09479593,1313.0947871450535,0.0015854842,0.08984375,0.18092436,0.51027256,2.2809511562357323
25.024,0.10049682,2000.0758957141102,0.016496863,0.10498046875,0.18121745,0.3134116,2.3563001009669517
25.056,0.11653771,2299.2148855873693,0.03231887,0.13037109375,0.7349168,0.08817491,2.46387133590778
25.088,0.103463575,2422.1174683253494,0.024669807,0.1279296875,8.2848835,0.034979355,2.59767611380376
25.12,0.06404708,2329.8597879355775,0.02291035,0.13720703125,4.240261,0.047783546,2.7584424791600304
25.152,0.057946242,2866.141464834458,0.13620117,0.1787109375,0.24899149,0.10769375,2.9377123836926513
25.184,0.09124844,3166.0778494843557,0.20177269,0.18994140625,0.3853851,0.038791552,3.1354999092348272
25.216,0.092639774,3136.110831475957,0.15524244,0.2197265625,5.880257,0.009995879,3.337476895147254
25.248,0.0790056,2881.560698847285,0.05786352,0.22265625,5.0370984,0.0040573915,3.5346253305338053
25.28,0.06935734,2869.8279007387773,0.029766815,0.177734375,0.66340697,0.005764243,3.7016051459089754
25.312,0.07423142,2576.4924507207315,0.020199228,0.16064453125,0.70717824,0.0066425526,3.829109810135401
25.344,0.07937084,2384.948148249374,0.020085998,0.14404296875,0.50900793,0.07522559,3.9353941699893733
25.376,0.09128975,2334.844356548525,0.011185928,0.14404296875,1.0238752,0.22162622,4.026008678934657
25.408,0.09137664,2448.3241451445074,0.009282054,0.146484375,2.3090122,0.2514731,4.106207000982256
25.44,0.07917035,2325.4207930380367,0.039890446,0.13720703125,1.0415276,0.3278475,4.186699689241834
25.472,0.12923911,2116.5358554072027,0.04745079,0.1259765625,1.0266668,0.6940886,4.2661728073555665
25.504,0.1641137,1848.736418739129,0.019513514,0.11279296875,5.790854,0.77100617,4.3402989703268045
25.536,0.14119193,1660.7813251544517,0.0076752473,0.10302734375,5.5986323,0.67371464,4.407079948626049
25.568,0.111882456,1715.962071702077,0.008936923,0.09228515625,0.83424693,0.6184523,4.473272441729326
25.6,0.09699717,1686.4604258589807,0.01230111,0.08837890625,0.23209609,0.71280134,4.537237966272774
25.632,0.09187858,1546.953733874816,0.008968399,0.0859375,0.8319119,0.8744193,4.595257363942542
25.664,0.09099994,1710.5581116935646,0.0102284225,0.07568359375,1.5547384,0.85528195,4.608355443915503
25.696,0.09120748,1672.7380191918187,0.0068812375,0.06982421875,1.7715901,0.8699023,4.5818136977061545
25.728,0.087095335,1774.4843412648588,0.0104370825,0.0859375,1.5749061,0.8939062,4.514846289987776
25.76,0.11070709,2430.9766615531234,0.0720632,0.09423828125,0.251885,0.8038923,4.399170854278482
25.792,0.15296936,2350.8739284303756,0.061678376,0.10302734375,1.1898249,0.75830466,4.231984201092622
25.824,0.14954263,2237.7618323016263,0.027310038,0.12255859375,8.179785,0.6407573,4.026237952418775
25.856,0.13223572,2210.214996777213,0.009860308,0.12158203125,2.7809782,0.53377056,3.8090850492997688
25.888,0.13001561,1995.3086474111292,0.0039625773,0.12060546875,0.561982,0.52748084,3.599068347884662
25.92,0.1280193,1816.604170988886,0.0022933981,0.126953125,0.16056302,0.4942384,3.389695274686891
25.952,0.12049729,1808.605285230641,0.0019081595,0.1201171875,0.2720663,0.42244747,3.169835466936102
25.984,0.121685766,1762.7712032850388,0.0021269894,0.1171875,0.5534542,0.44853237,2.922956863143235
26.016,0.12592413,1814.8141001862623,0.0023625756,0.12353515625,0.3496622,0.40813962,2.65964103243354
26.048,0.122572266,2307.016653553041,0.012956311,0.130859375,0.92732203,0.3477061,2.3953092638066167
26.08,0.113248475,2526.4661445508086,0.03846676,0.13623046875,1.5211508,0.3938317,2.1286312533346354
26.112,0.10881235,2267.295487481636,0.020095356,0.1376953125,4.584665,0.5204916,1.8749201142808372
26.144,0.10286845,1945.9658040267702,0.0056847534,0.13037109375,3.6884825,0.5253108,1.660449700628728
26.176,0.10454089,1830.5063654471512,0.00366582,0.1201171875,0.59841347,0.42755046,1.4827352826971583
26.208,0.10008856,1831.0555301506827,0.004719971,0.1357421875,0.45121884,0.47237784,1.3463457221991268
26.24,0.083135456,2185.03687833976,0.031153696,0.16162109375,0.9174223,0.5337536,1.2575299512245324
26.272,0.08509906,2415.3956062536877,0.05620498,0.18896484375,1.3107283,0.27220628,1.2140893008783111
26.304,0.07429933,2601.8301682538768,0.05028298,0.1767578125,5.994329,0.23201649,1.1969996627247217
26.336,0.04748124,2614.2806403563154,0.09330782,0.21630859375,2.464991,0.36858362,1.1832882368845905
26.368,0.06279855,3116.5586084240203,0.2894088,0.2216796875,0.51311606,0.10130526,1.1535218713662032
26.4,0.08800563,3220.694736525093,0.23156671,0.208984375,0.8719812,0.047412742,1.106957028940577
26.432,0.091226004,3067.7486747523976,0.09758025,0.22509765625,6.5725527,0.01584113,1.054488965617046
26.464,0.07898163,2860.8157085056946,0.037989076,0.17138671875,2.270889,0.009566047,1.0148987865207486
26.496,0.07327304,2765.849308687735,0.020711578,0.14501953125,0.44582123,0.009045174,0.9889625376569937
26.528,0.08014518,2612.631630094438,0.019249717,0.14208984375,0.6360623,0.01750884,0.9656745733182439
26.56,0.08610045,2594.0788525669814,0.01288642,0.1455078125,0.35512453,0.16244376,0.9400369769426472
26.592,0.08580779,2483.870742152386,0.009194467,0.15283203125,1.9381007,0.30025825,0.9133106146251961
26.624,0.07809302,2624.363914682793,0.01565276,0.15869140625,1.4661499,0.33240792,0.9035258912108356
26.656,0.091792524,2406.332225095258,0.07453246,0.1337890625,0.70519626,0.5119713,0.9170717501287717
26.688,0.15124021,2060.298841873471,0.040293533,0.119140625,2.2916007,0.7438743,0.9521083435689635
26.72,0.15987226,1722.2078954175288,0.012478734,0.10498046875,8.37497,0.72507924,1.0036602474668639
26.752,0.12497637,1736.9934689452598,0.008418903,0.0810546875,2.911773,0.6490337,1.066024907915405
26.784,0.10195499,1751.8578903870011,0.015368692,0.0810546875,0.5345292,0.6386309,1.1373751369295246
26.816,0.09698527,1606.3326940844365,0.010410146,0.07958984375,0.2591712,0.83500046,1.212996944858501
26.848,0.10123684,1652.0496858820643,0.0075825057,0.0712890625,2.0795584,0.8946701,1.2947775108275519
26.88,0.09573765,1763.6515844534447,0.007951194,0.06982421875,1.2775502,0.86050975,1.3799455433895007
26.912,0.09153785,1632.3720205710988,0.0049967114,0.07861328125,1.5188797,0.9007263,1.4692969110423126
26.944,0.097902864,2142.7501561411,0.036508933,0.0849609375,1.071456,0.8691678,1.5478409298761455
26.976,0.15302266,2272.3400492882374,0.06137126,0.08935546875,0.26481074,0.82119346,1.6006896621646354
27.008,0.1922806,2013.6424614839866,0.02542083,0.0859375,6.6946936,0.8435649,1.634736927992027
27.04,0.20491265,1907.9449633572638,0.008444292,0.083984375,5.8130617,0.8388669,1.668659929566877
27.072,0.19556814,1828.906823827654,0.0044624573,0.078125,0.9653369,0.8041196,1.7116558899805918
27.104,0.15003872,1867.5962193895064,0.0043341173,0.09228515625,0.30857882,0.6005456,1.7540738291851976
27.136,0.12511244,2052.7058628026048,0.0042609717,0.10986328125,0.34198046,0.35557058,1.7846123601776231
27.168,0.11589391,2092.8197647677403,0.0049420055,0.11572265625,0.38618684,0.26825595,1.8168776202548973
27.2,0.10842263,2099.8312235784915,0.0075270752,0.12255859375,0.23498765,0.37053314,1.8531982629480692
27.232,0.09984056,2165.7119147011763,0.012703909,0.1171875,0.6512011,0.40423048,1.892942732940963
27.264,0.10271901,2154.5561089631988,0.012246597,0.1103515625,1.4608921,0.38376766,1.9348778383444054
27.296,0.09456339,2200.621864548381,0.010551965,0.1162109375,2.1525183,0.48544654,1.9798373046448077
27.328,0.09212478,2080.3657733756354,0.007527027,0.1220703125,1.9754233,0.5360383,2.0266375905817324
27.36,0.09123749,2022.424068998552,0.0063285506,0.10791015625,1.2546893,0.56094646,2.075653993880505
27.392,0.08514721,1927.8019962598914,0.00694275,0.099609375,1.0254538,0.6960476,2.127387454733866
27.424,0.085823566,1761.4633401754334,0.0078417985,0.08935546875,0.55845845,0.8216321,2.2009849087807023
27.456,0.097604044,1799.289911150939,0.0080738375,0.076171875,0.9155924,0.642743,2.311292848142706
27.488,0.0943513,1734.5837551518198,0.0068716696,0.06884765625,2.218898,0.59707665,2.447959108391725
27.52,0.07638581,1551.2837410823581,0.0066122487,0.0693359375,1.9309326,0.822964,2.59648067996487
27.552,0.06776074,1751.5429438830715,0.007214998,0.068359375,0.76536614,0.96236664,2.730597053074553
27.584,0.06847582,2194.7555765744296,0.021049874,0.06982421875,0.6668395,0.92367923,2.844130098472772
27.616,0.086705916,2094.142725735407,0.017495215,0.0947265625,1.1474117,0.82918984,2.9316091254050494
27.648,0.10256023,2205.160582737301,0.007997002,0.1044921875,3.9530706,0.66038907,2.9801845416274597
27.68,0.09677763,2310.5392730480503,0.005597223,0.103515625,2.4986491,0.5178501,2.9936052370016775
27.712,0.096104935,1996.5093810122557,0.004310695,0.10205078125,0.79642594,0.46914393,2.979126180733823
27.744,0.096640006,1637.3680994744086,0.0035768715,0.0888671875,0.41602117,0.4888653,2.95065178925349
27.776,0.08300528,1530.2486836680123,0.0043690065,0.068359375,0.6446748,0.7424982,2.91245938238605
27.808,0.07019894,1346.3085114670876,0.003806959,0.076171875,1.5582172,0.95393914,2.865607196768205
27.84,0.06554869,2105.4599190416902,0.015908374,0.0859375,1.4085099,0.9460558,2.81393111074123
27.872,0.07033994,2406.881612011606,0.039907187,0.09130859375,0.86536884,0.81821716,2.7537740605117573
27.904,0.095196515,2132.362566200556,0.015650215,0.11328125,4.4265337,0.5452085,2.6780608806771604
27.936,0.10523613,2168.724838681684,0.0061244317,0.09765625,4.820912,0.35651624,2.58967771142449
27.968,0.07953771,2010.7819302604844,0.005970386,0.08251953125,1.4203237,0.57320124,2.4962822374267044
28.0,0.060719952,1724.4234967590567,0.008570571,0.076171875,0.5165402,0.87794805,2.40273966348716
28.032,0.07064314,1909.7970214904694,0.01208429,0.0791015625,0.43814573,0.60459775,2.3227836768702197
28.064,0.10250072,1851.026648119051,0.005017682,0.07958984375,1.9847025,0.2956084,2.2545541888148315
28.096,0.09960818,1596.5212055658048,0.0025433763,0.072265625,3.1594083,0.3056093,2.20374849384895
28.128,0.0651848,1372.1489730275143,0.004116647,0.08251953125,1.2012949,0.72031826,2.1718152581862555
28.16,0.05934425,2077.261339763275,0.018551255,0.080078125,0.69252557,0.78554565,2.159621805371566
28.192,0.08818052,2207.8632650895042,0.015074596,0.111328125,0.8663211,0.31211168,2.176217655804842
28.224,0.1002996,2527.0203872938437,0.009208003,0.16015625,4.7808623,0.20105772,2.2167753391724068
28.256,0.09590095,2892.570438304432,0.008426489,0.18701171875,3.6204853,0.2157523,2.275487160572569
28.288,0.09333814,2834.5844299455275,0.0063537634,0.2177734375,1.3917549,0.18569796,2.3536114015692116
28.32,0.09449487,3045.808096883893,0.018608812,0.228515625,0.99657494,0.1516222,2.4498700603598595
28.352,0.09314161,3114.7735613997875,0.025097314,0.2314453125,0.76853335,0.13307439,2.5735655146563428
28.384,0.087524705,2931.8468042294053,0.03586833,0.2353515625,2.9723063,0.14450367,2.731942617966769
28.416,0.09015673,2854.0333973888396,0.03655896,0.23095703125,1.1459041,0.17369796,2.9198461424554876
28.448,0.088335484,2769.3993223564585,0.023073137,0.23583984375,1.9854052,0.19136018,3.135195348206629
28.48,0.08418704,2903.404556973257,0.054190073,0.23095703125,1.8220651,0.24691811,3.367594511599187
28.512,0.08648739,3097.2011868948075,0.06544306,0.23388671875,0.49192318,0.32325613,3.622107950437275
28.544,0.08359842,3001.863973488983,0.036242373,0.2451171875,3.6487772,0.29261214,3.9045557332241456
28.576,0.08116909,2970.689154901147,0.042827375,0.2451171875,1.7509515,0.24220699,4.208063729252951
28.608,0.08008821,2863.6475631868975,0.06606473,0.25830078125,0.77570605,0.2365637,4.524682634001278
28.64,0.08305381,2929.923010667928,0.05283914,0.2451171875,1.192359,0.29832646,4.8342116701701485
28.672,0.08106854,2835.9334827895946,0.021476299,0.2060546875,3.0227098,0.36383483,5.109873847638039
28.704,0.0797044,2457.6129857531814,0.017825667,0.15771484375,2.1066322,0.5674074,5.346788773445305
28.736,0.078339286,2023.9494613407146,0.012429321,0.12890625,0.67024297,0.8129864,5.557682122821879
28.768,0.08774542,2408.6197394606306,0.051246416,0.109375,1.0122174,0.5701144,5.744274279618652
28.8,0.09762833,2610.302430780221,0.061435584,0.11376953125,0.8381257,0.2873437,5.899984323251034
28.832,0.09107807,2670.033121551023,0.042083982,0.1279296875,5.500668,0.25889876,6.0178670905899
28.864,0.09433829,2749.2694426768335,0.03336289,0.111328125,2.1101887,0.19829828,6.090640037394025
28.896,0.09165006,2575.7731115899956,0.019361524,0.10986328125,0.33776522,0.21462573,6.118541736183131
28.928,0.09165277,2811.94125668503,0.02888695,0.1005859375,0.39635897,0.17165573,6.106865948984146
28.96,0.08598802,2644.875318656791,0.023659267,0.1025390625,0.23129661,0.14670594,6.07182633120491
28.992,0.08026802,2550.8334532228523,0.030248044,0.10205078125,1.3325685,0.18784522,6.012477133802165
29.024,0.073759116,2356.397020480188,0.038561977,0.1494140625,0.3712671,0.20190601,5.925904794066089
29.056,0.062219657,2839.766719369367,0.11821788,0.19921875,1.5611608,0.1838376,5.807225053178432
29.088,0.055556256,3253.224823634734,0.21353212,0.2255859375,1.7904992,0.16336858,5.655945275230557
29.12,0.041588675,3099.096290570858,0.13368781,0.2666015625,2.947538,0.20711333,5.492989930241891
29.152,0.04381134,3247.3086011975274,0.16698669,0.23828125,1.7359679,0.21826263,5.336650008951147
29.184,0.03711772,3065.8764034539845,0.13146135,0.259765625,0.06887833,0.28236207,5.190027364574737
29.216,0.0388043,3543.8401340179958,0.22106613,0.2763671875,1.4181116,0.18660742,5.041980411566429
29.248,0.044604618,3489.945703028632,0.2388353,0.275390625,0.27848294,0.13708429,4.89479759115693
29.28,0.038514398,3130.1792512535703,0.15785803,0.29443359375,2.0504944,0.19301224,4.749348912991092
29.312,0.041322727,3166.3205415142083,0.16274408,0.2529296875,1.9166298,0.15017362,4.602465073800087
29.344,0.044386048,2313.2420711625145,0.08378755,0.1923828125,0.5681992,0.49849138,4.446975705176535
29.376,0.14709374,1760.825595808631,0.020533787,0.1455078125,1.1366218,0.89603215,4.2709531279539386
29.408,0.22084078,1837.7296000783056,0.011232617,0.11279296875,2.3002255,0.9652132,4.080276215989043
29.44,0.16610748,2121.7119546291565,0.01125917,0.08056640625,4.4592457,0.9341591,3.865060947375788
29.472,0.12267841,2386.842455814178,0.010211941,0.08251953125,1.3449895,0.79899466,3.6345770625757083
29.504,0.12004212,2358.802124428659,0.00902637,0.07666015625,0.7493341,0.7541675,3.3874467825245365
29.536,0.113379076,2359.4502097144295,0.010121379,0.06298828125,0.37724358,0.7965928,3.144324354752378
29.568,0.10792522,2263.2655257968404,0.008383915,0.06591796875,0.6906202,0.8527118,2.9263883161060504
29.6,0.10187624,2133.3385062868606,0.007936799,0.06005859375,0.72861993,0.90564275,2.740590923502169
29.632,0.095516376,2042.861612719779,0.0113473805,0.07080078125,0.6449917,0.9452051,2.58099123875108
29.664,0.09442027,2228.4256270056558,0.027762918,0.06982421875,0.8947036,0.83192575,2.4265832341467317
29.696,0.096630566,2409.971617675104,0.04090731,0.07275390625,2.2489147,0.7565337,2.2736426297484207
29.728,0.11085376,2211.4511910044966,0.022444248,0.0751953125,4.411542,0.54729927,2.123882845071458
29.76,0.10409489,1990.959298982959,0.010157133,0.06396484375,2.345441,0.5895472,1.9853253841222194
29.792,0.08379076,1980.861220639906,0.008383324,0.0595703125,1.3805559,0.8931879,1.864406507179786
29.824,0.08448278,2110.3359492552804,0.013366502,0.0625,0.3222593,0.89348555,1.7685357109676247
29.856,0.09690707,2368.088981800567,0.014997587,0.09521484375,0.45126912,0.63360894,1.7182952125611926
29.888,0.10393607,2747.07750318694,0.013550503,0.12646484375,2.5281084,0.33742306,1.718401867743831
29.92,0.09154372,2740.590312798362,0.018025266,0.1396484375,2.4480062,0.15305811,1.7725587704340504
29.952,0.07416993,2481.088315953847,0.024500774,0.14697265625,1.4784005,0.06787939,1.8679856797260512
29.984,0.0705896,2262.8698874254196,0.027127119,0.15673828125,2.0604143,0.014796019,2.003925429919885
30.016,0.08529413,2433.5916728604975,0.029356869,0.16357421875,1.4134245,0.0029281552,2.1791972487723013
30.048,0.080651715,2595.850816440997,0.01317275,0.18017578125,2.0794802,0.0021078996,2.3758595032370216
30.08,0.07635314,2568.727010229438,0.013469122,0.1904296875,2.4841073,0.0021045695,2.574239732119848
30.112,0.07464255,2399.482226333941,0.014572848,0.18115234375,0.71227956,0.0013494889,2.7782460561824043
30.144,0.078083366,2295.032008029978,0.009363422,0.17578125,0.89116,0.000926369,2.9934252410724014
30.176,0.08011512,2134.878072936201,0.0077305078,0.1650390625,1.1210457,0.000729045,3.213211908242399
30.208,0.080119535,2117.6464424464302,0.015008297,0.15380859375,1.0198293,0.000543753,3.429406720428345
30.24,0.07601683,2202.119540085074,0.017117536,0.1435546875,1.2482073,0.00057698344,3.6429525525693243
30.272,0.07427072,2299.331113842633,0.015243096,0.1416015625,3.2265325,0.0004481553,3.846077740300093
30.304,0.076674275,2203.914791840507,0.014379027,0.15185546875,1.6985744,0.0003292216,4.030659340629965
30.336,0.077138245,2172.898428527939,0.009829446,0.16259765625,0.5370681,0.00031480697,4.192900143600725
30.368,0.075721145,2285.5763365162006,0.012807747,0.171875,2.1135833,0.0002925465,4.322324202532335
30.4,0.07557737,2366.106893976766,0.010257609,0.16748046875,1.3907585,0.0004236062,4.417381912429485
30.432,0.075772494,2459.043048180815,0.010444024,0.16015625,1.599092,0.0008769417,4.478536019424961
30.464,0.073299386,2285.0219231120836,0.026064238,0.15478515625,1.7409552,0.00249091,4.515411282330361
30.496,0.0742474,2225.535486231905,0.017993106,0.1455078125,1.7544128,0.010666168,4.52209472237041
30.528,0.073787786,2347.981343622352,0.010193579,0.15966796875,3.8063374,0.016270498,4.495929140650697
30.56,0.08378783,2326.2566423672624,0.06552704,0.14208984375,1.4230729,0.20012198,4.440509752905816
30.592,0.13008092,2035.0835207606558,0.047457945,0.13037109375,1.1309175,0.65141046,4.355811791748422
30.624,0.13034636,1891.2732322642846,0.0257079,0.12255859375,8.15837,0.71091014,4.2588276378049414
30.656,0.113216124,1948.9823461028973,0.025138456,0.099609375,3.2090485,0.5631916,4.162103369876677
30.688,0.11170284,1941.2259175158765,0.021450946,0.1025390625,0.4231813,0.5407328,4.070821645029399
30.72,0.11235536,1972.343365177885,0.012505765,0.095703125,1.6025962,0.5348278,3.9801566317969774
30.752,0.10800687,2009.8387695245317,0.0067097694,0.0966796875,1.583997,0.55056864,3.890337116724072
30.784,0.10348679,2000.3557895182366,0.0058457064,0.09521484375,0.72037596,0.5635348,3.809085356889609
30.816,0.10113892,2038.9599797468718,0.0053330027,0.09326171875,0.5204925,0.5389055,3.735842332156385
30.848,0.09835641,2073.08591284445,0.0061440985,0.09912109375,0.5610532,0.5135581,3.6603933746761177
30.88,0.09345925,2064.6516722092615,0.006496208,0.10498046875,0.58989847,0.43302,3.5674169300098355
30.912,0.084761694,2156.16156117447,0.0073250066,0.1162109375,0.8599609,0.25513652,3.46215279836676
30.944,0.07700963,2257.350830171159,0.006565343,0.138671875,0.89178133,0.06294358,3.332070811669097
30.976,0.07596831,2466.5130984631624,0.009156685,0.16015625,0.5639543,0.0055106897,3.176314938026821
31.008,0.09012893,2572.8344465245805,0.06071154,0.15478515625,0.3748567,0.12804566,2.9857193874863133
31.04,0.12500983,2285.8566837257504,0.052994363,0.1474609375,0.8996442,0.521683,2.7642741259603967
31.072,0.13009234,1933.3840611487467,0.027102383,0.134765625,7.8722024,0.6655917,2.554629501615709
31.104,0.111752465,1964.229724533504,0.020012759,0.10791015625,3.0017061,0.606428,2.365839549374707
31.136,0.10034018,1995.1018296830239,0.012987481,0.09521484375,0.77898383,0.6122563,2.1935532615316
31.168,0.09377573,1882.5783415132635,0.014038142,0.09033203125,0.8786728,0.6828927,2.024679989471167
31.2,0.097583994,1968.0747211263392,0.013883781,0.08349609375,0.47729057,0.5881861,1.872432313445981
31.232,0.0975284,2058.409569985635,0.018481947,0.0888671875,1.237498,0.54965127,1.7457936793980815
31.264,0.09321459,2106.0267018579393,0.018353593,0.109375,2.0465333,0.5167667,1.6402407372725978
31.296,0.085966095,2191.634245806972,0.017243927,0.1142578125,1.7948298,0.3483865,1.5472561477052973
31.328,0.07314814,2203.634083038851,0.026101645,0.12255859375,1.1899834,0.18976413,1.4691888757364586
31.36,0.06532439,2409.1724591028164,0.01899941,0.126953125,0.74461424,0.36469612,1.4207386132992825
31.392,0.06873645,2494.5259771275378,0.009137355,0.11767578125,1.9037458,0.38520405,1.3931430110328473
31.424,0.07191288,2560.498275265969,0.009472858,0.1376953125,0.5942073,0.30334604,1.391337274455706
31.456,0.0782611,2686.472006885604,0.06317538,0.14306640625,0.37539786,0.3264157,1.412334857381478
31.488,0.10878983,2539.7491661750987,0.061422646,0.14208984375,1.0926124,0.6087225,1.4671282292128596
31.52,0.10891153,2424.293407657575,0.032422714,0.15478515625,7.223659,0.6717136,1.5627581654872709
31.552,0.08747043,2372.5280323718475,0.019727407,0.1357421875,3.064529,0.5522692,1.6632344089886115
31.584,0.07795408,2441.7948518625544,0.014240389,0.13037109375,0.26668507,0.4388314,1.7531730362235203
31.616,0.07500134,2452.2561815825707,0.009786787,0.12939453125,0.11735139,0.40497836,1.8357635612678498
31.648,0.070889756,2622.6616072827837,0.013670121,0.1298828125,0.19487195,0.40189746,1.9246698647565896
31.68,0.06318986,2646.242796726452,0.026658172,0.12841796875,0.28197962,0.3467386,2.01332243052283
31.712,0.055775575,2449.356402486735,0.03014445,0.13671875,1.1533811,0.242586,2.0970453432126637
31.744,0.0634765,2548.6968253578952,0.13276993,0.13037109375,1.8859289,0.29807258,2.172029484751302
31.776,0.14150149,2389.6949854406203,0.09012132,0.1064453125,1.6982185,0.67273754,2.2366329419163513
31.808,0.19689064,1956.6805820252325,0.025568953,0.08447265625,7.557209,0.88190174,2.2878505182028523
31.84,0.2257423,1624.9413633091294,0.0057782005,0.0556640625,5.7475953,0.9600137,2.333439512936588
31.872,0.21280892,1693.6793485178514,0.00389941,0.04541015625,0.71031344,0.96660185,2.378382595231318
31.904,0.15929465,1808.771563647937,0.005604764,0.05419921875,0.19001985,0.9442261,2.420334417363433
31.936,0.12352128,2169.342682382696,0.010909555,0.07275390625,0.20645836,0.91132987,2.4621107286906225
31.968,0.09939618,2648.3417394704284,0.027441695,0.0859375,0.33611077,0.79547924,2.5089417595977634
32.0,0.1000816,2479.4310878961464,0.017125953,0.09130859375,0.95848125,0.7240203,2.5564176539329733
32.032,0.09162081,2401.565899381286,0.014878215,0.11083984375,2.1015432,0.78967524,2.586996980874738
32.064,0.097471565,2787.7140989570044,0.05830042,0.130859375,0.50702995,0.6272521,2.6014690186407012
32.096,0.1015378,2845.3328844599,0.06572475,0.14990234375,0.626348,0.42449656,2.601628156636417
32.128,0.07865406,2733.0788683939254,0.043698832,0.17724609375,5.1335506,0.44674355,2.5907837008779593
32.16,0.06302005,2620.576632401433,0.02877871,0.17626953125,1.4001429,0.3843823,2.5683453378469236
32.192,0.04991886,2534.8599820863947,0.026959749,0.1904296875,0.16476965,0.3470546,2.5334339085754327
32.224,0.04864796,2567.309862725835,0.096376844,0.20654296875,0.17100057,0.3425937,2.491708964355138
32.256,0.07688431,2647.8758636654184,0.12976289,0.20166015625,0.35085616,0.12028239,2.446738414720821
32.288,0.10160057,2448.517669861208,0.06653392,0.17138671875,4.5515084,0.27399302,2.402302134840978
32.32,0.110533744,1896.1896450145375,0.0124682225,0.13525390625,5.112944,0.7143092,2.35505282325881
32.352,0.108787365,2622.546094307857,0.039417952,0.125,1.0676548,0.797635,2.3058578018797955
32.384,0.118396856,3071.2830366356384,0.097088456,0.11572265625,0.21991898,0.5497224,2.260795969527426
32.416,0.11055749,3057.9340880896,0.08229835,0.1259765625,3.7284973,0.6064955,2.222353945256489
32.448,0.09723681,2736.0755317313137,0.037329935,0.11669921875,4.0479507,0.7633631,2.191003036076574
32.48,0.09245532,2414.796538845892,0.01767771,0.07861328125,0.36578354,0.8080227,2.165878911186783
32.512,0.091532364,2208.262271182883,0.012521223,0.06884765625,0.15909514,0.8309042,2.156063764393377
32.544,0.09589906,2610.5168848704416,0.03832176,0.076171875,0.27208638,0.8308178,2.15665189936028
32.576,0.10524329,2492.406032167335,0.036800817,0.08984375,0.5941252,0.77103925,2.1581669840283144
32.608,0.09410725,2085.215425907142,0.015701339,0.119140625,4.0348063,0.6979962,2.1451941874078653
32.64,0.07480664,2389.9792448999006,0.046448328,0.13818359375,1.5515049,0.6251297,2.1117418071507834
32.672,0.1199356,2562.2156552838114,0.07972505,0.1328125,0.44248965,0.5970428,2.0562008066337865
32.704,0.16607186,2201.833771218048,0.034596246,0.1259765625,1.9453368,0.7926609,1.98631645308405
32.736,0.14825775,2060.2060299226823,0.01704414,0.10791015625,5.9454637,0.88021785,1.9165193033424126
32.768,0.114005186,2220.9492989266832,0.015326718,0.0908203125,0.9086404,0.82052916,1.8530383503372083
32.8,0.10998723,1957.259980423307,0.0076360838,0.09130859375,0.15742756,0.78912455,1.802391872069116
32.832,0.10677603,2224.933026753224,0.019128768,0.10400390625,0.102902144,0.7667488,1.7585659873496002
32.864,0.1044401,2677.197113499566,0.06252741,0.1015625,0.3097194,0.705123,1.7248861563330766
32.896,0.09618808,2647.406052300903,0.03895967,0.08544921875,3.4753795,0.7184212,1.6887100885151018
32.928,0.09001594,2159.527588316756,0.015263619,0.09619140625,4.1977654,0.83204687,1.6411926997200352
32.96,0.12152176,2309.7543563316513,0.05824853,0.07763671875,0.24091744,0.7274865,1.5784458127195982
32.992,0.18213244,2064.548388489013,0.035785303,0.072265625,0.28622475,0.8284148,1.5035608911028997
33.024,0.20915651,1688.3049188382834,0.008427131,0.072265625,7.476907,0.94697595,1.4186032206739911
33.056,0.2242882,1331.9153000528206,0.0021030605,0.044921875,2.0061524,0.97656304,1.3404622375841544
33.088,0.17633584,1245.713778791815,0.0014082437,0.04736328125,0.22745885,0.96954286,1.2766308060744567
33.12,0.11605347,1755.1055259092634,0.0052790646,0.10791015625,0.18276495,0.9305793,1.2285001339610544
33.152,0.07359098,2705.253686987728,0.055279315,0.14306640625,0.3090027,0.76608574,1.2023236683202696
33.184,0.07350038,2546.954946163491,0.056828115,0.1435546875,1.3798167,0.44337267,1.1849296565525307
33.216,0.10211806,1798.7737538361362,0.0076091043,0.150390625,4.7273912,0.7125932,1.1641595736408137
33.248,0.10702573,2445.6331372412574,0.028353464,0.12841796875,1.9373984,0.79559207,1.1399316378934712
33.28,0.11004684,2907.5020323738217,0.08134983,0.140625,0.32209766,0.48816678,1.1094448735190336
33.312,0.08776412,2963.3546880424783,0.06976801,0.18701171875,3.8287108,0.327755,1.0763840489283678
33.344,0.0603266,2990.5918721514277,0.05715286,0.20751953125,4.376713,0.27948728,1.038251873562202
33.376,0.047500644,2717.3295531905105,0.04018554,0.2001953125,0.38698757,0.28307766,1.0068668423247755
33.408,0.041266654,2467.826579268505,0.047798857,0.216796875,0.05850905,0.43714136,0.9798556281169915
33.44,0.05968036,2649.240220702539,0.1463613,0.2099609375,0.16450433,0.23472248,0.951020648733412
33.472,0.094080605,2613.908434817817,0.109943435,0.1728515625,1.6421845,0.16483547,0.9206988482886327
33.504,0.11186441,2173.4648212632296,0.02979293,0.13330078125,7.1782446,0.5702633,0.9023056698596573
33.536,0.11103015,2143.1611929178375,0.016000079,0.12060546875,2.9507,0.856578,0.8925353296822891
33.568,0.11692993,2965.027623207672,0.08660341,0.1015625,0.47130066,0.69603,0.8788466747104983
33.6,0.11773643,3070.127681394111,0.10270811,0.11181640625,0.33270124,0.61739683,0.8621222083064941
33.632,0.10079276,2907.188631970178,0.05407493,0.11767578125,6.3961368,0.78048533,0.8463492606434023
33.664,0.088317364,2607.075746481023,0.027323583,0.0703125,1.3191063,0.8728953,0.8476006954956066
33.696,0.08615649,2221.369065730422,0.0127278725,0.0546875,0.08170258,0.90771836,0.8638928416862915
33.728,0.08840504,2470.1333971833287,0.025664072,0.06005859375,0.1119056,0.903315,0.8899403807452083
33.76,0.09474956,2655.9759881546775,0.05141654,0.08154296875,0.20119782,0.8357017,0.9179590665479935
33.792,0.091510035,2350.4485673741915,0.029728089,0.13623046875,2.6236722,0.8414254,0.9337412897592146
33.824,0.07679185,3290.2033861830914,0.07382565,0.2001953125,3.227939,0.72435033,0.9408423985976669
33.856,0.092017494,3204.7496994161966,0.14753112,0.205078125,0.67898923,0.5937389,0.9410114801489669
33.888,0.1502739,2578.8118839661183,0.06562245,0.19287109375,1.5401814,0.8181693,0.9447646168696457
33.92,0.15955167,2235.3244161612856,0.028992098,0.14697265625,5.123318,0.88228935,0.962331519032028
33.952,0.14026606,2113.43632373077,0.017927315,0.0927734375,2.2769377,0.8091555,0.9960907933533366
33.984,0.12572849,2007.153913129795,0.011407099,0.08349609375,0.504918,0.7865618,1.041311058265807
34.016,0.11310396,2116.8983688836515,0.012103603,0.103515625,0.44880065,0.81065875,1.0930321524260636
34.048,0.10440273,2409.249752249564,0.04418384,0.11083984375,0.37525812,0.78717285,1.166067416032859
34.08,0.0946165,2632.657443331305,0.060684748,0.09619140625,0.47046667,0.81223536,1.2540605358780983
34.112,0.092383385,2183.970460061608,0.0142452335,0.10791015625,4.0128465,0.94580144,1.3429177351869142
34.144,0.098644495,2267.626651045249,0.045697626,0.09033203125,0.74940926,0.8212708,1.4306912987976315
34.176,0.14859594,2277.7570101728475,0.06984515,0.08642578125,0.055478755,0.7273131,1.5122782017900114
34.208,0.18803304,2041.8905381823722,0.025661426,0.080078125,5.8988156,0.85990596,1.590732329317387
34.24,0.20669028,1682.6360705748625,0.0052942233,0.0595703125,5.371157,0.93207955,1.6789431988524157
34.272,0.1974197,1724.4609542310009,0.0031361282,0.06787109375,0.497483,0.925323,1.7890598626934064
34.304,0.15426373,2056.4263920482663,0.0034234168,0.07568359375,0.2776726,0.807044,1.9105865974094292
34.336,0.124771066,2227.116324687424,0.0035117297,0.10888671875,0.7910607,0.6312105,2.037607278082026
34.368,0.09949299,2291.717112490879,0.004576103,0.140625,0.95162994,0.47734216,2.1729510235980642
34.4,0.087708935,2398.6469380042586,0.005528943,0.17236328125,0.43431976,0.5334354,2.319034744205606
34.432,0.078141,2678.4760464162423,0.005643103,0.2138671875,0.940134,0.52370226,2.4724818504522292
34.464,0.06524445,2873.9725894302583,0.0051861643,0.24462890625,1.5862632,0.40318355,2.6234460409768303
34.496,0.054841585,3144.6130938765746,0.006327855,0.2568359375,0.7295779,0.19197617,2.772898006656865
34.528,0.048368666,3196.079136763694,0.0087779425,0.2294921875,0.3470824,0.09825255,2.9209935004127696
34.56,0.042647485,2917.9225877206536,0.01342462,0.17724609375,0.6289999,0.04148053,3.0763151532939803
34.592,0.043432206,2080.48522016152,0.010931697,0.142578125,0.86253625,0.034500167,3.2408059428474836
34.624,0.0714494,1762.7515394482475,0.008493785,0.1396484375,1.6467385,0.011147135,3.405443230444284
34.656,0.08012539,2128.797867401471,0.008619002,0.17138671875,2.0791726,0.003864973,3.5665566329471643
34.688,0.0660298,2822.3793562895394,0.007517398,0.20166015625,4.4272337,0.004506928,3.716000174171175
34.72,0.057921592,2958.0487298272005,0.009272278,0.2041015625,1.918038,0.009479293,3.8449860844148427
34.752,0.049059972,2637.571530056452,0.015103139,0.2119140625,0.90890324,0.011990847,3.9462176993615286
34.784,0.08426141,2823.4802421542854,0.012174914,0.18798828125,0.94877875,0.0023770744,4.021936261783246
34.816,0.08209989,2938.536043907805,0.0077843317,0.1787109375,2.32632,0.0012151438,4.076871825848878
34.848,0.07372798,2585.9175250610324,0.0019243238,0.18017578125,3.5669997,0.0012461744,4.110298351175153
34.88,0.072398946,2233.339614638878,0.0011135649,0.1591796875,0.36202332,0.0011039262,4.1274504584087355
34.912,0.058076076,2046.6943299135585,0.0040857387,0.14501953125,0.19913173,0.0007922934,4.124732575372482
34.944,0.057033684,2073.6608980999913,0.0072849276,0.1435546875,0.48309034,0.00034791668,4.107568615604855
34.976,0.0643077,2368.610467511041,0.005151927,0.14306640625,4.174889,0.0001594389,4.078335342786731
35.008,0.07197028,2314.47343511299,0.007273051,0.1376953125,2.9118361,0.00017924893,4.029690615281465
35.04,0.07393091,2284.9689753949515,0.006208096,0.150390625,1.2989984,0.00013996763,3.9516442204427977
35.072,0.06823881,2413.1802400761585,0.0049925605,0.15234375,2.6552644,0.00011931281,3.856794500903943
35.104,0.059649367,2384.474936750873,0.009782053,0.15283203125,1.7534415,0.0001611784,3.7549595595648597
35.136,0.0628336,2511.3654621639766,0.005977448,0.16015625,0.9148027,0.00022289394,3.6650393395682017
35.168,0.06571533,2593.735567068458,0.0023277546,0.15673828125,3.031139,0.00018579546,3.593613926435214
35.2,0.06280545,2682.2162391722177,0.0023739943,0.1650390625,1.227316,0.00017172305,3.535842549758925
35.232,0.05832317,2731.0373007961452,0.0031794677,0.18017578125,0.64090884,0.00015729565,3.4958221400844067
35.264,0.05639894,2614.3208749310324,0.0035029107,0.18603515625,1.0182946,0.00017297054,3.4744325521816646
35.296,0.058836445,2453.7950425349263,0.0053639426,0.1943359375,1.2338943,0.00022684554,3.465815630587877
35.328,0.063908294,2514.911187983099,0.024325661,0.19921875,1.0072452,0.0045950348,3.461023220315943
35.36,0.101708435,2252.5185423520916,0.074449725,0.15869140625,2.3599508,0.52351403,3.4541378244049485
35.392,0.17732795,1953.1830222797591,0.031158643,0.115234375,7.0077753,0.86991566,3.4529456410739874
35.424,0.21119475,1516.3452950434748,0.0059029595,0.06884765625,10.145456,0.97053736,3.4641335537866578
35.456,0.2209441,1075.656274909234,0.0013229906,0.02783203125,1.877028,0.99157774,3.4715416217289254
35.488,0.1820686,1866.6085832421747,0.003163894,0.04931640625,0.2972742,0.98062134,3.472666701714879
35.52,0.13299286,2739.958487072795,0.0118877785,0.0693359375,0.17853895,0.9364161,3.4761358532329893
35.552,0.099188216,2796.376377578008,0.026954003,0.08740234375,2.125857,0.885594,3.4759577472444434
35.584,0.09083839,2426.6893883757266,0.022773527,0.10986328125,2.411513,0.70812446,3.469077124082557
35.616,0.08960871,2266.1129013057207,0.007763775,0.11865234375,2.9120853,0.64387053,3.455168921017764
35.648,0.07439961,2652.285780314537,0.0053073457,0.140625,2.0368326,0.57827294,3.439335937784836
35.68,0.059839636,2889.9167024368794,0.025265917,0.22900390625,0.5726942,0.36963156,3.429727273379096
35.712,0.047608826,3440.385747662458,0.10173951,0.3212890625,0.52710783,0.18236454,3.437718876773625
35.744,0.031820685,4137.7622935870295,0.15590534,0.4189453125,3.5451994,0.1495146,3.4720068578647654
35.776,0.025246566,4569.602643408986,0.13562366,0.4833984375,2.9838164,0.06913352,3.53390486546735
35.808,0.031067597,3901.365116452853,0.16677792,0.4033203125,0.41333166,0.04188353,3.634843121744832
35.84,0.051897746,3011.133973000392,0.058424875,0.32421875,0.1847275,0.010190912,3.769903024282039
35.872,0.0588758,2770.9620469137026,0.013987089,0.228515625,4.9579396,0.0019776965,3.9159171476561276
35.904,0.050391965,2716.648795321016,0.01037025,0.1630859375,2.7821832,0.03418956,4.0492725368409035
35.936,0.026256373,2614.9335996560812,0.039442804,0.25,0.39751026,0.2949305,4.1773924268428155
35.968,0.023132691,3642.934237591971,0.2048023,0.27294921875,1.0972766,0.12728363,4.304731665900805
36.0,0.047969252,3523.499732476232,0.11366628,0.2841796875,1.829171,0.2529004,4.415547623911127
36.032,0.07224455,3142.8725849843513,0.036091506,0.29833984375,4.5150585,0.36861393,4.496542491000833
36.064,0.06558991,2986.785662224339,0.012015988,0.25830078125,3.949316,0.29494965,4.551182788028273
36.096,0.06246281,2995.151914309614,0.007232545,0.24462890625,1.2683487,0.13787422,4.576111722647753
36.128,0.064926505,3061.482550427743,0.0059626065,0.24755859375,0.60604125,0.07661785,4.585165911682834
36.16,0.06496504,2988.9515053982586,0.0051119286,0.24560546875,0.4955716,0.070294715,4.577656870917701
36.192,0.065581374,2833.1311315883313,0.0052889274,0.224609375,1.0131967,0.06366723,4.553483346210785
36.224,0.06560913,2738.869186493499,0.0046549314,0.212890625,0.88105214,0.052103624,4.501289906424336
36.256,0.06574823,2663.0487589516792,0.0040929406,0.18994140625,0.91244286,0.046399724,4.3988059879482515
36.288,0.06444834,2543.011055166161,0.0033903776,0.1689453125,0.6686341,0.053120136,4.248582063485404
36.32,0.06389663,2530.2886382382667,0.0038564377,0.1572265625,0.43458143,0.05183719,4.071693737069785
36.352,0.060649544,2668.694668083591,0.0067672227,0.15673828125,0.5245249,0.04342972,3.895291735677475
36.384,0.053812657,2660.27565511614,0.023192782,0.18603515625,0.97470254,0.04553289,3.7230796021621653
36.416,0.042147405,2796.0998276356704,0.060873136,0.22216796875,1.5917884,0.055333804,3.5536376330781927
36.448,0.035900693,3083.567959539221,0.101574436,0.2802734375,3.667505,0.019612681,3.4002566507173873
36.48,0.030399157,3394.7792524344413,0.13689026,0.3603515625,2.3387592,0.0062749274,3.2810356958199454
36.512,0.02324028,3825.270456474731,0.23756178,0.40185546875,1.5075824,0.008415772,3.1948904358055903
36.544,0.05340416,2970.13986622482,0.23015703,0.353515625,0.91789025,0.26231477,3.123045317539266
36.576,0.1492853,2401.4435804965633,0.08742165,0.27001953125,0.6455295,0.6621019,3.0653884734567725
36.608,0.20612937,1994.001418881536,0.026386663,0.15087890625,9.739179,0.88106114,3.001662855410049
36.64,0.23388806,1651.4387295742185,0.0057906494,0.05859375,6.111156,0.95940477,2.946609991178434
36.672,0.21897669,1691.0712734586805,0.003470761,0.04541015625,0.6618968,0.96785975,2.8983511021047814
36.704,0.16158086,1798.4406190949185,0.004556106,0.05517578125,0.2128817,0.9426323,2.8524973816827983
36.736,0.12248696,2185.1300865057124,0.010319404,0.076171875,0.17072402,0.9054583,2.8320360356230943
36.768,0.09671428,2687.322983299299,0.028585669,0.0869140625,0.21973622,0.7749622,2.8249936989051423
36.8,0.09847717,2500.3826943989707,0.016794961,0.09130859375,1.1337557,0.69575083,2.83418687500385
36.832,0.08967374,2393.451240827293,0.014096382,0.10791015625,2.3915246,0.7779705,2.856038632150615
36.864,0.09908816,2784.626996593193,0.055840302,0.119140625,0.6277611,0.60971344,2.891673494055527
36.896,0.11026096,2782.3960225622386,0.053939693,0.13525390625,0.55762935,0.47195378,2.9409509494570063
36.928,0.09003964,2611.18378721529,0.02876065,0.16748046875,5.278414,0.5493803,2.9862655771621487
36.96,0.069568194,2520.012220765051,0.021473745,0.16455078125,1.3452206,0.49125025,3.016414356033128
36.992,0.05155167,2467.3349415224147,0.023279728,0.1845703125,0.10088558,0.4031782,3.044890705882166
37.024,0.048791733,2552.691793887377,0.085445575,0.20361328125,0.16610682,0.34334582,3.0876542032478618
37.056,0.07684483,2653.8281573704094,0.12465038,0.19384765625,0.30177954,0.11155388,3.1452283015599867
37.088,0.101585396,2457.7996031975454,0.062876396,0.16650390625,4.6033425,0.25478095,3.2212280076893958
37.12,0.108966835,1896.9124575109581,0.012469928,0.13427734375,5.3420925,0.69503856,3.2979274239401986
37.152,0.10450662,2637.7539070639377,0.044031158,0.134765625,1.1187291,0.76358587,3.3835430096567864
37.184,0.11637884,3129.6715507786375,0.09442751,0.12744140625,0.2096364,0.5068156,3.494459249465123
37.216,0.108603075,3112.644816352635,0.083344944,0.1396484375,4.031821,0.56210023,3.633149186237209
37.248,0.09585441,2706.4302809233704,0.037926253,0.12939453125,3.785754,0.7165726,3.801005694944405
37.28,0.09207771,2421.7112606298238,0.017609248,0.08251953125,0.5033286,0.7669688,3.980901527311379
37.312,0.09151483,2223.719987031505,0.012368931,0.07275390625,0.2204247,0.8001042,4.177939475350346
37.344,0.09573536,2525.652151103286,0.03671822,0.0830078125,0.20781606,0.8228629,4.396775143396367
37.376,0.1058666,2416.4245141202537,0.033251192,0.0947265625,0.49446043,0.7558587,4.615310282744334
37.408,0.09587684,2083.4342020857466,0.015982524,0.1181640625,4.013117,0.67631274,4.820252066570827
37.44,0.07558817,2289.6527553196993,0.042201605,0.13525390625,1.6994383,0.6323942,5.011217551727421
37.472,0.11979694,2504.8055642021855,0.071465224,0.1279296875,0.45425844,0.57938176,5.185371613275311
37.504,0.16238742,2214.4606142907032,0.032794,0.1142578125,2.0564387,0.7737908,5.332762591524878
37.536,0.14503334,2089.221935415081,0.016268682,0.10205078125,5.904041,0.8787746,5.43484782993503
37.568,0.11421269,2176.334475157641,0.014077601,0.0888671875,0.76392585,0.8344358,5.490243008520723
37.6,0.11031432,1937.9454754764306,0.0073734303,0.08740234375,0.12746188,0.76769423,5.5108623942689965
37.632,0.107100286,2218.9976279606853,0.019404331,0.1123046875,0.089714706,0.72876614,5.496922801522558
37.664,0.104240395,2678.4150064115365,0.06423872,0.10693359375,0.29070958,0.67712,5.445447684058166
37.696,0.097795516,2617.80240174842,0.03955229,0.08935546875,3.7580528,0.72043794,5.353919633954754
37.728,0.091555715,2148.439576298374,0.01423314,0.09912109375,4.150761,0.841312,5.223813006891381
37.76,0.12114433,2360.851431635572,0.06211894,0.078125,0.1947609,0.72428316,5.049437302739971
37.792,0.18502834,2094.2609351834026,0.03781958,0.072265625,0.25059843,0.82680476,4.822513496398489
37.824,0.21435064,1686.802823723111,0.009617096,0.072265625,7.8782697,0.94872934,4.549054944565741
37.856,0.22537394,1324.177061332269,0.002292202,0.0478515625,2.2019758,0.9781515,4.261054809927322
37.888,0.17631873,1257.764565005094,0.001517751,0.04638671875,0.23111433,0.9661133,3.9766682964772033
37.92,0.11707343,1790.9744605698986,0.0058451677,0.11181640625,0.13819589,0.9146159,3.6984334587405217
37.952,0.074143305,2760.032444853431,0.061832346,0.14599609375,0.23637241,0.7521118,3.430945872775155
37.984,0.0740216,2568.4064710276243,0.058620173,0.1435546875,1.5298659,0.44648474,3.1841852797053387
38.016,0.101340555,1787.721494223267,0.007407692,0.15234375,4.690138,0.70312476,2.974771053127196
38.048,0.10773817,2502.13611339049,0.029698424,0.12939453125,1.8418493,0.79457635,2.8033404351460685
38.08,0.11285443,2929.3641432779427,0.08097086,0.138671875,0.29996473,0.4779519,2.6516467881411905
38.112,0.09067463,2919.9238863526884,0.06524071,0.18115234375,4.0037484,0.3281495,2.4998546039969978
38.144,0.061309062,2906.6113523437243,0.050701626,0.20263671875,4.343194,0.27459934,2.3403105607733656
38.176,0.047010716,2730.137633315719,0.039124615,0.185546875,0.3571406,0.2854937,2.1719762309797073
38.208,0.041731935,2446.5927235516997,0.045978643,0.1962890625,0.050907545,0.4624085,1.9968258318846042
38.24,0.061494935,2574.4442277279213,0.12593333,0.193359375,0.14947924,0.25140134,1.8215228089142663
38.272,0.095357805,2553.722047029936,0.10475417,0.1533203125,1.6750445,0.17203653,1.6411616155755568
38.304,0.11147542,2125.7077035410516,0.028961455,0.12158203125,7.094541,0.57501346,1.4967981170413893
38.336,0.10973727,2127.665047016295,0.01637077,0.11669921875,3.0070481,0.84692216,1.388622906498406
38.368,0.11399007,2951.903433497924,0.08597529,0.10009765625,0.48975727,0.6832805,1.2907486903926948
38.4,0.11250427,3072.5493597909253,0.10269239,0.10888671875,0.40814185,0.61867666,1.2073363745594725
38.432,0.09887698,2891.429672044448,0.05338214,0.11181640625,6.100151,0.78396606,1.139972075062914
38.464,0.08927736,2576.5459714349286,0.026104359,0.072265625,1.1517065,0.8759122,1.089776642732014
38.496,0.085453,2324.637802144848,0.01569632,0.0810546875,0.08494207,0.9022998,1.054082526474142
38.528,0.091733254,3313.70820035588,0.08278598,0.111328125,0.1506058,0.7788298,1.0262738787410994
38.56,0.11591881,3143.089010903659,0.11755386,0.13916015625,0.28020373,0.52621007,1.005749127411541
38.592,0.1309547,2434.876207775499,0.043651354,0.15283203125,4.7900653,0.35332096,0.9884536187801856
38.624,0.11045939,2127.5989374538385,0.024870684,0.15869140625,4.371688,0.27545723,0.9773218203954304
38.656,0.092759214,2479.6272849144448,0.08979736,0.14306640625,1.1072881,0.58995354,0.9695723968689612
38.688,0.15024354,2467.06104534104,0.06457545,0.13720703125,0.5436058,0.7947017,0.9657411833049233
38.72,0.16516288,2327.666745013378,0.03530992,0.13330078125,3.77825,0.78392035,0.9708699676396938
38.752,0.14912426,2161.7059781280404,0.024143167,0.115234375,2.7858493,0.6971266,0.989029940480952
38.784,0.12912782,1902.6328659159044,0.014369214,0.115234375,0.92245954,0.75448453,0.9816285841958068
38.816,0.11808807,1869.504578563809,0.0081416825,0.119140625,0.9951276,0.76974416,0.945543803168151
38.848,0.12150747,2299.1640950504175,0.025710516,0.13037109375,0.4436515,0.5568247,0.9171655903289461
38.88,0.12490682,2476.084128040169,0.029308438,0.130859375,0.26609725,0.45529377,0.9069236671457097
38.912,0.1118901,2260.6573914347678,0.016664233,0.12744140625,3.2149131,0.61062235,0.9133803115894851
38.944,0.09970545,2373.2373231717074,0.052588366,0.12841796875,1.0266335,0.74746233,0.9272037771493524
38.976,0.1437234,2624.8380440583724,0.10101087,0.11376953125,0.4880213,0.7145857,0.9595082017508035
39.008,0.19702494,2296.236443546609,0.04253156,0.09521484375,3.986787,0.83127606,1.0163203395783158
39.04,0.22046308,1731.1875171823199,0.010030399,0.0869140625,5.3612833,0.8410029,1.0704977293778593
39.072,0.20723736,1541.141104805584,0.004277366,0.06640625,0.85101295,0.8392287,1.127046503749556
39.104,0.15494464,1646.9715432775383,0.0060706185,0.06396484375,0.48993242,0.82304627,1.1946679279670567
39.136,0.114346504,2142.586906119288,0.017331332,0.078125,0.1786843,0.8667291,1.2832351269507063
39.168,0.089774325,2604.4807574668357,0.044852585,0.111328125,0.42599896,0.80642277,1.383600854666194
39.2,0.10739599,2414.5766656088663,0.02938525,0.14208984375,1.6066904,0.60616624,1.475182716581426
39.232,0.11469406,2381.7962985821023,0.018201519,0.169921875,2.2635748,0.48701715,1.561825955024361
39.264,0.10555904,2626.916744682065,0.03131743,0.17529296875,1.8834507,0.52996516,1.6451118277029848
39.296,0.09702977,2704.555452278204,0.04825927,0.142578125,0.9961458,0.6781889,1.729809835829683
39.328,0.09563646,2310.893451325352,0.03458404,0.11669921875,1.7280473,0.8244158,1.8029000886633784
39.36,0.090182096,2113.725776509574,0.024056261,0.09521484375,1.6526191,0.89252484,1.8548420118305309
39.392,0.08278147,2219.8505151853747,0.031372618,0.09326171875,1.0617733,0.8232634,1.8915364000135
39.424,0.08401852,2374.28418820394,0.054259285,0.11962890625,0.51540923,0.7023129,1.9173124031464501
39.456,0.09386843,2531.5817042195595,0.090244584,0.11083984375,1.6521958,0.54180783,1.918236902476359
39.488,0.08770988,2565.5942283407303,0.070164,0.08837890625,2.673832,0.5683365,1.8877222642567362
39.52,0.07502306,2261.1494803717133,0.022003574,0.09912109375,3.2156048,0.86101806,1.8526380921042327
39.552,0.07772736,2923.437543369998,0.07672215,0.1416015625,0.2821242,0.7234467,1.8241832844368242
39.584,0.08370075,3355.740163977562,0.19936731,0.21435546875,0.08061713,0.2775696,1.7890721933249403
39.616,0.06479994,3430.0918378847227,0.24416175,0.28076171875,4.451021,0.123290256,1.7418370254536129
39.648,0.04235584,3227.9709070883064,0.19031626,0.31201171875,4.2132773,0.0798618,1.6952524235398474
39.68,0.027334647,3133.237728713915,0.17410034,0.2919921875,0.512836,0.061054118,1.6621490219997808
39.712,0.028715875,2871.835312274102,0.17126897,0.2470703125,0.09133769,0.058820624,1.6339543702737027
39.744,0.088281855,2545.636600068402,0.056840893,0.2041015625,0.06621362,0.087184995,1.6138690671223996
39.776,0.15088262,2224.0401096947076,0.021399377,0.15576171875,2.049549,0.073020615,1.603153388415268
39.808,0.13817978,2081.944480431258,0.013194719,0.1083984375,5.4818363,0.12974896,1.610268923556575
39.84,0.080111295,2253.4289101255604,0.04355824,0.1162109375,1.532598,0.4536217,1.6321063796936421
39.872,0.1051034,2670.014581613325,0.10732478,0.107421875,0.3549986,0.66854423,1.6502281575711473
39.904,0.15602866,2293.8498179230874,0.053558104,0.11865234375,2.0404327,0.77033764,1.658245436555839
39.936,0.16665089,2060.763960803098,0.024672575,0.1259765625,5.853685,0.69495064,1.6696854559169159
39.968,0.14089122,2114.677604165809,0.018864851,0.10791015625,1.9500664,0.5971453,1.6819957400814902
40.0,0.11922313,1875.131724557535,0.01752877,0.11865234375,0.7770504,0.70666164,1.703226661948806
40.032,0.1181827,2295.967881612689,0.034513507,0.11962890625,0.5455511,0.6268754,1.7414155368325863
40.064,0.11914032,2731.78346057178,0.059811246,0.115234375,1.8651303,0.5697885,1.8075672022818337
40.096,0.09941553,2987.8841481595396,0.06286464,0.11474609375,3.3783271,0.7660971,1.8953042123156465
40.128,0.09035655,3238.6070350169566,0.04006943,0.119140625,2.4387681,0.88662773,1.9909519498205175
40.16,0.12060697,2692.1217616472795,0.093724154,0.1064453125,0.24784644,0.73747134,2.096788599951561
40.192,0.17775615,2323.753615855928,0.05743704,0.1005859375,0.2848257,0.8346321,2.2307446975413274
40.224,0.20633146,2073.785222119581,0.0147997355,0.0869140625,7.411262,0.90903324,2.392434151863366
40.256,0.22375885,1840.8781596020578,0.0036844774,0.07958984375,2.0461066,0.9215645,2.5536023808354864
40.288,0.18060087,1934.029945831173,0.0032308027,0.09375,0.5575707,0.85578704,2.7075644387271547
40.32,0.12721592,2267.4095227613407,0.00997104,0.13232421875,0.43066877,0.6801375,2.8683834622478654
40.352,0.08713646,2484.5730088394284,0.05660054,0.18212890625,0.48021334,0.48737067,3.038262675967077
40.384,0.08599736,2734.8220658319206,0.066508725,0.22314453125,1.7881718,0.18376487,3.1945201034394506
40.416,0.08702962,2990.798644478393,0.031562395,0.2626953125,4.1108055,0.11659623,3.315635835237868
40.448,0.08036412,3119.3963955491217,0.071901865,0.2939453125,1.7502272,0.084134415,3.4136477122712066
40.48,0.09051596,3208.3011695831774,0.12620486,0.30810546875,0.43647066,0.042774934,3.4914075621530904
40.512,0.090439394,3244.4019626153563,0.070476905,0.2900390625,3.2340572,0.04158031,3.5394781933394484
40.544,0.06745822,3044.784157736237,0.06390766,0.25,3.6968389,0.12963192,3.565539813844373
40.576,0.036298037,2720.4244199423533,0.07493311,0.19482421875,0.69199204,0.46706513,3.5792664044188487
40.608,0.03283652,2584.477073379304,0.075536296,0.1806640625,0.50634605,0.6609899,3.5865721563803175
40.64,0.061160307,2723.797586244184,0.17919295,0.1904296875,0.3644836,0.22944206,3.579435726828412
40.672,0.09236095,2718.381075778691,0.13775228,0.208984375,1.3125478,0.16799559,3.5359857765802265
40.704,0.09461987,2741.476200217708,0.06456399,0.23486328125,8.676384,0.20626064,3.447577489025199
40.736,0.08081344,2957.4990964455446,0.04311201,0.24658203125,2.6924942,0.12911314,3.3295645045753917
40.768,0.08928182,3137.6391759234625,0.12716755,0.2587890625,0.42886177,0.0527368,3.1844276663013407
40.8,0.10251524,3164.1559179254546,0.12650442,0.26611328125,0.4855462,0.063741334,3.0030224885902284
40.832,0.0944678,3115.9203496314494,0.06195923,0.27001953125,4.5875897,0.10515799,2.796272039850729
40.864,0.06416176,2904.571197838378,0.060280994,0.26171875,1.4867558,0.1520717,2.600787737766622
40.896,0.027509708,2749.1215765834195,0.1327886,0.28125,0.34031302,0.237775,2.4348205669489724
40.928,0.03459069,3139.672456739079,0.2276681,0.2666015625,0.5914566,0.141597,2.30333952468466
40.96,0.07566735,2889.4456321340513,0.119610295,0.24755859375,0.34188193,0.3662745,2.2066201895559483
40.992,0.0989969,2823.8779128871565,0.059290975,0.24169921875,3.9449663,0.3278997,2.1312271151243407
41.024,0.09027556,2946.07923556047,0.055513076,0.2041015625,4.031801,0.3538252,2.060052365173465
41.056,0.101326086,2776.78124123139,0.09182245,0.1904296875,1.5014659,0.4980361,1.9903012769505455
41.088,0.14874284,2558.6553539453002,0.0691474,0.171875,1.2501037,0.7998942,1.9195027009945775
41.12,0.16557977,2299.3172387064014,0.033332318,0.14697265625,4.8739724,0.791464,1.8467382233604783
41.152,0.15368558,2101.8404371314923,0.019199697,0.12255859375,2.55614,0.55319214,1.7819410026689007
41.184,0.13180903,1932.0464501093772,0.009894801,0.1123046875,0.96436524,0.5380397,1.7431734824611687
41.216,0.117694914,1880.1834937489143,0.010668589,0.13525390625,0.65579706,0.68377227,1.751628814519011
41.248,0.12303954,2525.567774131392,0.02535172,0.134765625,0.3354925,0.52077675,1.7900309096823515
41.28,0.11416481,2918.37484519594,0.038552124,0.14306640625,0.7791916,0.49908867,1.8404991218850153
41.312,0.0860728,3377.4668660742727,0.032548714,0.171875,2.9210699,0.77858704,1.8886923583685102
41.344,0.09236297,3019.7032387374657,0.07692173,0.15673828125,1.3148634,0.77534753,1.9297324418553106
41.376,0.14423539,2589.8258110036745,0.09596007,0.14306640625,0.19404982,0.7350475,1.9408919700142568
41.408,0.19321755,2198.8641860590265,0.033578943,0.1142578125,5.4188733,0.90647966,1.905082077524821
41.44,0.22007701,1843.720652612743,0.009746883,0.07958984375,5.873524,0.945659,1.8374403422239103
41.472,0.20925976,1831.937981629516,0.0047695525,0.07470703125,0.6159669,0.92200196,1.7720885426017372
41.504,0.16286469,1917.9323603921464,0.0059058154,0.07861328125,0.5331736,0.8617563,1.7277453370636322
41.536,0.12419121,2162.503105084446,0.014328343,0.10595703125,0.5334489,0.840083,1.6915527271371251
41.568,0.09502765,2630.694899063904,0.034181826,0.1474609375,0.77288854,0.8289299,1.6427377636368978
41.6,0.108316384,2814.6978979127634,0.030210068,0.16845703125,1.407894,0.66646427,1.5706368547592957
41.632,0.11290255,2947.4566942358906,0.015426565,0.212890625,1.6395583,0.5531415,1.4928562016504463
41.664,0.11424845,3254.225492988921,0.024461765,0.23486328125,1.5776733,0.5333151,1.408502516120559
41.696,0.120697364,3243.253342481562,0.022353409,0.2197265625,0.5695244,0.4735917,1.3084942641784518
41.728,0.109800525,2873.2712714212403,0.017604386,0.20458984375,1.792613,0.5464459,1.2147881964000635
41.76,0.099500805,2590.52147603391,0.0146355005,0.16748046875,1.1565205,0.6181822,1.1320781087957799
41.792,0.10130854,2384.314718127152,0.010832095,0.13916015625,0.71367806,0.5436809,1.071195244215085
41.824,0.09537912,2240.7250741201897,0.025992876,0.14013671875,0.78074205,0.5830222,1.0280092876659026
41.856,0.10547004,2510.2697209695157,0.06711269,0.1435546875,0.6937248,0.4679182,1.0156289644476784
41.888,0.12109368,2537.4095525512494,0.046573002,0.13720703125,3.6302722,0.32131332,1.0432839114979648
41.92,0.11013621,2339.7796495387856,0.014034265,0.1513671875,4.7082596,0.36190918,1.0947836611229782
41.952,0.10054523,2539.325075964015,0.05227906,0.193359375,0.7225155,0.37353247,1.1486373421579152
41.984,0.08971305,3054.6729059268573,0.18418209,0.22900390625,0.057436436,0.23591457,1.190380269009577
42.016,0.06082172,3323.182191044773,0.2469106,0.27099609375,3.9199078,0.15253118,1.2292027865368154
42.048,0.0351722,3174.721902068168,0.19308063,0.27685546875,3.8061028,0.13078503,1.291191585059221
42.08,0.023692725,2860.786805814676,0.14009848,0.24072265625,0.18627834,0.07819606,1.3911311694660051
42.112,0.021668663,2605.2272585634514,0.11840642,0.228515625,0.06598149,0.083634175,1.5076340281246527
42.144,0.041725907,2931.300399508799,0.15612543,0.19873046875,0.1264595,0.45246804,1.6197423275956648
42.176,0.064872935,3138.281153259913,0.09281464,0.2021484375,0.7041216,0.6979824,1.7086891225891878
42.208,0.06523713,3775.1193564839805,0.06647513,0.212890625,5.4970293,0.7464887,1.7623894601719252
42.24,0.06471475,3469.1484039519164,0.11531061,0.1962890625,1.4535582,0.67050433,1.788905532865241
42.272,0.10922923,2916.825239823582,0.11391994,0.18505859375,0.4153454,0.7014809,1.7971462743326467
42.304,0.15855087,2533.568329225327,0.048055995,0.154296875,3.3328793,0.87628466,1.8086894944969063
42.336,0.15703271,2241.1008399266257,0.020817934,0.12646484375,5.719197,0.90018386,1.8131765735334449
42.368,0.12866637,2274.5866513704123,0.015790813,0.12841796875,0.9210781,0.79647416,1.8060206492258768
42.4,0.12002542,2254.780699211884,0.011919496,0.12646484375,0.53362983,0.693856,1.7970005689485677
42.432,0.1072086,2309.0245149231923,0.024477003,0.14453125,0.56822914,0.7391831,1.7785502414868448
42.464,0.09930294,2715.3198377278204,0.060410406,0.16064453125,0.68388027,0.7629274,1.7391778392484283
42.496,0.110441156,2746.7887039312045,0.038446445,0.16650390625,2.3472376,0.6135635,1.6841668495366315
42.528,0.11487659,2618.6552814801107,0.016050551,0.1884765625,3.1463478,0.5323629,1.6139886926766345
42.56,0.12997174,2521.1000822823808,0.06007742,0.17578125,0.8820644,0.54464114,1.5268930451296119
42.592,0.17859423,2274.822461775935,0.04151438,0.138671875,0.4079224,0.73680305,1.4258519861198224
42.624,0.2158409,1976.7331171108403,0.01192246,0.09765625,6.7685757,0.8978097,1.3298366815656744
42.656,0.2186532,1993.738004569854,0.009587122,0.07421875,1.5889101,0.9349799,1.2585789991364138
42.688,0.17932452,2014.0865977176063,0.009382512,0.07177734375,0.31562978,0.8902092,1.2257801329635756
42.72,0.13777348,2004.8404358530288,0.009679836,0.0869140625,1.4476079,0.7883808,1.2470505307162587
42.752,0.11528696,2435.2814260720656,0.020768303,0.09716796875,1.0806065,0.6253005,1.298663169948256
42.784,0.1066219,2520.774326939815,0.01780256,0.09228515625,0.7524237,0.499643,1.3289276853526315
42.816,0.09893499,2069.873769898768,0.008294677,0.103515625,2.163123,0.5614254,1.3442858786272978
42.848,0.08355886,2496.791032021916,0.036147647,0.126953125,0.4677824,0.6262735,1.3552269323523027
42.88,0.08579608,2855.1614790629474,0.09776748,0.15087890625,0.33712777,0.44563803,1.3559156992236745
42.912,0.09435454,2617.4083082361353,0.06382893,0.18359375,4.192634,0.17339419,1.350642056526457
42.944,0.094831005,2563.0855481904046,0.030019527,0.20166015625,4.7617235,0.08118798,1.3524215026506687
42.976,0.08242319,2589.7382988830195,0.019295514,0.18359375,1.2793593,0.0809592,1.3614240589347322
43.008,0.061491698,2477.0467969086685,0.030793786,0.1962890625,0.3681088,0.17300482,1.3725409695649424
43.04,0.055232774,2757.847531956301,0.16521983,0.20361328125,0.5570009,0.26044413,1.3916396506926492
43.072,0.07040687,2941.52406080913,0.18720362,0.16943359375,1.6049678,0.20024313,1.415729139949909
43.104,0.08503095,2753.550143951942,0.06526544,0.15234375,5.754181,0.75811803,1.4324513938621064
43.136,0.09727767,2951.7940040325107,0.031104073,0.15869140625,2.735322,0.9103084,1.4336172281339274
43.168,0.09313687,3300.4125264541517,0.12463761,0.17041015625,0.5540266,0.61506814,1.4204441191391721
43.2,0.09158709,3362.3170977729287,0.18687624,0.20556640625,0.3008213,0.41652155,1.3869761135501757
43.232,0.083299614,3134.2625636745843,0.12257357,0.23681640625,5.73833,0.38556075,1.3499418134783525
43.264,0.077049084,2964.878976324636,0.055513352,0.20361328125,2.1979022,0.31809103,1.341442921084359
43.296,0.062050477,2660.6452722682343,0.039478235,0.181640625,0.5200826,0.28335872,1.3691105577228524
43.328,0.0503616,2517.0866078403874,0.08119333,0.15673828125,0.22842279,0.17291994,1.429278573381064
43.36,0.05905852,2746.826213660356,0.10131447,0.1162109375,1.040993,0.49486083,1.5112334427158343
43.392,0.06399064,2470.871494245034,0.032050986,0.0947265625,2.2650404,0.81612754,1.5948674056585541
43.424,0.05940994,2168.334865283366,0.014409562,0.083984375,2.4291532,0.8916979,1.6692111486428662
43.456,0.08369661,2738.1696542160976,0.104352765,0.07421875,0.24419108,0.69034016,1.7413693251513949
43.488,0.15202153,2495.5119164802272,0.060688682,0.0888671875,0.27438894,0.7630311,1.8267234952700546
43.52,0.16866395,2160.898960138255,0.02539872,0.10546875,9.709948,0.77659976,1.918446019899215
43.552,0.13904671,2169.230282272884,0.023386328,0.087890625,3.611181,0.7457537,2.007139038114098
43.584,0.11905913,1965.2709088954,0.013890529,0.08447265625,0.53766537,0.87023056,2.0904498011486083
43.616,0.11447456,1882.0582754657364,0.008751777,0.10205078125,0.29788888,0.8685816,2.1760959740273447
43.648,0.12615153,2524.7172717891326,0.028375048,0.1171875,0.25614378,0.6711003,2.2491374826234893
43.68,0.12500295,2764.8935981180675,0.02833321,0.12841796875,0.4852483,0.5140507,2.2911183205598333
43.712,0.1150636,2555.830557963055,0.012455138,0.14697265625,4.0016,0.5088899,2.3029640585585023
43.744,0.10381139,2383.5459900072783,0.055859465,0.1318359375,0.74831355,0.55906343,2.2994942207104776
43.776,0.14849798,2335.193151307176,0.08491119,0.1083984375,0.18854526,0.70337087,2.259422679631751
43.808,0.19453153,1938.0384807301346,0.026923824,0.08642578125,5.5446568,0.82457346,2.1669811799995085
43.84,0.21648629,1577.459269898486,0.0058613336,0.076171875,4.621062,0.86876374,2.0425760758759384
43.872,0.20084105,1535.5392681071776,0.0025628482,0.078125,0.7317159,0.87975705,1.9168691702954836
43.904,0.15363912,1851.3822677922917,0.0041916915,0.10107421875,0.29553753,0.825418,1.804152991742967
43.936,0.12202241,2438.617791305086,0.02191252,0.1455078125,0.24511598,0.74731296,1.7108184929149257
43.968,0.102230504,2785.6916164186705,0.045583636,0.1572265625,0.7793807,0.5945789,1.6084432632307502
44.0,0.10054893,2783.610066819586,0.028809829,0.15478515625,3.2720804,0.58888316,1.4850366381904403
44.032,0.09752985,2590.6886342175794,0.020448113,0.15576171875,2.3313031,0.59169734,1.3606020564766867
44.064,0.09583013,2594.1274849389697,0.051896878,0.13916015625,0.6418458,0.62701595,1.2407510038446603
44.096,0.09616499,2667.206511184878,0.0607205,0.14208984375,1.2971482,0.6305855,1.118969068301978
44.128,0.10813431,2385.7272203917732,0.026266651,0.15625,3.379211,0.48931932,1.004362669496104
44.16,0.10884095,2331.0618847547685,0.015636934,0.140625,1.697068,0.458423,0.911105165547413
44.192,0.094850145,2283.408851245652,0.011760533,0.12646484375,0.8815961,0.5287249,0.83211891151481
44.224,0.08084831,2267.3189470792963,0.03270204,0.13671875,0.4836516,0.7334979,0.7513308960034212
44.256,0.09083318,2694.3927379454776,0.094090044,0.12841796875,0.608119,0.5880442,0.6894927992132849
44.288,0.086308256,2972.9259883122318,0.09920901,0.12060546875,3.223456,0.5540456,0.6588000329079736
44.32,0.07227245,3208.886546897029,0.048663475,0.14306640625,4.705609,0.80226237,0.6420720401873664
44.352,0.07470968,3309.786654286925,0.11493296,0.1865234375,0.5333949,0.7002735,0.629508237157576
44.384,0.08244824,3376.508143049145,0.22848618,0.19921875,0.096383564,0.2629086,0.6209098154674416
44.416,0.07782806,3267.9019874764713,0.18687169,0.20458984375,3.9357455,0.13542877,0.5978669458995441
44.448,0.07092445,2732.779545300446,0.06044302,0.19091796875,4.262494,0.12518781,0.5801137362470687
44.48,0.052857127,2267.6254590246663,0.031654973,0.142578125,0.66456723,0.1635588,0.5821408989565804
44.512,0.033053983,2268.841657853708,0.06233497,0.1572265625,0.34343812,0.29676655,0.5944208253103933
44.544,0.044252377,2822.164878685284,0.13025531,0.14697265625,0.30060104,0.5150283,0.6155705012437533
44.576,0.06727442,2691.9369499152444,0.061369702,0.13232421875,0.6013408,0.77333,0.6419498571026383
44.608,0.06444042,2535.6308866611857,0.026392456,0.123046875,4.441629,0.8975925,0.6642386653321337
44.64,0.06196285,2744.4541108208077,0.06692028,0.1005859375,0.94415975,0.8221265,0.6830513663131907
44.672,0.11575113,2620.8315924845756,0.085926406,0.1181640625,0.12583114,0.77653295,0.7148023778203462
44.704,0.16779415,2279.565483055433,0.039253406,0.1259765625,3.321379,0.8692503,0.7606330267846249
44.736,0.16148348,2176.039482860868,0.020390812,0.125,6.732225,0.76330334,0.7934433658401261
44.768,0.13925909,2294.7324171151695,0.013973456,0.1181640625,1.4178681,0.6086498,0.8112202938217054
44.8,0.13565524,2274.5273954737913,0.008653805,0.12158203125,0.65504956,0.6378474,0.8307092998581861
44.832,0.11371815,2484.253403713858,0.019891901,0.13916015625,0.29430953,0.7308374,0.846254499601936
44.864,0.10113129,2820.159861614747,0.05148676,0.13818359375,0.412764,0.69298184,0.8369828034288476
44.896,0.09784064,2809.750009272021,0.026604503,0.15234375,1.9935329,0.5576369,0.8232435666683517
44.928,0.0892974,2553.737154224492,0.021583835,0.166015625,2.5228937,0.5380162,0.8079704110114718
44.96,0.10952784,2486.0066192661816,0.089803524,0.13818359375,0.14951451,0.5843475,0.7926534885869356
44.992,0.17481396,2104.540414441003,0.04267637,0.1201171875,0.87770975,0.79247123,0.7943574976203099
45.024,0.21009015,1703.2768136425525,0.010044745,0.0888671875,7.85978,0.9010259,0.825528272104915
45.056,0.21566331,1568.3693401019034,0.0031567838,0.06787109375,1.9361358,0.9258641,0.8668136086896876
45.088,0.17573737,1799.6496675792278,0.0035959785,0.09228515625,0.36213613,0.89690036,0.916237910464131
45.12,0.13052538,2363.6919511888955,0.011921889,0.1328125,0.3188188,0.83021826,0.9734618969321395
45.152,0.10668696,2848.2267457558783,0.034005105,0.14501953125,0.5672238,0.7025593,1.0172433048946365
45.184,0.0971892,2837.442179704375,0.023513172,0.13916015625,2.3327146,0.62690324,1.0235277894303476
45.216,0.09358367,2269.4382449609902,0.014612114,0.1220703125,2.6647592,0.67660904,1.0208837601170737
45.248,0.08928086,2421.0521008308233,0.036454584,0.1162109375,0.968633,0.71969,1.0273836668165421
45.28,0.09336603,2842.457674186063,0.08212208,0.14697265625,1.4170684,0.6101945,1.0316514448365146
45.312,0.086179025,2817.1549981824155,0.06405293,0.173828125,4.351863,0.3264061,1.0393635812809383
45.344,0.072706886,2820.724737496063,0.033237576,0.193359375,3.902436,0.16082242,1.0671978568184497
45.376,0.067180745,2740.8211791438243,0.02577807,0.17724609375,0.5516124,0.11974462,1.0973725355141204
45.408,0.048246678,2590.2983502186444,0.051403273,0.17919921875,0.26198402,0.2924984,1.1130801021637067
45.44,0.054368015,2703.02179316618,0.15991805,0.19384765625,0.7239166,0.2992461,1.115714051160411
45.472,0.07074235,2871.42042400993,0.17681077,0.1640625,1.9271605,0.148437,1.0891260470085096
45.504,0.08317849,2688.0512000901535,0.063082665,0.1484375,5.8544474,0.7380966,1.0250630747759697
45.536,0.100905515,2852.8473108504277,0.028932668,0.15283203125,2.635436,0.91842735,0.9402587053176863
45.568,0.103327155,3146.258590745395,0.09486044,0.13232421875,0.58051366,0.6765422,0.8413147584971307
45.6,0.10443577,3085.6352272760137,0.11678123,0.14794921875,0.36411962,0.55441463,0.7421133623545417
45.632,0.09313777,2760.444851499604,0.05732851,0.14794921875,5.5864367,0.6305677,0.6661350666969603
45.664,0.07082476,2416.68415520952,0.034605432,0.119140625,1.6380574,0.7280634,0.6403141360017148
45.696,0.045251995,2446.338935257074,0.043661445,0.14892578125,0.17695455,0.7672712,0.6586992418409361
45.728,0.03790076,2777.864122580442,0.15485482,0.158203125,0.20287113,0.43126684,0.7051775844282003
45.76,0.07436046,2797.731346616518,0.09573673,0.173828125,0.09346715,0.5984065,0.7735003871485848
45.792,0.10003031,2747.0044409779844,0.03078237,0.16455078125,3.942343,0.67154217,0.8426444463931781
45.824,0.08786194,2519.3051993393055,0.019637998,0.1328125,3.321926,0.6328486,0.903489707866374
45.856,0.09993817,2470.890804891981,0.06223305,0.12255859375,0.7107328,0.63154376,0.9592855093767486
45.888,0.15614787,2323.069463554044,0.044234,0.123046875,0.6472015,0.74898994,1.0233973104751029
45.92,0.16330904,2223.6307386006,0.021474386,0.13232421875,6.165414,0.80540425,1.0978587146072085
45.952,0.13122277,2474.444951425079,0.016749572,0.12353515625,2.9357789,0.7245634,1.1827857963610522
45.984,0.115433566,2286.615421687037,0.012629521,0.1240234375,0.33323967,0.6853221,1.2751936891876372
46.016,0.10604427,2194.2352448373313,0.017541843,0.12548828125,0.15391515,0.7295436,1.3926136512694416
46.048,0.11225041,2594.1248872297397,0.029856602,0.12744140625,0.62514234,0.6718395,1.5246958614736061
46.08,0.109310254,2825.6709471672557,0.035705306,0.1064453125,1.5517213,0.6774901,1.6541442388002483
46.112,0.09123557,2422.228352374766,0.018946856,0.1005859375,2.1433587,0.86987066,1.767786817520518
46.144,0.07851988,2462.240054068853,0.05923786,0.0908203125,1.1916941,0.8302406,1.8549259784894083
46.176,0.12766238,2597.781522035998,0.09173999,0.08447265625,0.20672709,0.7508687,1.895267432281678
46.208,0.18159653,2359.9749065200685,0.033466358,0.08740234375,3.5706556,0.8585493,1.8968829139771666
46.24,0.21367525,2083.0753564145652,0.011162338,0.08740234375,5.938522,0.9013067,1.8896456021002377
46.272,0.19690448,2053.7615173195904,0.0072844587,0.0732421875,0.9758038,0.87969685,1.902418585463627
46.304,0.1446959,2096.7371128931313,0.008857413,0.07470703125,0.40582648,0.847703,1.9244797137407408
46.336,0.10467478,2184.8561124583266,0.01297754,0.07763671875,0.3271048,0.8973358,1.9403697968408822
46.368,0.081116654,2335.6864748240446,0.014352595,0.068359375,0.33500233,0.8831358,1.9619352598958215
46.4,0.0788626,2381.0224110440504,0.01466704,0.0849609375,0.44790748,0.87748027,1.9859673232388735
46.432,0.08120902,2506.0313710149226,0.03936554,0.09228515625,0.35965702,0.75587153,2.014422051415608
46.464,0.08584564,2546.8354266749657,0.053433202,0.10302734375,0.8866117,0.60687816,2.0358867405327334
46.496,0.085974246,2406.672879016819,0.035008263,0.12939453125,4.6530704,0.5615383,2.0379873597032567
46.528,0.088882975,2426.901265293745,0.019567547,0.12890625,2.2786477,0.4751046,2.053927550306311
46.56,0.08485795,2519.388148124851,0.014579113,0.1298828125,0.7587872,0.54498863,2.0804476169255572
46.592,0.08198377,2719.0096084862544,0.012742076,0.13525390625,0.382073,0.592778,2.111061169442004
46.624,0.08301074,2626.036459143683,0.01209741,0.126953125,0.26430398,0.5894315,2.14985376027983
46.656,0.09167114,2306.3750074732015,0.011256258,0.14697265625,0.74676657,0.5240421,2.21742094810529
46.688,0.09737912,2274.2588201410617,0.009111177,0.15625,1.212495,0.4377797,2.303586089639105
46.72,0.08597794,2446.7449106694958,0.00919661,0.1689453125,1.6699241,0.5102244,2.3851723830257385
46.752,0.086831085,2502.740724831948,0.009159997,0.18310546875,0.97974706,0.49465933,2.4418734981968693
46.784,0.08973457,2468.976419850288,0.007917146,0.17041015625,0.5428514,0.44448447,2.4915698807386013
46.816,0.087809175,2346.387470223863,0.015217543,0.1650390625,1.2804428,0.44041666,2.5342603859161437
46.848,0.08659681,2430.6177437014294,0.02337274,0.162109375,1.1571096,0.42654574,2.556386783736757
46.88,0.085279934,2582.384885828946,0.015684133,0.15869140625,2.992614,0.41620135,2.564205321689692
46.912,0.08127967,2527.529047151095,0.021546235,0.16064453125,2.3058434,0.46660393,2.5568960007200845
46.944,0.08177332,2485.3190020809616,0.02244579,0.15478515625,1.2084694,0.44371298,2.550339814496986
46.976,0.078182556,2766.8188308691642,0.022401724,0.16162109375,1.9003998,0.48987114,2.546791208461485
47.008,0.0693794,3593.150957951499,0.034271695,0.16162109375,1.398518,0.65002376,2.5300972643526736
47.04,0.06418694,4051.9018047896243,0.03170097,0.15283203125,0.9831481,0.7743739,2.505685536357313
47.072,0.062036987,3856.9412131633635,0.030270385,0.154296875,1.144699,0.8455007,2.474398144630128
47.104,0.060964502,3623.479330127791,0.049523152,0.15966796875,0.44931677,0.79628295,2.4421898980842083
47.136,0.07988553,3187.2646280014296,0.044910233,0.17041015625,0.6008503,0.4564007,2.413144271629032
47.168,0.09017361,3086.224132937172,0.022984654,0.1865234375,2.9953504,0.34336755,2.3910296311265635
47.2,0.079683326,3044.27736084532,0.012422667,0.17919921875,3.650406,0.3646934,2.3684803980449356
47.232,0.07656565,2760.189874658524,0.008608814,0.15283203125,0.94953966,0.3446461,2.357030998060902
47.264,0.06924876,2361.4924353108245,0.0065778852,0.130859375,0.383419,0.38288328,2.3560535688747923
47.296,0.07196679,2117.912469198459,0.004186886,0.11328125,0.23790435,0.36238575,2.3707205052727938
47.328,0.07824363,2085.7658896283306,0.0036280963,0.119140625,0.65682334,0.3180375,2.400045245200507
47.36,0.07800103,2553.3870158145596,0.024413511,0.13037109375,0.9179817,0.2984325,2.4493568139146973
47.392,0.07868655,2839.6984214338036,0.06328241,0.13818359375,0.96630746,0.27478227,2.5169057467413847
47.424,0.0854513,2653.1412008790276,0.0380235,0.1748046875,5.1865473,0.20843203,2.5930382965472707
47.456,0.07993342,3206.5591138182995,0.06464799,0.1845703125,3.9607348,0.19531628,2.6725036246442455
47.488,0.06895188,2982.0172609311608,0.071282506,0.20703125,1.011982,0.28612354,2.7573581656937676
47.52,0.07309613,3027.2167044072535,0.076011226,0.20703125,1.4701564,0.32778147,2.858845565622288
47.552,0.07207576,3021.820460987445,0.09122351,0.16455078125,1.5128428,0.39613244,2.981442736367965
47.584,0.05167752,2629.21894916542,0.06768292,0.1630859375,1.9808282,0.66230154,3.1236646596782958
47.616,0.053186893,2689.0986853617505,0.073174246,0.13525390625,1.5940794,0.730135,3.2711585882035656
47.648,0.05551988,2694.7190523385193,0.05646539,0.15283203125,0.3662174,0.7937264,3.419854283108438
47.68,0.06974256,3068.5613308503025,0.098965436,0.19287109375,1.3928157,0.6673627,3.5592405404716536
47.712,0.099432096,2947.8238798968,0.0639396,0.19677734375,0.6131339,0.54926354,3.688995931605886
47.744,0.08635548,2855.4541775493353,0.053150397,0.181640625,3.8695557,0.42718297,3.8025893943599467
47.776,0.06965955,2455.1036913848666,0.029813869,0.1513671875,2.3532913,0.74691,3.9012831964895662
47.808,0.0654088,2373.7001077275154,0.027842738,0.16162109375,0.6546566,0.8868943,3.9858228780012626
47.84,0.06563719,2933.5291591776504,0.13168557,0.1474609375,0.27957448,0.52637374,4.0446621455497045
47.872,0.084749565,2652.6124312891616,0.08458235,0.16064453125,1.2209644,0.5351076,4.083364028931576
47.904,0.10867122,2520.778231056827,0.027508225,0.166015625,6.0907254,0.31139725,4.0961797366300665
47.936,0.11000567,2739.6280045032818,0.017559461,0.1376953125,1.828211,0.26967418,4.095777764092616
47.968,0.10442012,2922.370374347526,0.041291807,0.14306640625,1.0332259,0.19299023,4.076178557553618
48.0,0.09358201,2846.7354314943404,0.063355446,0.17578125,0.44719526,0.2205922,4.028302792409471
48.032,0.06935171,2963.326446304148,0.11344947,0.22607421875,2.9296227,0.42112082,3.9562927747056382
48.064,0.061763972,3115.9698565738145,0.14907089,0.27490234375,2.0220912,0.35291055,3.8644747229830583
48.096,0.077342406,2906.201671290915,0.06546406,0.30615234375,0.89649767,0.20801875,3.7667041267970456
48.128,0.09876152,2826.6083836346615,0.06309287,0.291015625,1.2881505,0.16194469,3.654381353074743
48.16,0.097206354,2446.4757446335343,0.06328064,0.2646484375,1.3055146,0.20703767,3.5574582967130715
48.192,0.08665616,2388.9173929121102,0.091003284,0.20458984375,2.2474148,0.19460347,3.478255405688453
48.224,0.08115489,2286.1181511023938,0.0740757,0.18603515625,2.5314121,0.2462039,3.4186421796008135
48.256,0.06756426,2635.2329597919434,0.11517609,0.18994140625,2.161382,0.35865194,3.373267889662183
48.288,0.06444781,2967.2557986923293,0.16407499,0.1806640625,0.9723636,0.49179187,3.3327014784564715
48.32,0.08483486,2552.107058380709,0.06443323,0.1962890625,1.0932692,0.41460693,3.301800479538745
48.352,0.09664339,2965.835345335452,0.052689698,0.171875,1.2476165,0.23555118,3.2647688346261705
48.384,0.09770026,2661.7783516697978,0.041647617,0.15869140625,0.9450373,0.30152225,3.2391472769818623
48.416,0.09516823,2526.4743619953188,0.051318713,0.14501953125,1.1380439,0.3290107,3.2141359543721872
48.448,0.11148301,2398.9683861456006,0.045034524,0.14404296875,1.0454592,0.40754703,3.1963657653806026
48.48,0.11635523,2273.778259484579,0.02679047,0.14111328125,1.5749865,0.44309443,3.1824714767992357
48.512,0.079996146,2707.7257558827637,0.059792936,0.119140625,1.6408154,0.59969264,3.168306929685627
48.544,0.10406629,2463.646635800261,0.05001791,0.1142578125,0.45444298,0.8373066,3.1447469960519134
48.576,0.16960074,2307.9110596268774,0.060597014,0.08056640625,0.9649149,0.7857211,3.113041745010962
48.608,0.21459094,2061.5987646742933,0.0278972,0.068359375,2.8563068,0.9004214,3.0916695948554223
48.64,0.23368245,1872.5737652967784,0.009295786,0.0654296875,5.5036507,0.9408572,3.0609620888929263
48.672,0.2047799,1972.230827880979,0.007522864,0.0615234375,0.6620033,0.926742,3.0181716573697512
48.704,0.15805613,2087.891364846527,0.010070008,0.07763671875,0.36891422,0.90695006,2.965698372770225
48.736,0.13564721,2313.4219086591133,0.013549115,0.09912109375,0.4366013,0.74727035,2.911283044118305
48.768,0.122500256,2692.798110015251,0.018901018,0.119140625,0.5268922,0.5921774,2.866123473441797
48.8,0.10449462,2635.3422708294,0.022153305,0.12060546875,0.7062724,0.66957176,2.828987708469928
48.832,0.08319054,2766.4241936118656,0.048738245,0.1806640625,1.3041768,0.7512383,2.8086043048105784
48.864,0.08051384,3400.2993187559773,0.1834456,0.21044921875,1.4548322,0.48541215,2.7906262962259465
48.896,0.08499194,3184.6943968814435,0.19460848,0.23681640625,1.5734782,0.18836378,2.773830634446675
48.928,0.07527078,2875.1701683631627,0.0964522,0.267578125,4.320762,0.11642157,2.751527000945931
48.96,0.06552131,2870.1474292691787,0.054800343,0.22314453125,1.9825188,0.14674653,2.7251056253542796
48.992,0.054083426,2734.0520508501504,0.046721485,0.2255859375,0.40238115,0.23936859,2.696971616416114
49.024,0.071906276,2695.6310895214265,0.14163703,0.1982421875,0.2658,0.32770446,2.67379698639202
49.056,0.13015586,2507.2152983961596,0.08639405,0.1640625,0.5715702,0.5473863,2.661773524003909
49.088,0.13662331,2314.6256016110588,0.038441483,0.14599609375,7.2188225,0.6538843,2.6659029587104066
49.12,0.1293931,2062.1187674811567,0.01540316,0.1123046875,3.6473908,0.5940949,2.6942767472679026
49.152,0.1233535,2461.0494553889475,0.0370725,0.11767578125,0.37417606,0.5874165,2.7552407356357453
49.184,0.11815153,2816.6647348547376,0.10180334,0.11865234375,0.26506665,0.6044971,2.8438983846243953
49.216,0.108599484,2779.1519153470394,0.07958776,0.1044921875,3.1213858,0.6674041,2.954627129652573
49.248,0.09532581,2340.9293961686467,0.0317355,0.08447265625,3.7874854,0.7695375,3.069392468917136
49.28,0.089709625,1868.9668524349981,0.012687908,0.05419921875,0.42229927,0.82613486,3.1796684401330997
49.312,0.08609099,1891.7891044727303,0.010252879,0.056640625,0.42863035,0.8808184,3.2962685309460515
49.344,0.08684289,2576.258463687228,0.0370105,0.06640625,0.5359517,0.8741344,3.402909673870237
49.376,0.09174769,2500.570293262078,0.032126572,0.06982421875,0.41355693,0.8992855,3.484577381726534
49.408,0.07333464,2077.779084336802,0.014749739,0.087890625,3.953166,0.92956966,3.5419641096916026
49.44,0.06482883,2606.4931976232556,0.08211623,0.099609375,0.5694243,0.760796,3.5798338117314317
49.472,0.11962862,2678.2289477697914,0.119843885,0.1025390625,0.089629374,0.6689785,3.6002813438870684
49.504,0.1696544,2340.9422528831997,0.050117258,0.11376953125,5.303522,0.8120419,3.6022033761831076
49.536,0.15726541,2212.968279102515,0.022684695,0.11474609375,7.0410743,0.81312364,3.574662020210379
49.568,0.12487762,2219.764259356988,0.017916953,0.09814453125,0.96891177,0.7561892,3.5201358302222547
49.6,0.11568627,2211.3076890249113,0.01434858,0.09033203125,0.19195962,0.7404108,3.4413915309061403
49.632,0.11446066,2165.178057585307,0.020637153,0.1044921875,0.48464152,0.7333871,3.3244120128820995
49.664,0.120562285,2328.5691016934798,0.033497464,0.08544921875,0.7650061,0.58531106,3.1843956342553383
49.696,0.106051095,2300.4435211057908,0.024029594,0.08447265625,1.9925199,0.66164714,3.0334196284622608
49.728,0.08270266,2214.0824839100296,0.021701487,0.11865234375,2.200719,0.87478936,2.8944656539115945
49.76,0.12776323,2491.999812854061,0.08158594,0.09765625,0.09044864,0.724693,2.769421667723642
49.792,0.22041957,2230.705269625193,0.04312656,0.1025390625,0.6836811,0.86290044,2.635347629895824
49.824,0.24897374,1942.565732592015,0.013654377,0.0908203125,8.714068,0.95290303,2.513834920588324
49.856,0.22225326,1789.179908942127,0.006097665,0.0546875,2.6403608,0.9487478,2.410364333106434
49.888,0.17984577,1814.9573276578442,0.004709253,0.06591796875,0.2910225,0.9279121,2.327540112512483
49.92,0.13660954,2067.0139114937915,0.007039457,0.0810546875,0.29711494,0.8928156,2.259021414014108
49.952,0.12059423,2620.752688699008,0.018118886,0.09716796875,0.2887497,0.7705982,2.1952814473782003
49.984,0.10464229,2660.288172549755,0.023529762,0.10009765625,0.5680659,0.75206167,2.1423377746247843
50.016,0.09444623,2394.374500908987,0.02046856,0.14013671875,2.223813,0.8286098,2.1100681151021874
50.048,0.07883282,3151.3799529253556,0.09030559,0.17724609375,1.4558963,0.7528,2.0803917029483876
50.08,0.081980266,3239.5707403387714,0.18266366,0.21142578125,0.9904344,0.3264424,2.034279158079637
50.112,0.07964078,3020.1134094883696,0.099766396,0.2412109375,3.7497566,0.11608807,1.9754340359171514
50.144,0.06776865,2837.57034838047,0.05251092,0.22119140625,3.7369728,0.15880202,1.9037690077293647
50.176,0.059771694,2679.7296943511246,0.035812836,0.20654296875,0.75156355,0.20255555,1.819067399824175
50.208,0.060899533,2754.1450091846755,0.062007204,0.1982421875,0.1916433,0.24185038,1.7124212534425682
50.24,0.091961354,2656.4352177541127,0.124384336,0.17431640625,0.7548747,0.52978474,1.5887990723397771
50.272,0.12433578,2418.35270025732,0.06202103,0.13623046875,3.1395493,0.7417845,1.4644210140853267
50.304,0.1120323,2079.0735082979445,0.021567432,0.099609375,6.4554596,0.84844416,1.3388091221702088
50.336,0.10496972,2063.8416155108453,0.016983401,0.10546875,1.1422123,0.90813,1.2261481663744564
50.368,0.11423383,2841.29655291392,0.07294051,0.1103515625,0.099693894,0.7172461,1.1452398390290845
50.4,0.11105444,3035.9487390551267,0.098234475,0.12353515625,0.40657455,0.66223806,1.0995221990645219
50.432,0.09784445,2889.2136880648654,0.051130306,0.12255859375,5.700724,0.80404824,1.093619023701565
50.464,0.08964021,2649.316538595738,0.028589882,0.080078125,1.2403305,0.8784879,1.1152745124783825
50.496,0.08790917,2340.281402216073,0.015841383,0.07275390625,0.07314691,0.9117048,1.156966891064079
50.528,0.08721335,2336.221388358613,0.022579424,0.06396484375,0.21316345,0.9072083,1.2193890423527474
50.56,0.09385368,2503.665090213746,0.034726836,0.06103515625,0.19847013,0.8789763,1.2934815787394998
50.592,0.09210126,2168.919613761689,0.015383925,0.06201171875,2.1725018,0.93496823,1.3614622665160843
50.624,0.06980635,2038.3736728484025,0.015132768,0.078125,2.1075857,0.9217349,1.406628812199351
50.656,0.09162283,2518.972304431012,0.10315323,0.09375,0.23420951,0.67831194,1.4206398879651934
50.688,0.15193142,2283.6097207011812,0.07325431,0.109375,0.5079893,0.7173568,1.409368840332068
50.72,0.16199158,2077.057675951606,0.045015108,0.1298828125,9.840235,0.73939276,1.38974080215934
50.752,0.14429381,2063.9759653034503,0.026995378,0.11376953125,3.9377189,0.76266944,1.3804245032713078
50.784,0.12933452,2001.391721489167,0.013158567,0.0927734375,0.7326637,0.80252075,1.3840021031551657
50.816,0.11810777,1884.493846154537,0.009789161,0.0927734375,0.46030384,0.9189053,1.407616944593684
50.848,0.123143405,2434.8781907548487,0.029997079,0.07666015625,0.18765411,0.8138765,1.4131424327224662
50.88,0.12387636,2567.534148690408,0.030438537,0.064453125,0.47384605,0.71907955,1.3914488517221417
50.912,0.10719105,2030.1260917433933,0.011653712,0.0908203125,4.0480576,0.9052878,1.3447114994963714
50.944,0.096436635,2349.546464378313,0.05873509,0.08251953125,0.705719,0.8015548,1.273999725590091
50.976,0.15037403,2347.136277144563,0.08673804,0.07861328125,0.21075329,0.71020067,1.1918328949634596
51.008,0.20929699,1977.6055998834745,0.029585578,0.07666015625,6.6276093,0.8669988,1.096360865311956
51.04,0.22320767,1730.4888163171827,0.010650934,0.0556640625,5.600456,0.9344169,1.0040361196478373
51.072,0.19615403,1823.4434266377607,0.007613898,0.041015625,0.76237166,0.9455429,0.9398719562976393
51.104,0.15213498,1709.2219053947692,0.0074772225,0.05126953125,0.36490908,0.95695543,0.9140598559113524
51.136,0.13038775,1979.7135935310648,0.014018321,0.06591796875,0.20163523,0.9160268,0.9333334842114738
51.168,0.11535776,2459.7748014206863,0.02574747,0.060546875,0.48098138,0.77364916,0.985394852341666
51.2,0.10216309,2332.336865261992,0.01869093,0.07666015625,2.264558,0.8281985,1.0400959480529866
51.232,0.08844442,2316.69875351951,0.024218181,0.11376953125,1.5134887,0.9119073,1.083331110955239
51.264,0.08758554,2671.692673070345,0.110148974,0.14404296875,0.19839035,0.6445076,1.1183743959116348
51.296,0.09072639,2637.0680842261845,0.14585811,0.2001953125,1.5848881,0.28505647,1.1389915383358018
51.328,0.078406736,2552.560053341914,0.103159525,0.24951171875,6.082704,0.13285509,1.1640562671817947
51.36,0.06768381,2739.0781158424925,0.053284146,0.2216796875,2.3508697,0.17546993,1.2012863351563567
51.392,0.06119951,2717.6319715778445,0.04454034,0.228515625,0.5142443,0.22992346,1.2504212978134015
51.424,0.06364318,2880.2805115218443,0.17057289,0.19287109375,0.52410126,0.3914386,1.312305554449347
51.456,0.11953815,2593.7222788035733,0.096264936,0.1572265625,0.54632163,0.45759594,1.371108985016922
51.488,0.13232435,2349.4836767195256,0.044346683,0.1455078125,6.0906024,0.6164236,1.4263372006706856
51.52,0.10478715,2089.2006329321093,0.021416314,0.13134765625,3.8779418,0.78363097,1.4759811607495157
51.552,0.10945483,2467.1101294680425,0.04674076,0.14306640625,0.32618347,0.6666405,1.5098766418279683
51.584,0.12165804,2898.4763638844306,0.08605983,0.15380859375,0.103828266,0.46147612,1.5195613110979336
51.616,0.10726768,2900.983558451323,0.08746966,0.1845703125,2.8721395,0.58707,1.5077322286739852
51.648,0.08873253,3209.081933654708,0.08462058,0.19873046875,3.1154664,0.72981465,1.489311967363194
51.68,0.07998259,3671.9906388209056,0.0862805,0.21240234375,0.4648372,0.7006465,1.4793351473139074
51.712,0.07874913,3779.0320340841636,0.0817475,0.21142578125,0.17719978,0.69588226,1.4748371181673101
51.744,0.08694751,3489.916275780108,0.10003797,0.19775390625,0.30774772,0.691055,1.471080768758945
51.776,0.09992573,2959.2171085731134,0.080888025,0.18359375,0.70691043,0.70202863,1.4608299693758895
51.808,0.09639128,2432.453386568186,0.036831796,0.17041015625,2.606441,0.55134505,1.449427748510391
51.84,0.086257175,2608.9156516916983,0.053597823,0.17041015625,2.4534078,0.3186622,1.4412296504725308
51.872,0.11492611,2719.1431298882653,0.087791234,0.15966796875,1.2663157,0.5439664,1.4414738534427503
51.904,0.1583451,2418.344229877063,0.0393159,0.13623046875,2.2072017,0.8049895,1.4543588940616612
51.936,0.15299396,2177.305765402948,0.021746866,0.11181640625,5.123659,0.83046466,1.4782000721528865
51.968,0.12348755,2096.4691056223264,0.019593526,0.08447265625,0.8296999,0.7916565,1.5038936629285222
52.0,0.12058919,1952.765270918935,0.015491546,0.10302734375,0.40053377,0.79443485,1.5330184869200594
52.032,0.12777407,2284.6226460542357,0.015204746,0.1171875,0.6788442,0.67167914,1.5715749957401177
52.064,0.115198165,2681.8022585421554,0.027024161,0.11376953125,1.7418289,0.6039674,1.6182977675082504
52.096,0.09047626,2580.6920589364613,0.029704278,0.11376953125,1.395919,0.58539087,1.6628349420363846
52.128,0.0790842,2151.8616814290012,0.024611419,0.1220703125,1.6987171,0.43930393,1.6902060239773014
52.16,0.108491026,2450.707363468849,0.114800476,0.109375,0.38859886,0.53854275,1.7010113166857224
52.192,0.18372177,2186.405216271529,0.056344114,0.10595703125,1.2639074,0.7714221,1.6995463921652538
52.224,0.22711538,1913.7619200841164,0.014206695,0.1005859375,8.624727,0.8929864,1.6868184724114899
52.256,0.2175286,1743.475490722385,0.004623256,0.07763671875,2.39754,0.89704955,1.6791750185171814
52.288,0.17873785,1761.919381580324,0.003708235,0.0849609375,0.3620495,0.869677,1.6774192543297435
52.32,0.13998261,1950.7098264093036,0.0053104404,0.1123046875,0.28366196,0.8009571,1.6803706919746482
52.352,0.12440603,2517.886408112859,0.0134187685,0.12744140625,0.28278813,0.6982373,1.6782777821865216
52.384,0.106675476,2666.279822673977,0.020405795,0.12939453125,0.57100725,0.653779,1.6504783554623614
52.416,0.09828975,2481.870977074169,0.018598495,0.1484375,1.7901895,0.59226424,1.5961465053118158
52.448,0.087908864,2604.6574532701725,0.037203096,0.18017578125,1.0704343,0.4424469,1.5285403864497893
52.48,0.07423064,2929.088762326358,0.120855294,0.2177734375,1.257967,0.3127242,1.4511759669893745
52.512,0.060969554,2910.5994900133064,0.14460543,0.2431640625,2.85132,0.1685561,1.3665120727273683
52.544,0.052624535,2721.980847178047,0.09205038,0.23876953125,3.8253033,0.2523417,1.2869700809879683
52.576,0.048749585,2455.5511851993147,0.05083584,0.2138671875,0.7647488,0.31379735,1.2210329402270201
52.608,0.05394193,2475.639763331239,0.08198547,0.19677734375,0.46890357,0.3105364,1.1758041540962
52.64,0.096474,2592.326930386781,0.12842731,0.16845703125,0.85173154,0.5343793,1.1460334520892779
52.672,0.13459702,2376.8821717057344,0.06106639,0.13720703125,3.0561502,0.7313547,1.1224087512292087
52.704,0.11747299,2058.766023130005,0.021828204,0.09912109375,6.301675,0.85056156,1.1007201723225404
52.736,0.10887516,2099.574748478296,0.017826576,0.10546875,1.0285683,0.9057075,1.0630816809675592
52.768,0.11705678,2830.349151965622,0.07667748,0.115234375,0.11214419,0.713333,1.0122907373027932
52.8,0.111871324,3023.1844688735764,0.10336723,0.11669921875,0.59647256,0.64880097,0.9677549488610465
52.832,0.09483884,2892.3124206233497,0.058729686,0.11767578125,5.521191,0.8135875,0.9311747575333247
52.864,0.085674696,2428.4227114179985,0.020504247,0.0693359375,1.3126663,0.91064996,0.9192733216591111
52.896,0.08368229,2096.5445087804933,0.009038272,0.06884765625,0.062466137,0.93881047,0.9421826693164089
52.928,0.08727697,2844.90263670879,0.044613484,0.10205078125,0.10351092,0.84711355,0.998201776635379
52.96,0.102616094,3270.104008828217,0.088576645,0.15576171875,0.09976248,0.6841512,1.0828207188172438
52.992,0.09691524,3451.6711866814826,0.0784835,0.22021484375,5.2372,0.7114575,1.179299715017901
53.024,0.07448026,3678.5256570837223,0.101362646,0.25634765625,3.631907,0.6347141,1.279529478296032
53.056,0.09206574,3243.6008407339295,0.16913122,0.24365234375,0.50219953,0.56870586,1.3753472013333028
53.088,0.14413646,2711.0721692172283,0.091238044,0.201171875,0.47147065,0.71794736,1.4636239999415728
53.12,0.15640274,2358.7919309432727,0.0423049,0.16357421875,5.513965,0.7693509,1.5443026344610207
53.152,0.14334771,2225.90433357149,0.022088848,0.12060546875,2.914597,0.76222,1.6190037343981805
53.184,0.1317253,2287.26653394209,0.013582222,0.111328125,0.8717928,0.7734458,1.6903644062754553
53.216,0.12868178,2309.0551441789257,0.012454227,0.12109375,0.5652006,0.7405122,1.7596011657648893
53.248,0.12916592,2393.697107068773,0.024626931,0.1318359375,0.4492492,0.7049779,1.837391279728658
53.28,0.12921526,2576.72280134389,0.022866873,0.1484375,1.1896081,0.64037526,1.9157071768794247
53.312,0.11985639,2476.7668386420964,0.0070359297,0.197265625,3.3840406,0.57711786,2.009032148373983
53.344,0.093037814,2699.309488319392,0.021676887,0.19873046875,0.58524036,0.37599126,2.116200323006907
53.376,0.11080194,2502.4692782608954,0.038757883,0.16552734375,0.11042297,0.6333997,2.207974891162716
53.408,0.16574594,1826.3851148927665,0.009554233,0.123046875,2.4157083,0.8964435,2.281561219427506
53.44,0.22402257,1308.2421796892102,0.001704418,0.05322265625,3.9448147,0.948496,2.342863235657722
53.472,0.20074749,1235.5045831621233,0.0011852233,0.0380859375,0.82563907,0.93816906,2.395342424706715
53.504,0.13007781,1716.2485987439165,0.00462414,0.07470703125,0.25415877,0.87263465,2.4391191329981767
53.536,0.107565686,2350.428800855145,0.01869774,0.1005859375,0.29815114,0.6109024,2.4773311719915245
53.568,0.105854325,2382.275284143783,0.014315587,0.13720703125,2.4029903,0.47529256,2.523552587175662
53.6,0.09288414,2308.5440029410065,0.0069230176,0.15771484375,4.061978,0.53492856,2.589785454186227
53.632,0.089706026,2343.900748605877,0.003882831,0.15185546875,0.8843342,0.5101508,2.6702406706653194
53.664,0.09128615,2402.0141963500732,0.0033691179,0.1435546875,0.39423198,0.49290502,2.7536535219077605
53.696,0.085993186,2143.9638676836807,0.0028081872,0.12109375,0.50305223,0.56605756,2.8454708264730093
53.728,0.07861445,1652.7961075903602,0.0018870629,0.095703125,0.5300859,0.71807504,2.9366433443217916
53.76,0.07855124,1556.4514253913703,0.0012461331,0.0703125,0.7327214,0.68957627,3.0204559935201925
53.792,0.07994782,1566.73009355158,0.0011498614,0.07421875,0.31582916,0.654689,3.0801553878164114
53.824,0.08373791,2151.469185559204,0.0076279338,0.087890625,0.24364272,0.5838715,3.121374737775414
53.856,0.09538124,2577.457021103296,0.014209306,0.1083984375,0.83792853,0.45400006,3.1739877793338276
53.888,0.08751166,2508.435999186707,0.008386264,0.1123046875,6.6743097,0.46915627,3.2318754922648583
53.92,0.06877722,2223.079738819629,0.0067055877,0.10791015625,3.2117648,0.692957,3.2921918676804953
53.952,0.06417456,2202.960025564538,0.010824942,0.12109375,0.2716784,0.80999535,3.350699718002229
53.984,0.078896604,2575.8037116113874,0.021678118,0.1220703125,0.6436268,0.5356961,3.4113079905047705
54.016,0.089691445,2437.5743756646307,0.013123519,0.13232421875,2.6113837,0.33923885,3.476404896885557
54.048,0.07305738,2343.6021534605925,0.013001231,0.138671875,4.7172565,0.31779417,3.5387343241990123
54.08,0.06297815,2513.6769770144383,0.013037084,0.14013671875,0.8506238,0.255452,3.5894179177978627
54.112,0.06008126,2655.0634676487307,0.016345445,0.1494140625,1.1311692,0.21214963,3.634877996212045
54.144,0.06313002,2648.0188776257514,0.018617567,0.15625,1.0422966,0.18856743,3.6878980184253716
54.176,0.06407066,2696.355860165963,0.011196455,0.169921875,1.1800041,0.17243473,3.751073841320121
54.208,0.07106007,2518.199498738826,0.009621207,0.1669921875,1.867445,0.16011459,3.8122331482019334
54.24,0.061625734,2553.9873719311618,0.02101293,0.16796875,0.83913535,0.20984687,3.86325850078282
54.272,0.05714182,2381.635728501891,0.031405,0.17626953125,1.8846931,0.25527793,3.9001519147594514
54.304,0.06748868,2389.14637687072,0.014937768,0.17724609375,3.2599707,0.16729584,3.9181154639658864
54.336,0.062456343,2550.6284367517133,0.010746694,0.177734375,3.1301782,0.17352048,3.918624362652445
54.368,0.060267977,2648.894877063564,0.023301216,0.16748046875,1.0570427,0.204974,3.9151455184450348
54.4,0.054054637,2536.0960897419527,0.037948743,0.158203125,0.50172436,0.37397507,3.904723938911884
54.432,0.046832938,2210.2491142922254,0.022479072,0.142578125,2.5248613,0.6734301,3.8926908515239407
54.464,0.049086783,2005.552476238286,0.008947848,0.123046875,2.6055412,0.71652496,3.8751759523463334
54.496,0.051859472,2000.8323515421291,0.006182858,0.10693359375,0.89787567,0.72816354,3.8565787672091627
54.528,0.055889018,1991.2768935303188,0.008391144,0.09619140625,0.5838008,0.82610303,3.834662340873442
54.56,0.05683317,2156.6783885427503,0.02783967,0.12255859375,0.83358395,0.78211343,3.8077349069768833
54.592,0.07222038,2495.182928524644,0.056505263,0.13818359375,2.0593781,0.26450634,3.7752213581952834
54.624,0.075402334,2551.294314312,0.02587867,0.15380859375,4.8822155,0.150799,3.73827093491027
54.656,0.0699004,2575.3416328416097,0.009105494,0.1591796875,4.774734,0.11709449,3.6957542778339088
54.688,0.07503096,2503.975426108126,0.0050200783,0.1318359375,0.4700098,0.08274398,3.64870084088661
54.72,0.08328843,2499.493093749218,0.0035260508,0.12060546875,0.15445223,0.060971722,3.5974902364449863
54.752,0.0921011,2412.6541471367127,0.002653168,0.1142578125,0.4199587,0.060497813,3.549273288648644
54.784,0.108579405,2374.5162928892332,0.0022294668,0.11181640625,0.59533685,0.04494225,3.507462876001281
54.816,0.11093075,2428.0439211426274,0.0027585817,0.11328125,0.662083,0.03815891,3.471761388778492
54.848,0.092833444,2438.9856472948104,0.0061706835,0.11572265625,1.028474,0.04613898,3.437513738265317
54.88,0.07679036,2354.189738912354,0.012804873,0.12158203125,0.97128874,0.05419535,3.3996585794112324
54.912,0.071366854,2335.502444490695,0.008668288,0.146484375,2.1938853,0.058762614,3.35927758955357
54.944,0.06889531,2375.686710042899,0.0046982975,0.14892578125,2.599731,0.06773042,3.314739657787507
54.976,0.07260069,2257.3857157444595,0.003755741,0.1630859375,1.3148117,0.064037666,3.2609740747336695
55.008,0.07521688,2193.8764022753826,0.0032324134,0.18408203125,0.8168517,0.05914783,3.197982887935863
55.04,0.061081093,2539.99769674359,0.005740165,0.185546875,0.87044215,0.11415109,3.1297288885809205
55.072,0.056430615,2784.815308249359,0.010271407,0.21484375,0.8122486,0.23742741,3.064111351223693
55.104,0.055450983,2827.4687239730674,0.015362092,0.20263671875,1.2398918,0.30657253,3.001642397071601
55.136,0.0365071,2647.7290751709115,0.025652923,0.18994140625,1.4130387,0.4246332,2.938536121032754
55.168,0.027318655,2427.6636769145116,0.07237341,0.17041015625,1.5964788,0.47109607,2.86756233515084
55.2,0.06421099,2536.248761387058,0.038337804,0.1474609375,1.2412114,0.07650834,2.7812228507087764
55.232,0.093448184,2466.6260253402156,0.014158801,0.16748046875,4.111086,0.018956546,2.6772098768411996
55.264,0.06868655,2562.161650018885,0.012228627,0.1591796875,4.6378026,0.016179817,2.5591910000926648
55.296,0.059862375,2818.6139477405636,0.010999962,0.169921875,0.9646898,0.016726416,2.4295612977530503
55.328,0.06313384,2623.4974893674625,0.011359766,0.17578125,0.60874367,0.014470061,2.298014295657909
55.36,0.06087485,2605.617329039431,0.008580683,0.1591796875,0.7609273,0.01572621,2.178170932330329
55.392,0.063439496,2432.2534830220998,0.007749004,0.17724609375,1.4685855,0.011778974,2.072654481584061
55.424,0.064157024,2499.014952595003,0.010333666,0.18701171875,0.80521774,0.010244056,1.9810147279476018
55.456,0.053331655,2358.3271357913827,0.024195593,0.17919921875,1.5732653,0.021404361,1.8983566662458746
55.488,0.06499256,2199.1405192317834,0.014755726,0.17919921875,2.6551797,0.014242886,1.8293297666614894
55.52,0.07422588,2320.7655118266684,0.0062766396,0.15966796875,3.589724,0.012102731,1.7820925580017626
55.552,0.06995709,2573.161123637528,0.009177464,0.13720703125,1.9371512,0.016178602,1.7471048740179844
55.584,0.05519368,2503.8819850878017,0.025762977,0.1201171875,0.6100805,0.061110917,1.7097469617256256
55.616,0.047176655,2179.9995955429417,0.022379717,0.10107421875,1.4572757,0.4571793,1.669856635176645
55.648,0.05564613,1950.0265542781797,0.00473093,0.08544921875,3.2879212,0.73304707,1.6503929728300313
55.68,0.061100528,1921.8866720180497,0.0031228191,0.06591796875,1.2877977,0.77540016,1.664684397026548
55.712,0.06416313,1964.3733121602536,0.0043507996,0.07373046875,0.63005286,0.830532,1.7033892047115413
55.744,0.067031816,2532.68089651388,0.049514465,0.10986328125,0.7463931,0.72992516,1.7534702548199945
55.776,0.07919361,2774.9870456967355,0.13998608,0.1298828125,1.3674986,0.293324,1.8093963091503653
55.808,0.087309085,2657.3340250594856,0.073489554,0.1484375,8.020247,0.17225152,1.8730783922635585
55.84,0.09458007,2352.8750591015596,0.015717564,0.15380859375,5.7025523,0.41395196,1.9421489300382513
55.872,0.09398917,2171.576480268182,0.0059406483,0.13134765625,0.8636059,0.3276549,2.014963432466944
55.904,0.081744626,2365.3327995867194,0.005699276,0.13525390625,0.22801231,0.06568539,2.0897214809397795
55.936,0.068687774,2519.1587967440855,0.006944817,0.142578125,0.091251746,0.03175107,2.191425198978852
55.968,0.059514545,2610.428907415183,0.009755767,0.1435546875,0.31586152,0.029473068,2.31958042890207
56.0,0.06581909,2559.984433783794,0.00871538,0.14892578125,0.6300605,0.019118564,2.4544835170830623
56.032,0.072493404,2569.773141444903,0.018240707,0.16455078125,1.1288289,0.014677543,2.5808763479647263
56.064,0.07029627,2862.7017699127578,0.073524475,0.18017578125,1.615815,0.049369738,2.6905458688274577
56.096,0.060056657,2783.2668269303945,0.06542714,0.2158203125,3.2370207,0.10285613,2.805797500958642
56.128,0.05172112,2571.454083530577,0.018269097,0.23828125,5.2861876,0.10662005,2.9241191595473333
56.16,0.047028646,2715.646654783082,0.013643317,0.2236328125,0.87530154,0.16159023,3.035371981751222
56.192,0.04752726,2923.0122483397854,0.07263687,0.2431640625,0.26386705,0.28391173,3.147884821732705
56.224,0.0629874,3164.400925301759,0.21117336,0.22412109375,0.3680465,0.33423302,3.282617421819463
56.256,0.07001441,3041.9131563294204,0.15139064,0.1787109375,5.6524353,0.3895016,3.449127061394848
56.288,0.0763449,2548.028517520491,0.03724222,0.16357421875,6.9238763,0.60339075,3.618905329115464
56.32,0.059939228,2033.116119139751,0.015618474,0.134765625,1.1919596,0.81261927,3.7820469495005598
56.352,0.038350534,2456.875099239036,0.10250575,0.1298828125,0.27492088,0.43734592,3.9340949437315653
56.384,0.048720073,2623.093328613456,0.13533427,0.15234375,0.1761523,0.3300559,4.083317211395354
56.416,0.06420805,2521.883964062168,0.046341043,0.1748046875,4.436962,0.57015324,4.211970325330905
56.448,0.07310968,2742.2310865338263,0.01845414,0.16943359375,3.1058683,0.37978712,4.317854946257398
56.48,0.061990544,2911.651730979364,0.015048491,0.166015625,0.8507332,0.16879633,4.3987842920818965
56.512,0.060278945,2776.3424161308903,0.06884407,0.1689453125,0.5413365,0.13155131,4.451630805249863
56.544,0.06235866,2685.0751296299154,0.078726955,0.12939453125,0.4229842,0.21901853,4.495911746694399
56.576,0.056767058,2324.866990109373,0.028773941,0.10498046875,6.3154955,0.5631938,4.5187740142065245
56.608,0.04122007,2003.0271258219902,0.017197512,0.119140625,1.6167552,0.784811,4.518533118735213
56.64,0.027768616,2896.3667789563415,0.17242861,0.1435546875,0.2626809,0.3300933,4.495690597356887
56.672,0.056942277,3119.0459295920655,0.24158517,0.17236328125,0.15402272,0.20150027,4.4551074521239675
56.704,0.07381276,2872.493396571297,0.118340194,0.177734375,5.4092655,0.4432326,4.404970819860641
56.736,0.08770477,2439.7392922039708,0.027119888,0.1474609375,7.376694,0.6010873,4.331723402175977
56.768,0.06664864,2064.159777098449,0.014605607,0.1181640625,1.170287,0.67481613,4.246419362779458
56.8,0.038530957,2477.065204189364,0.11004777,0.134765625,0.39906773,0.27903765,4.145348735995099
56.832,0.05426572,2641.192185704367,0.12725358,0.14599609375,0.23352468,0.083353266,4.037457568203833
56.864,0.056759562,2571.376091486787,0.052802645,0.14990234375,4.633443,0.06328461,3.91969548773328
56.896,0.046481147,2337.488543007098,0.021779908,0.158203125,3.6361718,0.061109845,3.7966171305919736
56.928,0.023744237,2723.744297810543,0.1225175,0.17919921875,0.61039996,0.23794167,3.6508005875488707
56.96,0.050731696,3068.0182194294343,0.24362767,0.17919921875,0.25986326,0.13077,3.488882100105387
56.992,0.08701895,2833.7749495059697,0.10332474,0.18798828125,2.2488008,0.40484104,3.3329981660888017
57.024,0.10796893,2609.7438620041344,0.021673832,0.20458984375,8.904684,0.60696995,3.1830885598226546
57.056,0.09215856,2631.881167281319,0.009546871,0.203125,1.9190736,0.51998645,3.041106964221269
57.088,0.0630878,2975.994652703225,0.01176735,0.23681640625,0.3910495,0.22874126,2.898421106078999
57.12,0.051979907,3133.074959649405,0.013480587,0.283203125,0.2859061,0.047424298,2.7631679692351034
57.152,0.052483212,3072.9110303609664,0.022118287,0.294921875,0.31755248,0.037976492,2.644279140299172
57.184,0.057726007,3053.1862415616056,0.025687994,0.27880859375,0.46403998,0.022699062,2.514863250534481
57.216,0.05932369,2980.446729204857,0.013613453,0.2744140625,2.3543844,0.015741127,2.366033682040132
57.248,0.060291912,2969.894165110518,0.034578487,0.2529296875,1.8424574,0.009768186,2.2045332877124237
57.28,0.064480215,3058.380765120457,0.06300113,0.2421875,0.82160205,0.009451423,2.0458895539921986
57.312,0.064133786,3071.4818166494883,0.030294353,0.2509765625,3.5543518,0.0073272777,1.8992828081271196
57.344,0.058431786,3005.012198970267,0.025431119,0.2451171875,3.3527884,0.0036625087,1.7642742470718062
57.376,0.053356055,3000.146783679109,0.043117438,0.2431640625,0.3830981,0.006343604,1.6395017768158162
57.408,0.067928895,2807.3861672381267,0.12354426,0.220703125,0.6043224,0.19531654,1.5276282440275883
57.44,0.08668049,2688.2769483415987,0.09279548,0.18115234375,2.5603244,0.55703354,1.4365065391104308
57.472,0.09915363,2424.701148339638,0.02359608,0.13720703125,6.989954,0.8183761,1.3920583935978137
57.504,0.09047757,2130.8050123076437,0.012523293,0.09375,1.8301553,0.8699583,1.3934299734256903
57.536,0.07682439,1945.1641693397219,0.00914445,0.1005859375,0.2590271,0.86932385,1.424966065149634
57.568,0.07234676,2199.573284616322,0.01288178,0.11376953125,0.3812864,0.53403455,1.4732029158634488
57.6,0.06439767,2607.811576042973,0.017959004,0.14111328125,0.75616276,0.31001836,1.543937592242851
57.632,0.05357218,2719.748783274964,0.017754123,0.1630859375,1.9560971,0.31306514,1.6347756621582306
57.664,0.054971844,2642.2046734360465,0.011474849,0.1708984375,1.3923105,0.2510499,1.7493157060752385
57.696,0.059576474,2836.4196432270055,0.025786761,0.17822265625,0.55008227,0.15258475,1.8980656358629089
57.728,0.062756225,2957.8830099094675,0.06335264,0.1708984375,0.39839607,0.20340072,2.0863779686468273
57.76,0.064429946,2542.9890623237407,0.03207309,0.1630859375,3.0053298,0.36997327,2.3089221912255162
57.792,0.05644858,2247.188358824228,0.021440316,0.142578125,4.1623383,0.3485472,2.536530977369045
57.824,0.046045896,2291.9096744825824,0.03763247,0.15966796875,0.40804482,0.13669255,2.7627400676254767
57.856,0.056784496,2899.6499905740557,0.19233146,0.15673828125,0.45246816,0.23282328,2.976766464688915
57.888,0.07898222,2819.782908315469,0.13796899,0.1494140625,2.165671,0.5985619,3.1952554987608717
57.92,0.08673308,2411.970222070341,0.037153106,0.142578125,7.5241385,0.86809623,3.4123991455315674
57.952,0.0840731,1927.686700948896,0.013189283,0.0869140625,1.7367215,0.90873367,3.6075561938306353
57.984,0.07187429,1931.532420091466,0.010518799,0.072265625,0.21852212,0.89325714,3.7833192514455036
58.016,0.06871415,1977.1817720752238,0.01005587,0.0712890625,0.20195451,0.9187986,3.9433501347403532
58.048,0.04775043,2217.7139430224224,0.02125494,0.06298828125,0.31627125,0.88839495,4.101745810011538
58.08,0.048669294,2204.7059906878467,0.021510728,0.115234375,0.5944468,0.8850917,4.259897540105525
58.112,0.04998284,2271.783758162701,0.024969483,0.134765625,1.033432,0.8755352,4.421026053630677
58.144,0.0702678,2639.9701488319283,0.13134378,0.14013671875,1.0058167,0.55396324,4.589115483077729
58.176,0.16337167,2416.340544648084,0.08248443,0.1416015625,1.1609694,0.7149247,4.753778928941307
58.208,0.22718272,1996.7156654780704,0.022080656,0.08251953125,9.298553,0.92132145,4.9064602205124235
58.24,0.24358313,1664.9250771379986,0.0056174556,0.0693359375,5.934816,0.9732939,5.035973103266246
58.272,0.21267556,1754.9810678845233,0.0051444047,0.0537109375,0.5844718,0.9722049,5.156026288274129
58.304,0.15685898,1981.1327684677753,0.008625984,0.06396484375,0.21312581,0.9490243,5.26591918004205
58.336,0.13483895,2054.32133398907,0.013768981,0.0771484375,0.362176,0.8922664,5.369053353832175
58.368,0.12378937,2034.0305172709282,0.014767505,0.072265625,0.6628898,0.8300435,5.467438640976816
58.4,0.1121079,2061.08420816587,0.012233586,0.068359375,1.4688826,0.8871189,5.576723349511506
58.432,0.11070994,2081.4052196249586,0.01221638,0.07666015625,0.6660408,0.93353254,5.687414567157796
58.464,0.11589392,2562.0820730958317,0.04999276,0.09814453125,0.13852154,0.7530709,5.785291875698684
58.496,0.12439773,2555.3827287954455,0.06239003,0.10009765625,1.3062056,0.66939974,5.874027427506441
58.528,0.117685854,2305.1884470550617,0.036262922,0.111328125,6.115682,0.7245112,5.9535554502493895
58.56,0.106327794,2150.3728533880108,0.018866874,0.10302734375,2.2847002,0.7033215,6.009601416074716
58.592,0.0850471,2100.0896288833987,0.017651694,0.11083984375,0.54295504,0.795482,6.023290920319766
58.624,0.08151652,2596.7180382981774,0.09793975,0.11962890625,0.1077065,0.6194879,5.9938693222101325
58.656,0.12779358,2491.8819514481183,0.090161584,0.115234375,0.15461412,0.63317627,5.940110815247463
58.688,0.15262036,2228.658620331421,0.030692546,0.109375,6.3093467,0.8130666,5.873230744174141
58.72,0.14539826,2136.3649908602724,0.014352994,0.091796875,3.8058083,0.8489916,5.800187587527466
58.752,0.14415757,2196.268692412533,0.033711467,0.0859375,0.42708585,0.8163746,5.7267821325293715
58.784,0.18097617,2078.8280513070536,0.035154838,0.07373046875,0.25967696,0.86330324,5.667432619518888
58.816,0.23033488,1664.4983451117632,0.008985679,0.05908203125,3.5195618,0.94284594,5.624448554323718
58.848,0.22602618,1488.2990292502282,0.0032599873,0.0498046875,2.5655959,0.9397052,5.589750881427177
58.88,0.17714234,1443.7184503397284,0.0030464153,0.0478515625,0.45149988,0.8810208,5.543895207110224
58.912,0.12297134,1603.4432336310213,0.006900558,0.07373046875,0.35591012,0.76297075,5.489853225545016
58.944,0.10804485,1703.235945613506,0.009158613,0.10107421875,0.5808642,0.63397735,5.436728637808602
58.976,0.10459657,1722.3707723039056,0.007023098,0.1083984375,1.8648214,0.60416853,5.366717214893121
59.008,0.09401298,1773.0378294714399,0.008202283,0.138671875,1.7407116,0.59327406,5.2668803098707535
59.04,0.07835103,2245.3761028370022,0.055072386,0.15576171875,0.4388203,0.43653932,5.1365555522496935
59.072,0.11489093,2537.6834871503047,0.10087657,0.15283203125,0.94024336,0.54046863,4.982286640006083
59.104,0.15401109,2254.1194025579503,0.043908615,0.13623046875,5.279501,0.78512156,4.8052776496203204
59.136,0.14349979,1926.2730673916278,0.018178662,0.10205078125,5.396028,0.8555535,4.597310364301066
59.168,0.118505575,1794.2419602999437,0.010514181,0.0732421875,0.8241488,0.8646968,4.361816712313915
59.2,0.11788594,1729.020701695867,0.007447144,0.06298828125,0.27111274,0.8433104,4.110838091412428
59.232,0.11816465,1836.9418142867364,0.009973022,0.0751953125,0.20589158,0.7784606,3.855598841240089
59.264,0.11174332,1942.4387750102449,0.016376166,0.08544921875,0.6641312,0.7313491,3.600370131418965
59.296,0.09752559,1994.9552541147896,0.014448778,0.1064453125,2.3018975,0.63668305,3.351297621817093
59.328,0.08363548,2156.5034312591424,0.021017754,0.1318359375,2.3494248,0.44120657,3.1162826835325372
59.36,0.1127044,2392.817913410255,0.09459287,0.1259765625,0.6317061,0.49347943,2.8984487314197427
59.392,0.18294205,2040.2120509591514,0.041637395,0.107421875,1.3618097,0.8162395,2.6852635522820725
59.424,0.23459394,1596.0382126693353,0.007969861,0.07470703125,7.48594,0.94538325,2.478746246826641
59.456,0.2151194,1449.4983665328068,0.0046391524,0.04931640625,1.79179,0.9474443,2.2907405291329144
59.488,0.17158525,1513.6083879963608,0.006079538,0.05224609375,0.29754716,0.90670353,2.1280217428128614
59.52,0.13618977,1573.1086368404028,0.007883849,0.06884765625,0.76655483,0.8358424,1.988423046707768
59.552,0.12492551,1581.0080818099111,0.0074869897,0.08251953125,1.1453342,0.7544371,1.8698443144530952
59.584,0.10181974,1779.2294663871853,0.007844658,0.08935546875,1.3436508,0.6248714,1.7760534540814745
59.616,0.09246549,1912.06155759883,0.0064822263,0.111328125,1.0057147,0.5596428,1.7098310774036927
59.648,0.08630846,2460.000835968298,0.03582648,0.14111328125,0.412485,0.37881166,1.6585225655811955
59.68,0.09253933,2708.5656238463143,0.079989575,0.16650390625,0.30571645,0.2329328,1.6232745241785795
59.712,0.080897406,2671.51758728432,0.051336486,0.1884765625,4.2861724,0.17183663,1.6034242771320577
59.744,0.07365464,2466.855904373695,0.024627473,0.193359375,3.3408134,0.15426017,1.5891035226520778
59.776,0.07931722,2424.9404704180993,0.017708983,0.18017578125,0.20423567,0.14980738,1.5734929574401053
59.808,0.087349765,2425.48428104521,0.028836353,0.18017578125,0.13766146,0.18587951,1.544220846815026
59.84,0.10156613,2459.0259485710894,0.092965655,0.16064453125,0.7288095,0.35158753,1.502794422710141
59.872,0.12811804,2243.959810595617,0.052986115,0.1328125,2.6252027,0.6068212,1.4605441237832415
59.904,0.12438682,2032.2399431514518,0.021827409,0.1103515625,6.0783377,0.70725596,1.4175916970812281
59.936,0.11413516,2037.6504284461926,0.022248246,0.10009765625,1.2546285,0.7812493,1.3752704553427908
59.968,0.14245386,2232.9665669269775,0.048280653,0.08203125,0.2297997,0.7885697,1.3248303135274448
60.0,0.20153244,1915.4833804181715,0.020838108,0.0654296875,0.64176077,0.90199035,1.2598176988248246
60.032,0.22949736,1678.6717266630371,0.0058236117,0.05908203125,4.1566944,0.9479697,1.1868771419661528
60.064,0.20656824,1682.1897582791576,0.0042665973,0.05419921875,0.6973848,0.9339041,1.1106945443887521
60.096,0.15017419,1689.1579595733733,0.0062275254,0.072265625,0.34520406,0.8321888,1.0472032111873553
60.128,0.09629767,2047.3594595329926,0.02060356,0.09375,0.45349267,0.6801115,1.0046979745443207
60.16,0.088641375,2398.508107874389,0.02874619,0.107421875,0.7831218,0.72997266,0.9684269202436084
60.192,0.0873234,2214.191608057025,0.017770154,0.10205078125,1.5836234,0.733408,0.928357036303713
60.224,0.078630134,2251.8840695423296,0.017362276,0.12109375,1.4445995,0.6491534,0.8966076233392278
60.256,0.08947099,2672.474432509286,0.089717105,0.12353515625,0.38259235,0.5222993,0.8745752537405604
60.288,0.13712785,2533.2091056460113,0.07345178,0.1259765625,0.43713185,0.73409,0.8725197498564287
60.32,0.15584332,2204.0340916981536,0.025826944,0.12451171875,6.8665986,0.84420156,0.9010707099518948
60.352,0.13137922,2098.04205191889,0.015844772,0.10400390625,3.114606,0.7797326,0.9512184811246133
60.384,0.1195649,2012.783456595911,0.010919693,0.1005859375,0.27412894,0.7688672,1.0076095452956275
60.416,0.11951936,2013.5347205544804,0.011356769,0.10498046875,0.28170016,0.80680317,1.0754452197309643
60.448,0.116855875,2287.9191137110565,0.025144821,0.10107421875,0.2713791,0.7757013,1.1585129042600668
60.48,0.115597144,2274.1425619366673,0.025063358,0.09765625,0.76466125,0.74861526,1.2564098899167888
60.512,0.10763348,2030.8190626645035,0.015965903,0.11328125,2.9103153,0.79828966,1.3632093303645239
60.544,0.09892066,2320.3875967544013,0.0558052,0.10888671875,0.90350324,0.76322865,1.4654528501953366
60.576,0.14408673,2363.9505418260987,0.0719426,0.1083984375,0.26199055,0.7513239,1.5513850164618808
60.608,0.19018948,2007.481867334429,0.023922786,0.095703125,4.1606593,0.9102487,1.619600141934578
60.64,0.21018168,1562.680256761104,0.005365991,0.0654296875,4.3649755,0.969424,1.6729126741433173
60.672,0.19900595,1316.6800397624506,0.0022463307,0.0498046875,0.49027595,0.97601014,1.7189417728113114
60.704,0.13631912,1345.8222404911362,0.003797422,0.0498046875,0.14674538,0.9500409,1.7511712128023849
60.736,0.10204597,1525.520959683562,0.0064347233,0.05419921875,0.19522008,0.91521657,1.766298750964956
60.768,0.09677017,1663.8773927408718,0.007728049,0.06103515625,0.80775213,0.8916818,1.760055437647831
60.8,0.093070485,2105.363089978292,0.012311146,0.10693359375,0.9291211,0.83470124,1.7236587798073633
60.832,0.08963298,3291.9703856634874,0.05441435,0.14208984375,1.1036454,0.764927,1.6696094215893265
60.864,0.10084018,3453.7629601707085,0.1264113,0.17041015625,1.2480495,0.579925,1.6198353625453532
60.896,0.10036227,3200.0955147080713,0.11540994,0.21142578125,3.7655222,0.5624321,1.5697164223868074
60.928,0.07749411,2795.200628611604,0.06592,0.193359375,4.1951194,0.6198259,1.5231718218629489
60.96,0.055771116,2534.271575107325,0.056596063,0.1669921875,1.0480657,0.5114222,1.489816824052152
60.992,0.041540045,2344.0167596658694,0.0476761,0.1728515625,0.33506334,0.4494081,1.4715737223935832
61.024,0.05842078,2786.582035877399,0.17917904,0.15087890625,0.45500344,0.37343767,1.4711911238545727
61.056,0.11501924,2558.615117346173,0.11114915,0.1220703125,0.23180658,0.6102889,1.4809447870468433
61.088,0.14420679,2222.215018652953,0.03704123,0.1064453125,7.2323093,0.820328,1.4915354823853926
61.12,0.13980803,1908.219490215661,0.01255142,0.08251953125,4.258825,0.88374734,1.4987221978718999
61.152,0.13510615,2207.3915328130197,0.03443369,0.0712890625,0.43557516,0.85867053,1.4947953201424629
61.184,0.16449063,2299.086880624159,0.046323597,0.068359375,0.20340067,0.83007365,1.4708808801770994
61.216,0.17607985,2048.9807006419096,0.024127856,0.06884765625,3.3596084,0.85719216,1.441832948629479
61.248,0.18683185,1927.987467149329,0.009208124,0.06298828125,3.0648966,0.87418437,1.4152140187485713
61.28,0.16811329,1911.3459639008015,0.005918593,0.076171875,0.7888018,0.89056903,1.3956431766968542
61.312,0.10350099,2157.7233097998887,0.011911508,0.10400390625,0.3485204,0.66799337,1.3760693780263007
61.344,0.07942478,2363.325555654658,0.021882398,0.1279296875,0.38281497,0.3646663,1.3512007481898665
61.376,0.072975785,2459.8082771229847,0.022160234,0.14892578125,0.4575054,0.4973152,1.3081452903982425
61.408,0.06671707,2564.59875934296,0.02105593,0.1533203125,1.2376162,0.53783286,1.2447885497397828
61.44,0.07371851,2628.8024296699664,0.056260373,0.1611328125,0.8773298,0.34909037,1.1669757044278937
61.472,0.11372124,2716.2376189971933,0.09696045,0.1513671875,0.71015066,0.51238227,1.1009079620527042
61.504,0.14936657,2469.325306373389,0.046683013,0.12890625,4.530778,0.7201911,1.0619202002845465
61.536,0.14430256,2216.57302760363,0.02091877,0.10107421875,5.8146744,0.78608316,1.0497112136802473
61.568,0.12367294,2076.7854778568744,0.014461075,0.06591796875,0.7476661,0.8001705,1.0604746063365846
61.6,0.115541786,1712.9686937138506,0.0076232473,0.05419921875,0.14462572,0.87819684,1.0906557235669812
61.632,0.11555223,1707.7326510095481,0.011313671,0.0693359375,0.2178365,0.8527986,1.1307404455257088
61.664,0.123551115,1985.320763147245,0.0170848,0.08544921875,0.28220525,0.6852013,1.1743000455700654
61.696,0.11527606,2333.6509855638296,0.015980102,0.10302734375,2.8433757,0.67763704,1.2022495974938072
61.728,0.10511399,2458.9132860948575,0.019987494,0.12353515625,2.6808372,0.6812609,1.2082630561308396
61.76,0.12028691,2497.9587151717237,0.097552665,0.1103515625,0.78944963,0.64672154,1.1971409248052376
61.792,0.17905399,2254.0367505639915,0.05124741,0.0908203125,0.96575236,0.8120625,1.182749469672452
61.824,0.21814021,1867.3761125601673,0.008834954,0.072265625,6.8778143,0.9274766,1.1805280933880018
61.856,0.20790944,1678.4143712956268,0.004104094,0.06005859375,1.4367746,0.9233642,1.2012232069815476
61.888,0.17590699,1684.0946705826132,0.0038627437,0.06884765625,0.2150878,0.8971562,1.2360846533320091
61.92,0.13826677,2004.3981230175064,0.0071363794,0.08251953125,0.20459238,0.8396911,1.2738465077796344
61.952,0.122342676,2337.898079245205,0.014786118,0.10302734375,0.31182715,0.82578284,1.2880607189434459
61.984,0.10740496,2602.8790079112023,0.01854602,0.10205078125,1.0912101,0.75411355,1.2733617351489297
62.016,0.100619026,2716.8568690307857,0.0163354,0.10693359375,1.9667014,0.76234066,1.2322219824879206
62.048,0.09366507,2853.4568727691462,0.053332373,0.1279296875,1.0932095,0.7298045,1.1755821991327589
62.08,0.09980009,2885.9426283047783,0.09171167,0.15087890625,0.5424086,0.49018803,1.1171823846926179
62.112,0.089554474,2936.6167052299215,0.057959348,0.1826171875,4.053994,0.32095724,1.0692524685690865
62.144,0.074471,3087.2866365473274,0.03976998,0.19970703125,2.9306138,0.19352826,1.0425640158700686
62.176,0.06738834,3247.8196322907806,0.03655969,0.20654296875,0.41712496,0.1462725,1.0444326900294436
62.208,0.06993865,3060.5859700378405,0.05623981,0.2080078125,0.19806404,0.16502632,1.0703688648835568
62.24,0.100945204,2711.401337320715,0.10442344,0.16748046875,0.3208324,0.36825898,1.1059652546832142
62.272,0.14169154,2400.75670852567,0.04914226,0.1376953125,2.6897292,0.690446,1.1358824918737724
62.304,0.14625782,2205.2831064085294,0.018574864,0.11181640625,6.5149918,0.83004206,1.1425167528126965
62.336,0.13450676,2249.6643276870677,0.019902298,0.08740234375,1.2626972,0.8337767,1.1337522313193256
62.368,0.14980972,2364.6577860130983,0.048395988,0.08447265625,0.24222288,0.79212874,1.1274104250729318
62.4,0.20113848,2098.795961681133,0.021692844,0.06640625,0.7347331,0.90798306,1.1331877411773705
62.432,0.22362703,1778.605188632084,0.0062838155,0.05029296875,4.3223677,0.96423155,1.1546634227418595
62.464,0.20677876,1766.8308235228483,0.004320076,0.04052734375,0.5046288,0.9642152,1.1840303622441162
62.496,0.14438729,1960.7447580664136,0.008813751,0.05419921875,0.1925958,0.9197916,1.21823504942399
62.528,0.09329282,2226.741913201985,0.024062188,0.080078125,0.45539355,0.8262033,1.252965597359079
62.56,0.08082238,2175.6285251817258,0.030799799,0.10791015625,1.0698776,0.7957816,1.2817445226841433
62.592,0.06919438,2301.7624035827166,0.033041455,0.15966796875,1.4486539,0.7794005,1.2988271444793442
62.624,0.062378306,3463.5354402252174,0.08653724,0.22314453125,0.96218705,0.6322712,1.3026977071474695
62.656,0.08657718,3285.530270072516,0.18138683,0.23291015625,0.6374744,0.52089846,1.294370964527106
62.688,0.14248905,2814.8510494731054,0.09505474,0.21826171875,2.2784812,0.75050265,1.288127449662144
62.72,0.15608913,2496.8141766298504,0.04059935,0.1708984375,5.998638,0.8416859,1.3034597568618156
62.752,0.12954839,2342.9641840327627,0.029180981,0.10205078125,2.7340868,0.76371884,1.3419785727750704
62.784,0.1196107,2316.7499471323144,0.022347841,0.0830078125,0.5049049,0.73302394,1.3945784904903242
62.816,0.122699484,2462.2967989648537,0.021096785,0.09716796875,0.6270182,0.79010415,1.4650236328667474
62.848,0.1226358,2902.0564178911122,0.039993912,0.1171875,0.53468674,0.8001009,1.5388590149414183
62.88,0.118145645,3118.605437416034,0.046582583,0.12890625,0.73758,0.7731924,1.5931637741961315
62.912,0.10928468,3208.411536946673,0.033114232,0.154296875,2.317764,0.8328043,1.6095263452769994
62.944,0.10358061,2893.669279836141,0.07616907,0.1396484375,0.8978622,0.80052656,1.5863701741464655
62.976,0.155214,2528.7495748290585,0.086229935,0.1201171875,0.11010075,0.75526136,1.5480375854424249
63.008,0.20761867,2191.976634144341,0.030904809,0.10400390625,4.050384,0.8788066,1.5101501413916039
63.04,0.22595282,1882.2012701871834,0.009234561,0.0791015625,4.949164,0.9317046,1.4808984975836883
63.072,0.19977057,1839.7896832225176,0.007503344,0.06982421875,0.65506387,0.94330657,1.4619512146200113
63.104,0.14962608,1882.622937339724,0.007813214,0.07373046875,0.38627583,0.9486365,1.4465672411528523
63.136,0.12266165,2250.2084647501815,0.01661162,0.09423828125,0.28074306,0.9122668,1.4245509162296055
63.168,0.11177039,2604.1358108849786,0.03835656,0.1103515625,0.25840822,0.81824404,1.3892830302396983
63.2,0.11605957,2601.4169550219567,0.031924818,0.12841796875,1.5422719,0.716652,1.3244649971571492
63.232,0.107745506,2629.417724125273,0.026468424,0.14892578125,2.7586544,0.6995306,1.2315918906013568
63.264,0.1026953,2825.1668665658553,0.059806146,0.15478515625,1.2113467,0.6052274,1.1269542856670383
63.296,0.10372932,2815.8076842477144,0.05654868,0.16650390625,0.382021,0.5225214,1.0105957399476606
63.328,0.08788784,2723.8906929196937,0.04302791,0.18115234375,2.8469281,0.49095824,0.8945660059403441
63.36,0.07342131,2742.912037511168,0.036812615,0.17333984375,0.76388264,0.31253254,0.7986392943847124
63.392,0.06671668,2797.21041415049,0.035686225,0.1845703125,0.22378671,0.20962372,0.7367621948500622
63.424,0.079286456,2725.9237762508474,0.09645756,0.16357421875,0.24975935,0.23406409,0.7191916152498908
63.456,0.123079166,2447.40549332971,0.07686587,0.13671875,0.49298516,0.53980714,0.728367647083978
63.488,0.13387632,2112.6355140310184,0.036399916,0.1171875,5.3926797,0.7603086,0.7482487539486798
63.52,0.11966789,1943.5072696365453,0.016083699,0.09228515625,3.509439,0.88965124,0.7723355945518227
63.552,0.12975383,2261.9956773299973,0.037704635,0.0810546875,0.4714018,0.8341127,0.8031012684556279
63.584,0.18812335,2216.5671838565936,0.03571393,0.06689453125,0.09374447,0.8370756,0.8537447198030399
63.616,0.23335308,1840.8848283010525,0.009329526,0.05517578125,3.9925632,0.94927,0.9382241830463842
63.648,0.22273861,1536.0694410799897,0.003067812,0.04443359375,2.782809,0.9740518,1.0545634933590469
63.68,0.17940347,1507.619781432194,0.0029467258,0.0400390625,0.18268299,0.9591206,1.202540039189325
63.712,0.12243658,1689.5539254213581,0.0061368225,0.052734375,0.086556524,0.9074324,1.3833147586419527
63.744,0.09878328,1886.697922826412,0.013846524,0.0791015625,0.37168476,0.88076586,1.5787497876664667
63.776,0.090407744,1980.501700668343,0.020412907,0.0908203125,0.9250816,0.7463838,1.767114204173571
63.808,0.07790876,2089.9669462568454,0.018016884,0.11962890625,1.990154,0.60598046,1.9373292571227037
63.84,0.06672768,2432.796221349494,0.06736077,0.1357421875,1.8164787,0.600292,2.0853572284850133
63.872,0.11629326,2496.1121194559014,0.10135912,0.1279296875,0.5037121,0.5952914,2.2096994825471423
63.904,0.16025978,2245.560378188921,0.04194882,0.1142578125,3.2165394,0.80040056,2.297865438722594
63.936,0.15095827,2015.473814231806,0.0174446,0.09130859375,6.3404183,0.8927121,2.3495770846970667
63.968,0.12705922,1945.4789585754834,0.012011504,0.0703125,0.6228876,0.88097966,2.375963786598434
64.0,0.12637533,1802.71560879372,0.006523944,0.06689453125,0.08073056,0.8688244,2.385888907153205
64.032,0.121312045,1794.7710711639984,0.009507108,0.0693359375,0.16223183,0.8673672,2.3796628392663464
64.064,0.11455247,1955.6391215909173,0.016490113,0.06787109375,0.23269776,0.8272292,2.351861800713613
64.096,0.109553196,2023.594474449319,0.014145068,0.06494140625,1.9400024,0.7971257,2.3026678277587727
64.128,0.0960911,2139.92092881719,0.01729729,0.080078125,2.5950925,0.8610298,2.238287335504224
64.16,0.11912961,2444.6382206271314,0.08384438,0.0810546875,0.40509954,0.7131123,2.164631865857247
64.192,0.18765703,2143.948821997886,0.042028915,0.072265625,0.79140824,0.8582095,2.0813307395269973
64.224,0.2312757,1733.909160013352,0.007964445,0.064453125,7.614975,0.9673304,1.9991724331938978
64.256,0.21670458,1394.3226504061054,0.0028973382,0.04345703125,1.7283133,0.9769613,1.9260631871459615
64.288,0.17365173,1365.1632001065946,0.0031473183,0.04052734375,0.23197338,0.96843237,1.8635198397753623
64.32,0.12975313,1542.5983565701436,0.0052963016,0.04833984375,0.16102171,0.95620674,1.8101458377784576
64.352,0.11317945,1796.839819352389,0.009558337,0.06396484375,0.53965425,0.9329016,1.7657843055017581
64.384,0.10354373,2107.2965798889363,0.013336119,0.06298828125,0.90590656,0.7888432,1.734292492645129
64.416,0.09895087,2084.026188908332,0.008272966,0.07666015625,1.5987313,0.7702036,1.703771318387353
64.448,0.092442706,2648.235075510913,0.04244793,0.0986328125,1.2615887,0.7497138,1.6698670194871241
64.48,0.10562077,2921.948941413423,0.08991276,0.11865234375,0.33348233,0.53121114,1.635618154014803
64.512,0.08955729,2880.7304590819745,0.06390352,0.1474609375,4.5666356,0.5518697,1.6027263353952343
64.544,0.0644445,2717.7686751630604,0.044993673,0.16552734375,3.7373967,0.55755526,1.5754314977689348
64.576,0.050447218,2660.4275846106916,0.03703973,0.16162109375,0.21123709,0.45290354,1.5459943227453818
64.608,0.051092654,2701.5366096477146,0.08691244,0.17431640625,0.11678429,0.43028116,1.5038779376651132
64.64,0.10119647,2597.400433152609,0.11670767,0.15576171875,0.208577,0.57241476,1.4394043922084077
64.672,0.15429333,2272.4024880054676,0.05233485,0.12109375,3.7369184,0.76833576,1.3571562903831038
64.704,0.14721243,1976.5710984069697,0.01891645,0.1181640625,7.339248,0.8484938,1.2635275065763425
64.736,0.12643637,1981.5533681339748,0.017658932,0.09912109375,1.4020306,0.8945471,1.1643133018376963
64.768,0.14882514,2356.7544287764244,0.062207013,0.09130859375,0.23581907,0.7775718,1.0676971498483163
64.8,0.20758407,2333.7287156292323,0.03719398,0.08349609375,0.39925486,0.8740538,0.975085749365771
64.832,0.20524862,2099.7212126140985,0.011607565,0.06298828125,5.3840275,0.94707906,0.8960130135542278
64.864,0.20356546,1723.5235390998998,0.0036153123,0.05859375,1.1094755,0.9727604,0.8354810867628342
64.896,0.14416166,1734.0003612629735,0.0048712967,0.07958984375,0.10087327,0.95084816,0.8031610981289009
64.928,0.07551791,2301.0106112128506,0.030490741,0.11474609375,0.12905659,0.81829554,0.7986339680270904
64.96,0.071950406,2578.690212241131,0.061080903,0.13525390625,0.67429596,0.6953727,0.8082710608104224
64.992,0.07924596,2459.053659159842,0.029381001,0.140625,2.2749882,0.6279984,0.8242419217768774
65.024,0.07386054,2400.928709004568,0.023237078,0.14501953125,2.4373112,0.69673276,0.8425782190217576
65.056,0.091160074,2621.326110986097,0.11305787,0.126953125,0.40413725,0.58056295,0.8694477510519474
65.088,0.15445904,2402.3904885468883,0.068365715,0.11328125,0.4162398,0.7498118,0.908938487437474
65.12,0.16919117,2144.2931873192383,0.025710199,0.0927734375,7.580811,0.8927057,0.9649116945915099
65.152,0.13944933,2026.5603619081019,0.016027145,0.068359375,2.9559574,0.9126469,1.032508518123352
65.184,0.120654784,1894.4043000298711,0.0114171235,0.0634765625,0.22088134,0.9253695,1.108855501464211
65.216,0.11742905,1959.2294538941073,0.012263562,0.0771484375,0.13850221,0.934627,1.186759057855565
65.248,0.12348938,2281.2314309164462,0.024507497,0.0849609375,0.22343063,0.8875369,1.264056629208352
65.28,0.12782292,2240.0998249433833,0.020813514,0.0927734375,0.84236467,0.8182485,1.3472733397252947
65.312,0.11797775,2210.0027138461787,0.0144938575,0.1083984375,2.8930686,0.8437977,1.4306517207131635
65.344,0.10812004,2307.751894484186,0.030870596,0.09912109375,0.9276454,0.86695707,1.512878082071755
65.376,0.12658012,2254.6306489512926,0.056865416,0.09033203125,0.15137705,0.754252,1.5900857095291232
65.408,0.1563669,1802.2318580025324,0.015808418,0.0791015625,2.9300508,0.8830714,1.66323215219254
65.44,0.13201015,1501.9048942297936,0.004829742,0.06103515625,4.4182143,0.9266479,1.7441354564238072
65.472,0.09174607,1552.8974259231622,0.0045524,0.04736328125,0.23950177,0.8903633,1.8332820511804466
65.504,0.09000715,1480.9476808578834,0.002934225,0.046875,0.088807054,0.91037846,1.927931973091038
65.536,0.08721885,1442.178233957491,0.0032230967,0.0634765625,0.23173271,0.9181672,2.0235084466758426
65.568,0.07081537,1767.249614331991,0.00749036,0.0751953125,0.3289836,0.7767699,2.1202570109851013
65.6,0.07601035,1836.9076251719962,0.0053590266,0.08056640625,0.72402436,0.6060187,2.2197560390624376
65.632,0.07660252,1494.7775781255532,0.0023249465,0.09521484375,2.251226,0.77730376,2.320430876657956
65.664,0.089397475,1593.4506676511846,0.004085986,0.10009765625,1.0265214,0.80048674,2.417594944210857
65.696,0.09553884,1741.8408532665185,0.0036743917,0.1015625,0.33044982,0.6738185,2.517414202806005
65.728,0.07751777,1675.9759979817773,0.0013916955,0.10205078125,3.03033,0.6523601,2.620878589026982
65.76,0.07510241,1417.0526530326715,0.0008154222,0.08935546875,0.97290236,0.75898206,2.7262917016050445
65.792,0.07618425,1520.2882551153402,0.0059508793,0.07666015625,0.043488927,0.7989301,2.8309991676609894
65.824,0.09463445,1693.066027112732,0.024591355,0.07568359375,0.30208218,0.62222415,2.930351188222829
65.856,0.0910128,1698.0987054579402,0.019998822,0.0966796875,7.1730466,0.6068841,3.0317537857039456
65.888,0.093279265,1740.0498212843324,0.004457733,0.10009765625,7.6235094,0.61135453,3.131650520231252
65.92,0.09202339,1541.010849161266,0.0013608426,0.09423828125,0.5399986,0.7045345,3.219797816939455
65.952,0.08165872,1828.0988614524408,0.0033641574,0.09765625,0.41751826,0.8341196,3.289876796206423
65.984,0.09416943,2100.7920803583097,0.0037105046,0.0849609375,0.061174043,0.69341594,3.3457276275024985
66.016,0.08740506,1870.9256460011343,0.0012379651,0.08837890625,2.9646041,0.7012912,3.3896894160753717
66.048,0.077344544,1598.2815287347107,0.0006539879,0.09033203125,1.8787872,0.75909674,3.4189186796507167
66.08,0.078226864,1462.974351428764,0.00045617076,0.07470703125,0.19863866,0.8095368,3.4349309383747233
66.112,0.07463107,1521.243324745905,0.0010505894,0.05517578125,0.2980069,0.81858337,3.4431786308036947
66.144,0.07380784,1566.8233364751973,0.0023789073,0.07177734375,0.45607746,0.89878684,3.4479392548442824
66.176,0.07964809,2059.8018362175944,0.00500957,0.076171875,2.5923412,0.67938966,3.4525868459419704
66.208,0.08124653,2122.9960260390335,0.003151054,0.06884765625,3.2234335,0.5456807,3.4592465555158944
66.24,0.07042328,1840.7241556046251,0.008479474,0.10107421875,3.7301662,0.7570657,3.4605188777785987
66.272,0.0918768,1907.1085776476466,0.028799852,0.10498046875,0.51157904,0.42818934,3.4539387631562035
66.304,0.094925866,1861.7518927643832,0.017824816,0.11279296875,4.512941,0.38664722,3.4420441968964797
66.336,0.0758814,1764.6868892961788,0.0027508007,0.13916015625,7.439997,0.5177349,3.420551565328318
66.368,0.07334858,1690.4085349613545,0.0010088712,0.138671875,0.4932087,0.57157564,3.391749854744011
66.4,0.07302217,1642.743905417129,0.0007195524,0.1162109375,0.040874213,0.56397164,3.3585500882373323
66.432,0.06689019,1768.4185767785593,0.002590133,0.11474609375,0.12970172,0.6023352,3.3320176373480828
66.464,0.061121933,2157.910590286341,0.010518063,0.1181640625,0.34200448,0.6108143,3.3131146106238103
66.496,0.0732354,2171.9064179000934,0.004555933,0.09619140625,3.6225307,0.45188877,3.3051953614791216
66.528,0.063611634,1888.9502649435751,0.004802474,0.10498046875,4.348354,0.6054754,3.297751791013707
66.56,0.072456546,1843.7112430086604,0.032709993,0.11376953125,0.7346039,0.5507602,3.2892338961806944
66.592,0.090807736,1807.0245370286093,0.028537042,0.1123046875,1.986112,0.43859938,3.272522704136873
66.624,0.0737304,1889.93873826476,0.019697638,0.13623046875,9.031315,0.4446807,3.251066635601869
66.656,0.07388842,1935.4553193313457,0.035845906,0.14013671875,1.7560683,0.37842068,3.219844441162832
66.688,0.06424176,1838.0498461198413,0.014101007,0.12451171875,0.25518528,0.5409548,3.18058254614236
66.72,0.061589353,1966.5292386285594,0.021595096,0.099609375,2.254233,0.60354877,3.154144272063441
66.752,0.058726408,1822.3112116782445,0.024788305,0.1025390625,0.035537105,0.70521337,3.1536747514181567
66.784,0.07857847,1947.747647846325,0.028413564,0.10498046875,1.7879524,0.52425003,3.170768082950547
66.816,0.08443567,1922.5008879589386,0.01879708,0.10693359375,1.3392441,0.46363068,3.1976011118947407
66.848,0.06302315,1883.6452685876714,0.0105136195,0.14111328125,3.3286414,0.5834194,3.2312494046568006
66.88,0.08296066,1878.913302610007,0.015145542,0.13916015625,0.40185207,0.48635095,3.2648416466964107
66.912,0.082379654,1778.387140272769,0.0077569033,0.14599609375,0.19453289,0.5013427,3.294458256872525
66.944,0.07283664,1840.6677814589648,0.01768782,0.15234375,3.6589878,0.4407515,3.317566518322606
66.976,0.066689506,1732.0715299194449,0.0122776525,0.13818359375,0.3198738,0.47852427,3.3304046760965496
67.008,0.05787924,2067.756902721423,0.029499164,0.12744140625,2.9496958,0.47646013,3.3536284353954797
67.04,0.058102783,2224.125162037261,0.05041262,0.13232421875,0.08386674,0.43084556,3.4091646585734012
67.072,0.08213917,2352.757571994921,0.0312723,0.14697265625,1.7712085,0.24647385,3.480173646957763
67.104,0.09369447,2381.0924044321937,0.028272564,0.18896484375,2.1911387,0.17566389,3.5566907406612573
67.136,0.05944231,3015.229419691418,0.062751174,0.22705078125,2.1625729,0.2988713,3.6400094002581094
67.168,0.053919453,3351.694421259149,0.11388255,0.2392578125,0.9944194,0.18864056,3.7316542715605605
67.2,0.060256395,3124.6141482352496,0.090716995,0.22802734375,0.8059241,0.21285574,3.814906728861752
67.232,0.05567929,2601.9862325871277,0.035807684,0.17236328125,1.8449334,0.5361896,3.8789057515703567
67.264,0.071146764,1645.2504110644472,0.0075788186,0.19921875,1.0218327,0.7446078,3.9287369486363453
67.296,0.078911394,3373.3038270155935,0.04477826,0.18408203125,0.61143553,0.7038412,3.966057137306584
67.328,0.07115994,3660.73175726406,0.09697731,0.1796875,1.0461172,0.46877426,3.9893909612216323
67.36,0.08912173,2508.652867919457,0.027788563,0.1904296875,4.787367,0.41824335,4.00446975259012
67.392,0.09496539,1983.2598123382347,0.010085246,0.13623046875,2.8985372,0.23908566,4.015689812171717
67.424,0.068348445,2093.6689463204752,0.028370358,0.1689453125,1.9546506,0.31952155,4.01655215154862
67.456,0.051474992,2989.5659094312077,0.124643244,0.171875,0.9654228,0.42583352,3.998916619421937
67.488,0.077962704,2728.0694432525584,0.06570862,0.16748046875,2.6114788,0.5190031,3.961767789959206
67.52,0.09939282,2256.6364129065987,0.014964633,0.140625,3.4354205,0.45977825,3.8863268480453765
67.552,0.09213045,1835.655622122702,0.004287108,0.07666015625,2.1374717,0.6806964,3.797952190857628
67.584,0.093470685,1820.26727627015,0.0024839712,0.0537109375,0.5909843,0.9022933,3.691458679717115
67.616,0.09409754,1867.9360559165768,0.003232295,0.048828125,0.24204509,0.86958474,3.570817044252702
67.648,0.09199147,2105.6471488539382,0.004698182,0.0595703125,0.49001735,0.5853149,3.450567985665379
67.68,0.085464075,2183.0708432632514,0.0070420452,0.09326171875,1.6678414,0.46342057,3.3383058495000184
67.712,0.0565299,2846.739614803515,0.039704,0.2353515625,1.8593712,0.55652505,3.231655501007097
67.744,0.058687083,3826.5208999400334,0.22499599,0.2392578125,1.7132229,0.32486063,3.115153809494018
67.776,0.13822906,2786.7547701678154,0.07989049,0.2412109375,3.1251068,0.7985417,3.001511063110642
67.808,0.16373163,2113.1171182695384,0.027727421,0.21728515625,7.413652,0.8736855,2.894886542292573
67.84,0.13693814,1960.4593562200523,0.018222218,0.083984375,4.947446,0.74367535,2.791873377534399
67.872,0.109553896,2030.4629967105534,0.01646658,0.087890625,1.2843072,0.74056894,2.6908278450652525
67.904,0.093870394,2153.893715230487,0.021581411,0.10302734375,0.8077348,0.88641095,2.5996473490164997
67.936,0.09169616,2457.6906874730407,0.032028064,0.10693359375,0.46750942,0.87899363,2.526210173763869
67.968,0.10031637,2540.7613399054617,0.028501999,0.12109375,1.5477602,0.9025499,2.464585420056128
68.0,0.10891505,2491.6474670786424,0.016924538,0.11865234375,1.8822201,0.9074006,2.4151596503318835
68.032,0.10268138,2456.51715538178,0.012066618,0.1025390625,1.221642,0.7802822,2.3777545832784597
68.064,0.10233315,2194.8597590687687,0.010059417,0.09765625,0.8597658,0.70005643,2.3617175916380537
68.096,0.10206477,2016.1823185439082,0.00984478,0.08056640625,0.99284047,0.86018145,2.3644152444391224
68.128,0.10635656,1835.1707657749157,0.006304904,0.09912109375,1.5594223,0.9504439,2.3647493482659794
68.16,0.097252734,2061.633886531362,0.020300152,0.10791015625,1.084124,0.820577,2.356540694461844
68.192,0.08311277,2277.5371840668945,0.037883136,0.10595703125,0.80461836,0.63228583,2.3404816883894495
68.224,0.074858785,2207.224476641689,0.027685305,0.1123046875,4.37695,0.7713028,2.3349590447679085
68.256,0.07844102,1899.379738523517,0.021814458,0.0869140625,1.6425693,0.69999033,2.335551638167393
68.288,0.07888166,1948.3142106000614,0.016220994,0.07568359375,0.5577072,0.7083639,2.337435716870271
68.32,0.071368545,2334.946468863964,0.0176711,0.09716796875,1.5976006,0.86961734,2.3409569801798895
68.352,0.07255667,2909.4576364887253,0.051944397,0.11376953125,0.28633898,0.8096004,2.3471829825447794
68.384,0.07326339,3178.7263198616056,0.091724195,0.12353515625,0.6335131,0.6128137,2.3504095319078364
68.416,0.0666809,2951.7290925241896,0.053409375,0.11962890625,3.7086215,0.71061045,2.348302457461619
68.448,0.061784748,2540.9408000272824,0.020201692,0.09521484375,2.5789988,0.8676518,2.3405105703545503
68.48,0.05833784,2317.399548949837,0.011962479,0.083984375,0.20111896,0.93391216,2.32886686700839
68.512,0.0658717,2096.120380854163,0.022442529,0.08056640625,0.11089301,0.75914955,2.318576812865742
68.544,0.10388992,1787.8956874146652,0.013287962,0.08544921875,0.3566213,0.50224775,2.3240841898249953
68.576,0.118717514,1694.2812547414678,0.0062016947,0.08349609375,5.3787355,0.45204848,2.33255795891581
68.608,0.09704034,1608.4519959378108,0.0046285717,0.08056640625,2.6601923,0.6674921,2.3412490018957897
68.64,0.084104665,1793.3694147928818,0.015487649,0.06884765625,0.42130935,0.8686054,2.3486691683328615
68.672,0.13793844,1855.347815302694,0.024646968,0.06396484375,0.2128391,0.8761897,2.352904253551294
68.704,0.16230743,1670.5711931107785,0.011986256,0.06640625,4.4418764,0.93425673,2.34138258618937
68.736,0.12551801,1556.746704021019,0.0063006077,0.0537109375,5.92894,0.8819395,2.3121835761035077
68.768,0.0986229,1514.086235453122,0.004187272,0.060546875,0.49709207,0.8991076,2.2717870257915287
68.8,0.09486829,1545.6338234187192,0.003644275,0.076171875,0.23804267,0.89695334,2.227918563332711
68.832,0.09773923,2009.6658977476777,0.0068266084,0.11962890625,0.20848939,0.7162346,2.1782128040940876
68.864,0.08488131,2730.3033799386576,0.017155189,0.1513671875,0.8158543,0.6522119,2.121493682678546
68.896,0.06041937,3482.1829383006825,0.042121045,0.16796875,2.1931832,0.76447827,2.055926575912883
68.928,0.053615905,3777.2217793532564,0.051170338,0.17578125,1.8955199,0.8113955,1.9803628260247141
68.96,0.07245086,2887.1633397884953,0.0923359,0.1484375,0.9702252,0.7417855,1.9005258234379077
68.992,0.09633581,2542.309132244226,0.056771766,0.12841796875,1.5149524,0.7792347,1.835119907616134
69.024,0.09695671,2232.498336605378,0.022208406,0.1240234375,6.9268093,0.7606581,1.771095787651831
69.056,0.088587955,2138.3436908013687,0.010630286,0.10302734375,1.5904393,0.7231428,1.7046085906134683
69.088,0.083104074,2140.738919075123,0.008501623,0.091796875,0.62414217,0.6766471,1.6485563376101746
69.12,0.0833853,1898.8346700551078,0.00986665,0.09326171875,0.2973651,0.6662718,1.6136154611825324
69.152,0.078339115,2134.8340222423953,0.016942473,0.0908203125,0.67267346,0.8221303,1.5876012484290067
69.184,0.08125385,2489.863679001606,0.021085698,0.09814453125,2.0349302,0.8547796,1.5557711344749139
69.216,0.08746331,2447.655836544506,0.020249715,0.09619140625,2.2228234,0.89516026,1.5214992135328491
69.248,0.09448089,2501.461054003267,0.015699368,0.0947265625,1.661729,0.87867707,1.4992701966095419
69.28,0.0888284,2703.1023576508273,0.01513899,0.08642578125,1.7877176,0.81461453,1.4897917053397076
69.312,0.05454818,2637.3431535398176,0.028270377,0.08203125,1.3126156,0.77277076,1.492928432249432
69.344,0.026863586,2213.5332128127166,0.027390696,0.1064453125,1.034909,0.86033756,1.5213217934532428
69.376,0.022934675,3169.489993339095,0.1012575,0.18017578125,0.7708485,0.6423695,1.58681233519026
69.408,0.03689508,3529.7386183144317,0.19594344,0.18994140625,0.33589584,0.30124298,1.6995841754319412
69.44,0.07759043,2791.750222544914,0.07353124,0.19970703125,3.1231487,0.6206598,1.8440801350169553
69.472,0.100569405,2443.480949457901,0.034528226,0.1943359375,6.1700163,0.6182424,1.9742212736943352
69.504,0.087018445,2654.3385800510023,0.020766363,0.1318359375,4.7412305,0.4713806,2.0974846278605543
69.536,0.074036576,2767.555968756534,0.026058186,0.14208984375,1.3911579,0.4201225,2.248350790903891
69.568,0.07894177,2965.4620053536087,0.06947428,0.1513671875,0.4386116,0.3544695,2.4009261685177647
69.6,0.089029014,2976.0243346166817,0.048662473,0.15966796875,0.9274723,0.4049179,2.537847958990789
69.632,0.069184884,2567.967414828312,0.029535512,0.169921875,4.2291226,0.45255888,2.6688606786090854
69.664,0.036211006,2364.727569266788,0.053243723,0.21728515625,0.9241722,0.5370816,2.8014151507980225
69.696,0.024436355,3207.939140483129,0.18289702,0.23779296875,0.48838,0.29215914,2.917719218165368
69.728,0.052265435,2934.667677895627,0.0824213,0.21728515625,0.66028774,0.38553038,3.0105275117648107
69.76,0.09834164,2253.7025179892967,0.013142334,0.193359375,1.9124323,0.36501005,3.0810652525336546
69.792,0.109533146,2158.8524586139747,0.0046401033,0.15869140625,3.5664606,0.3368986,3.1420137367839445
69.824,0.09045639,2856.2415017861576,0.0211581,0.16943359375,1.3022261,0.497641,3.1875269523241645
69.856,0.09478685,3049.071512113037,0.06627325,0.16357421875,0.40762672,0.7021137,3.20549526419895
69.888,0.15179624,2169.1991250903757,0.024253173,0.16162109375,3.179575,0.8521895,3.1816697145758503
69.92,0.13352433,1681.5205963412532,0.008630429,0.13720703125,6.208537,0.7744228,3.1200412465347
69.952,0.090226434,1942.2526800159799,0.009920009,0.08837890625,2.2694757,0.49716595,3.039696416163342
69.984,0.06939209,1956.3760834555242,0.014560355,0.09326171875,0.54984725,0.39419818,2.927613051593429
70.016,0.07575837,1917.4192313033645,0.01242191,0.14404296875,0.35944027,0.33197546,2.7789056197389503
70.048,0.07695277,2758.7377622852273,0.029257825,0.2255859375,0.9320158,0.25520158,2.609450180306981
70.08,0.043101277,3813.9423005394283,0.09531653,0.30615234375,1.3621922,0.30399227,2.429846036899681
70.112,0.025864156,4302.6568724419285,0.15200028,0.39599609375,2.3124428,0.40026742,2.252868963707999
70.144,0.042852864,3223.013744644284,0.17517275,0.34521484375,0.9015243,0.561177,2.0967054630061916
70.176,0.13159691,2278.9844934010684,0.04243511,0.25634765625,0.4266406,0.8795029,1.9660810775742656
70.208,0.15116882,1978.4737565642022,0.015350157,0.17041015625,7.708584,0.9434736,1.844219361816899
70.24,0.116042554,2050.376632063132,0.010301606,0.083984375,5.1604056,0.92956805,1.7310489199687145
70.272,0.09872278,2110.4528702635353,0.011040352,0.076171875,0.53931445,0.9308199,1.6232731647344913
70.304,0.08613356,1950.3803992596336,0.00831571,0.07470703125,0.34926257,0.94651705,1.5262135683059026
70.336,0.082511894,2005.4108138763597,0.011805326,0.08154296875,0.63639987,0.93335146,1.4286110972995272
70.368,0.094564706,2221.2970350452783,0.016220529,0.0888671875,0.59409577,0.9131781,1.3189694612251137
70.4,0.10529579,2321.168369127191,0.007856468,0.10595703125,1.9647568,0.9025145,1.2390049570641648
70.432,0.10204806,2362.4567187344537,0.0037408583,0.11572265625,2.206839,0.90314883,1.2057664859091175
70.464,0.102532975,2559.9903124536154,0.006166241,0.12255859375,0.79427814,0.8206178,1.2073548326640529
70.496,0.09897236,2477.125431350306,0.0075298324,0.1259765625,0.4066065,0.71781355,1.2458912191229705
70.528,0.09537455,2391.116556145909,0.005935685,0.12548828125,2.0377493,0.74695677,1.3060406776235223
70.56,0.093985885,2187.686636160002,0.0037378545,0.11279296875,2.13174,0.72688115,1.3757234724352114
70.592,0.09250119,1950.6498235692304,0.004368583,0.0927734375,1.2455773,0.73755145,1.447412125943751
70.624,0.093037106,1542.6591745419842,0.0060998336,0.08203125,0.67585385,0.8439071,1.5209691521209303
70.656,0.10468813,1739.0292439294662,0.014823403,0.07470703125,1.3082492,0.4975099,1.602150197319809
70.688,0.105809435,1903.2160915386303,0.014162271,0.078125,3.4343545,0.37459993,1.6855706659337757
70.72,0.09719548,1756.9206191594635,0.0060097007,0.09912109375,5.1209154,0.41838577,1.7643815877215554
70.752,0.08487065,2162.594132821013,0.02550008,0.11083984375,0.7479207,0.52749187,1.8357439451798823
70.784,0.0671922,2745.2961485105916,0.08149982,0.11083984375,0.31904918,0.58647066,1.9007207658608374
70.816,0.055804115,2855.789500922117,0.052640624,0.11865234375,4.5274205,0.7023585,1.9783377478599031
70.848,0.0559527,2794.589225394516,0.04744306,0.12255859375,2.9874399,0.7451109,2.0889712396364684
70.88,0.05548237,2864.0239162464263,0.05715043,0.09716796875,0.21995609,0.7286171,2.2018764245655884
70.912,0.050139416,2836.1860552701482,0.040221162,0.09912109375,1.4198264,0.82236403,2.3101683094573535
70.944,0.058654666,2897.3787465821238,0.02765259,0.103515625,1.260267,0.9097261,2.429415733942888
70.976,0.0775428,3493.0491174900435,0.021974469,0.10205078125,0.1535477,0.89841115,2.523684781727476
71.008,0.077333994,3736.256219711903,0.015453092,0.134765625,1.5105522,0.903327,2.604149343109138
71.04,0.07465607,2987.882333909497,0.03617708,0.1279296875,1.3799951,0.89438784,2.679251733396134
71.072,0.13541824,2128.2578296208903,0.02306893,0.10986328125,0.3631733,0.92206824,2.758231421094002
71.104,0.15729964,1805.2233791026197,0.00990902,0.09423828125,5.5880075,0.9348054,2.835823504547654
71.136,0.11481178,1853.316447039787,0.0059940084,0.07177734375,5.287961,0.911051,2.9014393850790223
71.168,0.07732196,1904.4575227754203,0.009943206,0.07958984375,0.62409157,0.90147895,2.950782127652441
71.2,0.06843628,2139.8836207309105,0.019093502,0.09423828125,0.20658752,0.92416584,2.9692498963231064
71.232,0.07645166,2509.149782261083,0.032016847,0.09912109375,0.7940272,0.87864685,2.9660360869426823
71.264,0.084586576,2609.8752144382725,0.025012475,0.10205078125,2.5580344,0.870769,2.945434332364014
71.296,0.08204168,2843.7579227726483,0.017344771,0.10107421875,2.6886222,0.87577415,2.9183712937281565
71.328,0.078691244,2766.376374246074,0.021491628,0.11181640625,1.1988019,0.89886636,2.883150546230266
71.36,0.087373525,2534.3134112569414,0.054396942,0.1025390625,0.45392585,0.80986285,2.8194604354013935
71.392,0.11336939,2363.313393562388,0.036893494,0.10107421875,2.055752,0.86274517,2.7103387080907693
71.424,0.10314528,2343.939191833594,0.019125601,0.0966796875,6.154721,0.8972995,2.5674556419188845
71.456,0.08411414,2149.7826036678534,0.011028951,0.07470703125,1.3243154,0.7861968,2.418383991675113
71.488,0.07693825,1677.4879126974547,0.0073666493,0.0771484375,0.60388595,0.757282,2.2824552458974487
71.52,0.08129571,1560.047554592426,0.0060551655,0.07666015625,0.3190394,0.45002812,2.1555387805663937
71.552,0.08285828,1679.7987224516214,0.0039608353,0.072265625,1.6555516,0.19559275,2.0191024104687414
71.584,0.081619725,1645.9372089831463,0.0031672916,0.06591796875,1.8029349,0.15649174,1.8662437809092267
71.616,0.07704941,1444.2833737513097,0.003345707,0.06591796875,0.9660255,0.32202712,1.7173185177894636
71.648,0.08308228,1656.1940192442382,0.0062879333,0.07177734375,0.6380687,0.7497002,1.5910711757163252
71.68,0.090475544,1825.0309208506196,0.012483719,0.0927734375,1.9158976,0.56402075,1.501786316979742
71.712,0.08715511,1880.6733358059387,0.008766995,0.109375,3.748369,0.23633334,1.443951007169717
71.744,0.080723,2032.5815044313335,0.009692656,0.11572265625,3.8595304,0.20503968,1.4102130421437462
71.776,0.06359921,1856.4587344164722,0.012795213,0.1044921875,0.7658483,0.24832805,1.3892316050969624
71.808,0.033334572,1994.51836884964,0.02368974,0.1259765625,1.2513562,0.6444412,1.3761304496976083
71.84,0.04168531,2845.8658150591764,0.10720412,0.1796875,1.4927586,0.394589,1.3705860276616955
71.872,0.05906909,3174.5544539701455,0.10183352,0.2353515625,0.23315857,0.16536348,1.376566783049254
71.904,0.04593025,3778.2485012832863,0.09501761,0.30810546875,6.9202466,0.25363228,1.3954420121067923
71.936,0.03778374,3888.049495591765,0.12540317,0.30126953125,2.5895696,0.49067748,1.4356589190684976
71.968,0.06787508,3264.086467852985,0.11600891,0.23876953125,0.09839201,0.5911161,1.464192981197133
72.0,0.08585537,2917.1061396425134,0.060787585,0.1826171875,0.842968,0.6070962,1.4811374895286917
72.032,0.07777261,2493.985190278967,0.023057016,0.12060546875,5.6786275,0.567189,1.4944142428248235
72.064,0.055220257,2213.6309288310704,0.025004445,0.13232421875,1.0210762,0.68707955,1.5148416739492605
72.096,0.034341928,2763.2009283145644,0.09310592,0.19287109375,0.4996992,0.432926,1.5371975119931485
72.128,0.040804602,3161.8073386549104,0.14120151,0.1875,1.0152556,0.3000888,1.5538572427880768
72.16,0.0597744,2769.215206673226,0.058244206,0.16796875,1.8429639,0.73158026,1.5702807457925059
72.192,0.07076824,2376.6037224237643,0.016891405,0.12060546875,3.0880203,0.9053007,1.5903204364895547
72.224,0.06833663,1774.6499618347984,0.007830263,0.05810546875,0.94576406,0.7800547,1.6175250372862524
72.256,0.11107199,1786.3433542489918,0.017522488,0.0517578125,0.20131093,0.5521839,1.6449852714522737
72.288,0.15918311,1719.7872233810713,0.012693697,0.05419921875,1.67304,0.7703425,1.668448014579174
72.32,0.13174911,1652.5113825562946,0.0054877107,0.05126953125,7.1513505,0.8111845,1.6883014405307997
72.352,0.08696522,1477.4408673621106,0.003750972,0.04443359375,2.3908534,0.86473817,1.7017704327234273
72.384,0.07541656,1526.8544755360178,0.002998082,0.04833984375,0.2743122,0.88540155,1.7028357069244684
72.416,0.07977602,1742.7115577485956,0.00359558,0.0595703125,0.07535915,0.81424505,1.6854925854696092
72.448,0.08309983,2227.373246981907,0.006885735,0.076171875,0.33576488,0.54648787,1.6633310509678751
72.48,0.078245685,2332.7727125696983,0.011137584,0.09814453125,1.5011379,0.3014348,1.6394123635114568
72.512,0.06260901,2128.023322007789,0.022591973,0.12109375,2.4882994,0.32840103,1.6216189806018702
72.544,0.070321105,2218.5288118597477,0.04823427,0.12451171875,1.8599423,0.37606612,1.610360971945465
72.576,0.14136995,1988.661880331389,0.03260765,0.1064453125,2.6465025,0.7492066,1.5924811102166667
72.608,0.15947622,1738.7832104327113,0.014198011,0.091796875,4.3540525,0.83472073,1.5709418043127206
72.64,0.12055533,1641.3153616754953,0.008753913,0.0703125,4.5090823,0.77841634,1.552235503525571
72.672,0.0982642,1664.036308494632,0.008680152,0.06689453125,0.6928805,0.8117455,1.5335111783644506
72.704,0.096589096,1645.2208842658483,0.006958858,0.0673828125,0.3171781,0.9235854,1.5179776597080128
72.736,0.10431998,1650.4429625105415,0.005564403,0.05859375,0.52825797,0.9340473,1.5140113103004986
72.768,0.1051847,1464.6038074308692,0.0034075088,0.0517578125,0.8584928,0.9130901,1.5214731747787158
72.8,0.10674261,1103.3997409270364,0.0011703158,0.04150390625,1.116138,0.95349133,1.5437389620446782
72.832,0.10876179,1112.4259190521716,0.0017059939,0.0546875,0.7726838,0.93337274,1.583266733277044
72.864,0.10908709,1599.382037323799,0.008850159,0.064453125,0.44834065,0.6672397,1.6336651299022569
72.896,0.10260854,1907.3753665358543,0.0108218435,0.07958984375,2.5847788,0.50181526,1.697930796819916
72.928,0.10267589,1902.6599378932542,0.0059566684,0.07861328125,5.7225738,0.4945377,1.7866082211394598
72.96,0.09283477,1832.0758132542064,0.0057292636,0.05712890625,1.0557112,0.56150436,1.8891009821407518
72.992,0.076241024,1545.288661214037,0.0040721437,0.0517578125,0.32131845,0.86412215,1.9914015357872243
73.024,0.07678811,2123.5375937792214,0.010708159,0.06689453125,0.7309762,0.9441926,2.0856020802029667
73.056,0.08486858,2813.645543873523,0.045883287,0.10546875,0.10226197,0.71386164,2.1791523238938324
73.088,0.08751524,3229.324493437868,0.040007565,0.1318359375,3.484632,0.68565154,2.269675446029358
73.12,0.07938883,3519.428890142409,0.022892479,0.16650390625,6.226083,0.85775167,2.348728714313444
73.152,0.07973042,3390.7407553031753,0.052218366,0.15869140625,0.6344677,0.83843344,2.411628943650257
73.184,0.08734863,2965.7449557336204,0.076913856,0.12744140625,0.05897356,0.6873289,2.4530863642537746
73.216,0.0900981,2360.603172104598,0.028551191,0.1083984375,4.1021247,0.68502194,2.4714496693151733
73.248,0.081276305,1745.1649141185276,0.007504904,0.07470703125,3.8374643,0.8010718,2.474219837716017
73.28,0.07057255,1721.932579262922,0.0072727515,0.07373046875,0.4192139,0.9290094,2.469782129157761
73.312,0.069380246,2392.379712327438,0.02382713,0.07568359375,0.096650146,0.87454665,2.463850355267529
73.344,0.07235529,2487.4362735729137,0.034272026,0.078125,1.1283659,0.8420711,2.4649452218237946
73.376,0.072423674,2309.978578865982,0.018659249,0.07080078125,4.3015714,0.9203972,2.4552675550928886
73.408,0.08267098,1724.005372555592,0.0036949224,0.068359375,2.2260442,0.98033106,2.4292846738291227
73.44,0.0891814,2118.410370361671,0.012015243,0.0595703125,0.16538143,0.96479785,2.4025134875942924
73.472,0.13492286,1994.2004612520652,0.022440057,0.06591796875,0.15888512,0.93608844,2.383586550268716
73.504,0.16018952,1702.7093174189454,0.0110268695,0.0732421875,4.7714067,0.9371369,2.3705268397623103
73.536,0.12979637,1485.301523608509,0.004895226,0.0634765625,6.61442,0.6984372,2.3506361289147857
73.568,0.109018676,1490.1153293584416,0.0020267386,0.07177734375,1.0066234,0.46900442,2.323995102724843
73.6,0.10003061,1588.1704559958437,0.0015810736,0.0693359375,0.45901734,0.50156355,2.288308330573039
73.632,0.0936741,1807.328044278278,0.0038475802,0.07861328125,0.22803977,0.5673364,2.2276344506257324
73.664,0.08996875,2103.0916105211254,0.008524588,0.0830078125,0.17601693,0.5635902,2.129803550156293
73.696,0.09186955,2167.5618478797796,0.0074092266,0.08349609375,2.4432983,0.46301526,2.037891640974594
73.728,0.08401012,1896.8034096713857,0.011858202,0.103515625,2.9671152,0.49304813,1.9730864508493984
73.76,0.09395728,2125.3529310572494,0.04082963,0.103515625,1.6755767,0.5241024,1.9277228738929812
73.792,0.109415956,2183.8853865566834,0.03710109,0.10888671875,3.258916,0.55402076,1.8970477767497282
73.824,0.09932818,2023.3094128039295,0.014319879,0.11181640625,6.1343346,0.457235,1.8691523423650547
73.856,0.0849291,1921.965391201912,0.009035615,0.09765625,1.2750305,0.4195331,1.8382241119331124
73.888,0.067482725,1950.5904160055168,0.011476034,0.08642578125,0.10487382,0.6479133,1.811856325276013
73.92,0.07160102,1923.9388686195143,0.011263657,0.06982421875,0.19526336,0.9270225,1.7901331544425543
73.952,0.08536904,1749.846464631159,0.006746855,0.056640625,0.6687611,0.9008931,1.7599270939039533
73.984,0.09052037,1467.694833895479,0.0025086908,0.04638671875,1.7516476,0.93298805,1.721094161368514
74.016,0.09411585,1335.5834373711355,0.0011338354,0.04638671875,1.3115956,0.96660924,1.6934939209109252
74.048,0.09413685,1677.4133230043308,0.0041986667,0.05859375,0.40305665,0.94885975,1.6841162642296978
74.08,0.0919129,1918.4033525273408,0.013438807,0.07958984375,0.63654757,0.6275857,1.6939093190079393
74.112,0.08742713,2053.251499252993,0.011178274,0.09814453125,4.6801367,0.35258883,1.7361274486761915
74.144,0.08075971,2158.6204505555634,0.009797435,0.10693359375,4.677003,0.3205366,1.8185790770079953
74.176,0.061264694,2174.225562487158,0.018452955,0.08740234375,0.7364066,0.45198065,1.8981497466801076
74.208,0.038263984,2347.613980150436,0.028041694,0.10107421875,0.69804823,0.8246901,1.9586335708543514
74.24,0.046104416,2737.6106690092256,0.0887559,0.13427734375,1.119703,0.4935754,2.0113237042568626
74.272,0.06297856,3069.4014624875645,0.09827217,0.158203125,0.34572285,0.23505977,2.0529991827481417
74.304,0.0490986,3550.0749315666853,0.078991205,0.21142578125,6.397384,0.37172326,2.090933665194829
74.336,0.039053023,3795.6686633231157,0.10775538,0.24951171875,2.6712403,0.6330596,2.1402470945090526
74.368,0.051300813,3401.5001489974447,0.18471228,0.21484375,0.0822351,0.35987097,2.185422482338496
74.4,0.059724614,2966.170492216741,0.1044772,0.19287109375,0.698201,0.41561764,2.218955757463078
74.432,0.054520145,2413.222961281874,0.026685113,0.16259765625,5.6169415,0.5838323,2.253754380762644
74.464,0.037391596,2047.7403300705773,0.019682685,0.09912109375,1.1013366,0.7070243,2.298095752585346
74.496,0.027242193,2180.885076351311,0.027396342,0.12353515625,0.12915361,0.76265806,2.3457567798116026
74.528,0.039743073,2458.377139450399,0.046926778,0.115234375,0.13793612,0.5053501,2.3886717494276075
74.56,0.07401393,2072.770621914021,0.019283816,0.1123046875,1.1290293,0.74771506,2.4210727867166106
74.592,0.09608285,1920.8231535915397,0.006782883,0.111328125,5.46375,0.79612666,2.434638956971726
74.624,0.09316959,1941.0681810469246,0.0046232734,0.07177734375,2.4393902,0.72547376,2.4252947047064466
74.656,0.10644014,1589.9100357373993,0.011355272,0.06787109375,1.0304905,0.8722211,2.391587037116063
74.688,0.15288903,1470.1025848063528,0.008185478,0.06787109375,1.2524297,0.91239357,2.337707460136445
74.72,0.12977816,1615.395102223169,0.00512624,0.08154296875,6.1085844,0.7880792,2.267811530164307
74.752,0.0926731,2102.3100008247766,0.0059999707,0.095703125,2.110897,0.46815208,2.1920962668742354
74.784,0.07874816,2229.9640016050753,0.0105785355,0.1171875,0.53071654,0.3619962,2.1073965088663646
74.816,0.0778457,2246.929974315266,0.013772833,0.13134765625,0.8296877,0.4570999,2.01395370055537
74.848,0.08259188,2598.077045303641,0.010396632,0.14013671875,2.1895323,0.33291942,1.927757461417159
74.88,0.06702855,3021.2816088228565,0.014115707,0.1416015625,1.7932653,0.2863046,1.8550020840718529
74.912,0.038414683,2870.111287242802,0.026350584,0.1533203125,0.8630028,0.46650636,1.7965906940609258
74.944,0.04132558,2560.378456464667,0.09190329,0.1337890625,0.8243133,0.64541465,1.7569833370408872
74.976,0.14097904,2289.9225863670285,0.041113492,0.12255859375,0.399017,0.85225576,1.7373686728259292
75.008,0.17777728,2205.6168537237436,0.023450734,0.123046875,6.583706,0.8334862,1.7366441087857958
75.04,0.14014973,2354.52578434295,0.013729323,0.1083984375,7.6614575,0.65519935,1.744480277355445
75.072,0.10966227,2400.498376578042,0.009301827,0.107421875,1.3795757,0.45830724,1.7667372327377537
75.104,0.08010615,2323.551799569625,0.016161414,0.10791015625,0.21234456,0.463528,1.8122286761141488
75.136,0.06346526,2366.3815453160596,0.021983877,0.09619140625,0.33699232,0.80436426,1.8775537182893043
75.168,0.06201154,2414.7524566689153,0.014880953,0.08544921875,1.196972,0.8944347,1.945799703392604
75.2,0.06005436,2467.071193662676,0.018085163,0.11376953125,0.5613206,0.86769944,2.0064127577160065
75.232,0.06930599,2710.196672579078,0.06241567,0.12109375,0.26625437,0.6939503,2.0653871003867312
75.264,0.08154786,2585.7544334262875,0.06643619,0.130859375,1.5583763,0.4640028,2.122807765335048
75.296,0.10319629,2243.010849921853,0.023638837,0.13720703125,6.5592017,0.25847504,2.1749218714651266
75.328,0.11072998,2147.0570862517943,0.0087354565,0.1357421875,2.5639906,0.17366041,2.212411618614824
75.36,0.09779545,2408.568167131917,0.0069431607,0.134765625,0.8590987,0.20836452,2.2344747687573783
75.392,0.096019894,2513.8649339176836,0.006703052,0.13134765625,0.34520546,0.22793527,2.246226835487178
75.424,0.09444203,2243.598187564648,0.006488366,0.1435546875,0.3596157,0.24001081,2.2475719477763816
75.456,0.09272594,2070.1297640415346,0.007121831,0.142578125,0.73903996,0.26039702,2.2423852692382904
75.488,0.106737934,2083.357309222393,0.004174272,0.15625,1.4096013,0.1997594,2.2328975439440324
75.52,0.094834015,2311.6429005206155,0.0053869123,0.1728515625,1.2867184,0.23470369,2.236060185305055
75.552,0.090455644,2420.934977564637,0.006915668,0.1669921875,0.76845735,0.27386692,2.249141703992451
75.584,0.09746624,2324.916794599985,0.0063121263,0.16943359375,1.075988,0.22860524,2.2648443486830874
75.616,0.09417868,2225.2149590654453,0.014315495,0.15283203125,1.2958342,0.23314291,2.2784602172833988
75.648,0.09392537,2274.5560666425963,0.014569445,0.13818359375,1.3312956,0.22979952,2.2931441378782953
75.68,0.09490916,2377.5900411502275,0.009935065,0.13720703125,3.6405373,0.21345767,2.302351799280329
75.712,0.094315626,2284.9575747651165,0.018244827,0.1328125,1.67711,0.20942076,2.2934339543748163
75.744,0.086909026,2315.394678167406,0.018970484,0.13232421875,0.7740355,0.24837731,2.2776831205258095
75.776,0.074302986,2641.4542963418444,0.023297174,0.18310546875,3.01615,0.35271624,2.2505099176813324
75.808,0.06332998,3400.889510767828,0.0491403,0.2236328125,1.5639209,0.52252436,2.2242226515451113
75.84,0.057385746,4027.4729947734168,0.057503406,0.23388671875,1.0718687,0.6555614,2.198655095127394
75.872,0.053671643,3977.416771528073,0.048736155,0.248046875,1.9311213,0.7334751,2.163403177100556
75.904,0.05654851,3374.50803561305,0.055058867,0.21337890625,0.6388892,0.66257197,2.1124104011541176
75.936,0.07625073,2799.8102669085047,0.028449569,0.17578125,0.7128032,0.31547484,2.045956323002183
75.968,0.08614939,2688.1454348395755,0.012318322,0.1533203125,2.9318001,0.21854386,1.976361393708979
76.0,0.09386394,2357.065521580822,0.003884173,0.1328125,2.2344372,0.1593665,1.8937296989754455
76.032,0.08732854,2072.536290219456,0.0031210755,0.11279296875,0.8697023,0.17115706,1.8080394901398325
76.064,0.07150026,1911.159868826395,0.003957507,0.099609375,0.46675307,0.2772888,1.7264469203426627
76.096,0.07445222,1721.1898722927203,0.0030433228,0.0947265625,0.6132803,0.25745964,1.6518915199672164
76.128,0.07805289,1713.2288627380071,0.002892317,0.095703125,0.84714425,0.21911922,1.5767865866316817
76.16,0.0772019,1902.6082501506744,0.009364292,0.1083984375,0.9098859,0.21254788,1.510099703779008
76.192,0.08209396,2204.81774548556,0.023609636,0.11767578125,0.8476373,0.18854204,1.4569315589209684
76.224,0.08922948,2118.7379064060237,0.017092397,0.126953125,4.178968,0.16366944,1.4007713484019797
76.256,0.09036116,2255.3196722816865,0.013188599,0.13134765625,4.266211,0.18431467,1.3553082315251164
76.288,0.08567647,2047.1658216557735,0.012284841,0.1318359375,1.0755852,0.18558596,1.3162565370088204
76.32,0.07181057,2328.657042985056,0.019057026,0.12939453125,0.744065,0.2751418,1.2849058231013823
76.352,0.06818511,2449.723254551028,0.023336858,0.11767578125,1.3338729,0.42444673,1.2617863547624093
76.384,0.054016177,2230.57936937866,0.027689608,0.1044921875,2.3305426,0.6840504,1.2507875802101913
76.416,0.04645006,2508.8739837918283,0.04529123,0.083984375,1.6097848,0.76130956,1.2455148801709703
76.448,0.055214487,2591.9319522528,0.029166417,0.12353515625,1.1438769,0.87802947,1.2343474059078343
76.48,0.06834568,3030.20592390113,0.058871,0.1298828125,1.8020769,0.6760906,1.223060953263586
76.512,0.087038815,2758.87511716083,0.031803615,0.14990234375,0.88093185,0.5594806,1.211605516619235
76.544,0.08407827,2563.5067178810878,0.026241068,0.1484375,4.642386,0.51825917,1.1982244047810744
76.576,0.06349841,2398.588326324876,0.03769923,0.091796875,1.4027797,0.5893566,1.183723737088794
76.608,0.05276316,2085.63727618915,0.020716097,0.1201171875,1.1560438,0.8954194,1.1734266752797566
76.64,0.057956867,2632.3328341988463,0.059640653,0.11474609375,0.7197633,0.6078004,1.1728622067814016
76.672,0.076110065,2429.531949256185,0.04803029,0.134765625,0.3932512,0.5721905,1.1738433605902798
76.704,0.095403805,2385.1658094700347,0.02406279,0.1484375,5.0913253,0.40217048,1.1774809484711883
76.736,0.09957959,2514.928111242885,0.012316213,0.12158203125,2.3852334,0.20900574,1.1933637662232681
76.768,0.095308594,2558.6888711548545,0.022427695,0.1083984375,0.9597273,0.1398942,1.2121338494823284
76.8,0.092049606,2320.966475840094,0.027175456,0.10498046875,0.25179076,0.19632077,1.2390569421303341
76.832,0.071130775,2177.38677540328,0.030932963,0.11328125,2.9647431,0.3549007,1.2747320411191638
76.864,0.07068092,2159.713536077271,0.034019664,0.1484375,1.604697,0.688679,1.3098669317101999
76.896,0.07768843,2462.7888666789017,0.047019843,0.18505859375,0.96550316,0.571579,1.3442844006745152
76.928,0.08904847,2526.5646680368945,0.06354015,0.19775390625,1.8353455,0.3207356,1.382048537576848
76.96,0.09945016,2119.2613912480306,0.037459314,0.1962890625,2.222248,0.23274451,1.4315852405829943
76.992,0.09141378,2045.779980165719,0.037918042,0.1728515625,2.9715295,0.16010185,1.4863827676363914
77.024,0.09271893,2105.4766124609137,0.02946444,0.1591796875,2.4739761,0.1286365,1.5441481706223956
77.056,0.07385779,2068.3333154779893,0.025701735,0.1357421875,2.0504692,0.11593756,1.6072412698616478
77.088,0.053898282,2082.0576284010776,0.046327546,0.14013671875,0.7370612,0.5912758,1.6778948528585647
77.12,0.08150197,1997.0536475944887,0.021857873,0.13623046875,0.5086174,0.5479685,1.7440352704551907
77.152,0.096592434,2237.535580498338,0.0157964,0.134765625,1.246524,0.3833044,1.8074929853402482
77.184,0.093108006,2355.298395882436,0.01714478,0.15185546875,1.8919152,0.46234155,1.8714095719825237
77.216,0.08614736,2394.2448472552105,0.02165556,0.16015625,1.4167012,0.3365142,1.9170003633309531
77.248,0.074387744,2276.498885969361,0.038351387,0.14697265625,1.0178968,0.273282,1.950761086627653
77.28,0.08432894,2104.364145563106,0.026876869,0.12646484375,1.3812968,0.2953391,1.9711974978234312
77.312,0.06893976,1804.3860249776217,0.014224857,0.11767578125,2.4046597,0.5289729,1.9881833771774196
77.344,0.06644991,2358.3629571187384,0.09266163,0.08984375,0.9722453,0.6598923,2.0065805483812778
77.376,0.14560278,2289.8621294411987,0.07372641,0.0771484375,0.1850367,0.7512018,2.025452861031627
77.408,0.19430742,2065.702884630867,0.030504601,0.0693359375,6.601633,0.90304345,2.045300266300912
77.44,0.21896553,1832.1217209158765,0.008093463,0.05615234375,6.0049505,0.93312263,2.05763118570559
77.472,0.20449026,1823.454593102053,0.005065834,0.06005859375,0.7242242,0.9248929,2.0654113390132336
77.504,0.15319349,1893.5470316091892,0.006570562,0.076171875,0.3811605,0.87618464,2.068067755578287
77.536,0.12549995,1902.464983642129,0.007845337,0.09619140625,0.309809,0.7261505,2.0665687954059364
77.568,0.1065532,2132.032701297958,0.010952894,0.12548828125,0.51408803,0.63178504,2.0641871248556862
77.6,0.09331063,2405.8796543604276,0.017033035,0.12744140625,0.4881121,0.6428983,2.0657822768698266
77.632,0.083648585,2529.2889180057327,0.03730345,0.1611328125,1.2491996,0.7270621,2.0670668337920697
77.664,0.086209886,3162.3254622341055,0.12533922,0.17431640625,1.8582492,0.6276101,2.0609014527446545
77.696,0.09296436,2939.488474909853,0.1036328,0.18017578125,2.1787598,0.49097025,2.0451625044892405
77.728,0.09393848,2464.3871312375777,0.034707114,0.1904296875,4.278738,0.48882848,2.018972113273391
77.76,0.08821511,2270.4357911126635,0.01774769,0.14404296875,1.4179693,0.5078106,1.9790525197472404
77.792,0.08737567,1849.7260990046125,0.010137523,0.11767578125,0.6035783,0.5157445,1.922688181216224
77.824,0.0939501,1671.8833479988934,0.013982979,0.10546875,0.3121596,0.43154445,1.8599269919863102
77.856,0.100812316,1972.9235869864988,0.028568057,0.10302734375,0.7673019,0.34046906,1.8110513418255925
77.888,0.094024844,2139.7038217364884,0.025293635,0.12255859375,3.6821918,0.2226472,1.7675771258729254
77.92,0.08505787,2108.0161166446046,0.012113061,0.15087890625,3.2322812,0.12821956,1.728726147505528
77.952,0.07706678,2597.816542264777,0.05637138,0.177734375,0.54620624,0.07168785,1.680143735167726
77.984,0.081045866,2850.4559301336253,0.1355528,0.20556640625,0.20113611,0.03173594,1.622390887419248
78.016,0.063367,2891.6466257121697,0.17443924,0.2265625,4.912131,0.04309789,1.5630056187432422
78.048,0.04536203,2666.3659256521587,0.11556518,0.21142578125,4.362599,0.10784398,1.5002946058819902
78.08,0.03430168,2405.688795930471,0.08056954,0.19384765625,0.8120822,0.15461281,1.4310687560084798
78.112,0.027466195,2230.8900198375068,0.06222934,0.15966796875,0.5753113,0.22485708,1.360317464821405
78.144,0.04453928,1956.2339523277683,0.028908597,0.11328125,0.5761847,0.71308863,1.2930320650425189
78.176,0.07540908,1797.4764976500662,0.008139686,0.0849609375,0.32400948,0.9185617,1.2352573408341698
78.208,0.07677265,1798.5798900379955,0.0052166474,0.05810546875,1.9543964,0.94522667,1.1872227633475374
78.24,0.074023165,2029.0080338515295,0.022907253,0.0595703125,0.56493807,0.90272206,1.1475654060932954
78.272,0.12857175,2107.494105813758,0.040517393,0.0673828125,0.38904476,0.86152726,1.1131003927380037
78.304,0.16787209,1872.8254417163787,0.01895237,0.08447265625,5.076638,0.8744995,1.0755748491416446
78.336,0.14309628,1892.7839791281392,0.00811403,0.09130859375,7.263775,0.813544,1.026826843078504
78.368,0.12100121,2061.8472365491884,0.0066735637,0.08056640625,0.9068803,0.65640754,0.9762254450820318
78.4,0.11660141,1987.7787111582916,0.0056375046,0.08935546875,0.24769756,0.6174333,0.9318849697052176
78.432,0.11506442,1839.0537550503136,0.008576391,0.09619140625,0.6705467,0.5952444,0.9043804386923665
78.464,0.115499526,2043.777909802091,0.0110231405,0.0947265625,0.9503869,0.37159446,0.8902435142494967
78.496,0.08066705,2132.3765022126395,0.014966136,0.11328125,2.199685,0.25727573,0.8928283473187509
78.528,0.038699742,2194.851472311908,0.048870314,0.1513671875,1.606951,0.51294094,0.9258288592303283
78.56,0.06777781,2677.575157195136,0.13990721,0.16162109375,0.37987527,0.5183383,0.9892363091691503
78.592,0.110634156,2620.2690607969957,0.098333746,0.16796875,0.8681293,0.6598067,1.0828551237335478
78.624,0.1124314,2648.4824471989377,0.057423983,0.1640625,8.094123,0.7107399,1.2073786813778868
78.656,0.108906075,2524.4791064156325,0.0216144,0.11962890625,3.1168785,0.6676455,1.3458550894238468
78.688,0.10039291,2294.790735225354,0.011644339,0.10009765625,0.44009578,0.68434674,1.4947719277670366
78.72,0.09562356,2185.2030321048055,0.008028582,0.09619140625,0.15745804,0.7056078,1.6590866093012067
78.752,0.09498731,2137.757594712688,0.007066484,0.09228515625,0.25175357,0.69193864,1.8317946792206046
78.784,0.09251024,2156.4711961654116,0.009064508,0.09033203125,0.39708775,0.71932346,1.9952498201158422
78.816,0.085061,2078.9691839719626,0.013131868,0.12158203125,1.1543348,0.78404796,2.127776412138392
78.848,0.08090743,2913.9397803891497,0.056287203,0.14208984375,1.8560448,0.783783,2.2204464994253454
78.88,0.095389776,2960.278020346581,0.08632715,0.15869140625,1.6681426,0.5103183,2.284828027819506
78.912,0.10051147,2622.2416244926567,0.03619732,0.18798828125,4.9904423,0.41415542,2.322545311445366
78.944,0.09681934,2444.951318233211,0.017879417,0.17822265625,3.527166,0.395104,2.347924845556056
78.976,0.09441779,2347.3765725052763,0.013020318,0.1591796875,1.0111494,0.37978432,2.357052265172037
79.008,0.08655808,2138.523220970489,0.009626177,0.1484375,0.61752856,0.4200458,2.3392585517115614
79.04,0.07589896,2139.5271933219683,0.044248536,0.146484375,1.1179912,0.51585805,2.307911482981955
79.072,0.06668569,2449.5314982509276,0.07505139,0.138671875,2.0958726,0.37644452,2.2565262734125744
79.104,0.04332301,2631.29337167995,0.068381615,0.1533203125,5.4587617,0.2908484,2.1862754042883177
79.136,0.03145315,2810.09539460443,0.12180229,0.20068359375,1.4093562,0.32944685,2.105194215621663
79.168,0.060157046,3150.0881419479347,0.18858323,0.23876953125,0.08700585,0.057581935,2.0083210360398245
79.2,0.06391663,3255.8045302785376,0.22229038,0.29296875,0.785808,0.039841037,1.896356155388737
79.232,0.040576607,3328.558461989556,0.22908352,0.31640625,6.704586,0.05218972,1.780854813780205
79.264,0.026885401,3207.8493407472974,0.18803051,0.30908203125,1.7562468,0.08160907,1.6824651070014671
79.296,0.024393212,2989.468256995284,0.14033608,0.29150390625,0.120687775,0.08522775,1.617394980821272
79.328,0.032494143,2468.515321176241,0.1049906,0.21630859375,0.09725913,0.31160322,1.586185283796784
79.36,0.065693416,1925.781432673638,0.025211524,0.15625,0.55287224,0.7859724,1.5657450630580154
79.392,0.07809465,1776.6982558226798,0.007109123,0.1025390625,3.1262746,0.9375641,1.5626145900736532
79.424,0.07374782,2241.0106846537456,0.02173749,0.08056640625,1.4485567,0.905655,1.5655283430585112
79.456,0.10554648,2114.0520242082193,0.07068989,0.083984375,0.15057781,0.68263316,1.5707390763477382
79.488,0.17266946,1809.3921174753787,0.034489475,0.095703125,3.558167,0.8012723,1.5788835331132922
79.52,0.16210112,1645.7051086359843,0.015087835,0.1064453125,9.073605,0.7831895,1.5867150535834544
79.552,0.12395283,1786.7678925194366,0.008902658,0.0751953125,2.3332021,0.7445985,1.6059591968596638
79.584,0.1058045,1816.5291268398053,0.0070616305,0.0673828125,0.3943826,0.79533225,1.6375600463847928
79.616,0.097996876,1533.5023692293335,0.005722405,0.0654296875,0.31933683,0.92192984,1.6855966305848833
79.648,0.102738015,1677.322454458616,0.008868741,0.048828125,0.6282584,0.8157687,1.7417088271839232
79.68,0.098121315,1799.6931651176114,0.011051665,0.0517578125,0.87218916,0.7594318,1.792785652156034
79.712,0.08528054,1557.1526302991333,0.006901484,0.0927734375,2.353018,0.9214694,1.8318347087716
79.744,0.08004548,2471.9976299620703,0.09333105,0.09033203125,0.98036736,0.7122424,1.8429921528453541
79.776,0.17341404,2352.9222565716937,0.07106188,0.1025390625,0.4644827,0.7779622,1.8160860665651373
79.808,0.22151932,2055.966319877143,0.032976802,0.10302734375,8.897582,0.89075166,1.8117394745678541
79.84,0.22917698,1829.6840274123288,0.01060599,0.068359375,6.014717,0.94360703,1.8520484546800442
79.872,0.2041032,1748.549764285418,0.0053356476,0.06494140625,0.80452245,0.96046764,1.9079915661850224
79.904,0.14329438,1558.3903355281996,0.0044929227,0.0546875,0.23473468,0.97001326,1.9691192629886691
79.936,0.11118825,1393.1664453593537,0.0049667037,0.0537109375,0.15449119,0.94524467,2.0163819703039327
79.968,0.09785323,1582.8860660152848,0.008665578,0.05029296875,0.2238279,0.8141343,2.03276188183893
80.0,0.08785984,1583.1261071398692,0.008283698,0.05517578125,1.2489104,0.8017724,2.006110276120461
80.032,0.081588104,1951.7488031719076,0.020422013,0.08740234375,1.7908869,0.885133,1.9382622807287526
80.064,0.09307606,2277.3868439686967,0.06934549,0.10400390625,0.4864334,0.60036504,1.8566652329371125
80.096,0.0997959,2238.5111879956376,0.06908015,0.134765625,3.0595622,0.43629548,1.7770286953104535
80.128,0.09272517,2083.283597677799,0.033337444,0.14404296875,6.3362217,0.49600068,1.7041536130560153
80.16,0.08171237,2084.43401203971,0.018485708,0.11083984375,1.5126328,0.66125214,1.6297388255818985
80.192,0.07594809,1712.0449268523219,0.009502329,0.1064453125,0.46326247,0.86552316,1.5553366415692236
80.224,0.08290868,1576.3738797374872,0.011711697,0.09814453125,0.27382863,0.79849166,1.5026430713822285
80.256,0.09819829,2045.0715815589956,0.03200021,0.107421875,0.6232426,0.49904856,1.4775892170234113
80.288,0.08658104,2271.0619718657554,0.04044696,0.10986328125,2.9417062,0.37518355,1.4223630035487733
80.32,0.06279095,2115.0985405311962,0.028408414,0.11181640625,4.6981487,0.627806,1.3259442470358895
80.352,0.07461605,2608.4456323637933,0.07357871,0.13671875,0.73733264,0.4362814,1.2191359960816062
80.384,0.0906217,2897.911103226247,0.11287731,0.17041015625,0.20783913,0.15060697,1.1177387275660218
80.416,0.07521153,2964.841909874436,0.11148238,0.26904296875,4.676469,0.1675684,1.0349223447279567
80.448,0.05461843,3410.8917504516266,0.1905603,0.38330078125,3.391634,0.24985972,0.9847654569634308
80.48,0.045331564,3995.1303034848384,0.28056818,0.4599609375,0.33582836,0.084244244,0.9724665442292635
80.512,0.04208886,4126.134782696989,0.27628148,0.451171875,0.472726,0.035283588,0.9938334243223136
80.544,0.055566844,3528.7117938996917,0.19386576,0.3720703125,0.7257471,0.41631344,1.0156826064600244
80.576,0.0829573,2738.709067653562,0.057529602,0.251953125,0.8707648,0.69977784,1.0219047317189078
80.608,0.08803237,2272.933731068829,0.021525236,0.15087890625,2.8656385,0.5414151,1.0350798352786776
80.64,0.0933099,2224.2407226962905,0.026102586,0.111328125,1.7331561,0.3648004,1.068822288061117
80.672,0.1339326,2131.9993377962537,0.029016959,0.0966796875,1.4249667,0.64978486,1.1210668212462322
80.704,0.16007505,1908.7568633494125,0.015715837,0.1103515625,2.9151943,0.8547528,1.184131945539667
80.736,0.132317,1801.0245633579618,0.009882599,0.09765625,4.32013,0.84076464,1.2540843791938903
80.768,0.11014395,1824.8401870654793,0.010127191,0.10693359375,0.76047266,0.69940877,1.3278936660490845
80.8,0.10635624,1792.0744613051072,0.009343784,0.12939453125,0.6080243,0.70209503,1.410639018444911
80.832,0.11000798,2217.1510788854002,0.013220074,0.13330078125,1.0317014,0.59545165,1.4954063396340653
80.864,0.08928153,2614.3359433929386,0.023082258,0.142578125,1.6016536,0.49956614,1.5697428103035147
80.896,0.06879329,2631.960398537487,0.023443826,0.138671875,2.0162554,0.27099994,1.643688518500145
80.928,0.066468365,2292.3528039381727,0.02023004,0.1484375,1.2974949,0.13298182,1.7315844968812684
80.96,0.08760457,2555.312268047887,0.10859922,0.146484375,0.3385217,0.2655919,1.854668267086866
80.992,0.13072489,2528.982780810383,0.08499227,0.14697265625,1.44274,0.42981815,2.0246281808529125
81.024,0.13590464,2584.1711701223912,0.036333025,0.1572265625,9.00685,0.39341983,2.254527995638063
81.056,0.11960493,2501.3519199734874,0.015279304,0.13427734375,2.7199311,0.36713883,2.5322083564740634
81.088,0.11013114,2280.1124453033704,0.007264419,0.12939453125,0.21737897,0.3935911,2.8351995653913233
81.12,0.10830169,2123.327386360524,0.0049445513,0.12841796875,0.09309299,0.40981087,3.1586712437065185
81.152,0.106193736,2124.5084748836216,0.004507891,0.134765625,0.17001563,0.3951765,3.482449578025747
81.184,0.104119696,2169.1792597385984,0.0055894656,0.13818359375,0.29901952,0.37241837,3.781104100995131
81.216,0.09398479,2229.449016098964,0.010626709,0.154296875,0.81893075,0.41192713,4.054614117872549
81.248,0.07836711,2464.9838416293537,0.037165456,0.18701171875,1.3537441,0.43855578,4.291454073838624
81.28,0.06278315,2656.845903330335,0.09839873,0.1865234375,2.2978566,0.2643066,4.467665556047875
81.312,0.048105206,2580.8768388307553,0.08468058,0.1904296875,4.0131865,0.24575052,4.587482202591944
81.344,0.04266418,2262.6701210562737,0.040046103,0.181640625,2.9286327,0.4560007,4.674173686522203
81.376,0.038132004,2144.148557691181,0.025282629,0.15234375,0.41167638,0.49007577,4.740136569393432
81.408,0.039176077,2386.790743056268,0.051748578,0.16650390625,0.33505228,0.55945957,4.777333963062299
81.44,0.053952906,2576.05861346672,0.13020504,0.16357421875,0.312553,0.2776092,4.768799996754031
81.472,0.06277275,2592.583430159033,0.11067934,0.16357421875,2.8186054,0.1197591,4.704964943061725
81.504,0.04323581,2615.462680546225,0.07547362,0.18994140625,6.367465,0.1144472,4.572506082204847
81.536,0.032688234,2804.969752152385,0.13370521,0.20654296875,1.1428707,0.13366859,4.387946087157469
81.568,0.06572643,3131.1096042770378,0.18933284,0.26708984375,0.039068237,0.024588805,4.148241624394059
81.6,0.06709685,3261.7197177167227,0.22152568,0.3203125,1.047833,0.031100398,3.86256198891533
81.632,0.04342257,3441.6699714214255,0.24297473,0.33544921875,6.6695538,0.04682089,3.5627126670147256
81.664,0.029576732,3425.8573906214438,0.19764557,0.318359375,1.3890598,0.08140169,3.274488278913221
81.696,0.022778073,3149.934620606742,0.14893186,0.29052734375,0.11363771,0.09018649,3.0004471087509605
81.728,0.036614057,3005.1824844592024,0.20093499,0.2490234375,0.14102975,0.2620696,2.7493419478149077
81.76,0.07921871,3291.7966658021583,0.12945716,0.224609375,0.30956328,0.54439616,2.5326754803168474
81.792,0.08895346,3807.496230670992,0.08955145,0.24462890625,5.6404924,0.66749233,2.351099670110784
81.824,0.07763516,4066.668533164896,0.08982737,0.240234375,4.0528703,0.6483573,2.1953151251478324
81.856,0.09450008,3151.8939786117216,0.13153175,0.2041015625,0.42826268,0.6667678,2.056560628718344
81.888,0.15866683,2302.7687632440156,0.047166966,0.1728515625,0.28836608,0.8243547,1.940973443529397
81.92,0.15987703,1903.8426418395466,0.017735368,0.134765625,6.22735,0.8262717,1.8567157695613417
81.952,0.12554663,2065.2167877413467,0.011257484,0.10693359375,2.4433844,0.6730098,1.7979051689346597
81.984,0.11302173,2137.239547726668,0.0053416076,0.123046875,0.8590956,0.5410057,1.7686740750721728
82.016,0.10538796,2030.5383192871072,0.007328661,0.13818359375,0.56489486,0.5778457,1.775312544143401
82.048,0.10234269,2224.154518762903,0.012438266,0.1494140625,0.29324484,0.6210959,1.8159898860234014
82.08,0.112586826,2380.0179809643387,0.0067476304,0.1591796875,1.8738412,0.5152431,1.8809758617586065
82.112,0.110297255,2363.4711823013577,0.0034891097,0.1875,2.3516562,0.4653625,1.9674971899644182
82.144,0.098646484,2615.803203472865,0.04345796,0.1748046875,0.55612636,0.3364696,2.06979456694685
82.176,0.13842385,2500.4299586345937,0.07481583,0.15185546875,0.22435892,0.6210727,2.1703853492957026
82.208,0.18797971,2154.488152061299,0.027971625,0.11083984375,8.431484,0.8783999,2.272985128279292
82.24,0.22764754,1759.970239659894,0.005907055,0.064453125,5.401216,0.95305324,2.3790628114407597
82.272,0.1916408,1618.4158475653921,0.003946009,0.0625,0.56040907,0.9480795,2.4694011479456606
82.304,0.10740953,1844.0552153190074,0.008888996,0.0791015625,0.18487121,0.8110965,2.534185669765685
82.336,0.087852545,2338.318087048899,0.027965877,0.10302734375,0.30967817,0.4750063,2.582206694620683
82.368,0.115891896,2325.180750649316,0.017882664,0.1162109375,0.7466399,0.34805113,2.6286205423277735
82.4,0.1198443,2169.612002389429,0.007568409,0.1298828125,2.8624165,0.33239713,2.6796699656914886
82.432,0.10950836,2146.17161874802,0.0063141063,0.1279296875,1.3744082,0.317886,2.748907118764004
82.464,0.09954653,2531.9457074919883,0.02585086,0.12841796875,0.37122723,0.36438295,2.8359640351185016
82.496,0.093448594,2398.0017627415164,0.03113377,0.11865234375,0.48318467,0.5577305,2.9188121214600464
82.528,0.08960383,1918.2674189947902,0.010663188,0.09716796875,4.150739,0.5896073,3.0129796340132424
82.56,0.09460785,1617.5584052082547,0.0034889772,0.072265625,1.1378989,0.5272711,3.115516903179429
82.592,0.09797056,1481.1685044388846,0.0021924372,0.06689453125,0.36787474,0.49527663,3.2223635520813354
82.624,0.101512924,1914.3238715768848,0.011822537,0.08544921875,0.19747311,0.50968367,3.342912483276248
82.656,0.10003201,2226.729504228246,0.0343703,0.10107421875,0.56016374,0.38604644,3.4830443989059283
82.688,0.08998842,2277.172753905783,0.031383194,0.10009765625,6.239448,0.37485075,3.6295904674206696
82.72,0.07231137,2009.8325360626702,0.017973633,0.119140625,4.2751274,0.584535,3.7848330974285243
82.752,0.07840209,2385.5991176485777,0.057970636,0.130859375,0.3833898,0.6288334,3.960993753362096
82.784,0.094053484,2708.742154609613,0.13435023,0.14794921875,0.37820247,0.37815642,4.164777661108476
82.816,0.08914623,2754.5835351608275,0.11040959,0.17431640625,5.579365,0.31618312,4.377125010931864
82.848,0.076960884,2583.3136045879937,0.05984904,0.17138671875,4.805865,0.29031837,4.571535089929345
82.88,0.07291797,2740.8439000772632,0.03154193,0.16162109375,0.4096994,0.14448097,4.7284515331298325
82.912,0.07423165,2534.2002512486656,0.026278546,0.15283203125,0.46263078,0.019598598,4.841662567469563
82.944,0.0843328,2182.138063763118,0.015516785,0.14990234375,0.36728978,0.1007352,4.921704940281217
82.976,0.09692527,2034.148767359779,0.0058711744,0.1494140625,1.2937104,0.3153567,4.981795833433663
83.008,0.087931454,2178.3114682029127,0.0068531185,0.14453125,1.7153007,0.41855064,5.013079378689772
83.04,0.08063191,2211.407713406152,0.02703076,0.134765625,0.433607,0.44623017,5.0218110829518325
83.072,0.12220342,2020.3931676551856,0.03714125,0.12109375,1.2996881,0.74637556,5.009890809409452
83.104,0.15507889,1872.1775115839214,0.016070046,0.10693359375,5.5028114,0.8103564,4.976918117277075
83.136,0.13767363,1682.7679954153148,0.0059477426,0.1015625,5.3707957,0.7527073,4.936187295680076
83.168,0.10971058,1872.9452472929058,0.0070503387,0.09716796875,0.8470669,0.6688467,4.902125050260409
83.2,0.09254954,1963.5249319340599,0.010456555,0.09228515625,0.20522588,0.7134944,4.871100611045626
83.232,0.09385264,1653.9633254553637,0.00871138,0.08642578125,0.565553,0.86762387,4.8347960544128
83.264,0.088473774,1740.8058175408355,0.010517848,0.0693359375,1.0340539,0.8834896,4.780849061706281
83.296,0.07371056,1800.7965203717006,0.0089436695,0.0546875,1.8872662,0.87821877,4.703868183400625
83.328,0.07254685,2014.0462114882102,0.012117702,0.08837890625,1.1268445,0.88526344,4.597429220751709
83.36,0.08902689,2475.3543884923547,0.09190134,0.10400390625,0.33023503,0.5177251,4.454824328660438
83.392,0.12203766,2473.0119081418893,0.09914311,0.12646484375,1.5405055,0.40181136,4.270078561190323
83.424,0.11729304,2460.925623182975,0.051266924,0.14990234375,9.473013,0.50384015,4.044659498874751
83.456,0.10869755,2264.00910043757,0.017499844,0.1279296875,3.21977,0.43205187,3.799647871769914
83.488,0.10723763,1991.4256792119054,0.0072155134,0.1298828125,0.45625672,0.38172385,3.555921085885096
83.52,0.10438788,1908.5076513517042,0.003853437,0.12841796875,0.1485664,0.34098342,3.326238826646389
83.552,0.105045155,1778.8186379307353,0.0029312216,0.12646484375,0.16578701,0.37139854,3.1045796698093686
83.584,0.10310934,1755.4933772177728,0.0026542607,0.12841796875,0.19415432,0.40894595,2.8727333866635796
83.616,0.103197895,1763.439376955362,0.0030658706,0.12158203125,0.6088486,0.39821568,2.6353344742832645
83.648,0.097783074,2089.1647156545177,0.012785609,0.11865234375,0.6425408,0.42418322,2.3965982007982496
83.68,0.09537122,2184.697557767348,0.034659624,0.12451171875,0.97507375,0.5440692,2.1537503268824567
83.712,0.092695236,2081.9270573142185,0.022865662,0.1298828125,3.9933596,0.5739335,1.921287703505525
83.744,0.07922234,1974.718830527866,0.0139371175,0.123046875,4.0071898,0.7120812,1.7086170781078656
83.776,0.078873456,1957.2315933304862,0.0126208225,0.12158203125,0.6686957,0.6725732,1.5238541877161678
83.808,0.08849898,2105.8472842705733,0.017964933,0.12353515625,0.37567914,0.61248064,1.372976119680215
83.84,0.0852305,2451.53156615959,0.057119686,0.13427734375,1.2322037,0.5668754,1.2623336111852332
83.872,0.085407116,2484.4170966075017,0.06293317,0.14501953125,2.1156147,0.46076867,1.1908186673582752
83.904,0.07106569,2451.5559751652595,0.040890213,0.13037109375,4.407963,0.5402218,1.1457737251596847
83.936,0.06646627,2201.9650853008925,0.030491438,0.15087890625,1.1733252,0.798609,1.1086420859137927
83.968,0.083417825,2672.1375923074925,0.10378314,0.14453125,0.20898882,0.5644296,1.06842268442411
84.0,0.087435275,2839.325506405533,0.14617157,0.16552734375,0.7820869,0.33903214,1.0170735207727666
84.032,0.07973492,2792.7718461503214,0.093100324,0.2041015625,6.365629,0.19527335,0.9609605101547624
84.064,0.066714,2980.316741562361,0.057057727,0.18310546875,2.5693288,0.10684577,0.9190127011655881
84.096,0.0688139,2683.227152682557,0.035343584,0.18017578125,0.64998865,0.025673471,0.8865061203872662
84.128,0.07718318,2317.3493031510598,0.024877394,0.15185546875,0.26617727,0.02603591,0.8591127567402407
84.16,0.08453455,2192.708033505294,0.013624097,0.12841796875,1.0248661,0.27367324,0.8454133263638997
84.192,0.09041629,2220.6521737767634,0.010927339,0.1279296875,2.133828,0.4244164,0.8468854184788379
84.224,0.08158768,2384.9331792586136,0.01449637,0.12744140625,1.0139676,0.4257011,0.8636268307450581
84.256,0.08692274,2150.275560219974,0.046071436,0.1279296875,1.1238616,0.65233374,0.8877741396635574
84.288,0.14234555,1918.7008857053347,0.025099939,0.12060546875,1.4302305,0.8456572,0.9213311173961524
84.32,0.14964324,1793.3028646354041,0.010937161,0.1123046875,6.350414,0.86124784,0.9679523760495775
84.352,0.12486,1901.6886401650395,0.009849033,0.10302734375,2.3790395,0.73477906,1.0283473654512052
84.384,0.10077407,2152.345868185829,0.016835278,0.09326171875,0.4130844,0.70655686,1.1032722886611765
84.416,0.09069274,2009.113324406452,0.012629164,0.08544921875,0.56578207,0.8537448,1.1896623561160746
84.448,0.10083678,1757.9323536316156,0.008325267,0.0732421875,1.6369938,0.92930406,1.282269237838049
84.48,0.09429972,1793.5350998235847,0.0074028554,0.06103515625,0.9009054,0.91849786,1.3754981367417245
84.512,0.08550541,1674.074506637648,0.0042453203,0.07568359375,1.517895,0.9333637,1.471845394060293
84.544,0.08917191,2198.627370657266,0.03649748,0.09521484375,0.4896399,0.84167546,1.5628715114737874
84.576,0.13474266,2254.384095403506,0.06528372,0.091796875,0.07066609,0.72032887,1.6362147247155319
84.608,0.18661073,1994.0054905863185,0.022955615,0.08349609375,7.8397136,0.8389517,1.6957524449152008
84.64,0.22438589,1636.1580134438784,0.00433653,0.06591796875,6.0952306,0.8992231,1.7492313514635116
84.672,0.20327342,1427.0073676816664,0.00189125,0.0634765625,0.6859777,0.8545779,1.8002945339293224
84.704,0.15262769,1504.7005861922835,0.0020371438,0.08203125,0.25724027,0.7008329,1.8476111358940153
84.736,0.12072834,1704.6126054689685,0.002192862,0.103515625,0.17223686,0.45646006,1.8897452519900835
84.768,0.1241008,1696.4337353757933,0.0019120735,0.11474609375,0.35041195,0.33442423,1.9271382068922847
84.8,0.13004486,1566.3136234434714,0.0016536416,0.11767578125,0.41521776,0.40843594,1.9631262514388375
84.832,0.114823565,1646.9132799897798,0.0024838867,0.1103515625,0.9385911,0.41563645,2.001152818934168
84.864,0.10720269,1908.7323737007825,0.006020115,0.111328125,0.95444036,0.4124031,2.0445068889465055
84.896,0.097585745,2091.33152685016,0.010099611,0.11962890625,0.8243475,0.516244,2.0908894104086686
84.928,0.08118032,2240.650116193478,0.00831071,0.12744140625,2.530294,0.5395039,2.135772175236524
84.96,0.079840876,2157.8891748863866,0.005324423,0.1201171875,2.0713706,0.6763901,2.1804505125338713
84.992,0.07583237,1952.0969456839393,0.0057896697,0.10595703125,0.7057648,0.777942,2.2220142772543503
85.024,0.07713453,1690.9792685570883,0.0062924074,0.09716796875,0.47126833,0.8181347,2.2713639191877486
85.056,0.08575435,1857.5788216487715,0.0055283457,0.07666015625,1.5124369,0.6977114,2.338986821069226
85.088,0.0805723,1779.6228195995677,0.0046986244,0.06494140625,2.2097318,0.58743936,2.4240153614075575
85.12,0.066021144,1452.1089329704384,0.004227679,0.0595703125,1.1581001,0.72922605,2.513023964099932
85.152,0.057641733,1545.601801227238,0.0048807324,0.06201171875,0.8774791,0.91006,2.586417983210006
85.184,0.058271643,2060.591557346412,0.021946248,0.0703125,0.71474755,0.8110064,2.640162482991071
85.216,0.08081212,1819.7053057243147,0.008998465,0.0908203125,1.1946123,0.601217,2.680821220969473
85.248,0.0928458,1779.8422970105255,0.0023333898,0.10595703125,5.2423654,0.40771657,2.7059495733533097
85.28,0.088034295,1844.689683895756,0.0016604131,0.1064453125,1.1909273,0.32246992,2.709468995603772
85.312,0.08534287,1777.3329108920216,0.0014861022,0.10107421875,0.26289314,0.29869077,2.69174809844315
85.344,0.08001168,1627.4564113103997,0.0019953062,0.087890625,0.31857163,0.29733446,2.659521717422472
85.376,0.068772584,1390.749731390112,0.0024511048,0.07177734375,0.6267824,0.5945999,2.619783001622482
85.408,0.05617741,1160.0750511513947,0.0021378,0.048828125,1.285883,0.85579026,2.579200912272193
85.44,0.045909896,1487.4070325208208,0.0054501337,0.0537109375,1.7358153,0.907214,2.5450220078040084
85.472,0.05457818,2116.922803480512,0.02462982,0.06787109375,0.75104785,0.7628304,2.5152271143804383
85.504,0.0823597,2085.3319558575236,0.011407252,0.087890625,1.9728572,0.5350182,2.480817692300201
85.536,0.0840385,2089.9423597156056,0.004042364,0.0966796875,6.6793923,0.40289593,2.4430186726037704
85.568,0.054679956,1960.5239948554881,0.0061782473,0.08447265625,1.730972,0.56217974,2.4029382654499334
85.6,0.04295089,1821.561009158433,0.012779839,0.0849609375,0.33286175,0.77707326,2.36602650862506
85.632,0.057806883,2083.0794193661814,0.025908893,0.0771484375,0.6840216,0.4507358,2.3407856944154255
85.664,0.07723522,1883.0719384458223,0.012780376,0.0849609375,3.4902925,0.22931015,2.331143187667147
85.696,0.07197512,1627.6744194179962,0.0043230583,0.0791015625,5.6496177,0.22210388,2.3398496309663472
85.728,0.043729823,1545.0936181123063,0.008843838,0.08740234375,1.306883,0.667699,2.3617797636333715
85.76,0.04304225,2304.0752072380983,0.047232334,0.09521484375,0.6019866,0.65836805,2.3959837115445493
85.792,0.07300696,2208.8353456076766,0.02221363,0.11279296875,1.2989306,0.1815907,2.4476236449578064
85.824,0.091531366,2267.8929240413436,0.007111037,0.14111328125,5.9791102,0.09370864,2.514541719189556
85.856,0.08347271,2504.4213611265914,0.005559687,0.14453125,2.5739806,0.11985159,2.5946030448778705
85.888,0.079453975,2592.5776337178186,0.0064171576,0.15576171875,0.86579907,0.12254566,2.690797585684282
85.92,0.07712564,2726.6868222545463,0.008858585,0.15966796875,0.6202104,0.09975247,2.7961767850395614
85.952,0.073195204,2777.716520155033,0.017511101,0.16552734375,0.54989326,0.094432175,2.9090816032049074
85.984,0.0770905,2640.8607526277765,0.026207693,0.158203125,1.7714756,0.09532588,3.0232225488059656
86.016,0.080211215,2575.889343665397,0.01492023,0.1630859375,2.0510633,0.0905194,3.144004091695515
86.048,0.078925304,2541.1900912287065,0.01551795,0.17626953125,2.8376439,0.09391919,3.271238367923075
86.08,0.073650435,2619.6306311299813,0.03511076,0.18359375,1.1454507,0.11653214,3.4004493222554304
86.112,0.068188295,2761.8848496358096,0.034013193,0.19970703125,1.0412395,0.11260932,3.534983482142655
86.144,0.069917634,2738.881075362373,0.03687568,0.2001953125,3.341994,0.092111155,3.669869062801484
86.176,0.07170807,2862.315339114696,0.025715586,0.1884765625,1.3712233,0.14573084,3.80837683793953
86.208,0.071400054,2822.256400440757,0.047747027,0.18994140625,1.2301936,0.19405724,3.958425974650278
86.24,0.0752406,2742.033403542543,0.04831587,0.19677734375,0.94172853,0.46842363,4.110627225249001
86.272,0.07916836,2797.13028191514,0.027744144,0.1953125,3.0307834,0.6517758,4.246153503901146
86.304,0.076237,2750.330885910544,0.025896184,0.17529296875,2.1748266,0.56338507,4.357859849564297
86.336,0.07534239,2394.5708646525177,0.026346816,0.16748046875,0.57857156,0.7085274,4.4501803897864916
86.368,0.07807689,2443.4531910692376,0.056945413,0.14013671875,0.964158,0.551637,4.522605835262203
86.4,0.08030863,2415.0039775495534,0.04736462,0.14404296875,1.989704,0.4867472,4.57042841182804
86.432,0.079436615,2497.1562765074814,0.034658387,0.15771484375,4.0891705,0.34254763,4.589412630524501
86.464,0.0781555,2641.67173444971,0.038366973,0.15087890625,0.83586746,0.24687389,4.592126256216452
86.496,0.0752527,2436.478336165983,0.035261523,0.1650390625,0.7626957,0.31743097,4.578118531599816
86.528,0.07758195,2552.65562801944,0.049774382,0.14404296875,0.9776918,0.35489827,4.5488093444258695
86.56,0.07152038,2429.8245479219213,0.031541653,0.1591796875,0.9546153,0.41517484,4.504553480458116
86.592,0.068967395,2551.011156124109,0.07952491,0.140625,1.5386279,0.43385306,4.447622578088345
86.624,0.069179095,2519.748432376323,0.07818539,0.16015625,0.23308268,0.56823975,4.382315463847373
86.656,0.065656565,2488.6431905490335,0.08216787,0.14599609375,3.6098778,0.6280553,4.29771591450368
86.688,0.098174006,2381.0280987059296,0.040551644,0.10986328125,0.7905094,0.84424186,4.190544044433126
86.72,0.1058024,2348.679811486531,0.024226509,0.13720703125,1.2589833,0.91673094,4.0739051444839305
86.752,0.084285825,2710.574008315406,0.0876587,0.11328125,0.8905964,0.6804174,3.955977320299416
86.784,0.069211565,2691.6229708543974,0.088898465,0.1533203125,0.74074024,0.6895283,3.8386748623370552
86.816,0.060181864,2806.6372515268167,0.09649235,0.15869140625,3.2549157,0.643727,3.7193993992673873
86.848,0.07484761,2671.4852720345125,0.043626927,0.1748046875,0.24297722,0.8167128,3.601528256819431
86.88,0.07832321,2854.457902006501,0.088096716,0.18017578125,0.792748,0.6445445,3.4846717869184434
86.912,0.066094644,2924.874499015369,0.13107535,0.18212890625,0.48878312,0.49427843,3.374170110807108
86.944,0.06530472,2709.583985527771,0.09044693,0.18310546875,3.023328,0.6870774,3.274553307729673
86.976,0.13568673,2442.904293248433,0.059168044,0.1396484375,0.74913675,0.83177274,3.1820776708757497
87.008,0.16688336,2255.0747850091443,0.03152822,0.111328125,1.1198187,0.8987164,3.0930288436900737
87.04,0.14264765,2197.8236274718042,0.01765969,0.0751953125,4.6521015,0.8859806,3.0030308653782716
87.072,0.11435196,2186.446405782045,0.012890824,0.0615234375,0.7146466,0.82808304,2.9172060055550175
87.104,0.10897548,2062.393787905559,0.009810012,0.05615234375,0.20343755,0.8365693,2.842394046593513
87.136,0.11071561,1869.966811599528,0.008466196,0.05322265625,0.09229916,0.85918856,2.775573836468154
87.168,0.10943869,1774.9936799957084,0.0075937766,0.04931640625,0.59910285,0.8598344,2.719107052927641
87.2,0.10140343,1805.6083029642302,0.005586739,0.04931640625,1.067252,0.9275044,2.676747930231745
87.232,0.09683315,2047.1437642184023,0.0064173597,0.056640625,0.58595926,0.96733326,2.6578453563515954
87.264,0.10149171,2240.996117517132,0.017752565,0.06005859375,0.24522462,0.9341791,2.6482852214798194
87.296,0.109105274,2159.8010027509963,0.015681593,0.06005859375,0.9098692,0.8576016,2.642445620310193
87.328,0.10858764,2179.2743247660514,0.007651886,0.06396484375,5.057802,0.80465734,2.634671397195084
87.36,0.09602727,2054.6939657524786,0.0064238706,0.04833984375,1.3568627,0.8630382,2.6354182686955223
87.392,0.08708144,1786.0082620117396,0.0049415515,0.0556640625,0.3928873,0.90292084,2.649028110846457
87.424,0.08863893,2052.6165007716436,0.013032706,0.0673828125,0.36026657,0.83083284,2.6612505394532064
87.456,0.102522075,1997.988323694978,0.012646027,0.08642578125,0.87213796,0.5714532,2.6748975726265027
87.488,0.11023865,2072.3551511271153,0.0074358573,0.115234375,4.3690667,0.39845392,2.6905347171779086
87.52,0.10139063,2294.972684800783,0.007366939,0.12060546875,2.044905,0.407652,2.717753697043882
87.552,0.091814235,2185.406032802073,0.011248096,0.1201171875,0.8741281,0.4946796,2.751418506791205
87.584,0.0992157,2028.7828464690697,0.012923499,0.1162109375,1.2655064,0.41176543,2.7872180053960682
87.616,0.11445821,2102.336648409164,0.009815601,0.1162109375,2.3179953,0.2592253,2.834080153816317
87.648,0.10394964,2218.233703756036,0.009002075,0.1240234375,1.9787631,0.28701636,2.8817301523000562
87.68,0.099882804,2236.7580039451564,0.0069481744,0.13427734375,1.76303,0.30228168,2.926396140751832
87.712,0.10165164,2146.821314426736,0.0040797833,0.13916015625,1.2850187,0.27221423,2.9701530577093207
87.744,0.09899588,2075.2120844333663,0.0034184388,0.1416015625,0.5426274,0.27794713,3.0207268815471924
87.776,0.09489016,2005.7994869404795,0.0029498537,0.140625,0.38223857,0.30617797,3.073607291609939
87.808,0.09389016,2112.5848551264007,0.0047017536,0.13720703125,0.3554758,0.30599195,3.1287816927504433
87.84,0.09181898,2156.5971104567507,0.00938986,0.14111328125,0.92138827,0.28776222,3.1839399018486203
87.872,0.09042364,2183.0090727566135,0.009935963,0.140625,1.7031566,0.26768646,3.2317121404454294
87.904,0.09034871,2177.2907299497533,0.012391873,0.142578125,2.1254058,0.26697913,3.2731403479273125
87.936,0.091145225,2135.1035694265843,0.008922444,0.14501953125,1.1430418,0.2630984,3.303524096256462
87.968,0.09098948,2019.4629815336539,0.0115545485,0.13818359375,2.0423334,0.25619617,3.3293839908984832
88.0,0.08969621,2078.5452157309164,0.0110555645,0.13525390625,1.1544343,0.25346732,3.346875086842257
88.032,0.08765895,2136.733881950174,0.011254716,0.130859375,1.9745939,0.26403174,3.3519092136865787
88.064,0.089615285,1973.7346182842373,0.017135978,0.12890625,1.5060643,0.2535224,3.3461420199742173
88.096,0.09265383,1972.2371068354987,0.0119356895,0.1484375,1.4638734,0.20825022,3.327131435475021
88.128,0.0885627,2304.549960173559,0.0147613045,0.16064453125,3.3674765,0.12574844,3.297397763570153
88.16,0.1054131,2469.2244884508254,0.054417014,0.154296875,1.2003304,0.33662805,3.252039739494753
88.192,0.15751293,2302.0849521568916,0.03646013,0.14599609375,1.3002223,0.71895945,3.1863213382992424
88.224,0.1505733,2192.0492233575806,0.021841895,0.1142578125,6.531872,0.7156162,3.111567434723361
88.256,0.12485427,2072.0735040315344,0.018341627,0.09765625,2.3774347,0.55969507,3.029738319674023
88.288,0.105728686,1963.0960632202118,0.02047975,0.10205078125,0.3260032,0.54585993,2.9405718808088204
88.32,0.10599023,1911.2763257993179,0.014693974,0.10888671875,0.66137123,0.5071617,2.844792006211914
88.352,0.107507534,1928.4321391030148,0.008377675,0.1220703125,1.634364,0.45390683,2.7440463009358163
88.384,0.1055633,2040.804196296764,0.007951756,0.13037109375,1.0595888,0.42087752,2.6377830309607564
88.416,0.10410697,1966.136851399816,0.0050467984,0.1318359375,0.63542825,0.40483418,2.532001699077713
88.448,0.1014689,1909.2222325496787,0.004253988,0.14013671875,0.78877443,0.41005602,2.4267551817790802
88.48,0.099259816,1947.4110866136655,0.0044413386,0.14990234375,0.5679388,0.40056205,2.3211513007362297
88.512,0.10006708,1909.6834076826244,0.004353242,0.15283203125,0.5065511,0.38497788,2.216209693277984
88.544,0.102166295,1946.2395054687227,0.004137554,0.158203125,0.77990043,0.3391967,2.1000884169396854
88.576,0.10037688,1949.113579246632,0.0033306032,0.16748046875,0.80278563,0.31671518,1.9726428682364576
88.608,0.098690584,2386.99779798852,0.029366156,0.14404296875,0.6890725,0.3130104,1.83884854407321
88.64,0.12940332,2393.3423395499694,0.056429498,0.12548828125,0.6142059,0.5966719,1.7050592228835302
88.672,0.15544462,2245.064123108089,0.029423233,0.11572265625,6.4541316,0.77395993,1.581572249599089
88.704,0.13273156,2186.6420695815273,0.01833069,0.099609375,5.063737,0.71351093,1.4736961444506294
88.736,0.10655367,2196.74608223074,0.018335752,0.099609375,0.94923365,0.5889076,1.3882334674343175
88.768,0.09840701,2024.094193838553,0.014500372,0.103515625,0.26471013,0.6432309,1.3194574743561973
88.8,0.096742064,1865.1686254854399,0.009684898,0.10302734375,0.53775436,0.59795237,1.267668945786433
88.832,0.09825562,2023.1930057174047,0.010441932,0.09130859375,0.6476635,0.5168106,1.2344772049514863
88.864,0.0952589,2087.1538973790857,0.012682622,0.0908203125,0.8059404,0.5546626,1.221978848292175
88.896,0.097629905,1978.503582332889,0.011030951,0.09228515625,1.4979005,0.5471544,1.2246961274852846
88.928,0.09696138,1871.1148957504709,0.012307507,0.09716796875,1.3408284,0.5613135,1.2327070796863306
88.96,0.093667224,1974.0482837115946,0.012765614,0.09912109375,1.1555879,0.69123363,1.247850182025899
88.992,0.09415395,2076.531388963102,0.009016951,0.10791015625,1.7678494,0.7500136,1.2711333119820714
89.024,0.09400471,2124.2862350888117,0.008165142,0.12353515625,1.1714504,0.65639484,1.3111724035017263
89.056,0.09947362,2601.6629889603846,0.04594906,0.103515625,0.44497046,0.55375034,1.3708191296907724
89.088,0.15356664,2543.852289972854,0.04097793,0.09716796875,0.5773766,0.7921371,1.4485267519654244
89.12,0.16752192,2343.5335137286597,0.021898462,0.10498046875,6.061733,0.8658261,1.5436548312641416
89.152,0.122506365,2308.0328310622253,0.02058409,0.09326171875,3.386536,0.7779239,1.6490314602431697
89.184,0.09885496,2271.6060233764233,0.018704735,0.11474609375,0.47003728,0.626871,1.746997596758711
89.216,0.0955672,2151.430164977869,0.014210541,0.12939453125,0.3526774,0.625554,1.8358670489421767
89.248,0.090269804,2146.912926916326,0.018170835,0.12158203125,0.23865527,0.64971375,1.9223886221594648
89.28,0.07981267,2205.7873587386052,0.022505816,0.1376953125,0.42646205,0.5670845,2.0098377471417055
89.312,0.06575011,2308.0780224495393,0.02885428,0.1669921875,1.1139752,0.6089478,2.0999377848049505
89.344,0.06527553,2460.4075595640015,0.10654651,0.16162109375,0.97840303,0.5351638,2.189034207233921
89.376,0.13828644,2295.6728216692463,0.06974906,0.15478515625,0.9611109,0.77145743,2.2752798093687963
89.408,0.18643215,2179.7181399874917,0.029238904,0.13037109375,5.296231,0.9001418,2.35852941508546
89.44,0.19739175,2046.463139749946,0.012791329,0.087890625,4.7940664,0.9394816,2.439986221666628
89.472,0.17791,1918.7756627825872,0.009229651,0.080078125,0.7519267,0.941426,2.5207110722207964
89.504,0.14508139,1977.9282391998854,0.010041773,0.09130859375,0.2987195,0.9281296,2.5985171996243794
89.536,0.123158656,2147.49867387843,0.013347894,0.09912109375,0.18263869,0.9046315,2.6724788764099165
89.568,0.10364239,2391.621993708148,0.019194068,0.10498046875,0.37613416,0.81977093,2.7456916358225785
89.6,0.101161,2374.9715237466708,0.01522472,0.11181640625,0.67906076,0.7343047,2.8116983954271397
89.632,0.097293206,2448.9835095076755,0.018354291,0.12841796875,1.106578,0.7926788,2.8539642240196548
89.664,0.10441991,2885.7582500809544,0.06672028,0.13818359375,0.50134623,0.6794157,2.881285610935268
89.696,0.11051994,2893.523055537684,0.063931,0.15380859375,0.9791739,0.6069882,2.897679719830086
89.728,0.093477994,2780.919241413968,0.040983092,0.18603515625,4.7546597,0.6746884,2.9097632354856566
89.76,0.0693616,2861.1956960722805,0.05097832,0.18603515625,0.9802804,0.51669216,2.916735454079694
89.792,0.06410784,2866.116164836907,0.050957434,0.201171875,0.219513,0.40315977,2.9152787558120505
89.824,0.073172145,2741.0199000281864,0.1147374,0.21142578125,0.3832326,0.4078343,2.9151427252059015
89.856,0.10565256,2612.9378000403235,0.13431114,0.1943359375,0.76086164,0.43701267,2.920378027657912
89.888,0.12026728,2512.846210584802,0.06367317,0.17431640625,4.949497,0.600182,2.9286091406939736
89.92,0.10709782,2449.4310564655393,0.028967585,0.15380859375,4.0126595,0.7546987,2.936580743740093
89.952,0.10783515,2510.0485003383187,0.0343813,0.146484375,0.46109307,0.75299877,2.9383074774714655
89.984,0.1239243,2985.245205609655,0.07616275,0.13818359375,0.0727031,0.57936335,2.9334846575278353
90.016,0.11904637,3086.456203432474,0.07306224,0.13623046875,1.8352376,0.62289464,2.9226236728306163
90.048,0.0991997,2900.5420712180085,0.045074955,0.12548828125,3.4547782,0.71831954,2.9024146261243997
90.08,0.09189233,2687.057141892605,0.030774876,0.10009765625,0.47651818,0.771129,2.8759146080989457
90.112,0.089583255,2484.8926568404004,0.02510745,0.10107421875,0.21486509,0.7984638,2.8443525079397607
90.144,0.10318881,2594.92054636405,0.05480923,0.095703125,0.3142876,0.7990009,2.8011275968940708
90.176,0.11912091,2551.365998407363,0.04113852,0.1044921875,0.9088994,0.79279053,2.753326302748445
90.208,0.10595295,2470.9562821891923,0.027251866,0.1240234375,4.0445976,0.75568444,2.699721799278525
90.24,0.079257846,2427.7120327883567,0.059227046,0.12060546875,1.1555996,0.6836593,2.6371529579342647
90.272,0.12895635,2414.7194929026914,0.07476177,0.1298828125,0.35118416,0.73332536,2.5635069815674414
90.304,0.1631721,2353.3785605093262,0.044733547,0.1279296875,2.2531786,0.83149946,2.4816739509196033
90.336,0.14510997,2298.6196520831036,0.026753195,0.10546875,5.0580673,0.8652181,2.4053720849495637
90.368,0.120552585,2294.1494288214226,0.019154813,0.0908203125,0.8611789,0.8347549,2.3349401901033877
90.4,0.11833428,2141.7819472878887,0.012503339,0.08837890625,0.19709764,0.8580969,2.27178412916575
90.432,0.11796013,2292.1529902771395,0.028950324,0.0947265625,0.19337492,0.8168845,2.2171029107311275
90.464,0.11528622,2532.689181897045,0.058753017,0.11376953125,0.31113565,0.7084215,2.1683563806189543
90.496,0.09805444,2581.6683913869265,0.044639826,0.15283203125,3.2600594,0.6310222,2.1229371501313543
90.528,0.06784057,2580.6472137851156,0.058555935,0.17822265625,2.578084,0.58069557,2.0763711489768575
90.56,0.09007489,2557.1352963041963,0.11511106,0.15771484375,0.22983211,0.56556875,2.019942050234299
90.592,0.17083178,2328.0570740546214,0.05379285,0.13671875,0.2586946,0.8421952,1.962497514750042
90.624,0.2065211,2172.478258504185,0.016083341,0.0908203125,5.915986,0.9397157,1.9087314416105143
90.656,0.19829926,1934.6618755067907,0.008888821,0.0556640625,2.1808846,0.95203316,1.8515240014118906
90.688,0.17444415,1904.6297025555011,0.00876244,0.06494140625,0.2208403,0.9474782,1.794615255364112
90.72,0.13717796,2046.4851952125193,0.012589267,0.08251953125,0.2616413,0.91517293,1.7468288643514507
90.752,0.11745778,2287.6147495626155,0.017641544,0.10888671875,0.4202035,0.88301134,1.7162722867059514
90.784,0.10520298,2548.5603271405516,0.023544345,0.11376953125,0.66860604,0.7418315,1.6822054051942934
90.816,0.0993724,2509.045368471802,0.017713157,0.11962890625,1.2729886,0.70736146,1.6222081803651744
90.848,0.09266054,2811.986381526115,0.05325604,0.1357421875,0.9459994,0.7025386,1.5447966990330921
90.88,0.108918965,2973.3944941785294,0.084628925,0.14990234375,0.22964062,0.512641,1.4601261382899657
90.912,0.10021433,2936.353604048244,0.060362726,0.1806640625,2.994926,0.5635436,1.3756895028295166
90.944,0.074214175,2832.834400614809,0.052142773,0.20458984375,3.130574,0.53161824,1.2990142274364633
90.976,0.056426674,2865.6023093538633,0.052758448,0.20556640625,0.37152347,0.37127224,1.2317262138450582
91.008,0.056377675,2751.222660768649,0.07409774,0.2197265625,0.29289675,0.49145278,1.1773887727112609
91.04,0.084449925,2626.8170258258006,0.15073462,0.1982421875,0.235439,0.37744194,1.1438944301660188
91.072,0.116864644,2558.0155913187855,0.09848662,0.173828125,2.2121701,0.51602656,1.1247285816904924
91.104,0.10922173,2454.058753452563,0.04324971,0.15966796875,6.8007836,0.67099524,1.1212752339054837
91.136,0.09977026,2411.475551590327,0.030211966,0.14599609375,1.4452541,0.8109845,1.130514481720001
91.168,0.11034469,2783.4347435074633,0.06272528,0.14990234375,0.13744633,0.7157379,1.1353335293399025
91.2,0.11292786,3015.5380567746893,0.07440108,0.14794921875,0.37446326,0.6509328,1.1259549431880096
91.232,0.100269176,3044.9082993052357,0.05195749,0.1298828125,3.5087311,0.73479044,1.0963432269718114
91.264,0.093646824,2813.5407320205895,0.032927457,0.09765625,1.1661181,0.798627,1.0626620512148348
91.296,0.09068963,2585.9171958675643,0.022365741,0.08935546875,0.29221168,0.8236666,1.0348970847264733
91.328,0.09432584,2743.676709646823,0.042348985,0.09228515625,0.4284272,0.8119657,1.0240716446578702
91.36,0.114189036,2797.012058790372,0.05230725,0.11376953125,0.43849134,0.8092282,1.0313727589062054
91.392,0.10440404,2678.049007521024,0.03564929,0.17919921875,2.8395667,0.75135165,1.040660854327905
91.424,0.082795516,3287.1960239243163,0.067638226,0.22802734375,2.3808787,0.6437908,1.046753250039593
91.456,0.09897733,3185.425836566311,0.15366235,0.2265625,0.60327476,0.55360025,1.043116708404092
91.488,0.15021126,2680.1706446062904,0.08628344,0.212890625,1.0982461,0.7333213,1.032521559056657
91.52,0.14824466,2406.402323899223,0.042273913,0.16748046875,5.6539383,0.8113915,1.0156999511620706
91.552,0.12842591,2244.7889056783265,0.031257205,0.125,2.311044,0.780348,0.9988473879911097
91.584,0.103973836,2224.3137905119984,0.026616154,0.12939453125,0.4000038,0.7321527,0.9825405988466839
91.616,0.09010702,2297.6322891865257,0.027771736,0.14892578125,0.62060314,0.79817045,0.9648028821092387
91.648,0.088248745,2532.0637240966325,0.057370003,0.158203125,0.3671487,0.6953953,0.9570561749210572
91.68,0.09844302,2524.706086537392,0.04752285,0.16796875,0.42038327,0.602112,0.9617713501768751
91.712,0.08731973,2522.4990885285742,0.02842438,0.20703125,2.9365735,0.59316045,0.983812039927155
91.744,0.07770602,2592.620457496897,0.094282895,0.18310546875,0.9750002,0.5279017,1.0339747603885299
91.776,0.13863885,2336.3840075331573,0.066604495,0.15625,0.2006397,0.76688653,1.0984256358579636
91.808,0.18633601,2156.9781855733663,0.029126994,0.130859375,4.2015166,0.90149397,1.1632265579741903
91.84,0.19583693,2006.3154510195366,0.012088517,0.08154296875,3.9129083,0.9352869,1.22754412915799
91.872,0.1774052,1958.803067618232,0.010754532,0.083984375,0.71016365,0.93570185,1.2976911590927227
91.904,0.15146759,2038.9927918813646,0.011519858,0.09619140625,0.27985534,0.9235091,1.3698241613803501
91.936,0.13112013,2135.709854272971,0.01472617,0.10986328125,0.52478826,0.83361244,1.444163274085607
91.968,0.11541929,2275.0747168196494,0.017986462,0.11279296875,0.57771415,0.6442406,1.5248027864112845
92.0,0.10566432,2434.8550936284564,0.014751344,0.11181640625,0.68171483,0.6123727,1.6113933960428235
92.032,0.10339231,2452.7118046575365,0.010066964,0.10693359375,1.4839267,0.5752055,1.709572958150461
92.064,0.09991707,2487.094711478454,0.010233838,0.10791015625,0.8386167,0.5458968,1.8098795776847536
92.096,0.09031478,2617.8218541182014,0.011471727,0.11083984375,1.2530875,0.6629183,1.9135320699785012
92.128,0.092135966,2587.2604361058984,0.009545545,0.11474609375,0.64384496,0.5994292,2.0214547591108607
92.16,0.098028466,2309.501138621067,0.0071259784,0.10791015625,0.7816094,0.496656,2.1367532035217724
92.192,0.09090502,2019.7574711701745,0.0076706745,0.115234375,0.5922707,0.5925683,2.2531910490020755
92.224,0.09691264,2002.3651713179909,0.0126722865,0.12841796875,0.72318035,0.5358325,2.35506557385955
92.256,0.109304026,2295.5946153528344,0.012064012,0.14404296875,1.8420902,0.41267464,2.450165833771431
92.288,0.099951476,2624.4701034148648,0.010733739,0.15869140625,3.8034244,0.44563332,2.537673890471769
92.32,0.08876324,2526.855382296736,0.010252508,0.138671875,1.7660608,0.57554644,2.605666973974181
92.352,0.08686241,2234.9822683694874,0.008478438,0.13232421875,0.5456561,0.6487567,2.6501207890698266
92.384,0.093325675,2421.0872726010475,0.012629196,0.1279296875,0.57278305,0.5212546,2.6782619001311287
92.416,0.09773157,2633.2141333205473,0.010891489,0.13720703125,0.9560971,0.3899614,2.6965183976351894
92.448,0.099996686,2636.321096901248,0.007456927,0.154296875,2.7594774,0.3377489,2.704591531012608
92.48,0.086023435,2704.901422798119,0.008784875,0.16015625,1.1415362,0.44528395,2.7035821964150353
92.512,0.08393031,2679.0526497685587,0.011716178,0.17138671875,0.40009367,0.4904441,2.6887245819809817
92.544,0.084176056,2711.0592437736523,0.022153033,0.173828125,0.6463871,0.47793156,2.6776349657770058
92.576,0.08205504,2770.783792457524,0.024876434,0.17333984375,2.0592988,0.4700776,2.667936054621131
92.608,0.07410284,2883.8213409772825,0.026911877,0.18115234375,2.9217162,0.52166104,2.65291374457985
92.64,0.07318481,2837.8593263611892,0.028388394,0.19091796875,1.285181,0.46063006,2.6232843812247117
92.672,0.07118086,2850.7600012044995,0.024119232,0.19580078125,0.58127296,0.26241222,2.5817706436229333
92.704,0.06627749,2990.977370287934,0.02971679,0.19482421875,1.2737058,0.054808814,2.5349170657404656
92.736,0.06447726,3155.9641556052425,0.025628261,0.18896484375,0.8718753,0.0024813344,2.4883974362464754
92.768,0.06597772,3337.266933505038,0.022836417,0.17626953125,0.93039477,0.0007616348,2.4445075232535727
92.8,0.065742634,3415.835676578574,0.024963407,0.17626953125,0.8021114,0.00047076083,2.4011314041287726
92.832,0.06411516,3375.3100140672555,0.025459362,0.1923828125,0.6467769,0.00031706732,2.362907539559884
92.864,0.0646456,3289.7641213011275,0.02520088,0.220703125,0.6948612,0.00031659016,2.3321718150592696
92.896,0.059746075,3260.359833389608,0.03676227,0.2275390625,0.81471515,0.0005209457,2.312926979102311
92.928,0.056712534,3080.4917148950053,0.07129417,0.23974609375,0.7894735,0.008677604,2.3000605852896303
92.96,0.097755566,2556.6971216767724,0.11831286,0.20654296875,1.6056924,0.5263679,2.2948804080497056
92.992,0.16949473,2257.5885854666567,0.050547484,0.13916015625,4.246005,0.85061395,2.2987877067527274
93.024,0.21896355,2002.073474145617,0.011987259,0.10107421875,8.153557,0.9637419,2.301203735694608
93.056,0.21807852,1909.587677458525,0.0057785003,0.06396484375,1.9093105,0.98187464,2.2985391261593637
93.088,0.18268101,2544.4840592458513,0.012438858,0.07373046875,0.18786989,0.9607257,2.2892794337491997
93.12,0.14617108,3187.119011650574,0.028264383,0.09326171875,0.13424996,0.9065196,2.2810797289867715
93.152,0.12167096,3230.6345970845655,0.040607776,0.11181640625,1.3637253,0.85420775,2.2765293772069155
93.184,0.11457366,2756.170797486559,0.03695927,0.12060546875,1.4615027,0.70160145,2.271919716564683
93.216,0.11471368,2582.064394703836,0.024287347,0.123046875,1.507699,0.6112376,2.2711533347351938
93.248,0.10790785,2786.938162973989,0.021238895,0.1357421875,1.7359648,0.56525165,2.281027409934593
93.28,0.10362792,2902.5806422629175,0.02413274,0.13427734375,1.017707,0.570334,2.3066334396750414
93.312,0.09701756,3071.410050327211,0.03217614,0.14501953125,0.5111888,0.6528996,2.3537116070419786
93.344,0.088204674,3612.6757414266626,0.039413664,0.14306640625,0.7604719,0.8036669,2.4183086622250065
93.376,0.08456394,3831.649004499968,0.03098237,0.12451171875,1.0742859,0.8531081,2.493275726737531
93.408,0.08338676,3589.387414615885,0.03133446,0.12353515625,0.7040652,0.86456513,2.57641737465311
93.44,0.09129269,2924.913012388445,0.032741256,0.12158203125,0.23706216,0.70484585,2.6662993512694446
93.472,0.09811124,2586.4501720711814,0.025196653,0.109375,1.1464573,0.55977035,2.747227677812
93.504,0.083505936,2548.389042860369,0.027543478,0.1572265625,3.083006,0.6537493,2.810704191303259
93.536,0.053313024,2802.783678701027,0.05140291,0.2294921875,1.6200118,0.7790653,2.8666739534143737
93.568,0.035782214,3363.278793419754,0.20181842,0.24658203125,0.7514012,0.27263415,2.9138332933973228
93.6,0.050890524,3222.6722854503787,0.12363969,0.28271484375,0.83390576,0.3480283,2.9447031798088577
93.632,0.06263749,3047.687727501786,0.07122228,0.2744140625,2.564507,0.34036532,2.955993614184632
93.664,0.06316308,3097.368893531194,0.0498351,0.216796875,2.052031,0.21594086,2.9554293554154274
93.696,0.06392532,3077.5816697461883,0.03813533,0.20166015625,1.1182475,0.13461922,2.9410265406583753
93.728,0.066200286,3036.3301574290836,0.031289153,0.193359375,0.5872293,0.090287946,2.9055313930008264
93.76,0.06764734,2946.6745696799817,0.027669257,0.17529296875,0.5134479,0.07203529,2.8523097222175493
93.792,0.068304986,2930.0171159156275,0.027072396,0.17138671875,0.47795033,0.06957395,2.7869028019447537
93.824,0.06884102,2939.0733506568195,0.024278993,0.16259765625,0.94503355,0.062757075,2.706992700263804
93.856,0.068487994,2963.021057732013,0.021345962,0.1435546875,0.67324036,0.054137234,2.5929327175869474
93.888,0.06948088,2986.7810655669427,0.019834504,0.13916015625,0.564446,0.044873424,2.4599967221544645
93.92,0.06945699,2970.9759616043402,0.020245327,0.13134765625,0.49752045,0.037936095,2.3230342463222793
93.952,0.0665739,2808.730506311772,0.025973447,0.146484375,0.6181836,0.035053387,2.1929492210205748
93.984,0.061037738,2705.946212546229,0.03198116,0.16943359375,0.7849636,0.034964547,2.0698095574647777
94.016,0.058736112,2689.8365319319555,0.034001336,0.1875,1.3477478,0.02432613,1.9525664686596513
94.048,0.05180693,2731.589401455605,0.049584042,0.22021484375,1.5691699,0.019007185,1.8506875975824104
94.08,0.039987262,2874.6407375062854,0.06861707,0.24755859375,1.3131692,0.013285407,1.7743496578787037
94.112,0.029571122,2952.804729129211,0.08327118,0.2919921875,1.3438256,0.009774691,1.722968280936012
94.144,0.054852583,2546.9258303209294,0.1400288,0.25732421875,0.8970874,0.3573547,1.689117714417923
94.176,0.14963175,2220.9993054144907,0.059865605,0.20751953125,0.33583176,0.76755965,1.6708407513310084
94.208,0.19585456,2115.058740996092,0.02658382,0.14306640625,8.377416,0.90937996,1.6674945647158368
94.24,0.21190517,1996.20290300638,0.009967152,0.06396484375,5.5465107,0.9585231,1.674042481731032
94.272,0.18883221,1972.4776921112898,0.007631288,0.05712890625,0.710083,0.9604109,1.680572351955855
94.304,0.1496974,2014.809597441265,0.009170185,0.06689453125,0.1764634,0.94036263,1.6869002441710454
94.336,0.12036917,2168.7231168373687,0.013325599,0.09375,0.25627744,0.914251,1.716040367248675
94.368,0.09856542,2467.7752777289215,0.024245152,0.1083984375,0.5433171,0.78898644,1.7507934800924465
94.4,0.09311267,2554.0172990072288,0.021514086,0.11572265625,0.5287663,0.6352761,1.788919116076583
94.432,0.086215146,2580.733840076851,0.02616236,0.13818359375,1.2816851,0.7098546,1.8317113868401038
94.464,0.09747799,2939.2450967002624,0.091228604,0.14404296875,0.6369787,0.57571507,1.8787471170867136
94.496,0.10632735,2990.2995861881836,0.080466345,0.15673828125,0.9315887,0.5466808,1.9190770269258017
94.528,0.09280883,2880.4781565389394,0.044071935,0.19775390625,4.959358,0.6759966,1.9482419118068874
94.56,0.07012125,2856.425073537698,0.044635784,0.18798828125,0.89341223,0.5971351,1.959947226680979
94.592,0.05387011,2854.7896597039535,0.058381926,0.2109375,0.14664702,0.47765425,1.9555709604216858
94.624,0.06619473,2792.5457569372666,0.13623904,0.21630859375,0.21002331,0.37906212,1.9399308145002891
94.656,0.10194597,2603.5438634997136,0.11454461,0.1826171875,0.61425173,0.45601648,1.9207073810459063
94.688,0.12073991,2401.084576566872,0.05146229,0.16357421875,5.294207,0.6899367,1.9020116226050992
94.72,0.11163326,2457.6867834894842,0.0278487,0.13818359375,3.414495,0.82400376,1.8907025159085074
94.752,0.1154123,2673.7023634145808,0.04230462,0.1318359375,0.46265882,0.80186653,1.895379123003726
94.784,0.12997003,3089.794151621967,0.09389268,0.13232421875,0.12667763,0.63288087,1.9203012932255636
94.816,0.12504016,3167.8703153033002,0.0761822,0.13623046875,2.5126305,0.6839353,1.9670376392120288
94.848,0.104471885,3007.7478529436657,0.04382607,0.12353515625,3.4307127,0.75802416,2.0404032849020948
94.88,0.09611169,2754.2938936096793,0.029459458,0.09765625,0.23507793,0.79190797,2.1241697002799906
94.912,0.09239145,2536.9154468231864,0.023478713,0.0986328125,0.31907386,0.8149006,2.2178150957809777
94.944,0.10406977,2417.2611485361135,0.036180034,0.1015625,0.48043492,0.8352856,2.321553925472479
94.976,0.11702879,2523.4867557666453,0.03524964,0.107421875,0.8090913,0.8200267,2.426781997951391
95.008,0.10268016,2651.725813261438,0.030100783,0.134765625,3.183389,0.7669021,2.5275119688620857
95.04,0.07879211,2580.194529014282,0.06486027,0.12841796875,1.2511891,0.7101149,2.619203595410643
95.072,0.13120766,2418.7082193510028,0.071378365,0.13330078125,0.3736579,0.7663169,2.7020624446596706
95.104,0.1608277,2388.4229830109953,0.047468964,0.134765625,2.1113365,0.84024006,2.7752540186428063
95.136,0.13353918,2420.9413792316127,0.036141373,0.123046875,5.077169,0.84836733,2.835653978113518
95.168,0.10284269,2436.2860288535558,0.028776739,0.12451171875,0.976969,0.7686002,2.88672450471433
95.2,0.09646083,2329.880352927985,0.020962682,0.1396484375,0.18715823,0.78156084,2.925968545987663
95.232,0.098478496,2471.1275130606787,0.050654422,0.14892578125,0.17683941,0.73807657,2.945797751195061
95.264,0.09876058,2654.3215222380263,0.081902206,0.15380859375,0.25032544,0.6145386,2.9429693962613013
95.296,0.08741215,2626.652785009754,0.051677726,0.1787109375,3.4978554,0.5757749,2.9140685630354226
95.328,0.06553028,2618.7310709889534,0.057710722,0.17822265625,2.1926894,0.56448513,2.857881392123179
95.36,0.09340383,2567.1181663968378,0.11854118,0.15478515625,0.20366204,0.5347672,2.775507564105647
95.392,0.17565171,2289.0595212279704,0.05120431,0.13623046875,0.3846511,0.8405435,2.6689578912486285
95.424,0.21630836,2128.840917656797,0.0143138245,0.0888671875,6.363885,0.9484519,2.546042509232527
95.456,0.20998776,1941.3527921848306,0.0082260175,0.060546875,2.1339548,0.9623318,2.423843841686407
95.488,0.18183792,1973.8694815568674,0.008630461,0.06005859375,0.23192939,0.957078,2.30625240695224
95.52,0.13730885,2139.9098439695,0.014031829,0.07421875,0.20850116,0.9311063,2.1956003666075414
95.552,0.11366719,2383.046926339486,0.022742959,0.10107421875,0.43181396,0.8919419,2.095638928173013
95.584,0.09917851,2638.19543534783,0.028956808,0.10888671875,0.73336494,0.7298111,2.0082180647111385
95.616,0.094604276,2607.0195569530433,0.021462701,0.12353515625,1.2502965,0.69411916,1.9309406892913201
95.648,0.089664556,2978.094698363812,0.06660911,0.140625,0.9468943,0.6841824,1.8555100874672268
95.68,0.106011435,3107.989345182292,0.09149469,0.15966796875,0.29289466,0.51333,1.7714213382940736
95.712,0.09846679,3000.341365957694,0.05965381,0.1796875,3.1013582,0.6022156,1.678771792010513
95.744,0.07501519,2895.0443923968587,0.049771428,0.20556640625,2.9290993,0.60272557,1.5772599798642426
95.776,0.055657744,2949.058651296335,0.05681763,0.20556640625,0.40296358,0.4103499,1.4675214739057318
95.808,0.053797882,2884.7219810606066,0.072120644,0.208984375,0.3477775,0.46497253,1.356516263305958
95.84,0.07443611,2534.484526214144,0.11605038,0.1962890625,0.40168577,0.4764574,1.252958346651534
95.872,0.10935476,2378.620777301615,0.068412304,0.1669921875,1.7563206,0.62360173,1.1641370134423379
95.904,0.107014515,2386.708156116668,0.037899844,0.16357421875,5.3138704,0.73904127,1.0921070078856059
95.936,0.09482246,2671.8631874676935,0.040178195,0.1611328125,1.6035107,0.7867948,1.0295654274200552
95.968,0.104771756,2972.9279274485934,0.08728269,0.16650390625,0.13594607,0.6238103,0.965637722861783
96.0,0.10368332,3054.5430598737958,0.10280013,0.16650390625,0.52500355,0.58631897,0.9054522518536972
96.032,0.08975217,3027.2638642446655,0.0677638,0.1396484375,3.629392,0.72426516,0.8575389536774347
96.064,0.08973073,2558.9526520711343,0.031837057,0.11376953125,1.0805626,0.84529054,0.8311105864072614
96.096,0.096328266,2634.086006833976,0.03298323,0.11474609375,0.1972886,0.86368805,0.8277212212274759
96.128,0.10096306,3025.284997139426,0.08215573,0.11865234375,0.6687425,0.7460849,0.8517572564523519
96.16,0.119135864,2556.4198481087374,0.054007113,0.1328125,1.1153924,0.66838986,0.9062801524963606
96.192,0.12361734,2284.9420736176453,0.020914134,0.14013671875,3.7361531,0.44349077,0.9798666416804674
96.224,0.092480525,2287.738695298196,0.02071066,0.14306640625,1.6863171,0.4300146,1.0677959075174281
96.256,0.08767923,2435.390997698798,0.07631414,0.13330078125,0.5303352,0.7069861,1.160222563156553
96.288,0.14274506,2425.573212188675,0.056305084,0.1298828125,0.25039953,0.8231865,1.250111145522373
96.32,0.14214653,2404.4086607675617,0.0413784,0.1279296875,5.1679683,0.8451099,1.3348171882602444
96.352,0.10762234,2295.6035914743375,0.036251534,0.10546875,2.8909721,0.783451,1.4071253412583857
96.384,0.095952466,2044.8108061349776,0.019459892,0.10791015625,0.5672292,0.84661406,1.471553237109703
96.416,0.10100657,2020.7125114648745,0.013340421,0.1171875,0.315189,0.8824105,1.5306354735088328
96.448,0.1051206,2223.2998754674823,0.02145829,0.1240234375,0.29953536,0.7334788,1.5998517664196505
96.48,0.0966281,2405.3001319546192,0.03150595,0.1357421875,0.52986354,0.6411141,1.6829838174010348
96.512,0.07566897,2375.229898734027,0.03420216,0.205078125,2.6162925,0.7679313,1.7679016453401473
96.544,0.06370708,2952.445004883228,0.14712724,0.19580078125,1.4555715,0.54578394,1.8458111813664362
96.576,0.13580573,2636.9746596629366,0.081245035,0.18701171875,0.51221794,0.7639915,1.9106678400000892
96.608,0.19641379,2144.0303681685727,0.02507194,0.1669921875,3.9973679,0.91898376,1.9603342721878454
96.64,0.2191669,1745.7789409761392,0.006879365,0.08203125,4.1133423,0.9234987,2.00149681985339
96.672,0.19063935,1560.881252321985,0.0038638802,0.060546875,0.9578152,0.8975847,2.041100126186467
96.704,0.15305379,1470.0061097540047,0.0034274661,0.04541015625,0.5456276,0.93250966,2.0821633524485907
96.736,0.12535547,1775.0763966939708,0.008497476,0.05322265625,0.15076917,0.9564792,2.1357136333519664
96.768,0.11033701,2163.4840079314063,0.018052567,0.0703125,0.262306,0.9176239,2.2083278925437306
96.8,0.10919694,2182.2667959177625,0.012847794,0.08740234375,2.7138274,0.85706794,2.2987959384601075
96.832,0.1065989,2000.0827388050193,0.0070698746,0.08544921875,2.3012404,0.74745566,2.4118510084536737
96.864,0.10425423,1639.3695451120057,0.0043628854,0.07763671875,1.0141088,0.82160544,2.528572508694697
96.896,0.107785754,1450.951527744951,0.002595325,0.07421875,0.7773576,0.94035494,2.6500711469424743
96.928,0.110072955,1783.3922481801815,0.00856933,0.09033203125,0.95533586,0.85900646,2.7768440399618037
96.96,0.1116967,2253.2465493607597,0.025225839,0.11767578125,0.5682547,0.60662884,2.896583105391937
96.992,0.10011478,2507.6576197076124,0.031245498,0.12841796875,4.823942,0.57940984,3.0023605885691893
97.024,0.09181382,2464.099731214889,0.023298994,0.109375,3.7135382,0.6924012,3.086813292361647
97.056,0.08411353,2246.669308137476,0.011768881,0.07275390625,0.77959394,0.85718566,3.1538692393716863
97.088,0.08235392,1740.6748965406523,0.0036483505,0.05322265625,0.39373988,0.96420807,3.2051397987219947
97.12,0.08570763,2344.4926472081834,0.010824853,0.05126953125,0.13387746,0.9404308,3.2379152896668986
97.152,0.086861655,2900.7027003543053,0.025200631,0.06689453125,0.30493355,0.8870721,3.249497773889553
97.184,0.08524588,3083.8933787508154,0.032715052,0.08935546875,3.1941586,0.86190313,3.2455742140537778
97.216,0.08484253,2930.610715836585,0.032337215,0.076171875,2.9452336,0.8527191,3.230183985649014
97.248,0.08204492,2644.415205669224,0.019192396,0.05712890625,1.4847001,0.9046535,3.2021842765980266
97.28,0.08039575,1834.6175641630289,0.0049120504,0.04833984375,1.019278,0.96477073,3.1602520369520644
97.312,0.09110709,1619.6978264100203,0.009469063,0.05078125,0.6335727,0.90889895,3.0986482289993407
97.344,0.11767035,1904.0640888920016,0.019980643,0.07421875,0.6020552,0.65337497,3.0415174697748477
97.376,0.120134525,2177.419259571746,0.014108556,0.08154296875,5.277811,0.3979892,2.982467168868163
97.408,0.09482724,2258.874039370072,0.0087998295,0.07666015625,5.339127,0.4591324,2.9169505357451913
97.44,0.07400978,1965.157584197747,0.012879634,0.0859375,0.73777854,0.8306027,2.8433438347989304
97.472,0.079540305,2224.8094830358104,0.025652848,0.0869140625,0.15309694,0.7421719,2.7644112689088844
97.504,0.08961777,2178.482165052901,0.01898705,0.11669921875,1.9547985,0.7102394,2.691033555768536
97.536,0.09639867,2477.705937019724,0.011629944,0.13037109375,3.764314,0.60920465,2.6193915849028637
97.568,0.08943822,2518.1022508344277,0.00767756,0.119140625,1.2010554,0.69462687,2.5589079673494566
97.6,0.086497076,2010.5431837212873,0.0042363973,0.13037109375,1.0549738,0.82591015,2.5154601907830463
97.632,0.08898428,2480.3493512318128,0.0071298606,0.12255859375,0.57482886,0.6508734,2.49718416981339
97.664,0.0813053,2772.5395839791095,0.016789353,0.1201171875,0.55126464,0.62584734,2.500027150195572
97.696,0.065560125,3187.7877421072053,0.034846805,0.1201171875,2.3658762,0.8121054,2.5180464271529863
97.728,0.06018916,3724.79721871353,0.02952372,0.12060546875,2.0988588,0.88343626,2.548933601351096
97.76,0.059892245,3679.435388459549,0.049441483,0.1328125,1.2694305,0.8283548,2.5881805258357296
97.792,0.07003957,3101.8852299278524,0.055677373,0.14892578125,0.3668142,0.7802824,2.638137288846243
97.824,0.08334974,2648.4034080586644,0.025789151,0.16162109375,2.5412757,0.76067495,2.6938967857790326
97.856,0.08313255,2704.823250770874,0.013984707,0.15771484375,3.5060647,0.7057318,2.7608763048796607
97.888,0.07985185,2692.848876186762,0.012634269,0.1494140625,1.2902042,0.66720605,2.8445880002047392
97.92,0.076475985,2400.345064806941,0.027422426,0.15625,0.5511912,0.6304235,2.95378259733092
97.952,0.08336638,2263.288611654239,0.033224575,0.16552734375,0.8823956,0.6146818,3.088711075095416
97.984,0.08616448,2508.251005673308,0.017218579,0.1787109375,3.7344942,0.57356316,3.2362206869839407
98.016,0.08194514,2796.361058963372,0.017677858,0.1884765625,2.2323563,0.57666427,3.392288608535285
98.048,0.08124099,2770.1832417645373,0.037393797,0.1904296875,0.6307037,0.5098054,3.5456414389771322
98.08,0.08108667,2791.861674511819,0.048115723,0.17236328125,1.3321717,0.29114294,3.6899562564201593
98.112,0.07418173,2747.837173615203,0.03909762,0.169921875,2.5743294,0.23494877,3.8309527901171885
98.144,0.052539904,2783.177711535451,0.070169866,0.14404296875,2.3026898,0.4237534,3.970063864765886
98.176,0.036203705,2958.2702498008366,0.09754682,0.14306640625,1.0162365,0.66048753,4.106472261360693
98.208,0.041735616,3246.5415908959408,0.075319536,0.185546875,1.2208968,0.7609654,4.238746588387903
98.24,0.04992218,3420.0422094051446,0.15031607,0.17919921875,0.41831723,0.50163716,4.372272618225296
98.272,0.0722246,2790.659424382406,0.050021358,0.2119140625,1.0419304,0.59482485,4.495619875825707
98.304,0.08546153,2627.438388380537,0.01925581,0.2216796875,4.583438,0.3729003,4.59680050076315
98.336,0.07545734,2714.945863884075,0.02117232,0.2099609375,1.4736837,0.2916344,4.686289675981875
98.368,0.06762479,2615.980236846648,0.052324895,0.220703125,1.0793971,0.2826277,4.75380849931643
98.4,0.08142445,2371.2076959444794,0.042665005,0.22021484375,0.93824774,0.321442,4.794773697155209
98.432,0.0770139,2399.5531330787553,0.020321526,0.1953125,3.8201995,0.33005613,4.806631900660319
98.464,0.056146894,2477.619894530347,0.034104977,0.18017578125,1.4037011,0.53714806,4.794705469096915
98.496,0.036676448,2808.5702722810074,0.06862329,0.19580078125,0.31694925,0.6546578,4.764219377367555
98.528,0.042372078,3229.3523767158713,0.14284618,0.18310546875,0.6699202,0.4021088,4.711258031765281
98.56,0.06330097,2758.4504309408358,0.0803113,0.216796875,0.86830527,0.4891282,4.65067709145299
98.592,0.07966564,2672.5876427883886,0.032605197,0.23046875,4.0941024,0.2982771,4.5827983877707865
98.624,0.07613607,2716.899582357407,0.022069976,0.24755859375,2.3694615,0.18697345,4.508181992490552
98.656,0.05883435,2920.704302509756,0.0659019,0.27587890625,1.0194389,0.23298772,4.420810469846364
98.688,0.06284923,3064.980212751285,0.114174284,0.25537109375,0.53221405,0.47668967,4.317901059148191
98.72,0.092463195,2511.3375954712474,0.041517563,0.234375,2.18816,0.38934946,4.20499064649009
98.752,0.10259224,2217.3791715410803,0.016409473,0.1884765625,3.1717498,0.23801573,4.098442104356323
98.784,0.09618959,2224.942786577084,0.0106670745,0.17041015625,1.7418652,0.2978976,3.998571532341494
98.816,0.07916949,2340.825952350455,0.018254671,0.1806640625,0.9667892,0.30200195,3.887118904596911
98.848,0.074942335,2585.244245863531,0.034422394,0.19189453125,0.397337,0.21503781,3.7768986247598657
98.88,0.07062007,2703.3022600627555,0.054084636,0.23779296875,1.4119607,0.41681382,3.6824299830179315
98.912,0.060168643,3216.605855665418,0.06812389,0.240234375,2.2458587,0.64782643,3.626239656160606
98.944,0.06619205,3001.9102698110814,0.11523591,0.21142578125,1.5280463,0.59642434,3.6090909497431634
98.976,0.1473087,2328.034259641844,0.056147676,0.16796875,0.69612354,0.80672985,3.6186188274386333
99.008,0.20834887,2094.667201162363,0.021509867,0.09375,4.0479007,0.93683994,3.6633530575577935
99.04,0.22470659,2088.8090826475814,0.008755443,0.0556640625,5.2319574,0.9665083,3.701352097424909
99.072,0.19741982,2142.437816148011,0.009147855,0.0498046875,0.641961,0.9498471,3.7315708514531205
99.104,0.15947446,2173.160596558718,0.01198071,0.06298828125,0.32356876,0.9292812,3.7547212724585757
99.136,0.12594663,2299.592482705222,0.016806846,0.08544921875,0.709406,0.9247933,3.779477410218237
99.168,0.10667903,2724.6080285870244,0.037022136,0.111328125,0.7153108,0.8496217,3.8009265939163623
99.2,0.10428492,2925.621397433757,0.03784374,0.13330078125,0.74526507,0.7706415,3.806456036419859
99.232,0.101680584,2995.318969791496,0.02862542,0.17919921875,2.0220606,0.77926666,3.7875883493374722
99.264,0.095516354,3208.3461884092385,0.068930514,0.21435546875,1.0649256,0.69159514,3.7580159566695786
99.296,0.08536596,3262.2725400512218,0.09373364,0.23388671875,0.56442785,0.515131,3.7295148260991295
99.328,0.0728282,3242.471757557413,0.07680716,0.244140625,2.3195412,0.42942002,3.6900212661338188
99.36,0.06788534,3173.3365432233304,0.053926717,0.22119140625,1.1762128,0.4396867,3.63959321257384
99.392,0.07147354,3021.4763016441702,0.035963785,0.2080078125,0.56738365,0.41451457,3.5648836717199113
99.424,0.07214572,2744.3200159497756,0.09111309,0.19677734375,0.661561,0.43002442,3.4651256023757537
99.456,0.07932118,2565.189638338259,0.11471641,0.20166015625,0.6382732,0.30017257,3.351036523649178
99.488,0.08366869,2666.3028278351985,0.076535195,0.20166015625,4.925178,0.12832083,3.211429616331387
99.52,0.07904602,2743.794431033271,0.03806751,0.2080078125,2.9362698,0.072862804,3.0830259774150734
99.552,0.07424986,2825.1508323273,0.077409364,0.248046875,0.5758153,0.04993315,2.963008422843138
99.584,0.06991198,2947.6340422310436,0.15917307,0.30126953125,0.26422018,0.045053404,2.849188453391561
99.616,0.043865386,3306.0225383762013,0.2610349,0.3525390625,2.930112,0.06653571,2.7388792229142647
99.648,0.023668226,3564.479881395519,0.28869027,0.390625,2.853111,0.12929925,2.6396414341793033
99.68,0.01845265,3503.5073180158597,0.22731002,0.3896484375,0.13005975,0.13746876,2.555995494951927
99.712,0.020348521,3402.4826767564673,0.20514934,0.3212890625,0.07890258,0.10355865,2.4874460466734796
99.744,0.047161367,2733.835840227155,0.07100808,0.26123046875,0.17377469,0.6849108,2.426031435820176
99.776,0.077779174,3164.709492825853,0.04248974,0.18701171875,1.5992453,0.84865093,2.370269352897136
99.808,0.08016769,3811.662331755654,0.034363978,0.1357421875,3.7296615,0.8473239,2.32017381491832
99.84,0.07440542,3095.9710744890253,0.05715402,0.1220703125,1.4552624,0.83697426,2.26183713552392
99.872,0.12258382,2585.2499982360496,0.06483253,0.1064453125,0.48697847,0.84504735,2.1930539471307973
99.904,0.1603521,2379.5542721053134,0.033497695,0.1123046875,3.3372595,0.91327465,2.122999079615121
99.936,0.14041698,2256.356494877583,0.02208468,0.1044921875,5.7504463,0.90354985,2.0718193700954846
99.968,0.111201,2350.3995653691163,0.016982405,0.09619140625,0.9800759,0.8558904,2.0547421804985073
100.0,0.1015958,2271.7452459818264,0.016431414,0.10693359375,0.46386462,0.893949,2.0634588066207753
100.032,0.09368987,2351.2525023864046,0.03324425,0.1171875,0.30718178,0.8833616,2.0750049306966623
100.064,0.09352177,2546.970389534116,0.055492505,0.12890625,0.5043216,0.7500853,2.0920423792447265
100.096,0.09675476,2597.1247067037402,0.030038664,0.14794921875,3.210597,0.69814456,2.1172959189875327
100.128,0.091449,2626.338524889242,0.018220095,0.16015625,2.2595956,0.7232106,2.151449409593293
100.16,0.11299836,2379.839987122379,0.0561169,0.13525390625,0.56232226,0.74098045,2.1881419331827323
100.192,0.17170005,2150.146511459562,0.03542818,0.10546875,0.3268967,0.88457847,2.2261190991700164
100.224,0.21084256,2107.471896125633,0.012338055,0.083984375,6.344446,0.9619963,2.271999964606849
100.256,0.2006564,1967.6938915731853,0.006751892,0.07275390625,2.0087504,0.9637875,2.332583574646877
100.288,0.16944988,1958.2165473828347,0.0059518893,0.08251953125,0.40125722,0.90740603,2.409012006336882
100.32,0.13443452,2106.201805971256,0.0072620534,0.099609375,0.69071746,0.8597137,2.49615666222835
100.352,0.11570344,2190.5825827585645,0.0098994365,0.1083984375,0.5823482,0.7867897,2.5998724856399016
100.384,0.10656107,2142.192836270711,0.008919805,0.09130859375,1.086804,0.5945806,2.7260794267097546
100.416,0.1022458,1914.6651691870982,0.0052637826,0.09375,1.8564147,0.5408122,2.8740358469238805
100.448,0.09191885,2179.0187701953955,0.022641009,0.12255859375,1.0961201,0.5634526,3.0355007418644577
100.48,0.083755046,2613.855083031367,0.07116689,0.15087890625,0.51052535,0.45684755,3.196364497989382
100.512,0.07922736,2603.084947776859,0.06297179,0.181640625,4.9142914,0.21954255,3.3779954809881683
100.544,0.079518296,2515.3059952808107,0.031336296,0.19921875,4.163455,0.144398,3.562489265589819
100.576,0.07580876,2411.541053450137,0.01664452,0.16845703125,1.1608071,0.15387058,3.7423216928520073
100.608,0.0626467,2180.572122261392,0.028648008,0.15478515625,0.40717235,0.3052611,3.9152784944950048
100.64,0.06947351,2231.7527231880485,0.07056863,0.13232421875,0.5565634,0.6357537,4.080686425172184
100.672,0.11497224,2290.6106689331796,0.040478323,0.10205078125,2.2925718,0.8037542,4.236532064699137
100.704,0.123192966,2513.1241970961973,0.017980332,0.0947265625,5.2681813,0.9225303,4.37342692364427
100.736,0.11189931,2652.9777743928144,0.01549389,0.10009765625,1.7994895,0.9488975,4.488200793854886
100.768,0.10642449,2935.7999137591187,0.046150416,0.10595703125,0.15344813,0.83729756,4.6073709421140165
100.8,0.10374132,2989.517263703011,0.06738834,0.10595703125,0.30809584,0.7795477,4.748370066622995
100.832,0.104042,2798.30295848068,0.03994518,0.11669921875,3.9625015,0.7853311,4.906760315342158
100.864,0.10206191,2669.5516316210415,0.01809401,0.10107421875,2.050472,0.76503265,5.064596490094491
100.896,0.09684873,2448.657458516659,0.011761733,0.09033203125,0.7940705,0.74617654,5.201060932656694
100.928,0.093474954,2200.9057275384434,0.017531687,0.0869140625,0.34957987,0.7348192,5.314720056609903
100.96,0.09514878,1943.1276031506577,0.019317616,0.06787109375,1.0024756,0.809828,5.404441306595308
100.992,0.08438955,1828.8399751280099,0.0094601875,0.05224609375,2.9336333,0.93170124,5.458658286860396
101.024,0.06684536,1856.4656320209187,0.009576218,0.08154296875,2.1406808,0.9427143,5.48975046744437
101.056,0.091429435,2404.7296117541678,0.08807059,0.0751953125,0.022209294,0.66383284,5.500637268428619
101.088,0.16243432,2266.3005616658547,0.05165669,0.0849609375,0.5284599,0.78461224,5.491169729138612
101.12,0.16997626,2052.1915137200876,0.02569972,0.0908203125,10.961504,0.844115,5.456820488125661
101.152,0.13831222,2055.9296908839165,0.01699543,0.060546875,3.2391362,0.8453556,5.39653500826143
101.184,0.12306976,1840.7435319116044,0.008329614,0.06298828125,0.740246,0.93290263,5.314010991067751
101.216,0.12093205,1599.652164705863,0.00446107,0.0654296875,0.45354262,0.96499556,5.198165983797781
101.248,0.12327182,1971.350984035683,0.012258135,0.0712890625,0.26022896,0.8933723,5.019321181122671
101.28,0.11752028,2169.3839485249187,0.015999721,0.07763671875,0.4352128,0.7892904,4.784423766424236
101.312,0.11046257,2010.1190720263407,0.009503255,0.10009765625,4.0822835,0.74204105,4.510084518652099
101.344,0.0886236,2121.3499876727788,0.042703483,0.10498046875,1.3523353,0.56828463,4.209869681010665
101.376,0.13523394,2158.5794650868957,0.050538324,0.1123046875,0.3566236,0.6490984,3.881419404298054
101.408,0.16505955,2129.8551398203135,0.027596824,0.09814453125,4.3429713,0.76549643,3.5376914570785667
101.44,0.17122006,1959.2866888604917,0.011535929,0.06640625,4.0611606,0.88546413,3.2199328163521925
101.472,0.17309362,1765.5510801708542,0.004830148,0.05859375,0.7233771,0.95669025,2.9458403258865946
101.504,0.15149067,1746.879957000783,0.0055356347,0.05029296875,0.3011763,0.9488132,2.722426444077425
101.536,0.1305566,1939.3665180930611,0.009168341,0.06787109375,0.25628388,0.8522048,2.5344244343270637
101.568,0.110605195,2254.387360613082,0.010407173,0.08935546875,0.8332166,0.6893181,2.3715367506205594
101.6,0.09968799,2185.8304050789975,0.008968943,0.08251953125,1.7350209,0.59118253,2.234635677705996
101.632,0.09748728,1906.962322972181,0.011112119,0.10009765625,1.0686383,0.5985149,2.131326954069792
101.664,0.10553036,2468.749478554682,0.040030114,0.11962890625,0.61587024,0.62505543,2.064672821647901
101.696,0.10964284,2584.4510526742224,0.049640357,0.12939453125,2.0574923,0.6075556,2.0443066245555888
101.728,0.09936168,2435.788628706528,0.026262043,0.16064453125,5.563964,0.45754796,2.0819747056325877
101.76,0.08136353,2485.0108787993036,0.022738589,0.134765625,1.9437832,0.2620807,2.16559916548136
101.792,0.061807375,2407.9045079275,0.026649373,0.1357421875,0.37537923,0.2632158,2.2776859611626663
101.824,0.04898865,2573.2516173079634,0.11468242,0.1640625,0.52050704,0.47547573,2.406719941017919
101.856,0.058731303,2803.3366933211805,0.18398815,0.20361328125,1.131876,0.22207925,2.5528466969328196
101.888,0.052432794,3183.7021819523234,0.15716702,0.29736328125,4.813698,0.14180623,2.702470913763214
101.92,0.03430837,3635.0725283811757,0.16653475,0.353515625,3.239038,0.20969537,2.824776943700082
101.952,0.042382613,3495.876559334468,0.26003715,0.38427734375,0.35804957,0.08887555,2.9117259128354296
101.984,0.060884707,3374.3977794061384,0.27311358,0.3330078125,0.07752283,0.067574,2.9553097656635487
102.016,0.06561183,3176.355695003826,0.16832681,0.2412109375,3.9318545,0.12131038,2.97418532553529
102.048,0.07463841,2841.6044378303664,0.040371273,0.169921875,3.8629262,0.094158344,2.979700452061892
102.08,0.05824563,2686.2582041110913,0.02906402,0.14990234375,0.7763886,0.09486071,2.981224613671925
102.112,0.028591244,2551.0823307701,0.06577465,0.14697265625,0.3744891,0.19256358,2.968227122235582
102.144,0.05183089,2189.379766224247,0.032249827,0.1376953125,0.2171332,0.829977,2.9249403500156603
102.176,0.08951676,2018.8384409387131,0.010706596,0.1162109375,0.770144,0.9411944,2.8546521690025206
102.208,0.07923202,2184.3673063912065,0.0075672893,0.0654296875,2.8274834,0.9698633,2.7549742386607647
102.24,0.06963894,2354.7852727993786,0.03730401,0.0634765625,0.6737226,0.8905746,2.6185311549231307
102.272,0.12173506,2438.615729596395,0.063642725,0.0810546875,0.09461276,0.8384417,2.465081679185847
102.304,0.16033033,2253.680544405557,0.03387821,0.10546875,5.620754,0.87970877,2.3119238238610857
102.336,0.14580153,2156.3488953231877,0.017269138,0.107421875,7.1572175,0.764231,2.1672937857022387
102.368,0.117147334,2258.614985992392,0.008602784,0.12109375,1.3445898,0.6152959,2.03635259249442
102.4,0.107463636,2083.6439404037346,0.004594728,0.13232421875,0.37128317,0.63091576,1.9279479513102529
102.432,0.10402251,2176.4170216196826,0.0112395445,0.12646484375,0.10846644,0.6178638,1.8614716736847636
102.464,0.10121701,2290.873054894738,0.019541074,0.1279296875,0.16679984,0.54183376,1.8423786166226894
102.496,0.09625972,2335.693439151503,0.01346003,0.1220703125,3.7420454,0.49107286,1.8563310185798367
102.528,0.0877852,2283.556601197126,0.017197266,0.1171875,2.515748,0.5821309,1.8847849833492734
102.56,0.105892226,2197.948639427395,0.053370073,0.0986328125,0.3351748,0.6823195,1.9263546391775803
102.592,0.16737777,2012.9481221996107,0.031074809,0.0830078125,1.4684563,0.88587356,2.006492314934882
102.624,0.210521,1963.587247319051,0.010612222,0.0625,6.5957947,0.9588273,2.1231410453813204
102.656,0.20126773,1769.8868936887932,0.0037369137,0.04931640625,1.8260099,0.9608319,2.2479259467829653
102.688,0.1681044,1937.2668059831262,0.004210027,0.06005859375,0.36343744,0.95466125,2.3737151612459515
102.72,0.13133429,2236.960998606475,0.011947398,0.0859375,0.2932666,0.88413227,2.497693860605151
102.752,0.11594181,2397.0236615720805,0.017413545,0.10302734375,0.50151604,0.7158019,2.58945332859449
102.784,0.10131655,2496.8422191602754,0.012501477,0.10107421875,2.3901632,0.6163526,2.6300577039734567
102.816,0.09800737,2202.2726309598224,0.011806829,0.107421875,1.604844,0.64754784,2.6311269032775164
102.848,0.10088581,2186.3768133890126,0.019230083,0.10498046875,0.83066547,0.68742406,2.605583448297794
102.88,0.10609981,2562.051064440486,0.04460775,0.12060546875,1.4996517,0.71409786,2.5510622574461967
102.912,0.10391441,2487.087967483795,0.04072108,0.14892578125,3.992529,0.4918181,2.4517936372691156
102.944,0.088518776,2511.589123549813,0.02148132,0.1611328125,4.141046,0.2948683,2.3138770587934405
102.976,0.073568344,2495.7256452236998,0.016069697,0.146484375,1.1533209,0.1575064,2.152934876548241
103.008,0.055088867,2399.688130928912,0.04317851,0.16259765625,0.25955278,0.33106917,1.9814777760321558
103.04,0.05210697,2635.0195128364376,0.15279758,0.185546875,0.63835627,0.34698397,1.8007848686436643
103.072,0.057984855,2854.6363191496885,0.15785515,0.232421875,3.1395833,0.1786991,1.593284223338856
103.104,0.041896522,3367.1549301795926,0.14834635,0.32421875,4.9843726,0.17488794,1.3800551187588197
103.136,0.032319337,3671.733080727333,0.23377281,0.369140625,1.2466954,0.18126923,1.182744335947453
103.168,0.051471725,3511.9088079191706,0.277105,0.35498046875,0.115006134,0.06584901,1.0027650652741609
103.2,0.06397956,3295.0012966274935,0.19323781,0.291015625,0.8153392,0.11591872,0.8514178051646643
103.232,0.07157117,3091.1298378252495,0.06964819,0.2314453125,4.9171443,0.11586875,0.7474060393401647
103.264,0.05282175,2785.7006208251323,0.046960145,0.19482421875,1.6532103,0.13696632,0.7012224892853066
103.296,0.022202667,2872.9750427586123,0.1350561,0.20849609375,0.35113835,0.252731,0.6982154712197689
103.328,0.03524634,2568.707971480708,0.10642974,0.20947265625,0.32743236,0.31801063,0.720909385575181
103.36,0.08213787,2152.316337303155,0.030742694,0.185546875,0.26226562,0.72104865,0.7594314948679686
103.392,0.10228636,2029.964942577597,0.0146486545,0.1552734375,4.1592717,0.72658604,0.8107535418277736
103.424,0.089720316,2200.9905071554263,0.010082818,0.11474609375,3.1070824,0.61468065,0.8823233385894238
103.456,0.09867505,2229.3740783837075,0.045961425,0.11376953125,0.9163053,0.7709897,0.9778134210091958
103.488,0.15683565,2101.0511360595738,0.032199558,0.09912109375,0.60953486,0.88104564,1.0936397173592394
103.52,0.16684893,1969.0526579052123,0.014071834,0.0869140625,7.1643615,0.88116527,1.2146761359127984
103.552,0.1373736,2036.461752956759,0.007607364,0.07861328125,2.6369634,0.79522455,1.3323135956846002
103.584,0.119466454,1953.052360642207,0.0060859015,0.07958984375,0.36871937,0.743835,1.4566574932835388
103.616,0.111855574,1924.998232142398,0.009852066,0.09619140625,0.16078898,0.8018235,1.5808928841414434
103.648,0.11543845,2314.160916783446,0.019918567,0.09130859375,0.75079423,0.74360436,1.6857057787604572
103.68,0.11024065,2493.8744253806863,0.019541977,0.080078125,2.5265276,0.75599277,1.761924918912183
103.712,0.09233808,2118.212835538156,0.011580985,0.0966796875,2.7591035,0.9066615,1.7947837156771262
103.744,0.07792539,2166.876103766983,0.04470737,0.0927734375,0.7985201,0.82981485,1.784265426274874
103.776,0.1334463,2261.924318259572,0.062227543,0.09521484375,0.19621873,0.7770276,1.7708519195395709
103.808,0.17126976,2196.1248957221824,0.031811588,0.10009765625,5.3111105,0.8223054,1.7659432423037704
103.84,0.18635532,2031.5015323235684,0.010743366,0.0712890625,6.228319,0.83766973,1.7535598134181036
103.872,0.19063045,1803.9554601334835,0.0045735072,0.05517578125,0.9420303,0.88333714,1.7310915221809058
103.904,0.15760405,1646.7449375929646,0.004343124,0.04736328125,0.23774278,0.9085139,1.6867312091082298
103.936,0.12293849,1460.8887545549373,0.0039059941,0.04345703125,0.33834118,0.9586518,1.6071126535357625
103.968,0.09464716,1610.309966098957,0.0052963127,0.0380859375,0.67038506,0.9575552,1.508569939816634
104.0,0.07987915,1715.9810876589797,0.006491888,0.06201171875,0.5052962,0.93509316,1.4188014266863975
104.032,0.080289714,2481.519136389608,0.039227318,0.1064453125,0.6342191,0.7942913,1.3436966375923132
104.064,0.07815494,2897.863680664961,0.13436073,0.13525390625,1.0127695,0.39192992,1.2666767897318574
104.096,0.09166965,2901.04860294669,0.10219104,0.15283203125,6.085224,0.11361712,1.2120341163904187
104.128,0.10318729,2766.311478835485,0.026822006,0.138671875,4.909854,0.06657347,1.1989163635252447
104.16,0.106338225,2548.5140020580957,0.008371414,0.1025390625,0.9943377,0.06439067,1.218216162773941
104.192,0.10030673,2366.681915552697,0.0058550285,0.119140625,0.14747515,0.073506065,1.274417151027557
104.224,0.0894971,2470.7210059739637,0.035163898,0.1416015625,0.06179656,0.10846571,1.357421759644127
104.256,0.07318417,2501.532878718391,0.110859096,0.15478515625,0.6014049,0.13252832,1.4278347273125567
104.288,0.0703182,2447.6455737755396,0.070338205,0.15869140625,6.8942003,0.073401175,1.4757306219665236
104.32,0.0713697,2406.984421335076,0.025170097,0.1435546875,3.893891,0.034900013,1.5286796319206373
104.352,0.081298575,2863.2466721145192,0.04655948,0.15283203125,0.42404255,0.011979513,1.5975434790926728
104.384,0.091190584,3057.2668189813576,0.07666409,0.1806640625,0.31734398,0.013510465,1.679594096617686
104.416,0.08009177,2996.8168080171663,0.08660525,0.2099609375,2.840452,0.017482765,1.7778989493923154
104.448,0.074467294,2895.566821647306,0.05027387,0.2138671875,3.2213247,0.0104293525,1.884971964098696
104.48,0.07629713,2980.0414682120836,0.023690624,0.20947265625,1.0385374,0.0040455493,1.987600622348724
104.512,0.08373567,2732.1205264048485,0.024160169,0.1923828125,0.6190884,0.0035465003,2.093866895036306
104.544,0.082722165,2463.07417203582,0.03305268,0.1708984375,0.30425498,0.15696695,2.2108389302357314
104.576,0.09244394,2437.9081145123273,0.020368738,0.169921875,2.6927602,0.46304628,2.3102418584937983
104.608,0.07853809,2948.1600774084072,0.027760226,0.1796875,3.5816157,0.59199756,2.386379425540846
104.64,0.06528645,3178.089442953349,0.09700967,0.16015625,0.7311806,0.70766586,2.4563945757423498
104.672,0.11578572,2677.4419349217046,0.084371775,0.146484375,0.7899256,0.822904,2.5218712238328567
104.704,0.14983499,2448.813739467143,0.036585063,0.1376953125,4.1997366,0.91002005,2.5866364036015908
104.736,0.1342493,2186.006642521006,0.02089336,0.10595703125,5.143467,0.8107085,2.6333856166264735
104.768,0.12131906,2015.9666317488059,0.009547778,0.099609375,0.58694553,0.53635967,2.66058864232162
104.8,0.128014,1847.5492805660683,0.0049875854,0.10302734375,0.8217861,0.47753185,2.6730404253140216
104.832,0.115224645,1888.0044967253666,0.010640172,0.095703125,0.5416212,0.52544874,2.659223999651133
104.864,0.09867501,2050.023881368582,0.022020845,0.08740234375,0.36072963,0.5615699,2.6218345230770947
104.896,0.09291316,1893.6216598904784,0.009965921,0.08251953125,2.6531556,0.5165629,2.5525300299388958
104.928,0.091756746,1749.1130779198177,0.0068649473,0.09130859375,1.8655438,0.47994784,2.4413347376119363
104.96,0.11118995,2053.3912234123077,0.03957836,0.083984375,0.08256462,0.54400295,2.290752927290627
104.992,0.17180276,1974.5948881483835,0.028870532,0.072265625,0.53715193,0.8338453,2.1420890461785023
105.024,0.21553072,1859.1916118002766,0.010505197,0.0673828125,8.107305,0.9280606,1.990948639697247
105.056,0.20502184,1669.3566945394036,0.0047544646,0.0478515625,2.4611032,0.91699535,1.840482890509324
105.088,0.17083113,1530.814338920778,0.004458365,0.04736328125,0.48072785,0.88272,1.7119280313221408
105.12,0.13886513,1628.8149891420749,0.0054793926,0.05615234375,0.33362198,0.8672543,1.602512460312978
105.152,0.11847819,1916.588578891456,0.008329583,0.05029296875,1.0314002,0.851249,1.497745543810306
105.184,0.09539038,1885.5241010277796,0.008267159,0.04150390625,1.2961732,0.9245999,1.384778365713108
105.216,0.09093622,1407.768477025352,0.0024638271,0.04443359375,1.4171817,0.98275024,1.2762193250629565
105.248,0.088314444,2709.016591678367,0.025373256,0.0751953125,0.4007554,0.90504205,1.1780423289811441
105.28,0.08881893,3143.8767834290065,0.09933732,0.1142578125,0.24558969,0.66358227,1.0854539253237454
105.312,0.083092585,3029.7448452716017,0.08810086,0.15234375,6.9738197,0.48879585,1.0059446013998397
105.344,0.07531394,2755.3432999653614,0.038739935,0.16650390625,5.633978,0.3787198,0.938155980777587
105.376,0.05897025,2415.315699255201,0.03128737,0.13916015625,1.0946819,0.41679952,0.8940011612621231
105.408,0.043307938,2152.048811998065,0.036742657,0.1533203125,0.42509493,0.73994315,0.8842487786060107
105.44,0.052898698,2560.225178000322,0.14052787,0.162109375,1.0038168,0.33658895,0.9042791089224504
105.472,0.071009256,2602.2308157502903,0.13549611,0.15283203125,1.0045036,0.15185758,0.9083707337346746
105.504,0.08193919,2388.934280569924,0.045069925,0.15185546875,7.286639,0.18345122,0.8964161993026118
105.536,0.088509806,2487.4654007825993,0.021910602,0.1416015625,2.71015,0.08103391,0.8837215576982943
105.568,0.09129328,2879.0992713209107,0.062041804,0.1396484375,0.4910094,0.032757048,0.8614699906703164
105.6,0.08395264,3053.5362892266016,0.103430174,0.16064453125,0.40240026,0.030799566,0.8321975037049066
105.632,0.06816551,2921.454149383679,0.08898321,0.1904296875,3.9506416,0.050464597,0.8158505113830401
105.664,0.05478891,2473.787076965384,0.09151795,0.18994140625,1.6177537,0.32908887,0.8234886037874306
105.696,0.064741686,2435.7699066828063,0.05635089,0.19580078125,0.7943729,0.47612575,0.855933328979193
105.728,0.08026422,2432.3761086143895,0.052512392,0.18505859375,1.6037818,0.3262249,0.9084967849002019
105.76,0.09936003,2224.883477311925,0.04260228,0.16796875,1.3540655,0.33012792,0.9650796724737422
105.792,0.10648564,2033.6404165209858,0.023480004,0.15771484375,2.723168,0.38592008,1.014461735103993
105.824,0.09963426,2002.9583835375934,0.018298028,0.13525390625,2.8671663,0.31134623,1.0561886965677532
105.856,0.10213701,2222.8110383083126,0.05589315,0.12646484375,1.5942005,0.45512962,1.0906398290812997
105.888,0.15005094,2228.3132522444503,0.039242413,0.11181640625,1.0698968,0.85975784,1.1108017547628761
105.92,0.16341315,2063.806052268336,0.017594436,0.10400390625,4.925635,0.9012249,1.126343734119932
105.952,0.13832563,2142.7626267190103,0.011874207,0.09814453125,2.2183814,0.78085893,1.1387653993205793
105.984,0.12220748,2174.3406886803027,0.007054788,0.0927734375,0.49568844,0.74945176,1.1449971539783448
106.016,0.11882576,2193.1626768783326,0.007869458,0.10107421875,0.33330905,0.74044794,1.1446162739904102
106.048,0.12435657,2127.000464627569,0.018662985,0.08984375,0.44692194,0.74489415,1.1443422091113529
106.08,0.11789396,2098.57447488565,0.02026866,0.072265625,1.4432783,0.7007047,1.1375247015666516
106.112,0.0991332,1843.7309126187893,0.009770856,0.0927734375,4.163997,0.85422736,1.1125323881804552
106.144,0.07508098,2299.072671436228,0.05473865,0.08740234375,0.8741064,0.7913102,1.0704910097466906
106.176,0.1355316,2325.6737635569143,0.063086964,0.08447265625,0.17324318,0.786049,1.0169692274020994
106.208,0.19204932,2103.3118109967963,0.026147565,0.0888671875,4.5359974,0.9289005,0.9556854912720028
106.24,0.22057638,1940.9310235857665,0.0079597365,0.0625,5.6619344,0.94984233,0.8807362844729519
106.272,0.19477417,1763.595718965844,0.0047754906,0.060546875,0.9906856,0.904441,0.7992512247668846
106.304,0.1533984,1654.9662918320391,0.0045219376,0.07080078125,0.47175875,0.85757643,0.7357958649506301
106.336,0.12236814,1759.7367270795444,0.0056422316,0.0771484375,0.30063546,0.7780104,0.6890275836917976
106.368,0.101707496,1998.5193744497508,0.009660554,0.08740234375,0.38806844,0.6859354,0.6542207074821335
106.4,0.085717745,2074.042059489503,0.013808675,0.09619140625,0.5301442,0.68011385,0.6142638608172778
106.432,0.06944651,2277.889542209412,0.034124438,0.169921875,1.4936358,0.69815594,0.5793601617489951
106.464,0.058057547,3239.053488215377,0.2098223,0.2060546875,1.4538788,0.37787586,0.5552246715514343
106.496,0.0663935,3262.6984138460634,0.20164491,0.2353515625,1.9175322,0.17268789,0.537894054860728
106.528,0.07759605,2909.3778262059272,0.056721784,0.25927734375,4.455523,0.1307413,0.5202902622434534
106.56,0.07573854,2693.3183457815667,0.023260225,0.1923828125,1.5915402,0.14116934,0.5033434305859514
106.592,0.070239834,2446.8844313473137,0.016635848,0.17236328125,0.64423275,0.1810308,0.49180210953286946
106.624,0.076178744,2247.5970421435186,0.058914695,0.14599609375,0.4546417,0.2505288,0.4886394671564877
106.656,0.108390205,2221.7866552456035,0.06654323,0.11767578125,0.9432538,0.39427438,0.4886923003176008
106.688,0.12215578,2128.3963728175045,0.02899153,0.10693359375,6.1591268,0.6145183,0.48053200466765944
106.72,0.11614213,1926.4756255079049,0.010188486,0.1015625,4.0665503,0.6398089,0.4818715930476476
106.752,0.11217363,2229.4129223682958,0.026091704,0.11669921875,0.40757912,0.5681545,0.5221947979578434
106.784,0.110091604,2659.5805137538346,0.06806106,0.12548828125,0.1804987,0.48969117,0.5855902994960409
106.816,0.09922474,2662.446870044479,0.06714545,0.13134765625,3.6360683,0.55814254,0.6606590444534713
106.848,0.08853249,2336.5868927849133,0.037982326,0.115234375,3.6682374,0.64660484,0.7548569634655217
106.88,0.08374177,2057.6706927485193,0.016780473,0.08203125,1.0685829,0.71392196,0.875165784445868
106.912,0.0785082,1798.2508351050787,0.010130065,0.068359375,0.7373731,0.79905885,1.010840202665518
106.944,0.07969725,1843.6509183894786,0.014975246,0.0537109375,0.62586653,0.8777771,1.1502574698596542
106.976,0.08676579,1883.0485642418357,0.01063954,0.04833984375,0.70388246,0.92991084,1.27095965079242
107.008,0.07284285,1726.4082072488713,0.0063900403,0.0615234375,1.8991764,0.9566071,1.374169825386216
107.04,0.06760165,2195.7067356176253,0.03442019,0.06298828125,0.4787843,0.88098997,1.4616852290643227
107.072,0.12408971,2367.704880283728,0.056292742,0.078125,0.19364826,0.8388261,1.5336334333783626
107.104,0.16066216,2219.225512980357,0.033072066,0.1005859375,5.425251,0.8299462,1.5826120382661724
107.136,0.13864677,2307.487615821892,0.020983974,0.11474609375,7.1494102,0.6993688,1.6111587653595847
107.168,0.106834754,2603.464582356378,0.016945386,0.1181640625,1.3606162,0.55408514,1.6341711045483316
107.2,0.100377224,2503.314206495966,0.01220723,0.12841796875,0.36684513,0.5362578,1.6592106555856336
107.232,0.100651555,2191.529181123753,0.018029839,0.1337890625,0.4498274,0.51934487,1.6500068635328906
107.264,0.10258881,2252.1825411490286,0.02540217,0.10986328125,1.0019209,0.3965954,1.6079497645788243
107.296,0.07764316,2218.0642968291245,0.024015794,0.09326171875,2.8435948,0.58682257,1.558611248344766
107.328,0.06350067,2056.036116233785,0.01726589,0.08935546875,1.7359666,0.9124665,1.5016991704995035
107.36,0.09961076,2332.200278462413,0.06706721,0.064453125,0.15764946,0.74290025,1.4339286167271008
107.392,0.17294756,2153.0581336315977,0.038633447,0.056640625,0.5116496,0.8872635,1.3461834222537419
107.424,0.21601555,1962.4575636364596,0.01179885,0.0625,8.719716,0.95924026,1.2518323989862206
107.456,0.20817071,1770.4066892828428,0.005460113,0.04736328125,2.498349,0.9235397,1.1734960153031744
107.488,0.17388155,1682.3986123082277,0.0043142936,0.05615234375,0.592341,0.86873883,1.110456229449392
107.52,0.13629721,1701.1853299971383,0.004066464,0.0693359375,0.32157698,0.7692498,1.0621701018404144
107.552,0.11327745,1881.2320224487312,0.0061806613,0.07763671875,0.38357645,0.7232545,1.0258462115510711
107.584,0.094519496,2051.487072641663,0.012678646,0.0673828125,0.4165397,0.7144117,0.999129084457548
107.616,0.083335675,1902.340313216726,0.013560902,0.0859375,1.1920638,0.8036191,0.9824725047647458
107.648,0.06566229,2690.875731199015,0.05926061,0.1513671875,2.2038965,0.80279887,0.9726518504783105
107.68,0.06317387,3275.9784022827644,0.19810975,0.177734375,1.0808588,0.32000563,0.9626264268023699
107.712,0.07332646,3118.415652759152,0.09905854,0.22216796875,3.4550316,0.11840961,0.9573661798235613
107.744,0.07756174,2899.7145830566874,0.031137124,0.2314453125,4.1987767,0.12837748,0.9492035749450414
107.776,0.07626004,2851.022151289737,0.012850215,0.201171875,0.90445864,0.12233831,0.9290095055621541
107.808,0.07703328,2679.404052718992,0.034580436,0.19140625,0.42995763,0.1690862,0.9035718786615007
107.84,0.08581255,2462.923680906866,0.09404677,0.1591796875,0.5227271,0.40991604,0.8810188625364636
107.872,0.11591554,2156.7099830643397,0.03980607,0.11279296875,4.1733923,0.78406644,0.8683655528463303
107.904,0.123032264,1820.6045165327503,0.009021464,0.06689453125,6.088726,0.93153936,0.8591948189356164
107.936,0.11397205,1835.4322027193891,0.0072413892,0.06396484375,0.8850162,0.95861197,0.8387612220134806
107.968,0.111824274,2670.3511144926288,0.03839507,0.06982421875,0.08365782,0.84562695,0.8016086240610198
108.0,0.10322545,3009.9170584816643,0.05772801,0.08251953125,0.5225196,0.8129606,0.7778174151866207
108.032,0.094421476,2975.243564308158,0.03599915,0.08349609375,5.1035576,0.89051425,0.7808571876743587
108.064,0.09074436,2570.736822582535,0.018036297,0.06005859375,1.3592073,0.92769045,0.8105256117822636
108.096,0.0886891,2425.8408230041073,0.014258597,0.04736328125,0.17247283,0.9302744,0.8609704460938208
108.128,0.0904417,2103.7131018582377,0.016096916,0.05224609375,0.37301198,0.918057,0.9203325285516676
108.16,0.097049385,1862.8692565649808,0.015621123,0.05224609375,0.45867226,0.9112921,0.9684507936635554
108.192,0.0894491,1802.2047137030218,0.007876978,0.05419921875,2.4551568,0.9512926,1.0000080061446652
108.224,0.07146763,2137.4651026690435,0.016594049,0.09814453125,1.5324711,0.91555005,1.0154120859013869
108.256,0.092040315,2534.4278674009856,0.107220404,0.103515625,0.14236127,0.6483016,1.0412887253816066
108.288,0.15133294,2363.301655550393,0.07623848,0.12451171875,1.812794,0.73474264,1.0942060392931825
108.32,0.15736823,2091.521388533785,0.03559641,0.1416015625,9.970967,0.76061153,1.1695091472329167
108.352,0.12512998,2183.6558133858457,0.02277764,0.10791015625,3.426902,0.71545786,1.2578353466182142
108.384,0.10317782,2133.6982386575137,0.014696487,0.10302734375,0.60311496,0.78736216,1.350300808018987
108.416,0.09823053,1866.8678983364598,0.012427974,0.09912109375,0.32405353,0.8335618,1.4634927356108356
108.448,0.111862645,2218.816331117758,0.024690432,0.09033203125,0.17258921,0.659605,1.5939117815750885
108.48,0.09225837,2361.269234422609,0.035545126,0.09228515625,1.4850688,0.60454535,1.6950821449844171
108.512,0.059024878,2085.1284697351093,0.028677559,0.14013671875,3.766243,0.8015171,1.7627153616341733
108.544,0.053550545,2691.0698782038053,0.14842033,0.14306640625,0.8694506,0.42948273,1.7998524151341326
108.576,0.12353794,2533.3113015146846,0.09336915,0.14599609375,0.33727548,0.63388956,1.8262835326728522
108.608,0.16951263,2207.9137679358996,0.04312102,0.146484375,5.7822313,0.80123293,1.8545928705187642
108.64,0.20810403,1965.74918158979,0.014567832,0.0810546875,5.460172,0.9136354,1.896637398102678
108.672,0.2013499,1925.0246824192404,0.00904601,0.06591796875,1.3353875,0.95395446,1.9617872625313448
108.704,0.1587819,1836.139756237269,0.008093572,0.06298828125,0.4199782,0.96137583,2.048638593814898
108.736,0.12600976,1942.381778619919,0.013140868,0.07080078125,0.40768462,0.91176265,2.1259273664400773
108.768,0.110093616,2216.7724528831714,0.02091664,0.091796875,0.40047628,0.6749105,2.1674881408382114
108.8,0.08611809,2323.8723087698645,0.024020286,0.13330078125,1.529992,0.66375405,2.1695469322366714
108.832,0.06572276,2550.5519737353284,0.046516865,0.17724609375,1.3938841,0.82046115,2.1345685878953864
108.864,0.067671604,2843.1846079884153,0.18757628,0.2060546875,0.47659343,0.36586112,2.0871170866526785
108.896,0.08220701,2743.4629378894797,0.17782669,0.24853515625,1.7306427,0.18192051,2.0318254905300974
108.928,0.081041865,2682.6331600921067,0.105641745,0.24755859375,6.3552213,0.1567197,1.9823129636768273
108.96,0.067849204,2791.197842271765,0.063707195,0.21923828125,2.2548096,0.26589546,1.9606381795703007
108.992,0.050325383,2735.8315602610596,0.070030324,0.20703125,0.6687972,0.52817523,1.96436814458155
109.024,0.06704509,2646.3183372244903,0.13747074,0.16748046875,0.3543666,0.46331152,1.991006370888695
109.056,0.11592953,2417.8699897961756,0.082069874,0.126953125,0.5009278,0.51765573,2.0187729443613938
109.088,0.13461678,2188.515111714329,0.029374178,0.10595703125,6.0345073,0.77322,2.036922141083317
109.12,0.12486706,1968.9429861542847,0.012778646,0.08447265625,3.2773619,0.91286504,2.0444803863890386
109.152,0.122416936,2320.268121786825,0.025955707,0.09619140625,0.27087992,0.845269,2.025533373145928
109.184,0.118667394,2779.569244605769,0.05787411,0.10498046875,0.09320237,0.6889141,1.9761989195113348
109.216,0.10911402,2864.759361139437,0.054523688,0.11474609375,2.7877958,0.7342157,1.90721769581883
109.248,0.097626776,3001.8096741820796,0.051709834,0.11669921875,2.6327343,0.8219624,1.8347532779743219
109.28,0.090874486,3372.982933408525,0.05804294,0.11767578125,0.28693652,0.8102236,1.7754190859113885
109.312,0.08879195,3489.951353308573,0.062465344,0.1376953125,0.5760352,0.7812565,1.7461543371846873
109.344,0.095225684,3051.4504501511506,0.070992984,0.1298828125,0.62612236,0.7739778,1.7309927472148332
109.376,0.099118926,2483.405158692851,0.043454133,0.12548828125,0.8185693,0.78919923,1.7103571842392997
109.408,0.092622206,2169.4795163884282,0.024728352,0.115234375,2.5395324,0.59123677,1.676890655440552
109.44,0.08830157,2258.9380482815895,0.040119912,0.10009765625,1.2452623,0.41875198,1.632080908139533
109.472,0.13236508,2322.335905782826,0.05451075,0.1025390625,1.0941923,0.6346283,1.58920083812299
109.504,0.15624571,2215.082304645519,0.02913911,0.111328125,2.9886234,0.7792892,1.5556768845290154
109.536,0.12642725,2208.403997512326,0.019950487,0.1103515625,4.7981753,0.75414056,1.5339419135184718
109.568,0.09496553,2259.2226676350374,0.022944506,0.11328125,0.6444758,0.58519727,1.5148236143722915
109.6,0.08989808,2116.708368639239,0.02668221,0.1435546875,0.31189266,0.57718784,1.499189481927759
109.632,0.09953018,2319.4209385256604,0.032148685,0.16162109375,0.69288486,0.4448762,1.5028403092369447
109.664,0.09382905,2579.3934173617545,0.030892774,0.16650390625,2.3504868,0.31881404,1.5125792646211038
109.696,0.07387402,2680.644653305725,0.031354856,0.16455078125,2.3736584,0.30019128,1.5176511227916278
109.728,0.07110859,2463.6551522772947,0.024428915,0.181640625,0.87866974,0.22449537,1.5143533447259294
109.76,0.097291455,2535.132977254856,0.09551681,0.15869140625,0.23142353,0.41671595,1.500420451644652
109.792,0.17374937,2425.433306466134,0.06941315,0.13720703125,1.0689201,0.71631444,1.4747316323705693
109.824,0.20938016,2124.783234260385,0.02247125,0.12744140625,8.470825,0.80295783,1.4444772351435118
109.856,0.21462968,1827.2216998329711,0.0065411776,0.076171875,3.3301728,0.8519311,1.4199889785693507
109.888,0.18784209,1754.8214823505746,0.00434528,0.07177734375,0.3170068,0.8426654,1.4051796631859
109.92,0.14721431,1765.5113171651951,0.0046051303,0.08984375,0.15754552,0.75423074,1.3898674216092008
109.952,0.122871935,1954.8865448562062,0.0070975744,0.10498046875,0.1418188,0.63771677,1.353282379547834
109.984,0.105817616,2238.5266893161397,0.012173815,0.1240234375,0.3279699,0.49220726,1.2900266443242536
110.016,0.097177416,2247.8790867679677,0.018359901,0.15869140625,0.91942614,0.4820433,1.206188245243419
110.048,0.08295806,2574.931128864132,0.055942677,0.21484375,0.96343946,0.39734432,1.122404035784238
110.08,0.06886477,2943.5465005293636,0.15409656,0.24658203125,1.8859324,0.24230568,1.0451894543723195
110.112,0.04976646,3136.874350035897,0.18307193,0.25244140625,3.8624957,0.29261747,0.9736285695662885
110.144,0.043937355,3098.98554103639,0.103876136,0.23486328125,3.129451,0.5402122,0.9249089435667778
110.176,0.041087843,2865.2965152238785,0.06469465,0.18310546875,0.3711626,0.609681,0.8977552897024806
110.208,0.050234377,2481.6749892261732,0.06255528,0.16015625,0.18585485,0.5904841,0.8877364207941094
110.24,0.0842086,2372.6701934531566,0.09160953,0.13818359375,0.4541056,0.57162887,0.8850152202824583
110.272,0.13034193,2253.179785880756,0.042807516,0.1064453125,3.1284504,0.80420107,0.8823587385687345
110.304,0.13823749,1965.9123674281377,0.011180541,0.0791015625,6.231199,0.93904626,0.8740577251743485
110.336,0.12667964,1994.825566698626,0.008885133,0.06787109375,0.92272687,0.9596032,0.8546252011563598
110.368,0.120806225,2635.7489508062517,0.032759808,0.07275390625,0.08177951,0.8793471,0.8479648023082034
110.4,0.11352338,2966.501350541037,0.045432076,0.0732421875,0.52006775,0.84069425,0.8728275126504286
110.432,0.104771085,2919.813324456771,0.029125271,0.08056640625,4.1132164,0.90590996,0.9291117523383928
110.464,0.101533435,2608.169341568892,0.015531435,0.05908203125,1.1322953,0.94325334,1.0143722726673845
110.496,0.09797485,2422.8771019504893,0.010792307,0.04150390625,0.20676073,0.9541809,1.1265363015265135
110.528,0.09846412,2216.650445669751,0.017880172,0.072265625,0.201493,0.931494,1.2563744780231048
110.56,0.105223425,2686.903393193681,0.05464538,0.11279296875,0.35879615,0.8322076,1.3966196594656337
110.592,0.09667626,3376.998464135037,0.08220851,0.16357421875,3.2249908,0.7586067,1.5326097254686533
110.624,0.0756749,3753.5529747394476,0.097975984,0.21923828125,4.5323668,0.65629417,1.6545883820437397
110.656,0.091573924,2998.123063565934,0.11854443,0.1953125,1.27583,0.67104775,1.7474474467523817
110.688,0.16641699,2381.741835254799,0.04528438,0.15625,0.23282455,0.8432752,1.811524938308542
110.72,0.17802685,2173.7832852131023,0.020327283,0.12890625,5.189323,0.85530394,1.856586588458929
110.752,0.14591843,2242.804308105844,0.01307002,0.09326171875,2.5734916,0.7993114,1.8903570543449841
110.784,0.13035333,2293.4652590265214,0.009042726,0.1005859375,0.53862125,0.7742161,1.9137378500005788
110.816,0.12517695,2255.14106524057,0.012296395,0.11328125,0.19781938,0.7944437,1.9316830988539406
110.848,0.12845916,2332.996203328264,0.020639824,0.11181640625,0.33250624,0.7598959,1.9372079295443894
110.88,0.122470364,2459.276747520208,0.01813428,0.12744140625,1.8465719,0.6769141,1.9393105884642556
110.912,0.11483795,2436.739859443584,0.010844457,0.15234375,2.7038188,0.6356713,1.9583846303521555
110.944,0.09706661,2569.065753583853,0.046823017,0.15478515625,0.5510921,0.43067104,1.986666138297361
110.976,0.1506742,2338.9022809743906,0.053991664,0.14111328125,0.3240862,0.7439289,1.9998801701102802
111.008,0.20357211,2093.518161438122,0.020316891,0.10302734375,5.269567,0.92690694,1.9961245587561887
111.04,0.20801248,1745.368153109488,0.0059789643,0.0634765625,4.6002946,0.9488926,1.9865426427259045
111.072,0.18519045,1535.5133933461748,0.0037209804,0.0458984375,0.45622796,0.93281275,1.978972039258424
111.104,0.14147085,1698.6465558502896,0.00583487,0.0712890625,0.22111346,0.92457026,1.9783718983942469
111.136,0.11528019,2322.120043186639,0.02002483,0.09423828125,0.24628326,0.75970626,2.0009097842600605
111.168,0.11075356,2492.469271149634,0.01868148,0.12109375,0.9204744,0.37258494,2.0528499904064086
111.2,0.10597122,2201.880464012381,0.0074816076,0.15380859375,3.242712,0.32770982,2.132112455551819
111.232,0.09656005,2118.043101166641,0.0047803773,0.1484375,0.91530824,0.30104434,2.234146855374101
111.264,0.088181674,2282.2916182097156,0.0064803897,0.14794921875,0.21963274,0.32641736,2.3525008525130313
111.296,0.074239455,2300.706281072757,0.007940675,0.1357421875,0.46607283,0.43794388,2.4899691049902257
111.328,0.06465141,1994.9667867753615,0.006163381,0.10986328125,1.2022413,0.50781244,2.6263453970032637
111.36,0.07011611,1858.3432210541941,0.004209665,0.09228515625,0.6196632,0.4306182,2.7441865297721093
111.392,0.071680695,1904.91062492944,0.004482196,0.0986328125,0.37451258,0.3677105,2.831808752893828
111.424,0.07131252,2349.657149753414,0.010513117,0.11328125,0.69316906,0.3759013,2.9049450191497592
111.456,0.07688311,2581.349465995924,0.011130905,0.12841796875,0.86858726,0.2868097,2.987037429273905
111.488,0.0740434,2399.947408051772,0.008233928,0.130859375,3.057734,0.28235954,3.076261266979963
111.52,0.06215428,2013.932253500498,0.010322377,0.11669921875,1.5498656,0.43478867,3.1694205538098013
111.552,0.04970542,1763.7604435389808,0.014363701,0.1083984375,0.8113072,0.71151614,3.260092596359305
111.584,0.059567783,2200.027409589091,0.02881252,0.11572265625,1.427147,0.4402187,3.347229992548176
111.616,0.083214484,2236.191047259993,0.016776215,0.13427734375,1.7999593,0.16233541,3.4325081373101884
111.648,0.081426755,2233.9645345489657,0.012792622,0.15478515625,3.816563,0.13783532,3.5138394712267873
111.68,0.06716235,2444.85547436874,0.013736475,0.16357421875,1.6075256,0.18442506,3.5889267128669315
111.712,0.066493295,2481.9859411280445,0.01246223,0.1572265625,1.1586409,0.15942155,3.6586607218085434
111.744,0.07466297,2213.552882382602,0.0090596145,0.15283203125,0.86827147,0.12790473,3.7303328396257163
111.776,0.07283346,2290.247915932522,0.0061660735,0.13916015625,0.6845935,0.13731164,3.8074096192202846
111.808,0.07727331,2334.334830806193,0.004859255,0.1259765625,1.3604866,0.119002864,3.8881470433171836
111.84,0.06926665,2372.15153309748,0.008496175,0.12646484375,0.74927783,0.13789998,3.9595401446592415
111.872,0.061455972,2210.8445304454126,0.019213593,0.12646484375,1.3460155,0.20132625,4.006589196383836
111.904,0.07329767,2223.773766108026,0.013995929,0.125,2.1559088,0.1594444,4.024551261263502
111.936,0.08439682,2241.9716941622905,0.0061701643,0.1396484375,3.3566566,0.10458933,4.024178039189669
111.968,0.07922846,2407.960058145783,0.008774705,0.1357421875,1.8058419,0.10619725,4.013345281776151
112.0,0.05922795,2446.76665888495,0.022594074,0.1162109375,0.49807632,0.2645019,3.991903733893617
112.032,0.057372164,2099.5553100225648,0.014861378,0.10302734375,1.2034881,0.7654207,3.968222632314791
112.064,0.06374127,1702.4917514977974,0.0044175987,0.07470703125,2.2145433,0.8994411,3.94129416634017
112.096,0.06251544,1661.9398838511524,0.003635125,0.05419921875,1.1021409,0.9131355,3.9109683691345833
112.128,0.06360552,1582.9656574794058,0.0036084226,0.05810546875,0.37704563,0.9275308,3.8732760245739604
112.16,0.06264296,1754.2643015506674,0.009060079,0.08154296875,0.61702055,0.8382902,3.8254244028731392
112.192,0.08092387,2069.046347126033,0.015194926,0.09912109375,0.98325,0.27177286,3.764655082314389
112.224,0.09067588,2112.715708030629,0.0074060904,0.11669921875,3.3475103,0.12592314,3.6908591112742335
112.256,0.09587647,2071.351302599592,0.0026159114,0.1240234375,4.116966,0.087044775,3.602757714004031
112.288,0.10337103,1987.281486530835,0.0012625986,0.115234375,0.84655046,0.06900997,3.501577142109552
112.32,0.102243625,1912.8075986369574,0.0010517796,0.1142578125,0.3185658,0.061819956,3.394474358350679
112.352,0.0937885,1930.8149206701264,0.0012614265,0.11279296875,0.24768373,0.072527625,3.2922710255716687
112.384,0.08279332,1979.6149072274561,0.0020011615,0.11279296875,0.5031493,0.10572445,3.1989559014368
112.416,0.08611782,2041.851046158372,0.0022612985,0.1162109375,0.7844951,0.1046253,3.1123774135213145
112.448,0.08402833,2199.6626831739477,0.004381531,0.11865234375,1.2323651,0.10765938,3.0294332603771474
112.48,0.07409377,2162.4262058729178,0.009132628,0.1298828125,1.0161479,0.13594101,2.940079416207671
112.512,0.067398295,2112.403451557962,0.013043433,0.1484375,1.8211325,0.17490447,2.844846400212324
112.544,0.060388636,2162.2507019641357,0.019403111,0.1572265625,2.5094223,0.2468551,2.7492261931140414
112.576,0.057174042,2347.4373336082263,0.033045854,0.16357421875,2.7071788,0.2685154,2.655379758794747
112.608,0.051522065,2535.0932524897344,0.041269813,0.17529296875,2.0733347,0.34972608,2.563799124986159
112.64,0.050601125,2691.7356281172806,0.036982115,0.17822265625,1.9212676,0.3978333,2.4771603115510654
112.672,0.052438825,2802.8159125145526,0.042983416,0.1826171875,0.9697609,0.41801322,2.3967921657897446
112.704,0.05299624,2724.220616142887,0.045627605,0.16064453125,0.72088015,0.4436061,2.3258020502189023
112.736,0.04272361,2279.0340607643457,0.026855618,0.13671875,1.3480825,0.73033243,2.2661315531443122
112.768,0.043083064,2158.830349848778,0.029485371,0.123046875,1.3254533,0.8493084,2.2063666114000364
112.8,0.06267578,2341.107123701405,0.049848437,0.1103515625,0.6417154,0.37996414,2.142275534418708
112.832,0.080801286,2220.7163080788687,0.025220884,0.134765625,2.5525951,0.15692854,2.0713061030846487
112.864,0.07359111,2322.6229853262485,0.015201518,0.14404296875,5.627756,0.140087,1.9856880871476634
112.896,0.07638464,2319.1605467988793,0.009773677,0.14501953125,1.5797073,0.1337355,1.8882712282900935
112.928,0.07429003,2237.3326258192556,0.0094003705,0.15478515625,0.47704604,0.13225399,1.7837473199861908
112.96,0.06421098,2384.619550949702,0.006058272,0.15478515625,0.6377392,0.18722884,1.687128724814693
112.992,0.0687469,2572.611517653211,0.006356977,0.1572265625,1.3307308,0.17604278,1.6085970355843184
113.024,0.069125384,2731.7874233073535,0.011382911,0.16259765625,0.7762568,0.17229544,1.544997209925913
113.056,0.06330103,2402.949807991812,0.019032516,0.17236328125,1.5560224,0.20073186,1.4890795845647025
113.088,0.069222696,2261.2206284756353,0.012918502,0.1669921875,2.2929633,0.15841994,1.4434628652783885
113.12,0.07752216,2457.6308286254803,0.006618359,0.1669921875,3.0423303,0.11026784,1.4136115713012924
113.152,0.07638196,2580.4031883766283,0.010444467,0.16162109375,1.5497167,0.10223164,1.3945164736499027
113.184,0.061708305,2583.6211406405882,0.032835014,0.12939453125,0.7979765,0.22078992,1.3795100328483965
113.216,0.056372292,2361.889842444406,0.022588385,0.1103515625,1.7367587,0.6818768,1.361003377015049
113.248,0.058740474,1858.9033503938704,0.0060953456,0.08837890625,3.4475913,0.84821534,1.356121598670882
113.28,0.057964046,1832.4721856138394,0.0046022544,0.06494140625,0.781653,0.83690655,1.3757542910772553
113.312,0.057695575,1888.8680817196173,0.006505739,0.07275390625,0.32431957,0.871998,1.413075857844844
113.344,0.05932845,2227.440999818781,0.043078505,0.0927734375,0.4726154,0.76484054,1.466771317991622
113.376,0.09574064,2381.0875681692223,0.087768964,0.1123046875,1.3938034,0.42022428,1.5248189874620872
113.408,0.11207644,2405.7408846767275,0.05378913,0.13037109375,7.3265657,0.42901137,1.5877611010452681
113.44,0.09444821,2427.4993876962562,0.019316008,0.13427734375,7.1045623,0.34609786,1.6550042604947262
113.472,0.09252013,2213.589260002788,0.0050779246,0.12744140625,0.7990205,0.21748003,1.7162911282107602
113.504,0.09490796,2104.8757623690626,0.0044506253,0.12060546875,0.20214936,0.19593802,1.7674315617185927
113.536,0.09678533,2227.77694116113,0.009455324,0.11572265625,0.13340789,0.176262,1.819207663093499
113.568,0.096857786,2161.2600481677514,0.0060980967,0.11474609375,0.7014246,0.19108221,1.8871916914560691
113.6,0.08956709,2067.933714062084,0.003311103,0.11962890625,2.9412565,0.23773423,1.9562480973053673
113.632,0.083749875,2099.703888612159,0.0044904174,0.13671875,0.32374442,0.2572694,2.016129561561301
113.664,0.07982353,2380.149514852556,0.017608825,0.14892578125,0.24733369,0.2831089,2.0537181321539064
113.696,0.07105959,2516.41136716508,0.038498797,0.1611328125,1.2412173,0.34414673,2.086724376754925
113.728,0.067037314,2525.234962607614,0.030626135,0.1669921875,4.0493383,0.3827721,2.122394600453823
113.76,0.058233038,2549.2665971661204,0.025486682,0.14794921875,2.6048868,0.53159714,2.150751037240356
113.792,0.060745608,2577.5566676613316,0.044564016,0.16845703125,1.0408193,0.60173064,2.1772314824201806
113.824,0.06936803,2890.303750916836,0.13132577,0.154296875,0.42661384,0.5271753,2.2114198667412324
113.856,0.0729105,2893.813654664989,0.09513628,0.1396484375,2.572723,0.60365593,2.2694801256814623
113.888,0.07478255,2465.0289127869687,0.032129623,0.1220703125,5.2788167,0.6892084,2.34051060147859
113.92,0.06274347,2006.7430527256352,0.015877929,0.0888671875,0.76099473,0.81255966,2.415648752422021
113.952,0.05602873,2655.684056756658,0.040216632,0.10546875,0.33673054,0.8418997,2.49430577339393
113.984,0.058635782,3018.3857682403395,0.10054456,0.1044921875,0.484034,0.66256607,2.5738884705764873
114.016,0.06379574,2576.511385129613,0.044298492,0.123046875,2.656322,0.6754503,2.646241595606983
114.048,0.08233457,2126.053836436061,0.010317605,0.12451171875,3.85714,0.3999585,2.694062119108049
114.08,0.08385298,2224.4681852708773,0.008269019,0.12255859375,0.6374624,0.25982463,2.725195087581031
114.112,0.07102388,2702.396065441173,0.046412393,0.1162109375,0.47644675,0.38040543,2.7413506488293073
114.144,0.06975111,2669.481980800143,0.056024466,0.10595703125,0.6385194,0.62110144,2.7550238163528546
114.176,0.07092593,2057.6991776858627,0.017920738,0.080078125,4.8761644,0.8265682,2.7564378448795885
114.208,0.06623729,1819.1552573201725,0.009298005,0.0703125,1.2565731,0.8968738,2.7424313292342064
114.24,0.05947019,2752.8032874569462,0.05997654,0.12744140625,0.5236504,0.8047583,2.719621790010132
114.272,0.059451375,3135.5799193127687,0.20273842,0.140625,0.36334848,0.37055007,2.686616725292335
114.304,0.06363156,2910.4535711247377,0.09930112,0.171875,5.498731,0.43539116,2.6595898694219593
114.336,0.08088526,2495.612868916729,0.018479478,0.15283203125,5.0406957,0.3923695,2.62599537017492
114.368,0.072926216,2142.587292807623,0.014463716,0.13232421875,0.72630143,0.41443375,2.5899348504937545
114.4,0.058480747,2556.6269316066546,0.07679891,0.1376953125,0.3448596,0.5691501,2.5502909531435147
114.432,0.062965296,2812.208488755616,0.104826316,0.12353515625,1.1757845,0.46687025,2.50927697190318
114.464,0.07590932,2464.559091060065,0.0345958,0.1240234375,5.3907423,0.37711346,2.4833212155794966
114.496,0.074188314,1986.7434017082453,0.015075974,0.0908203125,2.2251585,0.45513222,2.4728572914198605
114.528,0.052985433,2314.6725275480944,0.03680882,0.1171875,0.5555143,0.7815858,2.4576260000622936
114.56,0.05630224,2967.596511695264,0.14353904,0.13037109375,0.5056754,0.5303304,2.417368594670419
114.592,0.08510236,2783.554974574302,0.09070591,0.15966796875,1.4627252,0.45346516,2.3788657024598896
114.624,0.0961621,2569.1140008517505,0.0301679,0.18017578125,5.544364,0.4454088,2.3446507493996824
114.656,0.08655205,2691.139956940986,0.013264251,0.15966796875,2.2807124,0.37991637,2.3113551022969174
114.688,0.08391176,2817.786290055881,0.013039962,0.1748046875,0.5029567,0.35873428,2.2702538961138243
114.72,0.08623817,2888.1104425931817,0.01206355,0.1787109375,0.28788027,0.37243003,2.2227843784731283
114.752,0.077303685,2901.9519717191397,0.019818226,0.18603515625,0.9581009,0.2963153,2.197958571082724
114.784,0.075379394,2909.685944697906,0.036904763,0.1953125,1.2817063,0.21752736,2.1692963452712335
114.816,0.07615253,2862.2389346895843,0.03230368,0.19287109375,1.2549437,0.25065625,2.1274133186536757
114.848,0.07201004,2935.490987521683,0.030251412,0.197265625,2.2802868,0.21396066,2.0670688564572393
114.88,0.07160379,2935.893687354843,0.04999982,0.201171875,1.0814356,0.1875786,1.9988273857247183
114.912,0.06641613,3008.440477696811,0.04034734,0.212890625,1.0101168,0.18729137,1.9265288135815533
114.944,0.06570567,3263.3571204100604,0.0440854,0.21240234375,2.8513062,0.123486385,1.846668690833599
114.976,0.06830947,3221.6533283035415,0.04434042,0.22900390625,0.7425853,0.12019435,1.771038743043829
115.008,0.07589365,2891.81594504902,0.12182871,0.2109375,1.0957563,0.18601632,1.7154622603784855
115.04,0.09910735,2545.530393089921,0.083983615,0.19873046875,1.3958203,0.6083117,1.6923868988888895
115.072,0.09924964,2396.9234032758595,0.033425815,0.171875,6.2475996,0.7995736,1.6623185584524316
115.104,0.0865392,2323.214752757096,0.024249526,0.115234375,2.1926093,0.8195437,1.627087205735392
115.136,0.08247829,2112.2193611933117,0.019124702,0.11572265625,0.2668019,0.8910107,1.5969598945422923
115.168,0.07979016,2269.311942236634,0.05009538,0.09326171875,0.270427,0.7209558,1.5797719081442991
115.2,0.08602224,2219.658586904665,0.044921573,0.1064453125,0.6754596,0.49602994,1.5666584667448944
115.232,0.0779893,2115.8470678593612,0.01460497,0.1220703125,3.9833913,0.4385138,1.5367998400365226
115.264,0.0777818,1912.6750811254208,0.0053760107,0.12060546875,1.2972244,0.47918844,1.4998745510169862
115.296,0.073797576,2301.599516133251,0.014900257,0.12939453125,0.32489777,0.3872857,1.4641405881662328
115.328,0.07142323,2647.7628846887283,0.033533264,0.13037109375,0.39889959,0.2902418,1.4371224550096415
115.36,0.070770875,2345.9788066754445,0.0147428475,0.13916015625,2.083722,0.22977743,1.4194385117097912
115.392,0.06472795,2039.6476511914111,0.0078517655,0.1298828125,2.2788658,0.24579303,1.40475717942121
115.424,0.058032617,2046.7846847221201,0.02411246,0.16357421875,0.2017347,0.26954362,1.3892811316203328
115.456,0.0637625,2712.7300845935174,0.17277882,0.16845703125,0.6889273,0.22444507,1.3645643418429128
115.488,0.08377324,2799.6943170535424,0.15789217,0.150390625,3.7501194,0.46012747,1.3264189885935285
115.52,0.09788935,2372.759006599953,0.047540795,0.15771484375,8.445511,0.8477149,1.2839247675348362
115.552,0.07691344,2350.328424180093,0.036232904,0.1279296875,2.1535697,0.86205274,1.2670536695195351
115.584,0.055056624,2616.187373401148,0.044615906,0.134765625,0.42558908,0.7889885,1.2716804179659111
115.616,0.05646569,2515.9692239017486,0.030448535,0.15185546875,0.17814043,0.78610283,1.2933661624736854
115.648,0.053575527,2570.603501990987,0.036848884,0.171875,0.340565,0.7172687,1.326025352708654
115.68,0.04459434,2694.829684378138,0.050711296,0.2041015625,0.5264924,0.5674356,1.3718104825215662
115.712,0.03761234,2823.905281072539,0.06405775,0.23291015625,0.95823544,0.46312162,1.429220070372617
115.744,0.05159593,2754.1400584158905,0.156525,0.23095703125,0.68100834,0.31321037,1.4972240893983377
115.776,0.12517501,2531.341570497918,0.08355357,0.193359375,0.8109777,0.69033784,1.5781561488657434
115.808,0.17825758,2341.864370142735,0.034128755,0.13134765625,6.338428,0.88788927,1.6685826807193505
115.84,0.21114829,2075.3958263525674,0.011610777,0.0654296875,5.1903315,0.9438761,1.755896338741231
115.872,0.20459,1967.9462826562637,0.0074149473,0.05615234375,0.92996776,0.9390929,1.8488933094942817
115.904,0.15569444,2099.5718831493637,0.0105114905,0.0810546875,0.36729887,0.8795056,1.9387425339747715
115.936,0.112933196,2176.868757441528,0.02113105,0.10888671875,0.31927127,0.7750658,2.022442529240044
115.968,0.0934417,2334.2509500963615,0.028659701,0.13427734375,0.6506143,0.63009506,2.113318554342505
116.0,0.07678451,2527.3506033366466,0.034809966,0.14013671875,1.2279016,0.6133041,2.2183472573753895
116.032,0.07284137,2636.05819507208,0.039546978,0.16455078125,0.9447456,0.73213726,2.3301138894537186
116.064,0.081518024,3141.430830208493,0.14483662,0.1796875,0.3906348,0.5237842,2.432645339137628
116.096,0.097716264,3017.2611418586957,0.11673004,0.19384765625,0.8577014,0.4130417,2.516681800983256
116.128,0.10147889,2720.1993784756946,0.042905677,0.21923828125,5.3169394,0.42137152,2.5781692810862866
116.16,0.08114509,2580.617872370005,0.03516017,0.19091796875,1.5160645,0.3763382,2.61845495884767
116.192,0.053643353,2681.0998174743454,0.059672333,0.20068359375,0.30715743,0.3808272,2.6381876466474115
116.224,0.06574692,2738.09595565993,0.15535626,0.1875,0.44854167,0.36971295,2.641478776585794
116.256,0.11244873,2518.0486297945254,0.11225732,0.16015625,0.6722806,0.5390478,2.629402763108638
116.288,0.13904896,2253.5245093337544,0.04126124,0.13916015625,5.634436,0.74753946,2.615881180159645
116.32,0.13650505,2110.826238251667,0.015826881,0.10009765625,3.9204834,0.7737503,2.6110702687423046
116.352,0.13569357,2247.618218789044,0.026876388,0.0927734375,0.5664661,0.78111064,2.613326937001754
116.384,0.1577387,2178.449903989906,0.040834405,0.08251953125,0.1581609,0.79102564,2.6331706354834608
116.416,0.18218885,2111.725374522739,0.021251362,0.076171875,2.3003826,0.8006555,2.6683403578378146
116.448,0.21806104,1913.8503016916934,0.0067675086,0.0634765625,2.976361,0.9178838,2.709519721579851
116.48,0.19482206,1806.2174977958093,0.005288848,0.0712890625,0.5536161,0.9019045,2.750139717215323
116.512,0.1474261,1840.9017114494427,0.006294933,0.08447265625,0.412207,0.7925081,2.796423778665784
116.544,0.10607965,2030.4401859685631,0.012565863,0.11083984375,0.47508582,0.6230804,2.8601351856526915
116.576,0.09650438,2086.1761332383685,0.0137952855,0.1357421875,0.6571265,0.5994944,2.922123268663605
116.608,0.07978363,2314.298954864943,0.019043319,0.154296875,1.3186139,0.46465012,2.9751904248053824
116.64,0.07698391,2433.783461280047,0.056157786,0.16259765625,0.85362726,0.34924293,3.011782465732739
116.672,0.11140045,2551.892968735139,0.1099083,0.1533203125,0.78624535,0.578918,3.028038166550135
116.704,0.1390644,2399.566563360935,0.05674964,0.140625,4.3731775,0.76935494,3.0214891661283176
116.736,0.1268705,2193.7256726494747,0.029606335,0.111328125,5.519614,0.8069637,2.9860172196505537
116.768,0.10546836,2119.809567023603,0.025939845,0.10400390625,0.78972524,0.7094143,2.9221184900723847
116.8,0.1053309,2077.327596706383,0.017126275,0.109375,0.2657038,0.61061436,2.8298374550012433
116.832,0.100505844,2195.6184855708707,0.024341296,0.134765625,0.5024973,0.57240057,2.7225229275514558
116.864,0.09518057,2269.0445865459906,0.038651302,0.14794921875,0.6539229,0.51010925,2.610891149144593
116.896,0.08381146,2347.8783220124105,0.03501082,0.15478515625,2.128756,0.5323196,2.507801655631208
116.928,0.08368752,2378.7445189133587,0.024156922,0.1767578125,2.054131,0.4693328,2.4174564415581523
116.96,0.09524138,2457.8366164914155,0.08026444,0.15771484375,0.49931768,0.47374535,2.3357425138897585
116.992,0.14591102,2324.764793161299,0.05683145,0.12890625,0.5199818,0.77732396,2.2534062229134957
117.024,0.19545339,2078.3227269564923,0.01705232,0.1103515625,5.4143333,0.8928712,2.1764829095510456
117.056,0.20643923,1872.8056337000153,0.007193492,0.06884765625,2.1039257,0.9235033,2.120234141672162
117.088,0.17600356,1818.9363804340828,0.008812545,0.06298828125,0.29559714,0.90479636,2.083788630906169
117.12,0.13765284,1839.6486442975179,0.010133688,0.080078125,0.5470428,0.81532556,2.06738365354623
117.152,0.11225213,1922.6700975617543,0.0109624425,0.09326171875,1.4529518,0.70992035,2.0687325795513902
117.184,0.09044221,2165.703162361468,0.015103166,0.111328125,1.0064292,0.596616,2.0958156023351058
117.216,0.08247341,2253.877976671124,0.0154233,0.13330078125,0.3405735,0.5750306,2.1483315009764845
117.248,0.08345874,2604.423200195597,0.038604196,0.158203125,0.7220168,0.5179717,2.2020690096933526
117.28,0.09102054,2891.7615022124423,0.06991356,0.17236328125,0.36855388,0.38292015,2.251045371389014
117.312,0.084486045,2779.657134834684,0.052795984,0.1884765625,2.8106658,0.3405812,2.289699696767992
117.344,0.07144451,2645.416495956378,0.03546253,0.1865234375,3.3993325,0.24584587,2.3075476140460367
117.376,0.066322096,2624.7787528734807,0.025116604,0.17724609375,0.37228987,0.16169354,2.296611148746108
117.408,0.06883657,2597.4459388974137,0.049151044,0.1826171875,0.15867229,0.17466958,2.2599118083021907
117.44,0.09081813,2460.2868522388553,0.10595577,0.16650390625,0.3713166,0.3027616,2.2012995396616755
117.472,0.123236574,2292.5801113031002,0.054930072,0.14892578125,3.0525835,0.6107968,2.126858254713524
117.504,0.12750907,2184.2120078048592,0.019947637,0.12890625,6.0353413,0.7698254,2.0307092765837496
117.536,0.116793625,2267.191684537047,0.021506615,0.10205078125,1.1174078,0.8115418,1.9113622407013833
117.568,0.14019148,2242.481509297231,0.041415617,0.07958984375,0.18299443,0.82865655,1.7958197119011587
117.6,0.20056716,1981.8476706880906,0.020925885,0.0576171875,0.81301785,0.920611,1.701083628795006
117.632,0.22780736,1866.6127469499274,0.007801908,0.05078125,4.308682,0.95403326,1.6402750704956324
117.664,0.20310411,1909.2809908929062,0.0060053724,0.05810546875,0.96246904,0.94687927,1.60319714365411
117.696,0.15888208,1919.8980393092554,0.00761051,0.07177734375,0.40766126,0.8783206,1.5885243699703806
117.728,0.09842109,2071.170999636149,0.020569274,0.08984375,0.42406306,0.69534653,1.603750113294352
117.76,0.08794094,2177.337773689629,0.023759365,0.1044921875,0.7758262,0.80522245,1.6380778973680346
117.792,0.08393234,2215.264835606435,0.017904302,0.10302734375,1.2511129,0.8413863,1.6717613350085994
117.824,0.06742274,2417.4124771934257,0.025809385,0.12353515625,1.1273108,0.7888649,1.6980912501862888
117.856,0.08320726,2629.875926704764,0.09776616,0.12158203125,0.39657936,0.6891193,1.7035985497153026
117.888,0.14539056,2492.040033073506,0.059687845,0.1142578125,0.47478476,0.8311503,1.6851580664906627
117.92,0.15724027,2341.3220929239274,0.026446516,0.099609375,6.6809034,0.90423405,1.6590558408745155
117.952,0.12852116,2264.2920390620607,0.0186445,0.07080078125,2.8288486,0.899645,1.6450921668054794
117.984,0.10793318,2220.6964513314124,0.014256056,0.0693359375,0.2987013,0.880497,1.644547952174825
118.016,0.101484984,2192.8605873757315,0.015376498,0.0791015625,0.13099644,0.8631864,1.6725649698691698
118.048,0.104433015,2336.1508565203803,0.02703192,0.0859375,0.2711621,0.80336666,1.7045906561629858
118.08,0.10924319,2233.3536302358552,0.023620475,0.09326171875,0.8004466,0.76952976,1.7198509247819163
118.112,0.105286166,2049.3519914378344,0.015141199,0.103515625,2.6975148,0.8143003,1.7063501633515468
118.144,0.099330515,2299.367831367659,0.039875627,0.09814453125,0.82587963,0.8055386,1.6629919916961557
118.176,0.14566654,2369.167821016762,0.06392314,0.1064453125,0.35735416,0.78212625,1.6052364121364293
118.208,0.19886841,2265.3672039194703,0.02818346,0.103515625,3.6623437,0.9125571,1.53935143534127
118.24,0.22711024,2009.2830054237054,0.00871399,0.083984375,4.845759,0.96323735,1.4792173368726416
118.272,0.21067302,1913.8906427358966,0.0059777126,0.0693359375,0.73738503,0.96721405,1.4347019446941616
118.304,0.1797087,1923.7786357738614,0.0065814895,0.06396484375,0.27845275,0.95177644,1.4071764805233498
118.336,0.14729477,2049.092325285099,0.008931661,0.0703125,0.32310352,0.93097246,1.4015975974972732
118.368,0.11942484,2360.212984721317,0.016188683,0.0927734375,0.5502192,0.87417686,1.416516177470431
118.4,0.11042962,2683.289318300987,0.023293706,0.13623046875,0.623476,0.7982635,1.4316165119791755
118.432,0.102911964,3331.0672120432846,0.05511384,0.16455078125,1.1117449,0.7514816,1.4265650769255722
118.464,0.101798475,3482.022417966419,0.1251177,0.17431640625,1.2021979,0.606842,1.4117818955244434
118.496,0.104683496,3105.119444629557,0.09861095,0.1845703125,1.9565227,0.5496105,1.3814343184129823
118.528,0.09218306,2734.370436154998,0.054716505,0.18701171875,3.1967368,0.5304544,1.3456094325128738
118.56,0.06530967,2632.6636215120325,0.057638247,0.17626953125,1.1956456,0.4393819,1.3170827681341408
118.592,0.04879493,2768.286563916289,0.07557122,0.2099609375,0.37169245,0.46386543,1.2984868169360106
118.624,0.06671346,2951.102892854955,0.17788272,0.2080078125,0.30786815,0.36063066,1.2894040093942045
118.656,0.105951585,2691.6380710072244,0.12864593,0.16748046875,0.5103928,0.45068675,1.2741798623846023
118.688,0.12701438,2367.6756523480485,0.041695125,0.146484375,5.6560965,0.7089136,1.2555030093047568
118.72,0.11772341,2234.798356283513,0.020171445,0.09814453125,3.224234,0.8714525,1.2254497895596987
118.752,0.12064302,2381.590183045009,0.031381134,0.0849609375,0.42815465,0.87451565,1.1782496995865417
118.784,0.15138027,2357.397194259387,0.04833113,0.07666015625,0.0601969,0.8299277,1.1179949519804704
118.816,0.17806587,2223.120241350344,0.026692305,0.0673828125,2.3077157,0.8646777,1.0589807041173571
118.848,0.21473332,1977.2366181222746,0.007677921,0.0546875,3.8698614,0.9265002,1.0089731876614736
118.88,0.19223954,1921.4124294819046,0.00591025,0.0615234375,0.81659776,0.9354126,0.9763127925299427
118.912,0.14466394,2020.0427641537756,0.0076088062,0.08154296875,0.313017,0.86713755,0.9614392300274421
118.944,0.104240246,2243.31570620779,0.013718112,0.099609375,0.20823938,0.73029006,0.9556986168129459
118.976,0.09270318,2381.015502251769,0.015630852,0.12451171875,0.5118474,0.7936745,0.9414828339927461
119.008,0.07601567,2490.2350744645482,0.019620067,0.1396484375,0.96784633,0.73469347,0.9120380736587039
119.04,0.07329526,2511.902247067647,0.044178076,0.15087890625,0.6653054,0.41042385,0.8703309583798937
119.072,0.111648634,2558.513540300133,0.07300168,0.15576171875,0.5311411,0.60635597,0.8361342533640882
119.104,0.13522924,2466.6067405436256,0.042222198,0.1494140625,3.7118807,0.82383734,0.8279070001951916
119.136,0.12479637,2276.6857206501795,0.02361721,0.12109375,5.3346167,0.87591314,0.8553571908225006
119.168,0.1078873,2111.376389633331,0.017424723,0.09716796875,0.7982912,0.7471517,0.9047295628390818
119.2,0.105600186,1841.3942832533626,0.011341922,0.09716796875,0.12812454,0.7147842,0.9757288098174028
119.232,0.10462528,2013.0572474432847,0.020928761,0.10888671875,0.39833382,0.73554003,1.067287969900503
119.264,0.10607602,2380.789322756816,0.027251367,0.11865234375,0.5936796,0.58847874,1.165163729411238
119.296,0.09734691,2558.4720865590125,0.022122566,0.12939453125,2.8932555,0.5878942,1.2536121478991178
119.328,0.091298744,2427.57342722693,0.021876942,0.1328125,1.5553882,0.62897706,1.3173917915825533
119.36,0.103556,2326.3682396316312,0.065758765,0.1220703125,0.3498909,0.6092374,1.3465133282878174
119.392,0.14493375,2369.8587143303957,0.051829256,0.1044921875,0.5389063,0.7717883,1.338120454140408
119.424,0.18161547,2269.029239503977,0.017948726,0.0908203125,5.928405,0.88903743,1.3093695622939985
119.456,0.20790811,2019.0535480619742,0.006262912,0.06298828125,2.0751026,0.9320003,1.2952891013492525
119.488,0.18605374,1955.9146813728705,0.0050081797,0.05908203125,0.38371754,0.92199,1.2964702870376248
119.52,0.14394167,2154.144980844092,0.009080756,0.07373046875,0.16288908,0.89294034,1.3036468820853155
119.552,0.11840092,2297.0860778682145,0.015762098,0.09033203125,0.2335497,0.82189804,1.2937960535434612
119.584,0.10573199,2466.8232591914366,0.018385433,0.1064453125,1.2407137,0.6959287,1.2563585967625372
119.616,0.10044612,2489.011637191743,0.016949704,0.1328125,1.5423033,0.6214053,1.1874867697274416
119.648,0.08974012,2758.3521406981854,0.040574495,0.150390625,0.7737163,0.50509447,1.1047554812324218
119.68,0.08953525,3038.2908722233187,0.08343949,0.16650390625,0.6150952,0.39274874,1.0165700237164983
119.712,0.08323834,2852.9910308617646,0.0650239,0.18505859375,2.4328663,0.42285305,0.9288451078014732
119.744,0.0655732,2733.815302807194,0.05478729,0.18310546875,2.613096,0.39583835,0.8577122685125911
119.776,0.051442757,2855.1610017133794,0.0577898,0.18798828125,0.5389996,0.29626438,0.8110211956469097
119.808,0.056861714,2920.6142215694745,0.10839855,0.193359375,0.16445163,0.1924178,0.7902598087642936
119.84,0.0842912,2678.113767431338,0.10675387,0.173828125,0.3417354,0.3317177,0.7940415193951305
119.872,0.10887766,2477.2117143988694,0.05511355,0.1513671875,3.3905723,0.6396532,0.8201004044809158
119.904,0.10447978,2431.7097798023174,0.03000063,0.123046875,4.1858854,0.7649591,0.850899105519758
119.936,0.089545846,2569.5495767395023,0.035507157,0.10791015625,0.88242996,0.75521183,0.8625882926663878
119.968,0.10870863,2532.5899451764258,0.06966387,0.10302734375,0.17972721,0.73169255,0.8540172831910566
120.0,0.14568259,2417.9365856868963,0.041389186,0.08447265625,0.65360963,0.8630232,0.8345057943383496
120.032,0.18859279,2232.9910158249522,0.0110435365,0.07177734375,4.2860274,0.9507602,0.8272954002299827
120.064,0.20624521,1954.8976599514185,0.005889931,0.07568359375,0.9402249,0.960406,0.8344715310052065
120.096,0.17026193,1933.6358939537677,0.0075874934,0.07373046875,0.22593224,0.93160653,0.8574507024104888
120.128,0.11298989,2283.4965245164126,0.023460452,0.0908203125,0.69543517,0.8503928,0.8866265755145117
120.16,0.09832084,2340.0731767855186,0.031106252,0.10888671875,1.2194022,0.83462876,0.9087086818891542
120.192,0.0864801,2317.5153016698605,0.019572752,0.14794921875,1.7551205,0.8849125,0.915450928686122
120.224,0.06683472,3371.4041461144643,0.071447514,0.21435546875,0.831831,0.731013,0.8996293830653763
120.256,0.08610466,3266.370448315258,0.16123492,0.205078125,0.068672106,0.56874645,0.8611218305957337
120.288,0.1433976,2718.639649329153,0.07445122,0.1953125,2.4315834,0.7955805,0.8205291485955735
120.32,0.15408054,2308.9926455781256,0.03033294,0.14013671875,6.216444,0.8826857,0.8015598259707095
120.352,0.13543555,2019.9023397008943,0.019493397,0.076171875,2.3452816,0.8581301,0.8113619482175211
120.384,0.11588121,1982.8097347730036,0.014145615,0.0830078125,0.47574562,0.78861475,0.8475700710317251
120.416,0.10698489,2297.8355234027053,0.022367602,0.107421875,0.835929,0.8272544,0.9152131792222065
120.448,0.10476199,2789.017618779966,0.054583535,0.109375,0.3891823,0.8169881,1.0070666258924459
120.48,0.10441322,2941.701972062511,0.04638301,0.11083984375,1.2210088,0.8451809,1.1021595966827265
120.512,0.09889695,3076.8237282648943,0.030946136,0.12060546875,3.0145752,0.8982666,1.1657298405984875
120.544,0.102141924,2785.89571146223,0.05068145,0.11083984375,0.39657313,0.84501797,1.1817302234699294
120.576,0.13705541,2449.0763061275766,0.06558361,0.1015625,0.12541687,0.7755178,1.1650819588276433
120.608,0.17680356,2295.617463160571,0.034057193,0.08984375,3.526687,0.8870527,1.1318315605601956
120.64,0.21224062,2009.6611712112892,0.009433747,0.0615234375,4.7223954,0.95943993,1.1103290830276624
120.672,0.19659962,1804.7942649106308,0.0047275727,0.0498046875,0.9294267,0.9773232,1.1064168081485453
120.704,0.15734291,1846.2005028818426,0.005714716,0.07080078125,0.20007764,0.9640133,1.1181397403400826
120.736,0.119311266,2298.617100685331,0.017204186,0.09619140625,0.17622897,0.9136993,1.14101513938407
120.768,0.09893137,2515.7440027344023,0.033511173,0.1357421875,0.47438005,0.7858656,1.1616915165414117
120.8,0.09047499,2457.703440256938,0.032017365,0.15625,2.2429426,0.63329417,1.1600440143027562
120.832,0.08533069,2491.6323302231403,0.029360183,0.18310546875,1.7656375,0.59955513,1.1260637860145017
120.864,0.09028106,2901.1678846398045,0.07910525,0.1923828125,0.89137197,0.5047814,1.0612425443335214
120.896,0.09235096,2989.602534365802,0.078004025,0.19384765625,0.7456469,0.47316787,0.9710076644312184
120.928,0.07781125,2865.655916511088,0.051609818,0.201171875,3.3571734,0.4889847,0.872414700914525
120.96,0.0661677,2755.2820333848476,0.042908996,0.17724609375,0.7531576,0.3271002,0.7824454784425483
120.992,0.06687932,2746.9413777204063,0.038080085,0.1962890625,0.11831581,0.2728449,0.7185534987509863
121.024,0.074781165,2658.4510697552914,0.107176036,0.18896484375,0.32236072,0.28223783,0.6945326104848606
121.056,0.106419295,2491.894959756255,0.082259454,0.1572265625,0.86506623,0.49728185,0.694134769031556
121.088,0.13008179,2194.031221865531,0.029886363,0.13671875,5.5338764,0.76667196,0.6998132122235975
121.12,0.12284152,2042.860239829892,0.0143945,0.09423828125,2.7296188,0.89334506,0.6967999947757033
121.152,0.12299426,2311.489703558989,0.026788095,0.0771484375,0.40348566,0.8646999,0.6928258933127714
121.184,0.1497172,2301.2477144520954,0.037832495,0.06884765625,0.13593754,0.8318876,0.6996666683174587
121.216,0.1731112,2234.168300451572,0.019256528,0.0556640625,2.7110138,0.9240152,0.729336848132632
121.248,0.22003798,1911.8160118261512,0.0052193208,0.0439453125,3.0060775,0.975817,0.7859228628583746
121.28,0.19420175,1714.805512749321,0.0041646236,0.0439453125,0.28811502,0.9729763,0.8680877728440656
121.312,0.14496687,1768.1566563885199,0.005895714,0.06005859375,0.18365198,0.95361006,0.9823039810968806
121.344,0.10888021,1979.1412127878698,0.013768871,0.078125,0.37520847,0.90982896,1.119272407724889
121.376,0.10403117,2133.1398269175324,0.01729729,0.10595703125,0.80857176,0.8541811,1.257991719218451
121.408,0.08403744,2267.8920961274243,0.022915527,0.13818359375,2.0687828,0.7627841,1.3845543595983985
121.44,0.06279582,2423.587241336274,0.06805445,0.1435546875,1.5686144,0.6262849,1.4904032852488183
121.472,0.113704816,2506.3461892882387,0.083438195,0.15478515625,0.55192786,0.7225527,1.5677453140780473
121.504,0.1490787,2397.5439662703748,0.045312002,0.15283203125,2.9161305,0.84830594,1.6107753650297632
121.536,0.1325278,2250.3223777979956,0.025789155,0.115234375,5.457825,0.8921719,1.6269022911845654
121.568,0.1036043,2190.880824912887,0.02019552,0.09619140625,0.983297,0.856541,1.634947396346364
121.6,0.10098157,2049.330065159398,0.012451742,0.09423828125,0.22981279,0.86973983,1.6378206031182612
121.632,0.102665246,2192.735068777531,0.026363255,0.09912109375,0.29561782,0.829067,1.6312196455975536
121.664,0.09906165,2436.303469152089,0.046749856,0.11083984375,0.3876907,0.7215857,1.6077092802197237
121.696,0.08993952,2390.3691395702735,0.031623133,0.12255859375,3.3807843,0.70212114,1.560667535421328
121.728,0.077981874,2232.780985999032,0.023527732,0.126953125,2.0406756,0.753738,1.4879893871336758
121.76,0.089884415,2459.890442752014,0.082408845,0.11962890625,0.22819099,0.647138,1.4037435009205534
121.792,0.14715193,2371.481012722781,0.051151074,0.10400390625,0.2164724,0.83403057,1.3131532461746827
121.824,0.20149481,2132.079632541019,0.013312679,0.08984375,6.0758357,0.95785797,1.2326203127101079
121.856,0.21480653,1799.3973024636975,0.0051342393,0.05908203125,2.2000554,0.97889405,1.1734863408081329
121.888,0.19122969,1679.9055818376337,0.0044913245,0.04052734375,0.27899757,0.9768416,1.134416638555205
121.92,0.15677413,1729.9693284615328,0.0054992037,0.052734375,0.2200354,0.9656216,1.1126038749885738
121.952,0.1320352,1948.8007544456375,0.008668734,0.06640625,0.4726634,0.94514745,1.1085980782170743
121.984,0.11431722,2178.6704499115976,0.012808476,0.076171875,0.7302493,0.8489273,1.1287731285403073
122.016,0.1020158,2184.341730155344,0.010542909,0.09228515625,1.2722348,0.82571864,1.1544948810978637
122.048,0.09410493,2723.2274245348895,0.035783067,0.11181640625,1.167414,0.8097325,1.1692768056965743
122.08,0.10545213,3038.6436205742,0.073172785,0.12548828125,0.31039858,0.619233,1.175649680429929
122.112,0.09288771,2996.5526097905863,0.058043666,0.15283203125,3.386429,0.6439646,1.1774185179230607
122.144,0.066530675,2845.9932455925,0.050445013,0.1708984375,3.514164,0.6328973,1.1793564854254242
122.176,0.04937372,2771.8456345651507,0.046764106,0.16748046875,0.3174844,0.44511285,1.1820370670138305
122.208,0.05200392,2753.5003804677262,0.08363045,0.1826171875,0.17015778,0.46848908,1.1829228973929111
122.24,0.08480386,2651.1702471768867,0.118510835,0.1669921875,0.2526159,0.47189164,1.1668118412715391
122.272,0.12797797,2376.5427476201858,0.053629823,0.13916015625,3.391719,0.7098645,1.1330312065838521
122.304,0.13268536,2141.83934523603,0.019740222,0.109375,6.14004,0.85537916,1.0793604967088435
122.336,0.11941754,2114.012691977247,0.014516178,0.08642578125,1.2112343,0.90004784,1.007535441342118
122.368,0.13759795,2376.9081633343085,0.040236223,0.07666015625,0.21726462,0.8232598,0.9306798412793962
122.4,0.16005923,2416.0888317821564,0.035201646,0.06005859375,0.3541118,0.86923826,0.8621349827438539
122.432,0.20318066,2233.0144679352406,0.00947138,0.05517578125,4.8445034,0.96171576,0.8150063746209666
122.464,0.21703397,1770.1367639247967,0.0038052206,0.04345703125,1.1123972,0.9792391,0.7884948592124543
122.496,0.17722924,1692.7754043682453,0.0038822873,0.03662109375,0.21096268,0.97419596,0.7916259177295687
122.528,0.12234133,1936.6689607469198,0.009774744,0.05810546875,0.31863773,0.9450948,0.8239922738519225
122.56,0.1115482,2124.986437378061,0.017845327,0.08642578125,0.43392456,0.8942196,0.8691366273224925
122.592,0.09720469,2231.2303768194274,0.01672373,0.10009765625,1.7041451,0.8217825,0.9117192504944509
122.624,0.07031336,2378.494807467362,0.026200332,0.13330078125,2.1426466,0.7386166,0.9453293532458303
122.656,0.08714042,2679.6844708412873,0.120113865,0.1181640625,0.44114214,0.6097104,0.9702535742338513
122.688,0.15928891,2480.024477881934,0.06352807,0.09765625,0.5666717,0.81156874,0.9924234834647971
122.72,0.16962749,2276.265020627358,0.024895841,0.0791015625,7.939208,0.91630673,1.027939060555897
122.752,0.13614836,2172.437091620579,0.016606431,0.04638671875,2.7937589,0.9245209,1.082033436639653
122.784,0.11909247,2014.58595348325,0.010317656,0.056640625,0.22386199,0.9179292,1.1545057937599907
122.816,0.12110387,1982.839294261292,0.009938477,0.0634765625,0.1423546,0.9368443,1.2442386571263129
122.848,0.13193922,2258.8238383982853,0.018837078,0.06982421875,0.3669989,0.89185256,1.3415909125353542
122.88,0.12786229,2274.6617450946833,0.019816492,0.0849609375,0.8654867,0.8481322,1.4361876257377817
122.912,0.11802853,2137.343220479626,0.011665468,0.1240234375,3.4412344,0.8768104,1.5136602634434546
122.944,0.078153685,2626.308651180662,0.036700275,0.14208984375,0.73807776,0.7717219,1.5677335632206226
122.976,0.091319285,2695.739828700331,0.05953671,0.1455078125,0.16260816,0.66899425,1.6030192428302383
123.008,0.14320496,2391.1433400366777,0.02069038,0.14990234375,1.5511107,0.868604,1.624091509583235
123.04,0.12414063,2246.995548121989,0.011624294,0.115234375,3.8571587,0.88131624,1.6391602981374196
123.072,0.09142262,2276.073072032813,0.0123096015,0.0966796875,0.85690093,0.7875941,1.6636629529337268
123.104,0.08704658,2186.0452720760186,0.013042233,0.09228515625,0.16395447,0.78768414,1.7079644263016716
123.136,0.08625045,2093.54412134454,0.013750611,0.095703125,0.30644366,0.8040013,1.7716264703266815
123.168,0.07892841,2262.0570880088726,0.01868852,0.10400390625,0.9304089,0.7300377,1.8494227580064093
123.2,0.08044284,2492.1671699703456,0.019920802,0.10888671875,1.1775256,0.6189456,1.9339795592904103
123.232,0.07156862,2462.473989006983,0.019258706,0.13037109375,1.3962195,0.6585331,2.017740255305618
123.264,0.07629455,2729.2910013127275,0.03776243,0.14404296875,1.032236,0.56888014,2.097598115859381
123.296,0.08175507,2975.235459869601,0.038082138,0.1513671875,0.45903122,0.47078824,2.1754827026576264
123.328,0.07326229,2902.6060767492854,0.018911308,0.1669921875,2.9288914,0.5301834,2.253251915185578
123.36,0.07183554,2730.7486140848914,0.013079965,0.16064453125,0.76142335,0.54370624,2.337247919866386
123.392,0.07137406,2453.8162113606572,0.019259574,0.146484375,0.20065214,0.5827163,2.431672557219379
123.424,0.07892843,2263.577474037083,0.053781852,0.13720703125,0.3461198,0.45837796,2.5336777699824786
123.456,0.07769342,2303.674808354769,0.059499342,0.14013671875,2.4840517,0.44321245,2.6425380275640826
123.488,0.07396842,2486.641287503876,0.038441937,0.13134765625,5.693189,0.4766771,2.763436168192311
123.52,0.07019157,2509.4810190855524,0.023223486,0.1337890625,0.91515255,0.52567464,2.9032008188065026
123.552,0.06669536,2552.325401685499,0.03439483,0.150390625,0.45890722,0.5745456,3.0539089899275678
123.584,0.0742748,2733.514930498791,0.037050225,0.14453125,0.2060985,0.4415781,3.2004241389377666
123.616,0.069213934,2702.3955736350367,0.022122096,0.1572265625,1.9065219,0.51322097,3.333744003849031
123.648,0.06606919,2553.583286618382,0.01628909,0.1494140625,1.8703258,0.55033284,3.451372502862207
123.68,0.06606214,2471.5382152731263,0.01562748,0.13427734375,0.25527486,0.57897687,3.5508342903518497
123.712,0.06682211,2271.8864470759677,0.021201963,0.111328125,0.35150814,0.6059013,3.6337403154876884
123.744,0.06518554,2123.2615268225863,0.026629131,0.123046875,0.73956156,0.69223684,3.7008732868397898
123.776,0.06824655,2452.7318672317692,0.030680472,0.13232421875,2.5399,0.550663,3.757506819877713
123.808,0.07202077,2608.553567938524,0.024836076,0.11669921875,1.7757612,0.41814265,3.8138617874189378
123.84,0.05927094,2482.017774901966,0.027660443,0.1513671875,1.7441311,0.5432031,3.8706370621131105
123.872,0.07162852,2659.554703493914,0.038909227,0.14404296875,0.7197251,0.34256446,3.9260233993478986
123.904,0.070027046,2646.5768701810616,0.025940336,0.14208984375,0.7919558,0.34279856,3.981744741696638
123.936,0.05997602,2462.8622158383723,0.015089184,0.1630859375,2.8890603,0.4443154,4.038864858792836
123.968,0.059980564,2345.0732276352765,0.012585288,0.15185546875,0.57601345,0.41520247,4.095143226966638
124.0,0.06061488,2266.6198973371806,0.011299628,0.14404296875,0.44320458,0.38564515,4.149783359794602
124.032,0.05464177,2272.130180288467,0.01555193,0.14306640625,0.5195806,0.43138748,4.20956412713391
124.064,0.05124992,2429.30226911531,0.03374851,0.15283203125,0.61946726,0.42333278,4.276636904506086
124.096,0.06487916,2596.49164958509,0.027628949,0.1533203125,1.1895661,0.2266927,4.3555571303276555
124.128,0.05962533,2409.74682745035,0.024873005,0.169921875,2.7879515,0.23354259,4.440693649967225
124.16,0.054573197,2614.0201857038246,0.06678484,0.1953125,1.7168713,0.2695446,4.526165779170573
124.192,0.068064466,2763.6389632217742,0.05941563,0.19921875,0.9864899,0.20960537,4.612241409944639
124.224,0.056960113,2653.5067047315583,0.034227006,0.2119140625,3.2322607,0.234663,4.703504033975285
124.256,0.054142926,2479.972617002061,0.039989308,0.20361328125,1.6368283,0.17506869,4.787942739811322
124.288,0.053076867,2461.754101314593,0.031784516,0.18603515625,0.2352712,0.15401667,4.855546623416863
124.32,0.056192327,2287.499866390379,0.03462928,0.1650390625,1.340158,0.1451394,4.910128776048498
124.352,0.049597017,2259.7880698483305,0.04627613,0.1708984375,0.3687487,0.17964995,4.957451588217197
124.384,0.05217767,2748.2836504495363,0.06142622,0.17724609375,1.6953945,0.12111245,5.000739233140399
124.416,0.055686735,2769.6687605807247,0.047317874,0.18701171875,0.747068,0.08964737,5.0364683214605295
124.448,0.05013556,2718.0242693380824,0.05777523,0.22802734375,1.7876271,0.095296875,5.062728812146037
124.48,0.06982323,3036.0467278995857,0.05734579,0.22509765625,0.82827926,0.04257942,5.064246129095861
124.512,0.063345075,3067.285457422497,0.040285446,0.22900390625,1.1684041,0.04244763,5.0351611902276066
124.544,0.06905629,2770.831422433485,0.07401226,0.2080078125,2.4811964,0.08859294,4.9858924521019885
124.576,0.08106865,2563.2257926907614,0.050168563,0.16943359375,0.38315,0.08022355,4.922286636139044
124.608,0.08350345,2344.7647480269607,0.034032147,0.1484375,3.4579258,0.033171676,4.8537999932022124
124.64,0.08784627,2266.779952800888,0.051957887,0.14111328125,1.030924,0.042606562,4.797541955050319
124.672,0.06802004,2406.8659834113296,0.046021618,0.15771484375,1.1473328,0.04638517,4.729771249834414
124.704,0.058266155,2594.955945475279,0.03842778,0.2109375,2.0651224,0.060051054,4.645689125818636
124.736,0.04865534,3067.405281631734,0.09968293,0.25830078125,0.5412047,0.07603937,4.553526996763915
124.768,0.056825314,3252.615612960293,0.16714476,0.28466796875,0.40098593,0.045798857,4.4622960091462796
124.8,0.05870291,3268.541912138576,0.1580288,0.29345703125,1.7342396,0.050222363,4.366204053131636
124.832,0.060224537,2762.6921863770212,0.111282125,0.2412109375,3.228321,0.18586943,4.259147761733311
124.864,0.062654465,2263.6433146278914,0.06363832,0.2197265625,1.0828345,0.2916508,4.142174835568093
124.896,0.05005018,2821.9608930723825,0.0942746,0.24755859375,1.4256794,0.35824186,4.015873590804507
124.928,0.057145953,3392.625925284851,0.22262816,0.22412109375,0.72611946,0.22150923,3.876835964243647
124.96,0.0720548,2875.9106385872824,0.13424566,0.22607421875,0.90344137,0.24051926,3.7345291512469805
124.992,0.083247714,2284.6315110626056,0.040639933,0.2060546875,3.5975475,0.1527247,3.5946734904323843
125.024,0.062059674,2189.7306806986326,0.03359491,0.1513671875,2.3566806,0.14693584,3.450254898218454
125.056,0.047050852,2401.631733042858,0.06547157,0.1708984375,0.976137,0.35578582,3.2965144537229296
125.088,0.06274758,2671.294197192841,0.07205225,0.189453125,0.5200896,0.31399283,3.1386781000484896
125.12,0.07698458,2574.7493665142474,0.039478824,0.18359375,1.4241636,0.37580338,2.9682483549403256
125.152,0.071882375,2374.345836782746,0.022021595,0.1552734375,2.5657525,0.3261461,2.8121099804722625
125.184,0.0670446,2047.52188921562,0.011676411,0.11865234375,1.2436142,0.61648387,2.6789855311129585
125.216,0.07253103,2169.274079157647,0.015073933,0.09765625,0.84797573,0.7266111,2.5721933869376095
125.248,0.07754158,2378.0042234842695,0.054310445,0.11279296875,0.34398884,0.38037685,2.4871045577124105
125.28,0.07682973,2459.0759221133358,0.057316434,0.1328125,2.8150039,0.21130458,2.425557987023451
125.312,0.06210581,2433.235710605626,0.053225778,0.21533203125,5.659208,0.32320973,2.3926124700524314
125.344,0.056073174,3178.020772299512,0.18862036,0.19580078125,1.2847164,0.43018597,2.3848286343330485
125.376,0.1180224,2480.8481373298296,0.07139466,0.16552734375,0.42134365,0.758221,2.4025269062104804
125.408,0.15654612,1915.184649596985,0.02203164,0.15087890625,3.599111,0.78508115,2.440794371459637
125.44,0.1398385,1848.5584386620726,0.010023429,0.076171875,4.0007563,0.6916695,2.4999042319527494
125.472,0.10809044,1837.6249101435542,0.0069864225,0.0703125,0.9288936,0.6253115,2.579272991786193
125.504,0.09014375,1828.445251094461,0.007312289,0.07861328125,0.21352041,0.81968784,2.6826301115383897
125.536,0.08966077,1918.8863556934916,0.010512382,0.09326171875,0.33607665,0.9156187,2.8200661878580844
125.568,0.09014615,2141.9641024083003,0.018160693,0.09521484375,0.5749513,0.7307261,2.9871201218456105
125.6,0.09011504,2068.7947843904803,0.011178893,0.10009765625,2.2548807,0.62062144,3.187648833470158
125.632,0.08308038,1934.4732628246425,0.008669101,0.09912109375,2.6312466,0.7855803,3.4204717326450913
125.664,0.08406135,2499.1279586554383,0.023497228,0.07275390625,0.92235315,0.868009,3.6559657506198713
125.696,0.07675713,2394.141655197339,0.023818713,0.05419921875,0.42507362,0.8988097,3.887292631146946
125.728,0.06683537,1784.556308428067,0.0058475947,0.04248046875,3.411309,0.950692,4.11987929393487
125.76,0.067088366,1565.8830092257945,0.0024930527,0.02490234375,0.85266066,0.9615786,4.343652827771771
125.792,0.06781198,1488.139745569704,0.0020926567,0.03466796875,0.18378897,0.96585727,4.544118533910407
125.824,0.069225,2304.7654092100834,0.024862,0.04736328125,0.2905884,0.8979468,4.7195658915875915
125.856,0.07515859,2528.532837368315,0.054355886,0.05224609375,0.55319047,0.70390433,4.865030586663685
125.888,0.07337571,2302.032890315541,0.024557061,0.05810546875,8.543113,0.73422986,4.994118045175152
125.92,0.066182315,1926.3617828752679,0.008268009,0.07763671875,3.9210913,0.886478,5.114048992647528
125.952,0.06670474,3051.1372734536894,0.044143625,0.0888671875,0.149385,0.8087315,5.215383572763869
125.984,0.06886696,3328.44839331787,0.070286,0.09033203125,0.09656693,0.7000907,5.290967802566704
126.016,0.063558295,3155.9439225638976,0.033441402,0.08349609375,4.685291,0.83381414,5.330010924755395
126.048,0.06231826,2391.5448648774814,0.010685198,0.0537109375,2.3297412,0.9334541,5.333814609379095
126.08,0.07144111,1634.0451233429835,0.005027857,0.05078125,0.14711143,0.9634031,5.296165726924586
126.112,0.07834927,2004.0618282407997,0.021896685,0.07275390625,0.6567361,0.90730435,5.214723250889622
126.144,0.09251574,2099.108112546206,0.03204438,0.09033203125,1.2474455,0.5730237,5.1253607238616965
126.176,0.10897452,1962.5358824413574,0.010991206,0.09619140625,6.6279907,0.41400087,5.006963140078572
126.208,0.08933988,1840.1267684184443,0.0066094664,0.09228515625,3.6545868,0.5334649,4.854378371844831
126.24,0.06272017,2289.273269289478,0.04358768,0.09033203125,0.53757447,0.7852056,4.6826490044555
126.272,0.099493645,2291.438984944035,0.06677432,0.0771484375,0.2192963,0.7825,4.509499100484112
126.304,0.14177403,1787.3807622431711,0.015983894,0.07861328125,4.967841,0.9203195,4.306223542922881
126.336,0.12738112,1439.6555353348815,0.0043333867,0.06787109375,6.100857,0.90075445,4.0759300913609
126.368,0.09283326,1526.967334211431,0.0046572974,0.06591796875,0.5933333,0.7964872,3.8423348290472408
126.4,0.081463136,1561.7565000416466,0.003262243,0.09716796875,0.22786328,0.7728005,3.615266708287216
126.432,0.08310319,2336.736741092839,0.010371072,0.13623046875,0.16401637,0.65400606,3.387436541608562
126.464,0.074665725,2882.0891498862156,0.04252131,0.17431640625,0.4226517,0.64006823,3.155001578965995
126.496,0.060982335,3401.4828917357986,0.069658846,0.22509765625,3.4255416,0.76482636,2.9395217822296287
126.528,0.05302617,4006.8313107797408,0.0550103,0.248046875,3.545519,0.7574691,2.746996043771074
126.56,0.055718996,3292.5789657590217,0.14706346,0.22265625,0.6507253,0.5633245,2.58570066802147
126.592,0.08333244,2800.8287733729107,0.09320383,0.21337890625,0.30799446,0.72470456,2.4754933025964263
126.624,0.08873787,2638.8525889695857,0.040795196,0.17333984375,6.8845716,0.8032919,2.4002096201187375
126.656,0.07264825,2640.467475332086,0.018226573,0.15576171875,2.8121464,0.62530965,2.367243704674201
126.688,0.06518785,2680.0312289252342,0.0131818205,0.1611328125,0.52830565,0.5194114,2.3780648639136746
126.72,0.060315296,2575.3172999546023,0.021332668,0.16748046875,0.34810337,0.43791127,2.438877130661943
126.752,0.067049935,2470.778232028847,0.01899722,0.1748046875,0.6311952,0.40671226,2.531946029596176
126.784,0.06800097,2739.502978648739,0.012354355,0.1875,1.76933,0.5008398,2.660279299725764
126.816,0.06455436,3009.170164919641,0.015505138,0.224609375,1.2439675,0.48831013,2.8183691359475214
126.848,0.06558198,3112.6593915824897,0.052552313,0.216796875,0.77212465,0.28397515,2.977638167447079
126.88,0.06896832,3207.8339313909037,0.061933015,0.205078125,1.0595472,0.056894306,3.1368531714564716
126.912,0.055483617,2947.9762064748775,0.0310736,0.17333984375,4.7201877,0.074484795,3.3120452968075913
126.944,0.025351321,2432.480870833161,0.030707294,0.12451171875,2.1423645,0.3469152,3.517806296556195
126.976,0.014553946,2492.5890790330045,0.038859207,0.15869140625,0.2685607,0.74782413,3.7438877745101014
127.008,0.027628591,3411.182075978018,0.22958921,0.1962890625,0.20045365,0.1823408,3.981981883736273
127.04,0.058032386,3133.4622217372125,0.19436766,0.2041015625,0.47537333,0.1019988,4.22473878041946
127.072,0.076933675,2738.697677551261,0.079049185,0.21484375,11.140389,0.34778395,4.433493075888973
127.104,0.071821555,2526.5123536213887,0.0273296,0.18017578125,6.690392,0.43466786,4.610048725703099
127.136,0.059825774,2781.5806879596284,0.038698453,0.1806640625,1.0272822,0.36888745,4.778042788569898
127.168,0.06744457,3141.3441640095994,0.0884831,0.189453125,0.3592513,0.15732461,4.92025512750403
127.2,0.0702836,3140.3524294201366,0.064094484,0.2021484375,0.8928938,0.21310385,5.021686967651807
127.232,0.052123994,2812.749143599144,0.038496073,0.22021484375,3.8576841,0.37733683,5.092900143534774
127.264,0.029556615,2490.2123751252366,0.04339248,0.23583984375,0.54449326,0.44460738,5.155221265582028
127.296,0.016450623,3354.1684407037656,0.22137082,0.28125,0.6024898,0.16955364,5.189483967172734
127.328,0.03965387,3231.4200742357903,0.15214023,0.26904296875,0.53748935,0.25054067,5.199035796231083
127.36,0.07797534,2576.4604600808816,0.03825374,0.25634765625,2.2398808,0.5291444,5.179843538618008
127.392,0.0888477,2356.611673314372,0.0102467,0.23779296875,5.899991,0.5689209,5.142353027292848
127.424,0.07358874,2881.2369465919614,0.023627771,0.24267578125,2.3091812,0.57606083,5.084140512412958
127.456,0.07065153,3085.3207462664577,0.11384984,0.23583984375,0.45648047,0.64137405,4.994032450665816
127.488,0.124334686,2606.624277477058,0.04424697,0.2138671875,2.2287736,0.8632837,4.866187600082667
127.52,0.13994117,2062.162886828132,0.0126797035,0.1796875,7.0280504,0.83560866,4.6960425534442995
127.552,0.10919196,1784.681055674223,0.005051678,0.11083984375,1.9790211,0.5261125,4.497573464001345
127.584,0.08230767,1882.8240857732474,0.005550727,0.1181640625,0.7267315,0.4161272,4.2582898375516285
127.616,0.06876373,2255.8558323242455,0.014980272,0.17138671875,0.32544467,0.4806479,3.9807864373384
127.648,0.073770925,2919.17338760885,0.04383382,0.2275390625,0.5408955,0.51472676,3.686263352203822
127.68,0.056664817,3813.6699313596573,0.113767624,0.30712890625,2.2902043,0.49761343,3.3792461721710967
127.712,0.046806563,4386.330362005866,0.07807556,0.39453125,3.4755414,0.57076335,3.0672151750581302
127.744,0.04012513,3723.364127835639,0.16067976,0.34619140625,1.5325696,0.55539846,2.766658369833796
127.776,0.10936359,2620.2481610767554,0.04901625,0.27783203125,0.09075031,0.86958414,2.5006425128487137
127.808,0.15838969,2307.9661877471144,0.020773077,0.1923828125,3.6999002,0.93413335,2.2817373143309374
127.84,0.14035995,2207.6141679496236,0.012154558,0.1162109375,5.637717,0.91634804,2.105012420289258
127.872,0.107596606,2347.431372983238,0.010949024,0.0966796875,1.2303575,0.8563572,1.9597827152435248
127.904,0.097059384,2105.8916758077476,0.010590401,0.09716796875,0.6981848,0.9099918,1.8357193975839852
127.936,0.09562488,2140.239352038949,0.013618822,0.11181640625,0.39554515,0.8911253,1.7289588952310417
127.968,0.09807925,2401.212977449116,0.017873945,0.10986328125,0.55086315,0.75470686,1.6527806875123154
128.0,0.09578395,2497.9227574648057,0.011579868,0.13818359375,1.8296045,0.64419794,1.619261778885153
128.032,0.0912183,2622.8441221878406,0.015874213,0.1611328125,1.7125711,0.659693,1.6396723939612334
128.064,0.09160394,2950.790061800832,0.02667941,0.16748046875,0.6212924,0.6658561,1.7094245763770735
128.096,0.08573848,2845.854378240317,0.024761492,0.15576171875,1.4286468,0.7168029,1.8383366620139818
128.128,0.08221697,2575.866754724746,0.010504035,0.15478515625,2.64648,0.6819136,2.008307165143326
128.16,0.08303232,2491.212220005629,0.005393735,0.13330078125,1.1020292,0.65035707,2.203050064860979
128.192,0.08215097,2316.186395902079,0.006640614,0.1240234375,0.90879357,0.6852883,2.413690324625837
128.224,0.08280949,2231.378528618853,0.032326695,0.125,0.49853465,0.7356739,2.629291222662851
128.256,0.09246806,2319.482178101336,0.045504835,0.1123046875,1.6950618,0.5717621,2.8513718308427736
128.288,0.08841363,2206.580980904986,0.01974823,0.10107421875,6.668586,0.4966213,3.0473859072661336
128.32,0.08083952,1938.4913679017848,0.0074482732,0.10888671875,2.598722,0.5318311,3.2115558320139406
128.352,0.07455842,2574.3534099479716,0.036576726,0.10107421875,0.38602912,0.5997313,3.335817242953102
128.384,0.06659702,2978.291314933649,0.06665029,0.091796875,0.11787685,0.71523976,3.4365026043213875
128.416,0.06088302,2971.9856821024973,0.030957447,0.08544921875,4.469886,0.8650911,3.5284379454742925
128.448,0.059444334,2417.408004275824,0.008610384,0.05517578125,1.880659,0.93858355,3.6076382405632748
128.48,0.058538318,2018.7827668766438,0.0048098513,0.06396484375,0.060379438,0.9565673,3.674859029723115
128.512,0.06082136,3460.6745898772438,0.028137213,0.0830078125,0.18006814,0.9020724,3.7247689000162385
128.544,0.070794575,3626.3723978142175,0.055673894,0.09521484375,0.34930563,0.8144346,3.779775610085281
128.576,0.08317323,3240.060675785888,0.026507933,0.12939453125,4.715484,0.9110661,3.7990443955027318
128.608,0.07975346,3409.6872212789804,0.017969199,0.1513671875,3.8670752,0.92426485,3.7860125541026726
128.64,0.070795104,3318.1442555192352,0.068308935,0.15673828125,0.40496838,0.824527,3.7551066146249035
128.672,0.109412394,2518.779098227333,0.06908189,0.158203125,0.34453854,0.7901069,3.711867938868606
128.704,0.15354264,2090.2754324153675,0.018863952,0.1455078125,5.838285,0.881863,3.6533466132881682
128.736,0.1304891,1994.068610419886,0.00888024,0.0947265625,5.7833567,0.9107286,3.5654046798505856
128.768,0.082130715,1822.7952561390764,0.008847835,0.0947265625,0.8221626,0.9281971,3.4584212512808157
128.8,0.067020044,2202.480235431043,0.022095526,0.11669921875,0.25785506,0.88619727,3.3144950525700434
128.832,0.076447405,2619.446886246734,0.04453325,0.13525390625,0.107057296,0.76138824,3.159771383165773
128.864,0.08496066,2774.8499039996896,0.031694233,0.173828125,2.6076095,0.66310775,3.023758767633158
128.896,0.077262975,2794.087475511497,0.018878523,0.1689453125,3.7555656,0.67588127,2.909092767334959
128.928,0.07084445,2760.452253061918,0.025687847,0.177734375,1.2431173,0.74297816,2.8013176587818407
128.96,0.071316145,2636.475398376438,0.07863978,0.1611328125,0.13348883,0.6652437,2.6923659218883818
128.992,0.088979,2535.6732858649293,0.06751518,0.154296875,1.999667,0.56271446,2.5794364767314555
129.024,0.090001196,2578.8086133224297,0.0315415,0.15380859375,6.838145,0.5226771,2.4565444955394726
129.056,0.07609385,2531.6940949566333,0.024723109,0.14404296875,2.2519376,0.2839932,2.341717475461324
129.088,0.06675082,2576.6862740466013,0.016355637,0.158203125,0.53651947,0.15157062,2.2600628360918824
129.12,0.0659646,2620.2532442849315,0.016158517,0.16015625,0.95136756,0.10493833,2.2060202795831954
129.152,0.06955926,2781.470615955527,0.014437173,0.15478515625,0.82315487,0.07431047,2.170660285085671
129.184,0.068990074,2752.8388813282536,0.011221987,0.13818359375,0.896656,0.05364604,2.1407624395338227
129.216,0.06207047,2290.902569486285,0.01237814,0.1259765625,1.0562373,0.13456188,2.136424695327051
129.248,0.05860612,2480.156032179389,0.040803228,0.12939453125,0.8547734,0.52665144,2.1694626296163193
129.28,0.067516126,2699.14086004982,0.054888558,0.14990234375,2.149352,0.29586872,2.249750844990253
129.312,0.0706838,2582.637563633123,0.019653648,0.17138671875,4.968965,0.07045451,2.3545913181518197
129.344,0.06607075,2734.9723513304734,0.010360269,0.16259765625,2.9962873,0.04925226,2.446351790329519
129.376,0.04890222,2635.317573936204,0.018168777,0.1513671875,0.43731067,0.10064536,2.5200057716787274
129.408,0.022346148,2300.932815395877,0.062082388,0.171875,0.5684178,0.39240447,2.586133687617439
129.44,0.034856547,2819.005931699579,0.1788855,0.197265625,1.5250826,0.110617526,2.6437939495901968
129.472,0.05013771,3166.222131147141,0.15731774,0.30712890625,2.2347028,0.04884876,2.6972670600709545
129.504,0.037764728,3769.7197674261947,0.15129098,0.42724609375,7.600747,0.063391805,2.7502487589420785
129.536,0.030317312,4389.402537569469,0.22354582,0.45654296875,2.1313343,0.059093226,2.8151916213712327
129.568,0.0471709,3862.446513853809,0.2843687,0.44091796875,0.16923256,0.12309574,2.8561359379559583
129.6,0.06851996,3525.2322223360607,0.16974469,0.3466796875,0.6311239,0.3694025,2.874589450308315
129.632,0.06998757,3297.7416344231133,0.057455257,0.232421875,5.7690153,0.41713688,2.8769188470235174
129.664,0.06234477,3193.83316871624,0.015713405,0.16796875,2.1745424,0.37337294,2.8784909809895787
129.696,0.061440177,3083.2943127294056,0.008743662,0.140625,0.4024216,0.3284945,2.8687244879794083
129.728,0.063590884,2430.707859521277,0.008709804,0.1201171875,0.22358444,0.24638842,2.826017969777815
129.76,0.06394715,1733.0431761081784,0.008516575,0.08935546875,0.28017062,0.48056385,2.757330165482279
129.792,0.06719242,1440.207215688779,0.0036729581,0.0615234375,2.6356091,0.8403443,2.6679360267151373
129.824,0.05476988,1964.1474005100845,0.008177898,0.07861328125,2.369321,0.9463715,2.5725601949135517
129.856,0.06030527,2531.20053141825,0.099771135,0.07080078125,0.5021072,0.6695393,2.486054456379135
129.888,0.11898723,2011.9907270701262,0.03609237,0.08984375,1.9762611,0.8128306,2.417433363772855
129.92,0.13755931,1662.8109794751474,0.009768736,0.109375,10.807658,0.8370398,2.35418039319889
129.952,0.10045852,1894.66614414952,0.009063718,0.07666015625,2.886429,0.74078315,2.2838262431364393
129.984,0.08098596,1722.068533218134,0.0055072466,0.09326171875,0.6570645,0.8332421,2.2012882079351472
130.016,0.0789748,2103.4828068390434,0.010226376,0.10888671875,0.610404,0.80660015,2.0904819164040305
130.048,0.076832846,2529.8900599951126,0.021435324,0.1201171875,0.33690485,0.5542482,1.965952974141108
130.08,0.07128012,2649.425042470651,0.013485236,0.13671875,2.4880333,0.35591924,1.8396411602318699
130.112,0.071141325,2580.707823725299,0.0091415355,0.14892578125,2.9039624,0.31708044,1.7200259490915752
130.144,0.06307422,2440.6193236958225,0.052325584,0.12939453125,0.3010764,0.2568851,1.6174370739483592
130.176,0.10956081,2147.5561618661113,0.044609945,0.1162109375,0.35432953,0.5877516,1.5296437511455947
130.208,0.14170013,1991.0627405917867,0.017897595,0.1162109375,6.2632027,0.7704895,1.4702823737162154
130.24,0.1258041,1984.8583517882612,0.010348043,0.10400390625,4.8315578,0.7445432,1.4598099021926099
130.272,0.09934197,2130.5295525302527,0.010476739,0.11328125,0.7620193,0.67877173,1.5019576237891963
130.304,0.09181026,2342.0692388215552,0.016147934,0.125,0.42674887,0.7907128,1.5831713732713457
130.336,0.090516955,2558.007649135356,0.02491469,0.12451171875,0.63525695,0.759873,1.6897026717835788
130.368,0.087740645,2602.6282342283403,0.022253634,0.11669921875,1.4267578,0.6294844,1.8176890258397649
130.4,0.0864078,2166.8510984365503,0.00898946,0.09814453125,2.2892647,0.53862053,1.9665935304429207
130.432,0.08505203,1903.5602667265437,0.009719862,0.09521484375,1.207123,0.51067185,2.1274897548450458
130.464,0.08884854,2506.4781838505983,0.031813595,0.09326171875,0.9271867,0.5461054,2.2938584799016675
130.496,0.0892013,2353.4140412663455,0.027227363,0.10595703125,1.9318242,0.52705795,2.474569155469605
130.528,0.08648292,2084.9947862326703,0.008213501,0.10791015625,5.058051,0.41019565,2.6733827592650967
130.56,0.07777197,1945.4452423184225,0.005892145,0.07763671875,1.5105959,0.50878364,2.880406558718651
130.592,0.06587634,1593.399880502967,0.0046585295,0.06884765625,0.40198472,0.84250945,3.0823908696860003
130.624,0.06893407,2339.708815011516,0.034089047,0.07958984375,0.8698513,0.8532975,3.269255228369162
130.656,0.07548317,2788.5657983442734,0.07227272,0.10546875,0.7454944,0.6660876,3.452040031226714
130.688,0.07239304,3145.664313065936,0.052511368,0.1328125,7.069884,0.6984427,3.621766345284076
130.72,0.067487225,3551.8152332588115,0.035377793,0.17333984375,3.563743,0.8233592,3.7567089505879574
130.752,0.0688841,3810.874106232708,0.073950365,0.1748046875,0.37963042,0.75615984,3.8507462001631065
130.784,0.075228065,3376.2030369619083,0.09331503,0.15087890625,0.15226875,0.6911418,3.900771217748413
130.816,0.082462564,2731.672966750569,0.04448283,0.13623046875,3.0433314,0.66976035,3.900928375658523
130.848,0.08217026,2194.626483548911,0.012836231,0.08984375,3.474534,0.5744359,3.8432768451704393
130.88,0.07655622,1842.6411559523617,0.004572525,0.05712890625,1.0663586,0.54474306,3.7407192249163956
130.912,0.0743421,1674.9448329864415,0.0043105744,0.056640625,0.23444271,0.55247366,3.618494565060309
130.944,0.072588325,1753.2482460349254,0.016255721,0.06787109375,0.11549944,0.73336416,3.4951935134428367
130.976,0.07925391,2325.067278854507,0.028641142,0.07763671875,1.1115307,0.91417766,3.365031382706299
131.008,0.07468513,2782.8244427661907,0.026465045,0.1015625,5.012358,0.9340184,3.232243955012269
131.04,0.065161414,2732.4303982494084,0.047089882,0.11376953125,3.0237663,0.8755746,3.1033139989080154
131.072,0.09941494,2253.625558237919,0.052713603,0.10595703125,0.3370356,0.83271503,2.9833624861830135
131.104,0.14646208,1772.6029076561003,0.012828202,0.1142578125,2.5309556,0.90879637,2.8649900009272793
131.136,0.13203025,1520.5391986482357,0.0033858179,0.10205078125,5.363524,0.7957628,2.7254870110230707
131.168,0.09315192,1651.5127363028819,0.002394657,0.09521484375,0.9081763,0.5337594,2.573588602615718
131.2,0.0779738,1767.772113248275,0.0038673086,0.10498046875,0.35756725,0.5761073,2.4007393958415624
131.232,0.078370675,2204.595573508973,0.011879699,0.10205078125,0.14002863,0.6531682,2.2268263718698673
131.264,0.08453065,2368.2687182886402,0.01133161,0.10693359375,1.288532,0.51336074,2.121955883534411
131.296,0.08127032,2184.1138741364493,0.006621817,0.12255859375,4.5440555,0.39226592,2.0829377267880806
131.328,0.07254374,2195.9725197232538,0.009702708,0.1474609375,1.678224,0.36613995,2.1041421348756066
131.36,0.07382971,2274.7769365365216,0.0630502,0.162109375,0.37590495,0.2763537,2.188400838088202
131.392,0.09867437,2257.83790145489,0.057859913,0.17041015625,1.8579355,0.35697508,2.32119949072244
131.424,0.09050596,2437.8861777969155,0.035463046,0.18212890625,8.497427,0.44216612,2.476569947159133
131.456,0.07491026,2483.7717630657216,0.023144135,0.19384765625,2.5228662,0.279129,2.6389427970584047
131.488,0.057595633,2786.482915349858,0.035444297,0.21630859375,0.34459502,0.26436085,2.799785235066939
131.52,0.049874358,3077.6797840590034,0.050543036,0.24462890625,0.42426315,0.3365662,2.9537074669514167
131.552,0.053616915,3196.490367372018,0.06048294,0.2421875,0.8331929,0.19372931,3.0959086972642083
131.584,0.060253758,3055.055925719401,0.036501955,0.19970703125,1.7149034,0.08706814,3.2264808161669905
131.616,0.06337841,2226.148291602157,0.013475142,0.173828125,2.071767,0.06316348,3.3701430276446125
131.648,0.06795251,2474.2654784388346,0.03456641,0.1611328125,1.7890022,0.14958708,3.5377513515155288
131.68,0.06892407,2696.859673810358,0.05890143,0.16162109375,1.3717985,0.28887475,3.7379730518615615
131.712,0.07003813,2440.321509411069,0.025016993,0.171875,4.2594233,0.120272875,3.9525881892356654
131.744,0.0669229,2382.9474383664992,0.013189586,0.15869140625,3.3923512,0.06263984,4.112295533733955
131.776,0.048401956,2183.415820152927,0.013800328,0.1337890625,0.61602134,0.08697791,4.2157987287130325
131.808,0.01972579,2236.393995498831,0.06774794,0.1494140625,0.71636915,0.36661026,4.2656438827869
131.84,0.03328971,2824.060438325224,0.189499,0.18212890625,0.84162074,0.08701306,4.260986535893284
131.872,0.0496273,3078.2219410225434,0.15466373,0.27099609375,1.7067249,0.041260935,4.208728709383681
131.904,0.0380126,3688.265073653982,0.16534963,0.369140625,7.9309716,0.062190402,4.131843270921428
131.936,0.029797798,4223.167035956877,0.22730178,0.40478515625,2.3508518,0.057242364,4.0526922268494285
131.968,0.042787015,3821.166486733463,0.29577303,0.37255859375,0.32657173,0.048784696,3.9694340959771006
132.0,0.0616899,3162.7580266445116,0.13047597,0.27001953125,0.5826975,0.14182453,3.8827302893726316
132.032,0.07179876,2599.1934745675417,0.028895402,0.17431640625,4.941301,0.13797972,3.796852909397444
132.064,0.049879327,2200.302817539481,0.019929249,0.1435546875,1.9336041,0.18140157,3.721467263901931
132.096,0.020411473,2225.42984665329,0.04989149,0.16552734375,0.29209873,0.41438276,3.6454456064861223
132.128,0.02960232,2262.944415755922,0.07080794,0.1767578125,0.45095903,0.25703204,3.5465893497032264
132.16,0.06743669,2007.652962900881,0.0301743,0.18212890625,0.3066258,0.6522078,3.424379479480596
132.192,0.09180103,2017.626674828712,0.012044618,0.142578125,5.134347,0.63575095,3.266899003526423
132.224,0.07991738,2384.2158832279056,0.012797492,0.12060546875,3.8046145,0.50012,3.0731123420497837
132.256,0.080194,2300.7844437717986,0.052614786,0.11181640625,1.2111031,0.70428973,2.8595859531142542
132.288,0.12629402,1947.011738033715,0.02582854,0.1044921875,1.1163989,0.8773832,2.657989249260061
132.32,0.13395348,1825.4796726639572,0.009099589,0.11962890625,6.6492677,0.84430224,2.474608532862372
132.352,0.100840434,2108.5861702700086,0.007203457,0.1181640625,1.7020006,0.6340763,2.3117000197921103
132.384,0.08087282,2163.6920976633305,0.006533792,0.1298828125,0.5584153,0.45939046,2.1662522239891358
132.416,0.06590967,2182.482108185087,0.01657009,0.14404296875,0.73804605,0.4810041,2.0260694471832563
132.448,0.070709005,2446.9022178658515,0.022498306,0.130859375,0.5255051,0.5287155,1.88961253773391
132.48,0.06653783,2604.5130029374077,0.022537492,0.1171875,2.6751509,0.53968817,1.7561687345399564
132.512,0.048150405,2294.0189845587806,0.023031699,0.14208984375,1.9786853,0.7186127,1.626471261018718
132.544,0.03167102,2399.8114402898764,0.07472318,0.134765625,0.87876755,0.71324825,1.4984388435651348
132.576,0.09446829,2446.000583385572,0.054723393,0.13330078125,0.44364303,0.7925475,1.3680838477593045
132.608,0.14230412,2384.794867350245,0.02996695,0.142578125,3.1476772,0.7507943,1.2638576490972209
132.64,0.1344253,2310.5226226243803,0.013553563,0.1220703125,7.8945546,0.65029943,1.204453951620264
132.672,0.104556024,2295.371815933173,0.0094694905,0.10595703125,1.9657506,0.56250226,1.2053532527650004
132.704,0.08814881,2160.338349686211,0.01037468,0.09765625,0.2645924,0.6634404,1.2790858462818657
132.736,0.08269699,1947.1321124246151,0.008525896,0.0810546875,0.086094886,0.8718487,1.4157408348149971
132.768,0.07165563,2050.049744432751,0.008773023,0.06005859375,0.7272982,0.9006132,1.590453354635514
132.8,0.06977411,2071.1882994739144,0.009006649,0.078125,0.5778543,0.9023095,1.7656840170404906
132.832,0.072935596,2444.548368539552,0.033759095,0.08837890625,0.34859854,0.8157538,1.9290725198187602
132.864,0.08302802,2406.0477138165,0.048628815,0.103515625,0.76277775,0.55518854,2.0752755835136307
132.896,0.1027044,2036.6626041740105,0.017852563,0.1162109375,5.0733085,0.3394134,2.2226372665051177
132.928,0.10643226,2018.5124689714714,0.0062303157,0.10693359375,3.2505457,0.2543379,2.3855109739815807
132.96,0.09996283,2199.544168611126,0.0039698496,0.107421875,1.0975906,0.25637838,2.558441995300645
132.992,0.09412858,2229.2175870227866,0.004540043,0.103515625,0.4888898,0.29368252,2.74005485543218
133.024,0.08210407,2204.4230364588484,0.0073714666,0.10986328125,0.37416643,0.39539132,2.9290220339674065
133.056,0.0761023,1974.354160899063,0.010107447,0.11279296875,1.1789606,0.4660577,3.1340899936165503
133.088,0.07690997,2049.0678184383414,0.009792086,0.11376953125,1.5943116,0.45941624,3.3300266007930763
133.12,0.080814645,2182.1650798675405,0.009256376,0.13037109375,2.0838757,0.40181386,3.508010841613772
133.152,0.08578615,2443.9571378355195,0.010967746,0.14013671875,0.9637839,0.3598393,3.6576830776816895
133.184,0.08535569,2555.1845695031866,0.010710516,0.14794921875,1.4484246,0.33442667,3.7689362313920585
133.216,0.0842603,2422.9273167971055,0.01880246,0.16796875,1.6767641,0.308849,3.834133844699727
133.248,0.08293719,2541.422660684988,0.020347998,0.1767578125,0.93499374,0.2901782,3.851288073075179
133.28,0.08122256,2807.5210568153307,0.011802624,0.1806640625,3.068456,0.28078133,3.844481862264118
133.312,0.08259916,2651.4222056055933,0.020628728,0.17041015625,1.8586735,0.2695603,3.812071605323191
133.344,0.08324427,2408.258063762314,0.02050344,0.1552734375,0.8733251,0.2526838,3.766972484075512
133.376,0.0787928,2371.1118177993803,0.012514105,0.17333984375,2.859672,0.29087377,3.6942681357794305
133.408,0.064131,3496.8761944878506,0.036644924,0.1669921875,2.4352257,0.44690636,3.601376279981163
133.44,0.056278314,4225.586907430385,0.04737038,0.18310546875,0.7631676,0.6569677,3.4970831137459624
133.472,0.05262083,3970.6218802625885,0.03942486,0.1943359375,2.4450994,0.7834719,3.377025979519279
133.504,0.054080963,3903.0373104980895,0.05469416,0.17138671875,0.9459609,0.7446801,3.24705122870198
133.536,0.06610645,3187.986081945578,0.052169777,0.16748046875,0.65195644,0.479648,3.106120203800482
133.568,0.082027905,2499.9094979740057,0.016908702,0.14892578125,2.3681083,0.2714369,2.968645995027563
133.6,0.08458539,2134.2338631712387,0.0048766835,0.12744140625,3.5406272,0.22109899,2.8229869216982157
133.632,0.074524075,2053.652475912345,0.0058915056,0.10498046875,1.1000255,0.26288593,2.6680370376440523
133.664,0.06505323,1976.4058594623464,0.0067751617,0.09228515625,0.3618778,0.35362536,2.5147847682094095
133.696,0.06590798,1908.8600049738507,0.0052915746,0.0859375,0.6182012,0.34873635,2.3673788373641624
133.728,0.06738081,1889.2343232437843,0.004047291,0.09326171875,1.0285583,0.33649215,2.231855617451465
133.76,0.06918046,2279.217500301328,0.014846465,0.10693359375,1.1072781,0.31677324,2.1260311805533627
133.792,0.07502843,2411.05809551493,0.027113793,0.115234375,0.76019967,0.2631543,2.053318252671556
133.824,0.083977886,2283.4393723741937,0.012822938,0.1337890625,3.6160808,0.1837537,1.992919685910938
133.856,0.07872338,2377.9434643107647,0.012274519,0.1298828125,3.0233989,0.18732929,1.9584631414640223
133.888,0.070834965,2141.6796224105105,0.01691116,0.13134765625,0.5402874,0.23762362,1.9419456470593899
133.92,0.06504868,2184.771408427395,0.023349356,0.14306640625,0.64687383,0.2607872,1.9443946931453588
133.952,0.06168873,2464.5860145919896,0.032263305,0.140625,2.150251,0.36598316,1.9686773899483243
133.984,0.048318867,2331.6640360497295,0.04518324,0.1591796875,1.8726137,0.51021,2.0144337290914938
134.016,0.03387747,2785.5835654017637,0.10609793,0.14599609375,1.8556724,0.61832374,2.0739878334043063
134.048,0.039025955,2861.4865016135864,0.069366805,0.1787109375,1.3239774,0.7284905,2.1390483722841975
134.08,0.050329056,3173.3670790997503,0.13279279,0.1767578125,1.1331425,0.5461354,2.206596604929735
134.112,0.071392275,2863.6062452035885,0.06680003,0.16845703125,0.96228546,0.5097766,2.2852355717088795
134.144,0.0746632,2583.1094109322366,0.03666859,0.1669921875,4.5799546,0.40417528,2.370336081021732
134.176,0.05652015,2508.2619683274665,0.05422752,0.123046875,1.3628873,0.4215781,2.462422052654477
134.208,0.045118775,2266.8291858176017,0.034928862,0.14404296875,0.75838894,0.7455339,2.5471691968907706
134.24,0.04744073,2687.0177347116187,0.07588015,0.142578125,0.88947403,0.4733639,2.6106817053743034
134.272,0.060084134,2452.9809830469644,0.057396017,0.150390625,0.62800574,0.45081887,2.652087311660297
134.304,0.078451805,2382.6020733460173,0.03002862,0.14208984375,3.188597,0.28239724,2.666725394253829
134.336,0.0809479,2477.651485530248,0.015025445,0.11376953125,2.3354814,0.13351949,2.6619049884110217
134.368,0.079080135,2723.436863154935,0.015546842,0.10693359375,0.84596825,0.061202977,2.6286592403695193
134.4,0.07725728,2791.00588261037,0.027975433,0.12890625,0.27834868,0.07978379,2.576014103396062
134.432,0.05722802,2522.732055335998,0.049729932,0.14892578125,0.84580195,0.14635675,2.510777329359351
134.464,0.05460111,2394.585936288072,0.06757283,0.1689453125,2.2263265,0.48812902,2.428340235276956
134.496,0.06334273,2482.923473151255,0.0631373,0.1953125,2.1148899,0.55418104,2.340958839867392
134.528,0.07368926,2532.4029937808136,0.07061359,0.18505859375,1.838071,0.30058756,2.2479027312311928
134.56,0.09149975,2315.8181664379445,0.053402342,0.185546875,1.4250149,0.11508816,2.166581155971664
134.592,0.10298641,2199.1176289711593,0.035145175,0.17529296875,3.0253549,0.042731486,2.0951896176520983
134.624,0.0940249,2284.3789022438696,0.031555094,0.1748046875,2.940511,0.04104182,2.025924529291424
134.656,0.05966993,2446.5143972994274,0.05918864,0.1865234375,1.5813928,0.08486901,1.9610878741148372
134.688,0.049364362,2879.785464760336,0.12717684,0.185546875,1.1964207,0.38048604,1.9013650759062084
134.72,0.0744308,2390.5972662431177,0.04007658,0.18310546875,0.9054598,0.38619125,1.8450470628252424
134.752,0.08236805,2438.38630658879,0.021404749,0.166015625,1.7407739,0.31696475,1.7961324549356414
134.784,0.084015444,2462.9583504723823,0.014903626,0.1591796875,1.4456128,0.34212878,1.7672443534040505
134.816,0.07809081,2680.390203359104,0.026145773,0.1728515625,0.8663102,0.25992948,1.7411422100341567
134.848,0.07214313,2825.6513513526847,0.052421838,0.16455078125,0.50542283,0.16260669,1.729599653553328
134.88,0.06791337,2451.4596028671945,0.041271713,0.1572265625,1.700867,0.27032104,1.7222090592921828
134.912,0.053416044,2124.8751597343485,0.03400811,0.14501953125,2.1532395,0.5337542,1.7188626150803508
134.944,0.05173039,2339.9843827741074,0.07175161,0.10693359375,0.8699337,0.71992403,1.7194256701415291
134.976,0.14319986,2159.122011406557,0.040530227,0.1005859375,0.5178428,0.88048786,1.7206300178821
135.008,0.2105957,1926.360035829105,0.015214579,0.08251953125,3.2509475,0.957243,1.7251182270513696
135.04,0.20826688,1779.8594818404283,0.0065541537,0.0673828125,5.708229,0.94357634,1.726326721781764
135.072,0.17823146,1767.625025821812,0.0042648315,0.06982421875,0.9237318,0.8701324,1.725930855065866
135.104,0.13778155,1654.167667549405,0.003961121,0.07666015625,0.438374,0.75934863,1.7260173115361934
135.136,0.10853309,1683.678741206867,0.004572314,0.08837890625,0.2286634,0.6339626,1.7235407834228034
135.168,0.085507765,1912.2884002315072,0.007845719,0.099609375,0.26255736,0.5348818,1.7282194632171382
135.2,0.07737646,2022.0276702478038,0.012116961,0.0986328125,0.6516361,0.53293246,1.74340279037881
135.232,0.06610375,2210.025306684446,0.028458271,0.13525390625,1.2293715,0.6737062,1.7702812213131507
135.264,0.064053446,3190.070940590302,0.1163575,0.16259765625,1.8412682,0.664829,1.7968212305875448
135.296,0.07211718,3092.822028660674,0.09541365,0.18310546875,2.3677502,0.4678858,1.8136143381173675
135.328,0.081047885,2585.324152632769,0.022511333,0.20556640625,4.3518095,0.3063469,1.8153860516513007
135.36,0.077602305,2425.6259140305083,0.008117324,0.17236328125,1.5513257,0.26282734,1.8125893684376275
135.392,0.07158235,2208.412451604685,0.007123917,0.15185546875,0.6693873,0.29664826,1.8068687392384886
135.424,0.071096174,2177.621569710683,0.036654506,0.14013671875,0.4350892,0.31556886,1.8004875325275485
135.456,0.08382867,2235.2591298546604,0.05177428,0.12890625,0.9618883,0.2079955,1.7897882382763335
135.488,0.08330834,2218.268874740158,0.027112471,0.12646484375,6.018329,0.18758057,1.7836147936966755
135.52,0.081165105,1972.6023390162725,0.008081362,0.12841796875,3.466715,0.18273784,1.7888181964405279
135.552,0.084276296,2369.1912216584415,0.025114408,0.14453125,0.32188702,0.11207658,1.8039146746522463
135.584,0.08267047,2611.0686859247103,0.07327015,0.1630859375,0.21098691,0.0454405,1.8230575168986471
135.616,0.06515356,2691.332766723986,0.1172713,0.1748046875,4.3464303,0.034067918,1.8480723288093768
135.648,0.053157937,2471.028927186201,0.07231677,0.1884765625,4.598986,0.03693455,1.8767051726949535
135.68,0.04763218,2288.4496357882626,0.040438157,0.17529296875,1.3510704,0.026345566,1.9005843066531316
135.712,0.030918326,2273.5922598968727,0.05790776,0.15234375,0.84862024,0.053401276,1.9197904927091058
135.744,0.040795382,1937.8053072555138,0.039614893,0.1171875,0.72107184,0.6103972,1.9441339149551342
135.776,0.069087826,1709.082373965582,0.010828932,0.078125,1.2665826,0.92523086,1.9664230020185953
135.808,0.069048196,1748.6958779833367,0.006093419,0.06396484375,2.1846359,0.9583488,1.979967743519945
135.84,0.06422779,2419.970387577116,0.045008313,0.06396484375,0.5822346,0.8350777,1.9800652417360913
135.872,0.117059045,2296.9494596007926,0.05211402,0.07373046875,0.2102437,0.82662,1.9662804281759472
135.904,0.17154855,1776.6231659726768,0.014709327,0.08837890625,6.242403,0.8859026,1.9427943144999837
135.936,0.14581202,1672.167972139859,0.005960976,0.0859375,6.0958796,0.793605,1.9145250185400604
135.968,0.11731776,1983.5279950656436,0.0053094164,0.08642578125,1.1213582,0.6999065,1.881450302431879
136.0,0.11150977,2196.41300615542,0.0055634626,0.09619140625,0.43389988,0.6641194,1.8432674176959662
136.032,0.11242893,2134.0550351385164,0.008215658,0.1005859375,0.58495903,0.66317326,1.7887659162245737
136.064,0.11083302,2196.576882603589,0.009985036,0.087890625,1.0402433,0.54421365,1.72442488535517
136.096,0.08879772,1984.842842276247,0.01017187,0.080078125,2.0643272,0.6856184,1.6630536491017682
136.128,0.059224088,1849.1010704511928,0.010533148,0.11474609375,1.2180731,0.9197596,1.6184831435139189
136.16,0.051775094,2615.0405748986495,0.14183994,0.12548828125,0.65342164,0.45273075,1.5901455774740274
136.192,0.08416011,2617.9177911462048,0.12246194,0.142578125,0.48104143,0.5990063,1.5800765032984232
136.224,0.10116928,2474.017240531537,0.0513362,0.15673828125,9.102851,0.7806695,1.5893365179591017
136.256,0.103082374,2363.9492413101298,0.01780387,0.12158203125,3.6231763,0.5922377,1.6261536467300728
136.288,0.09813243,2218.633678600474,0.008364107,0.1083984375,0.65172493,0.46179575,1.6938865343366518
136.32,0.09396548,2058.628440260307,0.0053960746,0.10498046875,0.27447662,0.46853733,1.793890319481151
136.352,0.09043699,2137.0870153163123,0.006224723,0.10498046875,0.15006192,0.4993987,1.9237610487275507
136.384,0.08257812,2157.126745252378,0.01027521,0.0908203125,0.501146,0.63037676,2.0599304656540127
136.416,0.07270122,2124.079096913222,0.0146203395,0.107421875,1.2059001,0.7694298,2.1926813035469745
136.448,0.06557011,3128.563890869988,0.06578971,0.12841796875,2.3888268,0.80690813,2.3017112942896767
136.48,0.0736498,3342.9904725437045,0.11717644,0.142578125,1.5798079,0.52620983,2.3951618351253163
136.512,0.08066701,2842.9761436061162,0.04553305,0.177734375,4.0471673,0.32125476,2.472782415165183
136.544,0.072957925,2621.58138540433,0.014370567,0.1865234375,3.2874393,0.13170089,2.5445768782524514
136.576,0.06804452,2728.219889777637,0.008470619,0.1953125,0.95478666,0.035089135,2.605250680224146
136.608,0.06604764,2732.06833337853,0.02620644,0.20703125,0.51313657,0.049790144,2.6439830299174996
136.64,0.05864643,2667.01985915062,0.10958538,0.1904296875,0.57337606,0.06354966,2.6780282655583605
136.672,0.049723294,2583.7350257640637,0.107668616,0.177734375,3.9880464,0.059353977,2.700166053061228
136.704,0.032899328,2518.7540403572384,0.0661502,0.17431640625,5.518889,0.11907552,2.7106603400166835
136.736,0.026998272,2933.275018153993,0.14814954,0.20166015625,0.68407375,0.101572506,2.712314791624998
136.768,0.04894567,3285.4989851401315,0.22141013,0.26416015625,0.044113822,0.021838652,2.691910881204866
136.8,0.046948727,3337.0718766267805,0.2132744,0.32421875,1.6308349,0.030821765,2.6481563979366207
136.832,0.031687398,3529.663349744407,0.22702785,0.353515625,6.0373535,0.034189884,2.586203910128723
136.864,0.026133211,3344.9472438202483,0.17280057,0.33837890625,0.7531276,0.02527289,2.525881566332137
136.896,0.023516856,3055.488275894948,0.12536888,0.29638671875,0.13263336,0.03179812,2.474278519002788
136.928,0.027765723,2381.4867105824214,0.08488193,0.21240234375,0.32071507,0.40172085,2.4346152181277954
136.96,0.06394976,1704.623361249663,0.012871153,0.138671875,0.62567955,0.90489084,2.3811078652400672
136.992,0.083196215,1559.5490950170692,0.0037242696,0.0810546875,3.0316215,0.9745983,2.333239325457812
137.024,0.0676829,2109.685232630115,0.020483818,0.08154296875,1.2838688,0.8674476,2.278398262481048
137.056,0.0894246,2373.0313450598915,0.09123047,0.07666015625,0.2123799,0.5515961,2.214620613973659
137.088,0.16579008,2041.3127366707627,0.038745746,0.0908203125,4.98572,0.8028902,2.1426316606715026
137.12,0.16322404,1643.8057000963277,0.014578488,0.10400390625,8.902944,0.81180096,2.0567834683122537
137.152,0.11751905,1697.2974200758854,0.010897606,0.0595703125,2.8339314,0.76549315,1.9709805646825305
137.184,0.12308242,1641.3754427972049,0.0050485088,0.056640625,0.6373995,0.8869052,1.8903710101808258
137.216,0.12599249,1525.0899445116659,0.004611037,0.06396484375,0.40449488,0.9519754,1.81773736705239
137.248,0.13088068,1825.1121450156807,0.008844251,0.05517578125,0.20116742,0.80292165,1.7581732832420511
137.28,0.11373284,1822.0999134963226,0.008599956,0.0576171875,1.7117608,0.70550346,1.7055503848239593
137.312,0.08066938,1497.5389628767182,0.0061737075,0.0986328125,2.971952,0.86941564,1.648889786421066
137.344,0.05362879,2419.9682390315693,0.09818726,0.10498046875,0.71494967,0.65568954,1.5799919997915355
137.376,0.122140706,2335.054911726989,0.07177696,0.10205078125,0.34054545,0.7564312,1.494329920902356
137.408,0.17116082,2056.674768364306,0.030466294,0.10595703125,6.692565,0.8721807,1.4419696126341879
137.44,0.17767806,1777.4337050065333,0.013379132,0.0771484375,5.9521976,0.8853473,1.4340139890085009
137.472,0.15871355,1873.349955508691,0.008512487,0.06005859375,1.225465,0.9005678,1.4420564299378993
137.504,0.11351939,1794.80421015722,0.008180828,0.0693359375,0.62616456,0.9180204,1.4684427897732584
137.536,0.08947618,1839.8690724808123,0.012913597,0.08740234375,0.38308164,0.876537,1.4905378081787777
137.568,0.090639,2031.8473601503008,0.013082067,0.0849609375,0.2770459,0.54410875,1.488678295338299
137.6,0.07859887,1970.1585864888248,0.010454967,0.08154296875,1.6126683,0.51007336,1.4601813664353631
137.632,0.059951145,2205.1193184137333,0.025879322,0.10986328125,1.2448401,0.8507366,1.4252261143261276
137.664,0.07251442,2545.199194586899,0.08536189,0.10595703125,0.4052149,0.6123444,1.40101629384379
137.696,0.09049461,2165.7287562992924,0.06433155,0.12255859375,2.269364,0.44286555,1.394796073997434
137.728,0.09206264,1892.2428866203572,0.026245052,0.14501953125,7.007553,0.40557644,1.4041924453160812
137.76,0.08233224,1999.8813344594305,0.013906621,0.099609375,2.2964897,0.47636262,1.4126579421001577
137.792,0.06665742,1856.6332772088233,0.009183806,0.09619140625,0.7899803,0.7600386,1.4219535902151583
137.824,0.072477706,2197.952845821147,0.038528547,0.10400390625,0.3958614,0.71225137,1.4462676829972292
137.856,0.0935002,2341.2376559030063,0.044769496,0.10009765625,0.44113517,0.45315164,1.4892024291308805
137.888,0.09004125,2380.5047910409485,0.026996693,0.11083984375,6.1049953,0.46355733,1.4990045201987765
137.92,0.07737751,2113.768590577255,0.01588195,0.125,2.9162626,0.66877365,1.4806901779294315
137.952,0.08140981,2389.1922135939794,0.03598208,0.13623046875,0.33713686,0.5964355,1.4482669636013314
137.984,0.084218755,2776.489189710518,0.062956095,0.16162109375,0.2563775,0.29195318,1.4025097805963085
138.016,0.062575415,2985.7134709248176,0.09972192,0.25537109375,3.4343371,0.23746304,1.3647131138090267
138.048,0.04780005,3407.049050976717,0.17972565,0.34912109375,2.682696,0.32024083,1.355023624238511
138.08,0.042632677,4060.1511149499947,0.25561222,0.43798828125,0.6317958,0.10087023,1.374121556429529
138.112,0.041187987,4229.281406191503,0.24461198,0.462890625,1.0775995,0.03292774,1.398131703062077
138.144,0.04871484,3617.713176539244,0.19926879,0.3828125,0.9833438,0.35035992,1.4115432065059796
138.176,0.07580379,2589.5110492298704,0.054177526,0.28466796875,0.5825034,0.6956914,1.4039059355237764
138.208,0.083088644,2193.0117388898198,0.023667559,0.18994140625,2.9246895,0.5041976,1.3873396846262067
138.24,0.08003892,2435.81660399226,0.03166676,0.13037109375,2.2492163,0.22764207,1.3768116459616038
138.272,0.11373105,2166.316108575152,0.028368723,0.11865234375,1.9583763,0.51394504,1.3718568929307644
138.304,0.15215503,1622.5205714002668,0.009704564,0.10693359375,2.5286734,0.81281376,1.3719523135505698
138.336,0.1320724,1518.949068472126,0.004486175,0.083984375,4.080856,0.8334019,1.3772623967961313
138.368,0.105285555,1810.7980171770841,0.00658654,0.08154296875,0.75044566,0.7342445,1.4016546571089636
138.4,0.09863965,1863.8705153599144,0.010108241,0.099609375,0.51722014,0.7207759,1.44278653648268
138.432,0.10464563,2123.5221676867573,0.0109841395,0.107421875,1.1431961,0.6061169,1.4952367793530479
138.464,0.100611515,2394.2876798077305,0.010619123,0.11279296875,2.928278,0.5480646,1.5454990191780131
138.496,0.088543184,2278.229293420906,0.011180363,0.1123046875,2.0262914,0.54572886,1.599222927384523
138.528,0.07679995,1915.5691558128995,0.010404742,0.14111328125,0.81510484,0.37901485,1.6641999838555694
138.56,0.073130764,2607.593635961158,0.0953246,0.1572265625,0.69193137,0.14824781,1.7657158531025086
138.592,0.10153783,2668.1765600378367,0.10082302,0.16162109375,1.679616,0.29176354,1.913911324132441
138.624,0.11693129,2519.826423518671,0.034847945,0.1845703125,8.22101,0.4021202,2.099739906974122
138.656,0.10333141,2503.6621556694963,0.012696263,0.15771484375,3.128212,0.38913307,2.323834605828666
138.688,0.095458835,2433.7438598879507,0.007932096,0.1552734375,0.40465027,0.36434707,2.583154093125461
138.72,0.092915796,2356.222030629034,0.0056111105,0.16162109375,0.18734166,0.3559781,2.8733077517090875
138.752,0.089954674,2457.0014776460243,0.005993371,0.15966796875,0.1689193,0.3532829,3.1814477956972746
138.784,0.08369716,2569.272597085098,0.007830097,0.162109375,0.32546556,0.36849508,3.4716250741701065
138.816,0.077231884,2605.9898779190876,0.018321242,0.169921875,0.73391974,0.3854736,3.734164345425881
138.848,0.073086455,2776.552655827383,0.041780386,0.16552734375,1.0522087,0.37806842,3.949752819110221
138.88,0.0644822,2940.7383816185784,0.06927884,0.14453125,2.577094,0.4795008,4.094378472345293
138.912,0.05339813,2464.199088143526,0.03368635,0.14501953125,3.5399883,0.7329571,4.184325363981499
138.944,0.041639686,2162.2458653749745,0.019311883,0.13330078125,2.082575,0.5790177,4.244720401189038
138.976,0.03416171,2215.058467484432,0.024168465,0.1455078125,0.62598157,0.24539195,4.28681041463837
139.008,0.03656686,2388.6122519294363,0.04817455,0.19140625,0.3982219,0.22010079,4.306363067403147
139.04,0.051831786,2793.493961711659,0.13697739,0.19140625,0.74794656,0.10273642,4.279756854458687
139.072,0.060772266,2701.974948047665,0.104046516,0.193359375,3.6152046,0.0649906,4.193306524927264
139.104,0.041043732,2572.4545160839903,0.07094824,0.2021484375,6.6120605,0.07605045,4.048723162879357
139.136,0.030162422,2838.2863852860746,0.1285991,0.21337890625,0.9806782,0.039208405,3.863062935011472
139.168,0.050912797,3250.8169089660796,0.20006846,0.26611328125,0.071988896,0.016046626,3.630055900885766
139.2,0.048533075,3416.2730423844946,0.21713482,0.3232421875,0.9060086,0.021038251,3.357888690846393
139.232,0.029643679,3522.3851107504543,0.23166437,0.35498046875,5.3290334,0.024087654,3.0686288727361997
139.264,0.021611087,3346.3244784690382,0.19591235,0.3349609375,0.6527932,0.033301603,2.7901241750909214
139.296,0.020818317,3101.5212999826,0.12321982,0.29150390625,0.13436955,0.07526444,2.5310081929003023
139.328,0.027932405,2525.9412314728334,0.09199445,0.23828125,0.23283091,0.35831335,2.296411093678079
139.36,0.06552417,3018.206251617542,0.08685938,0.21435546875,0.5292506,0.71527743,2.1037091009489077
139.392,0.085816935,3651.5667567954947,0.081286505,0.25048828125,3.1656523,0.6939261,1.95347662551349
139.424,0.07153492,3993.3978789437288,0.09969158,0.28271484375,5.230846,0.5714561,1.8355890014256062
139.456,0.07862769,3172.2701079968415,0.16643466,0.2431640625,1.8578982,0.5326534,1.7348442467874259
139.488,0.16449338,2172.018666572888,0.036579274,0.19775390625,0.5442191,0.84492075,1.651111088973236
139.52,0.18493171,1616.9102847084766,0.008662968,0.12939453125,5.8589907,0.8794877,1.5957056335660895
139.552,0.13993599,1764.0700104761497,0.0065411464,0.0693359375,2.518554,0.7150745,1.5691199724742197
139.584,0.12555905,2076.3150003939836,0.006956449,0.0810546875,0.72457576,0.6354652,1.5693368200238855
139.616,0.12634951,2187.423374851449,0.008169244,0.09765625,0.41392428,0.69122344,1.583760524335594
139.648,0.12201847,2154.5695783843585,0.012008628,0.12158203125,0.90566665,0.7442707,1.6139530129342352
139.68,0.10352121,2362.914621051901,0.012655657,0.14306640625,1.1514392,0.5651031,1.6573115068528208
139.712,0.08775321,2547.071563809787,0.008874343,0.1796875,1.7224983,0.34962243,1.7114141681813684
139.744,0.07713729,2763.085550871904,0.0480116,0.1708984375,0.59449774,0.1946671,1.7807573861670125
139.776,0.12159253,2457.1982263879595,0.056791153,0.14404296875,0.39352462,0.6669796,1.8467237313664024
139.808,0.169386,2200.175211252802,0.020930013,0.1103515625,5.9530807,0.8720912,1.9101628254628482
139.84,0.19390224,1787.926780973527,0.005785575,0.064453125,5.278047,0.91709065,1.9723099869781922
139.872,0.17917006,1595.488411897915,0.0030512614,0.05517578125,0.56292427,0.89281464,2.014554009293736
139.904,0.13770722,1724.1238836937434,0.0057648364,0.0830078125,0.17576486,0.87645686,2.032860655837518
139.936,0.093630664,2482.472275924738,0.030398505,0.1103515625,0.17982846,0.64797026,2.035011015353463
139.968,0.096928366,2583.2144181875137,0.021186022,0.1455078125,1.5531694,0.25315022,2.0422343824824747
140.0,0.092566654,2552.3717560864716,0.008407026,0.177734375,3.538124,0.1918087,2.057826679586725
140.032,0.08378683,2542.567196214125,0.009580079,0.18603515625,0.8331711,0.29673126,2.092407304699467
140.064,0.083002895,3031.2605958889862,0.03255648,0.181640625,0.43865076,0.27843052,2.1433854083515835
140.096,0.07739191,2880.7391089463354,0.02900386,0.15380859375,1.0422848,0.31169087,2.2003487155960446
140.128,0.06873763,2186.9814392058493,0.0092530865,0.1298828125,3.623475,0.51214653,2.265091849410659
140.16,0.07487576,1774.5127900768628,0.0035026954,0.08837890625,0.47928274,0.52284706,2.3339230741353476
140.192,0.078578554,1680.505056349358,0.0028853854,0.08544921875,0.23956153,0.44497922,2.4058114237815422
140.224,0.0815449,2301.635202131584,0.018574568,0.11181640625,0.4101493,0.38858396,2.488205311325506
140.256,0.08744857,2608.4124282204893,0.051177125,0.12353515625,0.8993517,0.30585408,2.6004562439052323
140.288,0.083602145,2511.803652902846,0.03649408,0.12744140625,6.652609,0.2786684,2.7343310257758886
140.32,0.06699403,2067.1435653598637,0.020454142,0.14111328125,4.657325,0.412083,2.8850933049688754
140.352,0.06249692,2577.239066256774,0.071861796,0.1484375,0.56530404,0.5425917,3.056741692140838
140.384,0.075000405,2840.420483251194,0.12672216,0.15478515625,0.75666326,0.29970652,3.25071912255186
140.416,0.07771779,2726.1712331314066,0.08207481,0.18701171875,4.1312857,0.096275285,3.457732640173365
140.448,0.06708894,2628.378290578194,0.046021845,0.1904296875,3.7372482,0.024419567,3.647869227167122
140.48,0.05988385,2923.8207107020216,0.027862737,0.1845703125,0.94172025,0.005955789,3.8021181915650932
140.512,0.06507315,2639.9445898996582,0.022399323,0.1767578125,0.5843751,0.002863613,3.915756984862827
140.544,0.076927334,2186.343668064218,0.014013697,0.15576171875,0.38831156,0.06071877,4.0042828316365435
140.576,0.08729913,2071.687517997422,0.006622936,0.1484375,1.156795,0.22963583,4.076313411251209
140.608,0.07843686,2388.6004263156824,0.006841994,0.1591796875,2.6689305,0.28169388,4.129807611763876
140.64,0.06702657,2706.67441204797,0.040694773,0.16015625,0.6549459,0.21714109,4.170285763210009
140.672,0.11296925,2300.52896594947,0.04651216,0.14697265625,1.0995831,0.7350815,4.196811225902603
140.704,0.16320248,1866.5362449034344,0.013137775,0.14208984375,5.601264,0.8711408,4.197451868566883
140.736,0.1259859,1920.9881071474058,0.008216627,0.12744140625,5.853133,0.74119824,4.171092466445742
140.768,0.082421474,2338.9146597201197,0.023088528,0.11376953125,0.9645082,0.47821522,4.136569573769256
140.8,0.06996521,2232.5310095708246,0.026547184,0.1201171875,0.36205253,0.6154743,4.098447497074425
140.832,0.082361914,1878.5617969033729,0.011115139,0.10595703125,1.3514526,0.915659,4.0536699704921695
140.864,0.07440263,2046.390764831849,0.014594348,0.08935546875,1.7039928,0.880881,3.996200943694062
140.896,0.065027826,1869.0098256990827,0.00903597,0.08056640625,1.1003036,0.82930577,3.9208865698591877
140.928,0.061308086,1870.683620678232,0.012667291,0.0947265625,1.1169424,0.8479062,3.8307713704248383
140.96,0.08072822,2346.784204005887,0.06803244,0.10400390625,0.40681243,0.67792386,3.7166806087568687
140.992,0.13533036,2212.5268284326435,0.042195596,0.10986328125,1.1954603,0.6805975,3.569726830067031
141.024,0.13616376,2157.214744353019,0.02355989,0.12890625,7.875315,0.6663905,3.3941579273945437
141.056,0.10439397,2285.7267911733034,0.016786989,0.11767578125,3.2396717,0.444581,3.208943970300248
141.088,0.10255235,2171.9126476285196,0.006765885,0.1181640625,0.41784984,0.3793477,3.0284054347955833
141.12,0.100774236,2072.2390981504986,0.0050019035,0.11767578125,0.41302112,0.36240375,2.8566197301629357
141.152,0.092862226,2130.822117637215,0.005202349,0.119140625,0.24023564,0.30926496,2.6856615889579407
141.184,0.08844636,2241.9380561051157,0.0057268804,0.11865234375,0.4463238,0.23701906,2.501485431141553
141.216,0.090490565,2145.9290400541613,0.004870749,0.12646484375,0.463235,0.22850667,2.3104138639533267
141.248,0.08706357,2448.7169041147426,0.017545601,0.13330078125,0.52785444,0.22274503,2.1203822016352842
141.28,0.08417068,2443.18242100883,0.032907944,0.13671875,0.5812647,0.2754975,1.9250849811332449
141.312,0.075198695,2244.8564307816923,0.021644613,0.150390625,3.7402253,0.31609103,1.735711249172553
141.344,0.07004173,2328.140195656955,0.01268578,0.1572265625,2.7427337,0.34601536,1.562413743480208
141.376,0.07126773,2495.776096026943,0.016441109,0.15966796875,0.931177,0.35421175,1.4133554179143017
141.408,0.061875723,2651.975921004458,0.046529576,0.1767578125,0.78006864,0.48531845,1.2865799696991862
141.44,0.0646098,2675.103765132363,0.10317647,0.17626953125,1.7146254,0.4338612,1.190858734140894
141.472,0.06849074,2566.7723897469273,0.077264905,0.1474609375,3.2861824,0.38835835,1.1259354012765925
141.504,0.06293926,2384.8346409018986,0.039701607,0.12451171875,4.1064878,0.60178953,1.0786308327977334
141.536,0.057373606,2206.7275029016378,0.026806159,0.1357421875,0.9844255,0.8085369,1.0362180546915833
141.568,0.06528543,2730.692086411552,0.11435623,0.13525390625,0.3739407,0.5336715,0.9941783348647478
141.6,0.068979,2779.9099045488865,0.1530325,0.14794921875,0.4737254,0.20875832,0.9521171473799838
141.632,0.07553208,2593.3618748927474,0.061253738,0.16259765625,6.749368,0.036352947,0.9205924187956255
141.664,0.07310352,2566.5982462853144,0.026563935,0.13525390625,2.4166749,0.004566675,0.9143674020391583
141.696,0.068453476,2744.5204763817437,0.017907422,0.12890625,0.7576806,0.0023582529,0.9283185025787709
141.728,0.07205972,2362.320794482896,0.016936284,0.12646484375,0.44331336,0.019438315,0.9476018341861456
141.76,0.08215687,2102.050899647521,0.008444885,0.12939453125,0.34083238,0.21229641,0.9778816893425653
141.792,0.08304882,2134.657192073594,0.006052729,0.1396484375,2.7390654,0.38093516,1.01402593985221
141.824,0.075503826,2664.223339200075,0.009935889,0.1533203125,1.299059,0.25232914,1.0525788165506709
141.856,0.08067273,2607.1998724119135,0.057776332,0.14111328125,0.5941074,0.42754236,1.0914499942161777
141.888,0.15183128,2052.841740432913,0.021029333,0.126953125,1.8753948,0.855896,1.1341785222536287
141.92,0.16562301,1696.6563809831437,0.0059419023,0.109375,7.6096945,0.87240326,1.1812685462797903
141.952,0.11556356,2055.9899613926323,0.009695741,0.0927734375,2.6697867,0.76028687,1.2343079068212643
141.984,0.08858847,2275.5943080076513,0.016136875,0.09228515625,0.4733438,0.70626557,1.2945158861559474
142.016,0.08238471,1996.2503169861516,0.010245018,0.09765625,0.87384844,0.8579106,1.358385186420533
142.048,0.08712097,1933.4597824934522,0.00976318,0.0908203125,1.5601555,0.92425466,1.419666031363122
142.08,0.06824537,2046.5756960472072,0.011655456,0.076171875,0.933304,0.83575356,1.4645430227272507
142.112,0.06076365,1831.2214792072996,0.008308272,0.099609375,1.9184638,0.8235487,1.4991699242448335
142.144,0.06358539,2241.014913880543,0.04967122,0.10205078125,0.49751246,0.7743013,1.5232691579814848
142.176,0.12769562,2200.903457244348,0.050040297,0.0947265625,0.5808027,0.77156764,1.5281436744681034
142.208,0.18072715,1983.243791056748,0.022650138,0.09228515625,6.8042274,0.8459178,1.5211992284725881
142.24,0.19818856,1782.8250654328986,0.006406252,0.07373046875,6.4457583,0.88495153,1.5101544722439977
142.272,0.1818236,1706.1185304108249,0.0033712124,0.068359375,1.1021827,0.8010214,1.5059485446339065
142.304,0.15076524,1754.6312865617433,0.0033519692,0.0771484375,0.27794442,0.6826965,1.5050690282229284
142.336,0.12565508,1880.0388568228668,0.003778168,0.08935546875,0.19603862,0.66135186,1.4947778066714543
142.368,0.09916113,2137.286974395747,0.0050217137,0.103515625,0.23383379,0.6251903,1.4731794441970447
142.4,0.08749496,2269.5746937415097,0.0055219578,0.1142578125,0.58732486,0.5159314,1.4515347578082896
142.432,0.08607663,2279.405422972925,0.0059374166,0.1259765625,0.77416885,0.4374669,1.431312324245377
142.464,0.08228472,2298.243707840277,0.013937739,0.1337890625,0.7730335,0.442432,1.4086307184826758
142.496,0.07841218,2251.7358982219794,0.017519606,0.134765625,1.0459255,0.43307248,1.3875007088214621
142.528,0.07591975,2261.611302362934,0.009841029,0.13818359375,2.5785165,0.38125533,1.3658066467863237
142.56,0.07049364,2416.719360354618,0.013351247,0.125,2.007005,0.40953583,1.353091674636785
142.592,0.06313659,2354.540539418951,0.015394559,0.11376953125,1.1479353,0.6550297,1.3400772936953707
142.624,0.06541751,2187.9199391874495,0.0127202505,0.11328125,1.2113351,0.81463,1.333512490803217
142.656,0.07096137,2550.597342300609,0.015179868,0.1005859375,1.138044,0.6117631,1.3370711099718107
142.688,0.07099993,2381.7504647266287,0.01343909,0.08935546875,1.3881723,0.51779085,1.36103913787082
142.72,0.05667184,1842.0828114133644,0.010784124,0.1005859375,1.8267628,0.72109115,1.3991181694329988
142.752,0.03782972,1882.5433098434387,0.015882386,0.12451171875,1.5389467,0.91773003,1.4377210496641653
142.784,0.02594971,2745.5244310459584,0.09956683,0.1337890625,0.8636066,0.6244699,1.4720452410777993
142.816,0.049223017,2342.858021107087,0.03040296,0.14990234375,0.7874347,0.4434153,1.5089936704918763
142.848,0.07564575,2115.2289754467356,0.006207207,0.1435546875,3.5950048,0.21354759,1.5503974221199506
142.88,0.07399122,2166.9421745356412,0.0023344061,0.1181640625,2.0338175,0.13842757,1.5831701810447874
142.912,0.0640708,2248.0658419192764,0.002687446,0.11669921875,0.66260296,0.17400204,1.6100822856105492
142.944,0.05872093,2253.8161614063665,0.005773305,0.10693359375,0.15648532,0.24809575,1.638930643911048
142.976,0.049083926,1951.5097243046755,0.008482092,0.0947265625,0.5924719,0.46866944,1.6760444988763272
143.008,0.034615267,1674.7671101333237,0.007761265,0.10302734375,2.2349768,0.73077214,1.73374565628925
143.04,0.018462894,2372.6381595233424,0.049099747,0.13232421875,2.122408,0.7374909,1.814482257563456
143.072,0.023532301,2875.6757767484087,0.10288957,0.1484375,0.6347866,0.3822233,1.9110072739935746
143.104,0.058514073,2405.705763857335,0.01630333,0.162109375,2.311891,0.26792043,2.0131207967117377
143.136,0.078312986,2245.0559456873225,0.0039046158,0.14111328125,4.805132,0.15822202,2.1290321181047362
143.168,0.05580649,2057.6662049453257,0.004043086,0.099609375,2.2274437,0.18388048,2.244218372469707
143.2,0.02187141,2082.743588535989,0.026936518,0.1083984375,0.5600623,0.54215366,2.356574627428344
143.232,0.031089742,2468.535571179173,0.060478963,0.10107421875,0.58655274,0.07660449,2.475783112039168
143.264,0.06417446,2268.673226330366,0.013829449,0.10302734375,2.4370244,0.010706308,2.6099450540483073
143.296,0.062306643,1997.0231937767317,0.004518332,0.125,5.998878,0.032960016,2.756723416297438
143.328,0.026002547,1929.455490478524,0.01623845,0.142578125,1.4056175,0.2118624,2.9035498546246385
143.36,0.01838142,2744.4554307169083,0.15370144,0.146484375,0.3416317,0.1786928,3.050822817895532
143.392,0.045782823,2314.752267255995,0.040019862,0.16845703125,0.86329114,0.02907808,3.2071312360993383
143.424,0.06712112,2405.7158262668167,0.011035921,0.17236328125,6.083106,0.005253437,3.369173891155724
143.456,0.065635115,2884.3337143893796,0.0069873915,0.15576171875,2.8907666,0.002019627,3.5251532382428525
143.488,0.06313013,3110.568071127791,0.008848523,0.17724609375,1.4082245,0.0023861073,3.6726662241439256
143.52,0.06317341,3191.587232087315,0.007815534,0.177734375,0.89775133,0.0025812306,3.8080835530416777
143.552,0.061765645,3197.8721824227237,0.012127307,0.19091796875,0.9664514,0.00291351,3.9416719358158074
143.584,0.062105477,3243.09827033498,0.035245564,0.1962890625,1.4093004,0.0025958717,4.062199811671873
143.616,0.0636839,3202.3471283677854,0.027145868,0.20703125,1.3425428,0.0035083732,4.1788140970952155
143.648,0.062309977,3091.0235561598656,0.02667667,0.2080078125,3.6781142,0.010959398,4.297471834917644
143.68,0.05706358,3167.429601937025,0.043402832,0.2060546875,1.7476206,0.009666926,4.427223571393261
143.712,0.057138324,3304.1773895991546,0.032272708,0.2109375,0.79463583,0.0050798785,4.571341392024781
143.744,0.05930819,3200.518393826589,0.05999345,0.1953125,2.4748383,0.014876874,4.720856597921916
143.776,0.05805471,3211.70798558595,0.04566666,0.2138671875,1.5515573,0.06288496,4.883151799333035
143.808,0.05989164,3131.4780182180775,0.061510906,0.2138671875,3.4101636,0.14335406,5.072975649851802
143.84,0.066378914,3183.455651730662,0.059523117,0.21240234375,0.6340922,0.35833576,5.27213233772365
143.872,0.06689206,3125.023465524049,0.049721614,0.22216796875,2.5295813,0.47416806,5.442488732839676
143.904,0.067818604,3049.369429206219,0.068644375,0.181640625,1.930516,0.4699917,5.589618194372516
143.936,0.062595576,2917.9695556379447,0.050563388,0.173828125,1.6868572,0.69554436,5.725443453779283
143.968,0.067324184,2884.7894804914195,0.07064211,0.15771484375,2.1906073,0.6292636,5.846578365591184
144.0,0.073377244,2801.369199278294,0.052661918,0.14794921875,0.43005592,0.3592789,5.946352748417287
144.032,0.071710214,2888.227330219236,0.044938635,0.16015625,2.5887601,0.30405885,6.010601257682339
144.064,0.07512497,2923.193083349388,0.04282021,0.15185546875,0.9929064,0.33712247,6.062615132238054
144.096,0.076784134,2859.8613517080184,0.029034609,0.15673828125,1.0356215,0.37444118,6.094297435435098
144.128,0.08581766,2922.123311549849,0.038170446,0.14306640625,1.1068094,0.3703465,6.101984616141539
144.16,0.08896708,2763.3120860207273,0.026608871,0.16357421875,0.50641394,0.45035902,6.063650277315693
144.192,0.07502439,3008.5516850904455,0.05096462,0.1796875,2.0850055,0.39311925,5.990039581920928
144.224,0.060298614,3110.5770121942555,0.08033207,0.22216796875,0.50203735,0.35645968,5.8960097168472485
144.256,0.055388097,2951.8967205142512,0.14347471,0.22265625,1.8325456,0.37620077,5.773255572300064
144.288,0.08256636,2867.735637859988,0.087946765,0.21826171875,1.136557,0.6859066,5.614877369062053
144.32,0.07369995,2966.5337912022505,0.07930807,0.2509765625,2.9773428,0.73255676,5.441229037151826
144.352,0.058730364,3316.018521275145,0.19302566,0.2646484375,1.8210126,0.3551932,5.280307985210523
144.384,0.044882182,3488.4163815067113,0.21402529,0.31982421875,0.4660685,0.28094563,5.125520257851344
144.416,0.058670737,3341.744941435831,0.258924,0.32373046875,1.9728321,0.21900795,4.970043260421576
144.448,0.07398716,3150.75493255384,0.15111132,0.33154296875,0.24230431,0.4902731,4.817146702271811
144.48,0.0588016,3357.5596020390167,0.16598403,0.30908203125,3.2545059,0.40722582,4.670357964956217
144.512,0.059281163,3594.1971764762256,0.2308949,0.3037109375,0.8562477,0.2079589,4.536962324710883
144.544,0.06120219,3223.048169599397,0.16218486,0.2783203125,0.43225405,0.55801535,4.403798693274725
144.576,0.15982838,2701.7129548431594,0.060987048,0.201171875,1.4055139,0.8498141,4.280197997657635
144.608,0.21088526,2574.182415250259,0.02873914,0.15771484375,1.9545923,0.91303265,4.163982203095507
144.64,0.15505809,2392.829216194398,0.019158918,0.103515625,4.446778,0.8854159,4.057960829383738
144.672,0.10425578,2359.5947280489117,0.018151127,0.09228515625,0.78665096,0.7722031,3.956649481134546
144.704,0.103244856,2087.472050330826,0.011039203,0.09033203125,0.30153498,0.7748436,3.861797112376261
144.736,0.10324009,2021.2193468674934,0.009895799,0.07275390625,0.12332256,0.77431214,3.781030302734126
144.768,0.096061274,2008.6284530417784,0.011191867,0.0703125,0.33658645,0.80723244,3.724111903351925
144.8,0.08722113,2014.7986382058027,0.011454145,0.06298828125,0.56759536,0.8954115,3.6919966090047205
144.832,0.080399446,2037.9647498127829,0.0095265405,0.06103515625,0.92175835,0.93184793,3.6788600879691273
144.864,0.08190537,2205.8690334710636,0.011841711,0.06689453125,0.5730093,0.9310212,3.662768941101454
144.896,0.09508966,2212.6199640081995,0.015785014,0.07373046875,0.32356113,0.7453565,3.6441054050050257
144.928,0.11110278,2182.6553931628237,0.011550803,0.08154296875,1.3955463,0.5161382,3.622941619214166
144.96,0.093549624,2190.0732629603567,0.011422862,0.0751953125,2.9700496,0.5741686,3.602991707428254
144.992,0.07722191,2133.213178419133,0.010157931,0.06494140625,1.3722721,0.8428674,3.5898071680004158
145.024,0.07951191,2139.9812677345544,0.014482122,0.06494140625,0.4630661,0.87061346,3.585874462344334
145.056,0.09339047,2231.95107304445,0.018626228,0.08154296875,0.4795798,0.6360757,3.588726713148632
145.088,0.10798293,2396.783943629719,0.014229196,0.11669921875,2.7339332,0.42400822,3.5959783268771197
145.12,0.10062091,2588.2596330056067,0.013024662,0.12841796875,2.78218,0.41798067,3.624468225473156
145.152,0.08628452,2381.2851774201904,0.013787863,0.134765625,1.294599,0.4999924,3.6656337812736934
145.184,0.09232864,2115.939968687561,0.017582433,0.1455078125,0.7003235,0.39253858,3.728931557266774
145.216,0.099063516,2318.6667086767175,0.02100422,0.142578125,0.963926,0.29462922,3.816700325535129
145.248,0.09442367,2407.2921217669564,0.015289793,0.17138671875,3.0096533,0.2880993,3.9065962529305036
145.28,0.09348267,2441.0490555987835,0.016988575,0.1787109375,2.069166,0.26328936,3.996532699186845
145.312,0.08967405,2540.957368365029,0.01381208,0.17236328125,0.75630355,0.26308465,4.099259617815855
145.344,0.08742638,2561.3687045117695,0.011807863,0.17626953125,1.0845865,0.25796103,4.2269925642808595
145.376,0.08943096,2402.5256890425476,0.0094638625,0.16162109375,0.78487086,0.23840372,4.360057576688963
145.408,0.0905834,2316.5314348127577,0.010953747,0.15576171875,0.3817656,0.22367492,4.491871049094613
145.44,0.08579413,2257.540386041082,0.018005902,0.154296875,0.7580637,0.25734788,4.621349988555024
145.472,0.08363834,2352.340268796386,0.019573133,0.15380859375,1.4453058,0.26326478,4.742593668902073
145.504,0.0838122,2238.846544826164,0.023081765,0.15869140625,2.4152925,0.24957153,4.856636927532572
145.536,0.08564508,2236.478668102273,0.019889822,0.15966796875,1.1568863,0.24039707,4.949665810081425
145.568,0.08357055,2246.2776711430206,0.024376472,0.16064453125,1.7774884,0.23598215,5.0296332899145995
145.6,0.07887721,2296.1462161122054,0.01911546,0.1611328125,1.3637974,0.25402737,5.090650589738534
145.632,0.07478147,2352.5767284353788,0.020936225,0.15625,1.466871,0.27505636,5.13278008496385
145.664,0.07502798,2335.288268758774,0.036858246,0.1572265625,1.1783786,0.26274273,5.139714602619075
145.696,0.07997401,2302.4401087720344,0.02974374,0.1591796875,1.0897167,0.2190944,5.102415782240783
145.728,0.07983915,2387.8059260865803,0.018241039,0.1650390625,2.6365585,0.1555919,5.035081104314751
145.76,0.07885781,2534.832626998884,0.04580397,0.169921875,1.499247,0.13355334,4.9361391117533895
145.792,0.09483117,2476.4194436534526,0.055027973,0.15576171875,0.7026633,0.3636497,4.8036367657294665
145.824,0.10701584,2403.317611564176,0.033932965,0.1435546875,3.3475926,0.58182544,4.6490548465556465
145.856,0.11105903,2276.1617924895563,0.024318546,0.1201171875,2.608466,0.6036175,4.4915624151011855
145.888,0.105674595,2090.7484533660195,0.023623988,0.10888671875,0.49514115,0.59939545,4.3360035211073145
145.92,0.105399385,2080.4189307281017,0.018919475,0.1123046875,0.9623572,0.5703324,4.1839601957687895
145.952,0.101126775,2149.052593886309,0.01645073,0.1240234375,1.5130426,0.5106782,4.037648140272183
145.984,0.095658556,2192.711264916611,0.015659451,0.1396484375,0.8967829,0.43143398,3.8923473072374195
146.016,0.08738628,2269.4898976265385,0.015241246,0.162109375,0.673574,0.28107354,3.750658400919514
146.048,0.078116685,2392.7529794732727,0.01638072,0.1767578125,0.86333543,0.12244944,3.606002598810429
146.08,0.07536597,2432.3735969668987,0.014409469,0.17724609375,0.46193522,0.037815545,3.4692483049126746
146.112,0.07372038,2492.0353258248906,0.013606146,0.18212890625,0.6019489,0.02150839,3.338713565957831
146.144,0.073492505,2496.400784705277,0.014055699,0.17578125,0.59123313,0.021251408,3.1988203505377073
146.176,0.07459955,2463.2052848346157,0.0127366735,0.18896484375,0.49475664,0.02056364,3.052486477221394
146.208,0.07679592,2544.534954827175,0.036915384,0.18212890625,0.624277,0.07854887,2.9028379465229412
146.24,0.09537551,2486.564868386153,0.05709022,0.1630859375,0.72661257,0.40279305,2.767070109942482
146.272,0.11536873,2419.481134620214,0.044140495,0.17138671875,3.8361473,0.5953363,2.6432707340866184
146.304,0.09678694,2428.8838906026267,0.041502457,0.1455078125,3.899478,0.5185363,2.5346451343588
146.336,0.07609599,2406.983809632021,0.0422125,0.13525390625,1.3459839,0.39905986,2.4336839900296905
146.368,0.07030356,2315.826254687232,0.030007806,0.15234375,0.4918947,0.58531713,2.3242988282650834
146.4,0.05952068,2343.2950812687823,0.039289933,0.14013671875,0.47242174,0.4375379,2.20654115017657
146.432,0.06336908,2380.4075778322936,0.04130566,0.14404296875,0.48030126,0.1897273,2.0863249831147854
146.464,0.06508895,2458.263168768659,0.036043454,0.1552734375,0.9358803,0.11033049,1.9717101397273324
146.496,0.06892184,2339.4760635971334,0.02824289,0.1513671875,1.3702023,0.049419034,1.86546856009018
146.528,0.062662646,2234.6952995289366,0.03305281,0.14306640625,0.84138644,0.06849237,1.7718098640375175
146.56,0.055699345,2310.816771823266,0.0341481,0.142578125,1.2277942,0.28962016,1.6867406176924415
146.592,0.059746247,2402.027278782075,0.024992295,0.142578125,1.4067241,0.31911942,1.6134604186894448
146.624,0.06545429,2359.196446988476,0.019329084,0.1513671875,0.85321873,0.21773772,1.5619154062268574
146.656,0.068624415,2464.035440010436,0.04226482,0.1416015625,0.8195041,0.28021657,1.532885831980453
146.688,0.09931731,2410.2693714438255,0.044992458,0.1298828125,0.8388144,0.6483212,1.5206447995622276
146.72,0.11997245,2333.2342547668654,0.026128007,0.12744140625,3.4485652,0.77522284,1.512932408943826
146.752,0.09450246,2341.401606916737,0.024721412,0.10888671875,3.2276762,0.6651168,1.5071683928136228
146.784,0.08393301,2245.8051502652334,0.019083155,0.12109375,0.47574997,0.5433072,1.5012420545745628
146.816,0.07888173,2275.9662071413763,0.019580385,0.130859375,0.17357135,0.48327482,1.5062278531240756
146.848,0.07680194,2257.190636368743,0.01978601,0.1337890625,0.35160577,0.5051093,1.5372713599046206
146.88,0.06434482,2259.42518879048,0.028160557,0.154296875,0.5193944,0.42819887,1.594456043782201
146.912,0.051541813,2307.180211021293,0.04316936,0.1923828125,0.7405837,0.3479294,1.6732440084091103
146.944,0.053013828,2614.191482125099,0.13378355,0.18115234375,1.113738,0.2627812,1.7689695247605777
146.976,0.12569304,2395.0078498862167,0.08049174,0.1650390625,1.178577,0.7358524,1.876207234923735
147.008,0.18191886,2172.23428741356,0.028456792,0.12744140625,4.987906,0.9232972,1.9906002496016202
147.04,0.21986428,1916.0801687068254,0.008294497,0.0595703125,5.064416,0.9744631,2.1031304000958504
147.072,0.20645638,1790.6823591097982,0.004994544,0.052734375,0.8116027,0.9806062,2.2108647277181706
147.104,0.1751101,1704.4348950336212,0.0051153335,0.05419921875,0.20746109,0.9717389,2.3161816975751623
147.136,0.14430054,1810.4771825679286,0.006565017,0.06298828125,0.23793052,0.9579059,2.419603217343622
147.168,0.11946269,2135.7168530478975,0.011986085,0.0732421875,0.77838796,0.91710794,2.526870738205014
147.2,0.10901519,2236.871825765702,0.013341993,0.07373046875,0.62080294,0.85117006,2.6397590468003833
147.232,0.09976402,2216.474501749708,0.014024095,0.08642578125,1.2411166,0.8815465,2.7582629472250026
147.264,0.10496934,2886.8295078161764,0.060000837,0.09423828125,0.8074901,0.76666385,2.8725387530370763
147.296,0.10735399,2985.651677462328,0.06996287,0.11376953125,0.8757213,0.6753826,2.972483287531887
147.328,0.082304895,2771.068947510592,0.044382337,0.15869140625,4.6955333,0.70822984,3.052563768138227
147.36,0.054822247,2658.6802374754498,0.047311738,0.15966796875,1.1411062,0.5545016,3.11040508758859
147.392,0.04513184,2617.840791676801,0.06082489,0.1845703125,0.2119487,0.4750666,3.143552077448657
147.424,0.059824515,2404.8488775187457,0.089230634,0.17919921875,0.30902383,0.5405239,3.15688564904773
147.456,0.114863954,2251.830936536929,0.05863094,0.12890625,0.8046777,0.6850555,3.158195302380637
147.488,0.1475326,2081.467399651085,0.023680717,0.10205078125,4.5833783,0.84039795,3.1523733174316177
147.52,0.13626258,1895.641268445105,0.008940321,0.07421875,3.7735956,0.9299079,3.1471958613743523
147.552,0.12703411,2436.221696599487,0.024611559,0.06884765625,0.5321527,0.882292,3.144463524316931
147.584,0.1262048,2881.568256006885,0.055786256,0.08056640625,0.17687988,0.7612185,3.1504192027206543
147.616,0.11436685,2990.017253430937,0.04567048,0.08544921875,3.4058194,0.81757474,3.166779379659531
147.648,0.10618499,2706.8415744199965,0.023054287,0.068359375,2.782055,0.87218183,3.1914659108101646
147.68,0.101560496,2344.1460281232935,0.013937245,0.05029296875,0.23902808,0.88638735,3.2198891349003858
147.712,0.097459964,2124.536667134893,0.011345925,0.0498046875,0.24888186,0.8953037,3.2510886937066727
147.744,0.10638321,1943.9836521900406,0.014422003,0.0654296875,0.5322771,0.9136631,3.2850665993357655
147.776,0.10721914,2143.1713883033694,0.01783927,0.0869140625,1.1038988,0.85078603,3.3094033061184853
147.808,0.08337661,2311.8693525735594,0.019928046,0.10986328125,2.0244472,0.7405227,3.318455967867716
147.84,0.068370245,2365.1852946345407,0.0562871,0.11474609375,1.5201596,0.7149566,3.3074285612965877
147.872,0.12829433,2403.3665113251554,0.065250576,0.10693359375,0.4428924,0.78242505,3.2784142975304764
147.904,0.17179187,2244.8452131108047,0.030986818,0.095703125,3.1017349,0.8950971,3.231835776328682
147.936,0.14870986,2106.918758363603,0.017236512,0.076171875,5.868071,0.9267674,3.1695459103897523
147.968,0.12155576,2023.1273454943116,0.011208962,0.06005859375,0.79228026,0.91264445,3.097043903151344
148.0,0.12064846,1784.166938238612,0.006329786,0.06005859375,0.15779084,0.91685826,3.0162739411961694
148.032,0.119449556,1946.4297437691935,0.013847299,0.072265625,0.2013137,0.88151664,2.928258587512336
148.064,0.10693872,2248.4644768965527,0.033790033,0.09716796875,0.3619777,0.79296124,2.8318894370888654
148.096,0.081167966,2359.4196598295125,0.03246405,0.14306640625,3.3288436,0.7161531,2.7255426706250665
148.128,0.05470198,2354.5541796043294,0.049251713,0.1640625,2.6352913,0.613052,2.6038978918629363
148.16,0.09037385,2331.902500044641,0.08109164,0.15283203125,0.31919852,0.6134114,2.4651112633467904
148.192,0.15728082,2192.9711299501123,0.043263078,0.12353515625,0.417477,0.8402515,2.304659592571519
148.224,0.19894485,2027.623794049941,0.013957014,0.0810546875,6.388877,0.95571053,2.127586749582202
148.256,0.21588454,1705.8673604229652,0.004774504,0.0439453125,2.2828155,0.9768676,1.952497092896599
148.288,0.18773618,1607.076477366767,0.0042233663,0.03466796875,0.28476188,0.9722432,1.7839152936826146
148.32,0.1547271,1692.2637219090354,0.005335479,0.04833984375,0.27067322,0.96326774,1.630995830150709
148.352,0.12616476,1976.2234626372313,0.010602275,0.06005859375,0.34338215,0.9429797,1.505743415812899
148.384,0.10360229,2298.141762789092,0.017337903,0.0634765625,0.8021143,0.8552485,1.4012674554241142
148.416,0.09587893,2229.148763527547,0.011968949,0.08349609375,1.4329647,0.84598464,1.310003540144006
148.448,0.093421064,2737.971658015679,0.03904039,0.11181640625,1.1844611,0.8183132,1.2269477863745335
148.48,0.104695536,3091.9370924825575,0.0801759,0.12744140625,0.28990528,0.63369477,1.1501657357216772
148.512,0.09346792,2986.2795844096313,0.057346556,0.158203125,3.4334145,0.6650748,1.0775564456884474
148.544,0.066140056,2770.641255551157,0.045593806,0.173828125,3.3897014,0.65351814,1.015134188987734
148.576,0.04709879,2692.8333641639533,0.046549354,0.1650390625,0.23608474,0.4876904,0.9606407875798865
148.608,0.04755833,2542.218265749233,0.0661167,0.1669921875,0.16953142,0.5682834,0.914303518115564
148.64,0.0827344,2412.115266066776,0.08851222,0.15185546875,0.3570095,0.6006084,0.8756783631134764
148.672,0.12894948,2292.6073849382637,0.04630815,0.11669921875,2.4887347,0.7514295,0.8469952239784505
148.704,0.12620379,2113.621684179918,0.01812273,0.08984375,5.8110538,0.874376,0.8336997021257869
148.736,0.108776905,2179.7447228434185,0.01675314,0.09033203125,1.6142626,0.9126393,0.8358354006031157
148.768,0.109499045,2786.4118573278456,0.05753914,0.10888671875,0.1306376,0.74388176,0.8466363067747859
148.8,0.10388217,3128.7904288385275,0.07253335,0.12109375,0.68795687,0.6855188,0.8596211122580082
148.832,0.0907901,3157.9637008870754,0.042686194,0.12939453125,4.247174,0.7891703,0.8604016377549836
148.864,0.08426767,2734.489643094008,0.026172085,0.10498046875,0.90574366,0.8439953,0.8569966882151345
148.896,0.07840772,2485.229020821584,0.020546824,0.07275390625,0.32413194,0.8605352,0.8556188752789757
148.928,0.08157465,2224.202166426876,0.023226708,0.0673828125,0.35357332,0.88015515,0.8629591144666459
148.96,0.10089032,2157.4462816275395,0.024270212,0.07666015625,0.6234734,0.88414735,0.8740380206103682
148.992,0.0951011,2369.4359906003647,0.022569546,0.13818359375,1.8898133,0.8342694,0.8840091398474176
149.024,0.072600394,3358.7456771834086,0.07806404,0.19384765625,2.0403707,0.7009092,0.8898431753397101
149.056,0.096955426,3153.850144942778,0.15198416,0.2001953125,0.57150567,0.5888794,0.8882397803471047
149.088,0.16358288,2529.190465913995,0.06368186,0.1826171875,1.9798671,0.79797983,0.8811378999428401
149.12,0.17387916,2250.8595837764155,0.025553212,0.12158203125,6.0540133,0.86259997,0.8708855778235279
149.152,0.14352192,2146.4192067100157,0.018901315,0.06787109375,2.6345117,0.8269903,0.8626497215189184
149.184,0.1137544,2189.990295548044,0.014700131,0.0595703125,0.58061194,0.8110399,0.8604321000607583
149.216,0.106491,2095.3159607741873,0.014866173,0.07421875,0.33463535,0.8888792,0.8665625909314923
149.248,0.11279455,2244.122980076576,0.022567151,0.0732421875,0.24210538,0.8901949,0.8887066091872039
149.28,0.11491819,2173.5996909530386,0.016546773,0.09375,0.80199003,0.88170564,0.9216223971953134
149.312,0.10524022,2157.531493745175,0.015186208,0.123046875,2.4445047,0.87278,0.9653369857757224
149.344,0.08153438,2379.4776668489467,0.06477906,0.12451171875,0.6065655,0.7079565,1.0260188315039258
149.376,0.13501652,2283.6580719587055,0.057017263,0.12109375,0.52346325,0.7530384,1.0977641983681201
149.408,0.18704952,2129.1343844696025,0.025869394,0.10498046875,3.9104786,0.88833296,1.1750724673321946
149.44,0.20597209,1884.123435463775,0.009113446,0.0703125,4.2351513,0.94986814,1.261315174256326
149.472,0.18582031,1848.0473140165316,0.006535811,0.0576171875,0.8719814,0.9503491,1.3602922289614328
149.504,0.15500413,1856.2533074185712,0.007284538,0.07080078125,0.20891744,0.941915,1.4655145374835032
149.536,0.11878299,2118.5246732154237,0.013616801,0.080078125,0.44877943,0.8033345,1.5785345043114012
149.568,0.10319934,2308.726963972405,0.016603572,0.1044921875,0.5769682,0.6264387,1.7006737763848916
149.6,0.094367616,2354.675419504219,0.013014661,0.1171875,1.1940308,0.5530957,1.8320409920663896
149.632,0.09301798,2359.360276526773,0.008403827,0.12158203125,1.6386533,0.4451954,1.9684460018605026
149.664,0.09175871,2258.8424999060608,0.006362239,0.125,0.90525633,0.38651323,2.099156934833146
149.696,0.08137556,2277.890049619364,0.0060546156,0.11767578125,0.54595304,0.46960795,2.2225792373569937
149.728,0.08015536,2302.1801310394167,0.0057617575,0.111328125,0.6562377,0.46944046,2.345518435330327
149.76,0.076372705,2192.9083235114595,0.0072663855,0.099609375,0.39130175,0.49926117,2.4795111687644464
149.792,0.07505168,1786.03405470168,0.0071956567,0.10791015625,0.7613092,0.5546089,2.623909322403746
149.824,0.089422725,1894.9785716268657,0.011440432,0.12451171875,1.3184264,0.39111143,2.7685680759890174
149.856,0.09577201,2303.7451303632997,0.011080369,0.15234375,2.6317036,0.26554182,2.9139792183418227
149.888,0.07767775,2731.8763264488016,0.008799112,0.1826171875,3.805124,0.22223388,3.0512437164573845
149.92,0.0612896,2726.79919511811,0.014258719,0.16064453125,1.3767037,0.14895655,3.174262474617155
149.952,0.056105904,2308.732828185975,0.014350297,0.16650390625,0.411156,0.13992225,3.277133143803242
149.984,0.074814156,2499.5206641818395,0.012010573,0.15478515625,1.1510369,0.071949266,3.3569717016508402
150.016,0.08159618,2696.122656564315,0.008986579,0.1494140625,1.433975,0.048050866,3.416980224307412
150.048,0.077309676,2622.381858061232,0.005857128,0.16748046875,2.3820264,0.034926027,3.458750676082566
150.08,0.06437487,2576.8310553178726,0.0060861884,0.15771484375,0.92573184,0.028643541,3.4837912010166647
150.112,0.062749356,2515.562239679788,0.0091894,0.154296875,0.37308776,0.017131703,3.4931887340628416
150.144,0.06597012,2409.9732366535286,0.015117679,0.142578125,0.54437536,0.0034458982,3.4940619751089415
150.176,0.06672326,2444.3232415532784,0.012639573,0.1337890625,2.532299,0.00039173735,3.486160008562086
150.208,0.06723731,2486.1936836020195,0.008561744,0.126953125,3.0666761,0.00044383958,3.4665353711423257
150.24,0.069961935,2308.997598044214,0.012609639,0.12939453125,1.2551031,0.0002541191,3.42755895422885
150.272,0.074392915,2360.394867377898,0.010121809,0.13623046875,0.57808083,0.0001257617,3.369467247773302
150.304,0.071930796,2298.732625650323,0.010334457,0.14111328125,2.680421,0.00013168492,3.297015379397222
150.336,0.07024204,2475.787590168532,0.0086209355,0.13818359375,1.3998641,0.00019962522,3.2161931009421423
150.368,0.06919202,2649.4960836720334,0.0059662834,0.1259765625,0.7623576,0.00019238667,3.134266351465889
150.4,0.06641132,2607.4301547207233,0.0059613716,0.11572265625,1.2400687,0.00016118737,3.05330614899258
150.432,0.06555192,2547.555576513185,0.0054447493,0.10888671875,1.1254444,0.00023138944,2.9769085618924733
150.464,0.06387155,2528.5589709994283,0.006366213,0.1123046875,0.704052,0.0003935851,2.90543551799829
150.496,0.06238713,2440.20591683313,0.011816354,0.138671875,0.60266864,0.00029703774,2.839084090302764
150.528,0.06523914,2361.619034286029,0.01951821,0.150390625,1.3163948,0.0011348868,2.776939007321296
150.56,0.088344455,2367.66596680716,0.05307972,0.13720703125,2.8724403,0.36596036,2.7199672890119855
150.592,0.14811748,2199.8540918826543,0.030768236,0.10791015625,3.9228413,0.8101268,2.6716365470760883
150.624,0.1842378,2020.8925180232038,0.012275692,0.06494140625,7.9520955,0.9494174,2.6306159254816053
150.656,0.19810727,1658.1422098591443,0.0046345005,0.04052734375,2.673192,0.98451644,2.5900086280637336
150.688,0.17796941,2166.1148282833383,0.007912898,0.06298828125,0.38593677,0.97317743,2.545967004447503
150.72,0.14146064,2938.0163994584846,0.02254217,0.07763671875,0.20873675,0.91988,2.503443201832055
150.752,0.11039639,2789.547591455853,0.032258287,0.10107421875,1.4230655,0.8793886,2.464711199751418
150.784,0.09435798,2307.4907658417146,0.026850808,0.10546875,2.1055164,0.66907346,2.429895413801432
150.816,0.08983687,2149.7820242512007,0.017417004,0.0986328125,1.2217731,0.59828645,2.406628544838656
150.848,0.077859364,2371.2398628110054,0.017192204,0.123046875,1.7110691,0.6369455,2.397391599505118
150.88,0.07372446,2511.119768329584,0.022931585,0.13427734375,0.7125807,0.59149724,2.397736913683744
150.912,0.07101396,2801.7006772945006,0.040399846,0.14892578125,0.52671826,0.5729501,2.4104928777050567
150.944,0.06216243,3313.484664816803,0.056060035,0.15576171875,1.1333516,0.71635187,2.440343380595999
150.976,0.058561355,3602.5098263514446,0.055162914,0.1435546875,2.0145996,0.7994407,2.4841989777652502
151.008,0.05893302,3367.248175379227,0.059103094,0.14208984375,0.91341925,0.7600547,2.5369522850286947
151.04,0.079176664,2696.3537735670016,0.038917284,0.14111328125,0.46278986,0.4235074,2.5995098650333066
151.072,0.08820097,2314.2900790550484,0.017278025,0.14404296875,1.5041667,0.26455912,2.6552990756503103
151.104,0.061981365,2196.1241269156553,0.021341613,0.16357421875,2.898816,0.22334948,2.6957645699864528
151.136,0.03451885,2347.459081999985,0.06361749,0.20751953125,0.9983526,0.2696214,2.7297501600594285
151.168,0.03363745,3010.223889103588,0.16490011,0.21240234375,0.8393392,0.15920864,2.7591150310010937
151.2,0.05463052,2921.5177260839673,0.09243512,0.22119140625,1.0769955,0.3766818,2.778985800550241
151.232,0.07149625,2752.435126101729,0.040772762,0.22021484375,3.2062697,0.31703445,2.787285270815752
151.264,0.0669095,2764.8602531880088,0.027458327,0.18212890625,2.187572,0.19837967,2.7840777059644783
151.296,0.061081875,2878.1733150492173,0.0237238,0.18359375,1.1149458,0.14432003,2.7623311483528874
151.328,0.05972942,2883.735245188991,0.018552816,0.18017578125,0.7291571,0.14730048,2.7262571511628475
151.36,0.059982356,2874.85424335984,0.015017345,0.1728515625,0.5710131,0.15008919,2.6852851811764733
151.392,0.06260891,2872.828310362133,0.013300225,0.16748046875,0.5914631,0.13935533,2.6413528118235416
151.424,0.062677175,2896.6993522019748,0.014200597,0.173828125,0.67275226,0.13512395,2.584088063723175
151.456,0.06273525,2903.6374325557254,0.013310502,0.1708984375,0.7690088,0.12897314,2.501846973799685
151.488,0.05984622,2882.817737157632,0.015491296,0.1728515625,0.7288863,0.13093431,2.4038211559756553
151.52,0.055806704,2850.6746013020033,0.020813962,0.1787109375,0.9645647,0.122514695,2.2947344308939273
151.552,0.05372212,2750.983723964544,0.027708072,0.18359375,0.9397205,0.11341557,2.1899309067224144
151.584,0.054333515,2651.5831371048475,0.023517573,0.18896484375,0.99287534,0.082933776,2.092078937016438
151.616,0.04976291,2635.460218214137,0.024093272,0.1806640625,1.5082434,0.06519277,2.0012464298071415
151.648,0.045020103,2491.4522839702413,0.024772272,0.17626953125,1.4122124,0.041979693,1.923830288178053
151.68,0.034445073,2433.155511599587,0.029630791,0.162109375,1.8171319,0.017307514,1.8666989208488145
151.712,0.024926728,2534.76758013764,0.043384995,0.18408203125,1.643256,0.004963702,1.829728004722189
151.744,0.038922817,2558.5693608066026,0.14177768,0.1650390625,0.8223674,0.2451166,1.8058516996605523
151.776,0.1226302,2244.4118217334867,0.060364928,0.14306640625,0.7173976,0.7827498,1.7906234401996863
151.808,0.18332794,2025.856384491919,0.021862423,0.11865234375,8.534658,0.9226938,1.777945851092124
151.84,0.21114923,1825.6132329016677,0.0068243034,0.05908203125,6.568569,0.96547204,1.7676253602082355
151.872,0.18666984,1683.9361730867492,0.0046570897,0.05224609375,1.0508158,0.9643204,1.759979658328027
151.904,0.15927805,1584.8067335773756,0.004552817,0.046875,0.127549,0.9518885,1.763332894963775
151.936,0.12938245,1730.6185500395466,0.0061498075,0.05224609375,0.17660479,0.92697835,1.7920545581257814
151.968,0.106374264,2134.350777710884,0.012630462,0.0634765625,0.61990947,0.8740438,1.8420917521695515
152.0,0.09835444,2228.000373853316,0.012921357,0.06591796875,0.80463034,0.78479034,1.9084775297018841
152.032,0.087785415,2309.437432175749,0.014411365,0.095703125,1.4840654,0.81920826,1.9886063018329767
152.064,0.094527,3017.4064811726025,0.06206086,0.10498046875,0.75121033,0.71446663,2.075221741204287
152.096,0.099254675,3077.2460801886937,0.06547378,0.11865234375,0.95145583,0.68146896,2.1616440665430856
152.128,0.08849782,2802.8509323662975,0.03205095,0.12939453125,4.9690833,0.7840713,2.2412007357866974
152.16,0.07813645,2528.198108778441,0.018576697,0.11181640625,1.022198,0.7942987,2.3085917424762474
152.192,0.06951349,2227.9655403055667,0.019026916,0.13427734375,0.15040371,0.7691126,2.363189344704099
152.224,0.06402419,2319.9899938566787,0.06544431,0.12939453125,0.2371529,0.6447096,2.4105645219764074
152.256,0.100325406,2366.926741316407,0.06505766,0.10986328125,1.0816839,0.69948304,2.4547416258916415
152.288,0.12783228,2155.8364159273997,0.025643205,0.0947265625,4.866999,0.838212,2.500887374372219
152.32,0.11935481,1950.223542474529,0.010568829,0.0693359375,3.4988253,0.91424495,2.551787086340138
152.352,0.11594781,2476.6817830735563,0.02629429,0.0751953125,0.58109343,0.88298285,2.614791991025307
152.384,0.120816976,2872.58741711937,0.055664442,0.08837890625,0.08296319,0.77904034,2.695719192875408
152.416,0.110632576,3000.1585874604357,0.04197937,0.09228515625,3.198365,0.8335653,2.7956360282857857
152.448,0.10096352,2790.6343674655027,0.022185942,0.08251953125,2.9100416,0.87923914,2.9115373481312123
152.48,0.09789473,2422.130529344366,0.011783931,0.05810546875,0.19310896,0.8893973,3.0336938699474567
152.512,0.09717608,2195.395553956305,0.009288829,0.0517578125,0.17543392,0.9132259,3.1605536608860345
152.544,0.104286686,2036.759066778425,0.012089481,0.05859375,0.31074995,0.9261692,3.2955759864707845
152.576,0.1124117,2078.938092921893,0.014713311,0.06396484375,1.0117383,0.8835336,3.4230511092071003
152.608,0.10243176,2115.4911961206576,0.012175858,0.080078125,2.4822357,0.85805285,3.5380696457030445
152.64,0.07952632,2225.539617005039,0.035373352,0.10107421875,1.9505007,0.8293496,3.6394151931068146
152.672,0.1185592,2408.3636098923844,0.06974784,0.11083984375,0.30596605,0.75769126,3.7303393619856373
152.704,0.1466236,2406.8071717850685,0.0370841,0.11572265625,3.0397556,0.8537642,3.8083893151798183
152.736,0.13499087,2208.3625039660365,0.018406153,0.099609375,5.801944,0.907091,3.871439158214633
152.768,0.11145381,2091.1593320208603,0.012597279,0.078125,0.80371916,0.89197254,3.919602315981715
152.8,0.112873904,1854.21390162323,0.007269429,0.07275390625,0.11610322,0.9054201,3.951592505879856
152.832,0.11017638,2042.9916888249904,0.016093997,0.0771484375,0.21656549,0.8729834,3.959510977480144
152.864,0.09797338,2309.905210417419,0.03549204,0.10107421875,0.39587867,0.77213836,3.936632024951825
152.896,0.0757829,2381.5025214048474,0.036185827,0.1240234375,3.1637309,0.6669976,3.879250945396495
152.928,0.057748538,2372.674306203545,0.035608802,0.1396484375,2.3780882,0.6477628,3.7863932561307183
152.96,0.08074813,2380.416755187284,0.0821809,0.12744140625,0.42224827,0.6437316,3.661619908579605
152.992,0.15879259,2114.9083094863536,0.033171948,0.1064453125,0.2684552,0.88201785,3.508859154431236
153.024,0.20031972,1961.9512217247398,0.010135538,0.07958984375,6.043738,0.9657928,3.3355192238588103
153.056,0.19179083,1738.5575261124595,0.005178663,0.0498046875,2.2825086,0.9734626,3.1594355430348684
153.088,0.16049597,1675.89903559517,0.0050203484,0.05029296875,0.28207242,0.9617247,2.9836916071864126
153.12,0.1292779,1733.0203657096044,0.0058610346,0.05029296875,0.2233835,0.9413366,2.8104382724181356
153.152,0.11197789,1943.8487665110617,0.0084301345,0.060546875,0.3075084,0.92411757,2.6437026375967734
153.184,0.10185406,2232.2828548111597,0.012548464,0.0595703125,0.7309028,0.8300702,2.48969473922741
153.216,0.09483427,2173.7162066118535,0.00975727,0.07275390625,1.0809236,0.8123671,2.350553940551008
153.248,0.08941807,2734.7159997752183,0.03271969,0.09716796875,1.4231094,0.8139762,2.216902817700861
153.28,0.09979358,3093.230068789946,0.06868888,0.10791015625,0.3112185,0.6837552,2.0752766154499955
153.312,0.09197004,2968.1861991881424,0.05043149,0.1318359375,3.4095347,0.7338323,1.9208484638768375
153.344,0.065116554,2767.7020282814965,0.041245967,0.14794921875,3.419734,0.69144046,1.757301283076071
153.376,0.046723,2661.4792911879863,0.041072357,0.14794921875,0.27460676,0.51436514,1.5960589033246424
153.408,0.047262874,2489.196758104946,0.056401316,0.16015625,0.21769942,0.58919996,1.4503574427886219
153.44,0.07678858,2479.6156116853804,0.093039654,0.14013671875,0.27775127,0.61858684,1.3255005190262743
153.472,0.1231363,2332.148669982049,0.04666459,0.1005859375,2.2486482,0.78304726,1.2174908347957045
153.504,0.1296122,2096.2521941590917,0.015690057,0.0712890625,6.160565,0.89895165,1.1293064376029658
153.536,0.11469136,2143.308207611305,0.011557718,0.06396484375,1.6168896,0.93346137,1.0651023942237672
153.568,0.115103565,2788.5150890725618,0.043340374,0.08447265625,0.1763342,0.82379055,1.0136990498520813
153.6,0.11450965,3087.851490697606,0.05206242,0.09716796875,0.32123253,0.7866521,0.973589390863731
153.632,0.10327165,3107.9686506432054,0.030201135,0.10302734375,4.429977,0.8636688,0.9368318935689078
153.664,0.09749086,2715.237749691434,0.01624082,0.07861328125,1.0210282,0.9007503,0.897998753877957
153.696,0.09377813,2333.877870188489,0.010238278,0.07470703125,0.22061794,0.9260865,0.853650567408427
153.728,0.09882947,2721.4871024891645,0.03277209,0.09130859375,0.27981627,0.89462817,0.8204819845347714
153.76,0.11714321,2619.6207667957015,0.06107404,0.1044921875,0.51962173,0.70831066,0.8087792235813569
153.792,0.12525773,2140.925392997943,0.028668411,0.13134765625,4.5658674,0.5029545,0.8113069951194558
153.824,0.10409938,1976.19326457305,0.012838579,0.14404296875,4.5722666,0.36127642,0.8308353467673641
153.856,0.08645985,2491.9779099822586,0.08216422,0.142578125,0.9565819,0.57030594,0.8589224250536159
153.888,0.13302366,2514.390554167002,0.05791201,0.14501953125,0.2917144,0.81101424,0.8828387262900392
153.92,0.14228351,2335.2527311794547,0.030538682,0.13671875,5.5190616,0.85130036,0.9003853658240305
153.952,0.12360616,2198.8883012205297,0.019901596,0.10986328125,2.6378634,0.8165192,0.9153441900248735
153.984,0.10499129,1985.4730084582666,0.012952241,0.0908203125,0.59281564,0.774879,0.9254494696659359
154.016,0.10177503,1888.2299033686813,0.012000311,0.0966796875,0.4471368,0.8656973,0.9290271046139172
154.048,0.108047284,2226.110546496334,0.022730947,0.09814453125,0.47954285,0.7615206,0.9398924098784894
154.08,0.10767445,2315.2906628451574,0.02625201,0.0986328125,0.9676223,0.661987,0.9602270074374839
154.112,0.08974855,2164.883272203294,0.019348966,0.11669921875,2.9686067,0.7426218,0.9896417392761325
154.144,0.06512596,2226.105913564883,0.044526428,0.10595703125,1.4776487,0.7989402,1.0285692644299371
154.176,0.108280584,2476.9764806709027,0.05313241,0.10400390625,0.56272405,0.8380548,1.0790165006707924
154.208,0.14461115,2324.5449435871587,0.03046118,0.107421875,1.8356954,0.8694018,1.129802997993322
154.24,0.12615557,1970.971820992721,0.014164881,0.095703125,4.400811,0.6625203,1.1834303257716159
154.272,0.1141649,1717.4413462875382,0.0058409367,0.087890625,1.4326149,0.47063136,1.247208166112311
154.304,0.10342293,1588.7934486898562,0.004597032,0.07373046875,0.57042927,0.5639915,1.3132839452501048
154.336,0.08690018,1497.4128965306681,0.005105598,0.07763671875,0.39245287,0.8321984,1.3838102976813196
154.368,0.08568237,2020.731758960736,0.013841656,0.09716796875,0.7196433,0.8436108,1.4641716574531807
154.4,0.09956189,2368.3928346195357,0.01833913,0.10888671875,0.8225474,0.6655034,1.5505325138430568
154.432,0.09223779,2117.2906317349325,0.0090469085,0.1181640625,3.6332262,0.5979739,1.6368866948316858
154.464,0.076524556,1741.3911141563797,0.0061076093,0.1064453125,2.4930265,0.7270196,1.718725303065526
154.496,0.0776578,1472.1638506962108,0.0027460987,0.07373046875,0.75801617,0.8847296,1.7961998954269187
154.528,0.07936459,1370.684755767447,0.0025863154,0.06396484375,0.7918083,0.92597914,1.8739712525990806
154.56,0.07233832,1503.8835927908704,0.006748094,0.0693359375,0.4075413,0.93305546,1.9527727319297878
154.592,0.064458534,2051.4692748131993,0.02180464,0.07470703125,0.99104506,0.85487354,2.026381534030668
154.624,0.060520034,2330.4188199912705,0.028555999,0.07275390625,2.7884955,0.82378197,2.0885497086256266
154.656,0.059311904,2402.7258533530085,0.017650155,0.06103515625,3.661727,0.8885243,2.146778232108769
154.688,0.061002757,2035.3788327501177,0.0061493744,0.03759765625,1.0676675,0.94485384,2.2054320096172315
154.72,0.06261754,1726.8128093547268,0.0028489444,0.04248046875,0.2469753,0.9621261,2.258868984314717
154.752,0.063003905,2544.590730498021,0.0102782035,0.06201171875,0.09762979,0.93075955,2.3047909925390653
154.784,0.06602167,2945.2945609426597,0.027076548,0.08935546875,0.19100487,0.8493144,2.338879024502297
154.816,0.06764649,2951.276858521673,0.037543464,0.109375,3.811422,0.7888183,2.3571102785207056
154.848,0.06829918,2636.1543343081835,0.02842046,0.09228515625,3.869622,0.81190187,2.357129391610506
154.88,0.06862998,2077.9569209937945,0.011927167,0.06982421875,1.9118536,0.9125372,2.3442479160143304
154.912,0.06436685,1460.927697775268,0.0050686207,0.06201171875,1.09,0.95603,2.321675059777696
154.944,0.080565095,1539.629359239365,0.013104253,0.05859375,0.5544759,0.6868765,2.294293733119299
154.976,0.105056755,1629.7476345236505,0.011018737,0.07568359375,1.2858329,0.32527065,2.266885242982012
155.008,0.094406486,1784.6481847257674,0.0072561726,0.0771484375,6.9820447,0.2332096,2.2412434795940444
155.04,0.05839009,1703.0765847667458,0.006227843,0.05810546875,1.9566671,0.61025196,2.2163466397432874
155.072,0.050330553,1822.985483735924,0.008321831,0.0654296875,0.4955864,0.92330515,2.19840192409443
155.104,0.06402785,2063.0039922005935,0.021720756,0.072265625,0.20472215,0.7183391,2.1958232796601003
155.136,0.08448494,2141.608891262208,0.013640847,0.09033203125,2.2002957,0.5203928,2.2021512292057803
155.168,0.07973043,2298.332263398606,0.008157404,0.09912109375,5.776405,0.442082,2.213981876320238
155.2,0.06789244,2047.6592509761708,0.008271702,0.1064453125,1.7587833,0.69870687,2.235540311576829
155.232,0.07157329,2095.2315974388325,0.007960095,0.12939453125,0.64530677,0.66955274,2.2698277566956455
155.264,0.07382504,2677.861098888902,0.018872062,0.15380859375,0.99326515,0.46044442,2.3191878134522423
155.296,0.06055529,3336.577818246441,0.056434616,0.185546875,1.453164,0.6288202,2.3820252477263275
155.328,0.05087126,4013.0864347945953,0.06264154,0.19775390625,2.9770403,0.7393143,2.4583082761163855
155.36,0.049760826,4201.646199007085,0.0512623,0.18896484375,2.2944033,0.7626482,2.5493039091887404
155.392,0.051294856,3794.306218839872,0.06492717,0.177734375,0.43445325,0.75504076,2.6539364779007464
155.424,0.06888383,2806.5990212552715,0.038801588,0.166015625,0.37404883,0.6413606,2.7773472392193455
155.456,0.0804984,2332.2107225191185,0.010264509,0.14892578125,2.854588,0.49631435,2.9087266438314496
155.488,0.075484134,2394.660683346144,0.00707524,0.13134765625,3.239128,0.38515586,3.0431602810420144
155.52,0.06846939,2332.4618157990503,0.013331279,0.1396484375,0.7271149,0.38731372,3.1855240731880885
155.552,0.06682053,2308.8584807837024,0.020738855,0.1572265625,0.58906245,0.4001464,3.3345696786982684
155.584,0.07519769,2471.1913852122975,0.013452483,0.18017578125,2.7573683,0.37500164,3.4851079321072405
155.616,0.070906505,2746.283491220457,0.011590662,0.20947265625,2.2709987,0.39268556,3.62262976095279
155.648,0.06578259,2897.9512766254,0.030832144,0.220703125,0.91756827,0.3908481,3.745591219470209
155.68,0.06726273,2909.0786934512325,0.05586931,0.2138671875,1.0185364,0.2651881,3.8509626986579497
155.712,0.07086058,2962.250097500381,0.051694293,0.18701171875,2.7882998,0.19259043,3.95118277699021
155.744,0.057401426,2761.228850758791,0.03496081,0.134765625,3.3334637,0.31175688,4.052084132457424
155.776,0.037000082,2355.787118099871,0.02925618,0.0859375,1.8335718,0.81413776,4.160576384357131
155.808,0.035374228,2621.928383497469,0.024317551,0.1142578125,0.9706994,0.919132,4.2842921461437955
155.84,0.0404392,3410.292509544226,0.11902362,0.13037109375,0.47642696,0.65912473,4.427779850944681
155.872,0.061579786,3110.922798959861,0.08592258,0.17529296875,0.70998,0.6982086,4.572399444558981
155.904,0.08179553,2813.8848098396356,0.031536087,0.21923828125,6.43067,0.69515425,4.6986633770157855
155.936,0.07202047,2877.328532238421,0.017139088,0.17626953125,3.2342021,0.46521416,4.804256446629159
155.968,0.059558693,2602.9243860508423,0.019556794,0.181640625,1.0234063,0.34588116,4.884247271305926
156.0,0.06025541,2324.977932815882,0.020624842,0.18994140625,0.740145,0.2856022,4.936572894930414
156.032,0.068346426,2491.1938575621716,0.0112083545,0.1806640625,1.8837363,0.29786438,4.9693774492639555
156.064,0.06066517,2623.612144645435,0.015175779,0.16845703125,1.6524055,0.3140424,4.988416220081384
156.096,0.03418666,2431.8103565259275,0.029161623,0.17333984375,0.74324065,0.5768425,4.999608735725986
156.128,0.025633981,3220.821449245668,0.13172953,0.18017578125,1.2207066,0.6120858,4.988759258972353
156.16,0.04616296,3130.7013108958236,0.104119085,0.193359375,0.6180667,0.5069199,4.9633610503040595
156.192,0.075651854,2735.3047274754267,0.028995335,0.22216796875,3.6067305,0.37837654,4.917187163986477
156.224,0.07333799,2634.933095972383,0.008353217,0.201171875,4.6351576,0.26587677,4.852269240177247
156.256,0.049285416,2785.390378144598,0.02618454,0.24072265625,1.3634965,0.4406867,4.762430450517932
156.288,0.038630433,3784.072542315772,0.12691678,0.2255859375,0.28886086,0.51484156,4.63557354770861
156.32,0.06580807,3206.1012425962704,0.072067045,0.2138671875,1.6269459,0.2710722,4.464562730038606
156.352,0.0877882,2395.3219719903345,0.011964194,0.22314453125,3.5366964,0.08350548,4.272432705014016
156.384,0.08176529,2079.135016036973,0.0033136075,0.1611328125,3.6589954,0.020206645,4.072720095617892
156.416,0.05761428,2163.873695742252,0.012828698,0.17236328125,0.8261234,0.049308114,3.864739869254423
156.448,0.055200923,2431.07818561032,0.018119177,0.22265625,0.60237604,0.15244158,3.6582116227401955
156.48,0.05343168,3236.789586232838,0.0380237,0.3232421875,2.5573664,0.223517,3.4566182212532124
156.512,0.032027442,4060.0442426327845,0.11742335,0.43212890625,1.525563,0.3376093,3.264781091330495
156.544,0.03659363,3662.7683428107057,0.23215973,0.40087890625,2.3550081,0.3895626,3.0788348630976645
156.576,0.11353324,2554.551335561422,0.0603306,0.33056640625,1.0388856,0.8383167,2.898104451538668
156.608,0.16152743,2169.870094958728,0.018416619,0.2021484375,5.8944745,0.94091326,2.742180720296568
156.64,0.14575258,1914.4578347646698,0.008828263,0.06884765625,6.012592,0.9437802,2.5956294603998242
156.672,0.11633776,1766.3821849831415,0.006123975,0.0546875,0.73671186,0.8981533,2.4528748581456523
156.704,0.10753436,1647.1617315712178,0.004731074,0.05126953125,0.50776386,0.9011182,2.3116699035663197
156.736,0.09960621,1619.7816341935873,0.0048687416,0.08056640625,0.51802504,0.93592936,2.1848020844764426
156.768,0.09114956,2331.285510194287,0.016345162,0.10595703125,0.6112961,0.8844304,2.076678927836176
156.8,0.089810885,2676.949491003753,0.021462606,0.13623046875,0.6099635,0.7588114,1.979328167217703
156.832,0.087448336,2750.1619242726965,0.013802859,0.16845703125,3.2152011,0.6724401,1.8965394786707925
156.864,0.08600473,2986.642383939477,0.032633465,0.16064453125,1.7957554,0.65300065,1.8327260146116966
156.896,0.08281997,2803.7075717874377,0.027446464,0.14794921875,0.6695624,0.6603373,1.7895042647642836
156.928,0.07951525,2275.689560214567,0.008820386,0.1337890625,2.8149986,0.6682684,1.7623565693061782
156.96,0.07889171,1987.4285908873667,0.0050000525,0.10791015625,0.6158516,0.6245472,1.7439747705130382
156.992,0.08040297,1721.697258215941,0.0033237138,0.1064453125,0.58186316,0.5769294,1.7253165226861908
157.024,0.079466045,1992.8383212515896,0.019142047,0.10595703125,0.98490775,0.54390514,1.704605910661451
157.056,0.08007898,2219.080463011306,0.049612846,0.1005859375,0.58105266,0.50969106,1.6941379747942846
157.088,0.08029616,1981.626517387103,0.029249867,0.10009765625,6.4341574,0.44117385,1.6936778798876972
157.12,0.076021224,1755.9778672388816,0.010111012,0.1240234375,4.301874,0.4010702,1.707527500241328
157.152,0.07208986,2692.714865506605,0.041941434,0.16162109375,0.48266497,0.3443721,1.7313075426023345
157.184,0.055415597,3113.607260986325,0.12382701,0.20556640625,0.14617072,0.3505757,1.7596636192800976
157.216,0.034423783,3243.098251637642,0.13291675,0.23876953125,4.0449386,0.40811172,1.7861237641298704
157.248,0.020741776,2901.310389308131,0.085533895,0.21728515625,2.388955,0.39757633,1.811329381688286
157.28,0.016425733,2422.343280264137,0.04804639,0.19775390625,0.05992769,0.36193648,1.8459925558986736
157.312,0.016337164,2455.3142463038416,0.07673962,0.17822265625,0.090530306,0.39048404,1.8918098928876552
157.344,0.043954685,2879.4144088693693,0.08343286,0.140625,0.4254171,0.71917033,1.945642307455123
157.376,0.07647297,3042.5003400412543,0.03455918,0.12939453125,1.9908842,0.8849345,1.9968460013654554
157.408,0.07523635,3539.0551560153654,0.02341734,0.14697265625,6.6204777,0.91061944,2.0367881082890302
157.44,0.06223846,3440.604283053941,0.08943092,0.13720703125,1.1866485,0.75392693,2.0661903113957942
157.472,0.09998903,2750.884501027476,0.08406719,0.13720703125,0.22802886,0.76920396,2.090001364420914
157.504,0.14519417,2316.3925216139023,0.022694139,0.1357421875,4.8711905,0.9239442,2.1160236405898876
157.536,0.1277569,1831.7676333840877,0.007726293,0.1015625,5.388574,0.8750508,2.1348790174361794
157.568,0.08999505,1963.512942694135,0.0064756433,0.09521484375,0.6103634,0.77014005,2.1481991071372573
157.6,0.07393031,2098.9597237544936,0.006995983,0.09619140625,0.57726085,0.74546987,2.1657014080902686
157.632,0.069878645,2287.0479125693473,0.017520336,0.12353515625,0.6794648,0.8294253,2.183903684243232
157.664,0.06858928,2739.4756550011853,0.034691572,0.13134765625,0.70843625,0.7980806,2.2018186414731713
157.696,0.07575226,2770.702077985686,0.022079118,0.14501953125,2.535184,0.7007829,2.215932542679742
157.728,0.07207175,2777.017955251694,0.019613285,0.1728515625,2.2301621,0.6867825,2.227181493972726
157.76,0.089034125,2623.6393937886664,0.062282726,0.14111328125,0.91935927,0.7424821,2.227347761618918
157.792,0.13992012,2255.57900690253,0.029673755,0.13623046875,0.89610773,0.87426656,2.2010906014076452
157.824,0.12723438,2168.772764476247,0.019972399,0.12890625,6.9906926,0.8350765,2.1498742859670203
157.856,0.09973995,2273.493060193497,0.020287886,0.11181640625,1.9829309,0.5405663,2.0970537033979815
157.888,0.09297267,2340.5092086679842,0.0140187,0.13623046875,1.1682532,0.46568784,2.0546270718672397
157.92,0.08819819,2267.3811255444516,0.01395912,0.138671875,0.9034347,0.52958757,2.017705515343061
157.952,0.08278125,2270.103129505172,0.013437315,0.138671875,0.46152592,0.44298205,1.9860614443041575
157.984,0.08372042,2210.296666674948,0.009891459,0.14404296875,1.0747894,0.25438416,1.961574088849328
158.016,0.073813,2324.559761328708,0.008996291,0.1435546875,0.8107879,0.28305462,1.9588156394733698
158.048,0.065671004,2668.0457856926137,0.046336897,0.14599609375,0.8355292,0.3763427,1.9660006754241406
158.08,0.070663095,2745.393132340164,0.07855495,0.14599609375,0.6473681,0.43038625,1.9594628969610768
158.112,0.078845754,2219.0227264711093,0.031243043,0.15966796875,4.8873816,0.25256187,1.9531650195621963
158.144,0.07681342,2133.632760529451,0.012526502,0.1630859375,3.541737,0.10924138,1.9527076238462457
158.176,0.068610586,2294.5603720338677,0.013396399,0.16845703125,1.3338543,0.059688862,1.9563072029609732
158.208,0.058367256,2239.921392282452,0.02363024,0.17431640625,0.50461054,0.073298156,1.959831497240909
158.24,0.052046176,2368.898175141013,0.096476875,0.14990234375,0.9839319,0.44596115,1.9634690777431862
158.272,0.0896978,2461.531981040277,0.04441498,0.1201171875,2.5137656,0.7670272,1.9678946263245005
158.304,0.107819505,2879.4663066431094,0.017035661,0.09619140625,5.1220603,0.8989692,1.9545758731184135
158.336,0.095557794,3470.609303459201,0.020825915,0.08837890625,1.7401536,0.90583235,1.9137671940218093
158.368,0.094178945,3361.603908141204,0.055096183,0.10302734375,0.3499479,0.82421935,1.8667707197190535
158.4,0.09280883,2944.1372446715013,0.056407228,0.11669921875,0.587118,0.7877239,1.8274891771429778
158.432,0.08040946,2640.821570730641,0.030051107,0.1298828125,4.706874,0.7177838,1.8018394771573927
158.464,0.06775458,2466.4118480718016,0.015748339,0.12939453125,1.7593113,0.54797745,1.7855370211339607
158.496,0.055924375,2688.113797057397,0.015709212,0.12255859375,0.45498005,0.45420977,1.769138405106304
158.528,0.04861073,2333.143700480452,0.023436908,0.10400390625,0.3064775,0.43528295,1.7588284414505184
158.56,0.064018995,1693.940471634463,0.011583166,0.076171875,0.46052414,0.70112646,1.7598889631009516
158.592,0.07630389,1416.2328750528118,0.0032094324,0.05078125,2.5991914,0.9032058,1.7575370957713834
158.624,0.068109825,2038.8996213433606,0.0062260334,0.07080078125,1.5352042,0.96320635,1.7543395795406798
158.656,0.07733317,2582.7827051089985,0.078032784,0.07080078125,0.1669735,0.67223966,1.753676434741644
158.688,0.13415296,2103.739754730591,0.03878852,0.08154296875,2.07886,0.7317888,1.758663949439035
158.72,0.14276296,1663.5848969437252,0.011043424,0.0947265625,11.42801,0.7924664,1.7723209278704197
158.752,0.10423976,1771.2959764677166,0.009132256,0.05908203125,2.9666233,0.7241225,1.7981386492440332
158.784,0.082558215,1552.3012211362998,0.005161401,0.068359375,0.51353306,0.883898,1.8527842191149415
158.816,0.079571575,1858.2184805372367,0.0075638713,0.08935546875,0.38110965,0.9363772,1.9359518126939392
158.848,0.085381225,2484.3015544458312,0.023586929,0.10693359375,0.2197028,0.7670705,2.015818727475953
158.88,0.07903633,2682.721398106008,0.024622625,0.12353515625,1.9930484,0.43573943,2.087230132412583
158.912,0.06870559,2317.5324425791887,0.019042956,0.1494140625,4.392209,0.45491332,2.1441936599842735
158.944,0.059273973,2476.9278112899974,0.09289127,0.142578125,0.78991413,0.39608008,2.1865536787979685
158.976,0.116661616,2298.2005418443237,0.062938094,0.12646484375,1.4179108,0.6756165,2.198771667436216
159.008,0.16211547,1937.5610490324682,0.02057945,0.1201171875,5.45575,0.8132153,2.174707005108502
159.04,0.1415329,1845.4915337249756,0.009194275,0.0966796875,4.4344125,0.7737306,2.1383797936071147
159.072,0.11293093,2050.0294148509647,0.008079906,0.0908203125,0.90138227,0.7324314,2.1025508906694275
159.104,0.10440714,2454.048471098816,0.0171008,0.10107421875,0.23203239,0.80993915,2.062828903379066
159.136,0.10007124,2610.391964430208,0.021837581,0.1044921875,0.4551623,0.77245915,2.0178946505520794
159.168,0.0976826,2503.831303635762,0.01378247,0.103515625,1.8630844,0.6443483,1.9693537328596114
159.2,0.09439527,2214.670779827566,0.006801538,0.08935546875,1.7998774,0.59753585,1.9138350550435754
159.232,0.09085782,1999.8723311897102,0.009314283,0.08935546875,0.85893786,0.5640376,1.8621164509167536
159.264,0.08880006,2496.770328922156,0.023893453,0.08056640625,0.735902,0.5441914,1.8112587341000832
159.296,0.08997743,2194.222476801117,0.025531743,0.0869140625,1.6122931,0.59151673,1.7661789964456465
159.328,0.0972785,1718.1516933699234,0.009410383,0.10595703125,2.987234,0.46108344,1.7328686977775718
159.36,0.09685301,1728.5559087522734,0.004978025,0.09619140625,2.3678453,0.41317108,1.70342886494351
159.392,0.09602719,1670.9741530746483,0.00546141,0.095703125,1.4591154,0.51686394,1.6733562342432544
159.424,0.08945503,1982.1217496570705,0.02060805,0.0888671875,0.66900575,0.72863615,1.640049774438425
159.456,0.08077679,2421.511873863852,0.04355239,0.095703125,1.1463798,0.7387197,1.6158786576592106
159.488,0.07316973,2774.0586878226277,0.03787286,0.091796875,4.2046914,0.7308419,1.5970468547863887
159.52,0.068338305,3160.0988691087314,0.027345091,0.13525390625,2.2341707,0.84151936,1.5694790798583889
159.552,0.06989993,3443.849613176295,0.06501721,0.14697265625,0.49929994,0.772445,1.5332945134453055
159.584,0.07420917,3311.3666854702706,0.0932812,0.13818359375,0.286695,0.7057405,1.48613122677899
159.616,0.07122613,2872.8963103369983,0.052345015,0.13916015625,3.4794526,0.78531337,1.4227779582036728
159.648,0.06410594,2236.969450775421,0.020566545,0.09912109375,2.5369194,0.74574775,1.3474397457979224
159.68,0.049820308,1959.6158419012502,0.011870673,0.0859375,0.8905349,0.7225997,1.2687094960651386
159.712,0.036515705,1871.916797878717,0.012512127,0.0712890625,0.4857661,0.7964695,1.1830669265209803
159.744,0.050135553,1389.199220315243,0.0072582224,0.05908203125,0.3819603,0.8970377,1.0940832296356984
159.776,0.08157255,1245.914794754461,0.0027820417,0.04736328125,0.5628791,0.9728246,1.0113954169773374
159.808,0.08030327,1860.9568769507282,0.0049860114,0.060546875,1.8352928,0.98021704,0.9444116822451105
159.84,0.06560591,2534.7328690778036,0.037634827,0.07666015625,0.71035093,0.8839118,0.892086226828791
159.872,0.10072485,2317.1512763399833,0.055991728,0.0849609375,1.795329,0.817972,0.8527078436405376
159.904,0.14178799,1851.2528059617684,0.014935137,0.10009765625,6.2463217,0.91725457,0.8285536244498013
159.936,0.12725538,1410.2078353756597,0.003737357,0.083984375,6.1654058,0.82981074,0.8210623051374213
159.968,0.09254797,1483.6321444520022,0.0031048518,0.08056640625,0.816103,0.6005394,0.844585274628205
160.0,0.07766214,1637.574834215165,0.0042135236,0.09619140625,0.41934475,0.6316325,0.9094222159292541
160.032,0.08205979,2099.5974503738025,0.009927789,0.0986328125,0.32023752,0.65048784,1.0300514507896745
160.064,0.08291696,2142.3708338945557,0.010983884,0.10498046875,0.7615405,0.49504104,1.2124198883895503
160.096,0.07540316,1855.5819811458941,0.0060528424,0.1025390625,3.439545,0.44806814,1.442014580777349
160.128,0.07436222,2105.1268119473707,0.010050925,0.123046875,1.1422528,0.36814922,1.6921153795270554
160.16,0.076806284,2481.561718879436,0.06017199,0.12744140625,0.44759953,0.24915773,1.9582007953186111
160.192,0.090665475,2369.52899150037,0.063907586,0.1396484375,1.9804338,0.41555429,2.2475427594118997
160.224,0.08917372,2234.2863745942495,0.028834006,0.16357421875,7.593751,0.35832846,2.5577742529147223
160.256,0.06969634,2352.515743666306,0.01698608,0.1708984375,2.3152523,0.24971965,2.8638568722475237
160.288,0.0533235,2847.453005338886,0.0407694,0.1962890625,0.30028543,0.36503243,3.153572434020843
160.32,0.055948015,3187.6272205632054,0.06396369,0.19873046875,0.44682467,0.25099078,3.4322760599709112
160.352,0.062816225,3310.4130066001326,0.04717597,0.1923828125,1.365709,0.11038515,3.6960647836598652
160.384,0.06480633,3036.3698861170874,0.018590938,0.1513671875,2.511003,0.07201327,3.9316755821946714
160.416,0.059797216,2390.879466627149,0.0139939925,0.12744140625,1.3424582,0.07674595,4.143155370402996
160.448,0.059249222,2613.798789056903,0.033303875,0.1201171875,0.7839438,0.107684135,4.331145452280115
160.48,0.058968365,2743.772256925333,0.07880126,0.115234375,1.6367201,0.32360047,4.484955700112507
160.512,0.071108006,2185.1424899899876,0.029172497,0.13818359375,3.0229769,0.20525934,4.590062833514446
160.544,0.07468152,2094.074417202226,0.009966451,0.1396484375,4.0976624,0.06827113,4.644850207043623
160.576,0.062168453,2109.3850972037794,0.011951874,0.138671875,1.5314095,0.076569505,4.665673431875193
160.608,0.035962667,2144.2719798430317,0.03705048,0.16845703125,0.63009,0.19091408,4.665905102418007
160.64,0.034878995,2948.497058507389,0.21123174,0.19775390625,1.1463127,0.11554928,4.651720608357058
160.672,0.045187213,3158.364318474196,0.16630326,0.2890625,1.4293331,0.036670227,4.611310814452395
160.704,0.034624435,3790.42888393917,0.15337074,0.39208984375,5.9617596,0.055085428,4.551159840770966
160.736,0.032339465,4213.139066896916,0.21161425,0.4189453125,1.5563657,0.0711172,4.492302270002327
160.768,0.047967378,3659.0475762221595,0.28386244,0.40380859375,0.19284484,0.05124635,4.428229698217297
160.8,0.05021285,3236.092094087018,0.17478772,0.3076171875,1.1303875,0.249729,4.358836890300418
160.832,0.04571327,2802.5908051295,0.048222497,0.2197265625,5.4455395,0.4696869,4.2868848135555515
160.864,0.031697888,2391.9143091044316,0.02767775,0.19873046875,1.0884324,0.43026403,4.22061398835792
160.896,0.019152084,2368.3380213064984,0.062178083,0.2001953125,0.2454122,0.25938597,4.15397741798506
160.928,0.03986139,2275.843402101,0.07115439,0.19677734375,0.18789086,0.15017134,4.05988184795287
160.96,0.07598959,2004.8426282860123,0.028486973,0.17431640625,1.5408473,0.5991707,3.9382073906212214
160.992,0.09516384,1939.3981958703152,0.010047431,0.13427734375,7.161139,0.65766037,3.781140875961932
161.024,0.08229339,2339.342279887973,0.011121249,0.1083984375,2.9925442,0.54808766,3.580817043482374
161.056,0.07985747,2322.641394715656,0.061588034,0.10302734375,0.94295514,0.66344815,3.344687842854528
161.088,0.12633626,2027.5534187880037,0.02949416,0.1083984375,1.2266921,0.84441084,3.111642743934636
161.12,0.13427879,1980.4847168850133,0.010778237,0.12255859375,7.2463846,0.84338486,2.8964780379904864
161.152,0.099295765,2114.0607122722113,0.0070369453,0.123046875,1.9506426,0.65531963,2.70441034243168
161.184,0.080613874,2124.0148135879163,0.007555128,0.1416015625,0.47078782,0.51396936,2.530503638431084
161.216,0.07193086,2190.325799436159,0.015549046,0.15185546875,0.35058698,0.5370073,2.362337118607705
161.248,0.08031274,2466.122901342776,0.016508993,0.13232421875,0.8044461,0.59627664,2.2003084967138236
161.28,0.07038694,2545.1078081054247,0.01818599,0.1181640625,2.487299,0.57032835,2.0424945495807307
161.312,0.053464714,2160.0465458804542,0.014886405,0.1318359375,1.6183116,0.77298504,1.8854572549085786
161.344,0.038735516,2546.4241932533523,0.07937324,0.1201171875,0.76919687,0.7076247,1.7294206851110436
161.376,0.11516163,2355.2177721332064,0.044197045,0.1171875,0.42661914,0.8236135,1.5696319725446992
161.408,0.1589723,2117.353197214804,0.022205327,0.12841796875,4.4481153,0.8301513,1.4330957263410689
161.44,0.14137584,1981.6154006787478,0.010833917,0.10302734375,7.030193,0.69670933,1.3478335319805932
161.472,0.11418872,1991.9146325490722,0.0065209144,0.09375,1.4039141,0.6074325,1.3191178190996904
161.504,0.101015925,1906.402468480341,0.006421657,0.07958984375,0.5439504,0.7394666,1.3506376720901927
161.536,0.09427603,1596.3517328494313,0.0046896795,0.05859375,0.31484628,0.8962642,1.4324314346144962
161.568,0.08737847,1271.317605715397,0.0020924858,0.03857421875,1.0617607,0.9383134,1.5382005559096958
161.6,0.08499589,1351.5562003897387,0.0022917192,0.037109375,0.6152336,0.93826586,1.623928489702381
161.632,0.084325016,2027.5742377247786,0.013912714,0.05224609375,0.11754795,0.88104296,1.696397645493796
161.664,0.089784935,2097.4190914083474,0.022659741,0.0703125,0.7452854,0.68957347,1.7473375404371647
161.696,0.102738254,1868.1336202614189,0.012724255,0.0947265625,6.1981077,0.46129772,1.7935202815122042
161.728,0.109015115,1911.1060243886398,0.005603826,0.10205078125,3.2735105,0.31592122,1.8484054563036918
161.76,0.101904325,1933.528261716358,0.0025627143,0.1064453125,1.2627155,0.32253826,1.9072277352228832
161.792,0.097189404,1970.6660246650454,0.002435218,0.09619140625,0.7441816,0.34118193,1.9761726085120106
161.824,0.09045182,1946.3738556050978,0.00373919,0.0849609375,0.47043988,0.3967787,2.0547626102377192
161.856,0.07993995,1805.67878833357,0.0062364894,0.08935546875,0.8711232,0.54674673,2.155344900411403
161.888,0.080865234,1949.3379613656552,0.008985254,0.1025390625,1.7577147,0.54205656,2.2631557023597852
161.92,0.08371472,2103.851778606948,0.0074667097,0.12841796875,2.7817898,0.403483,2.3576298684440613
161.952,0.08125879,2379.3629658770756,0.0074786227,0.1474609375,1.9988073,0.27245244,2.4301351724222404
161.984,0.07478343,2589.2706227338585,0.010247314,0.16064453125,1.420499,0.14974985,2.484505561625048
162.016,0.07189999,2711.663944932041,0.02903964,0.16064453125,1.3876375,0.06193068,2.5220967728471937
162.048,0.07078477,2980.9270383661255,0.031920202,0.154296875,1.4479238,0.019933643,2.5392449715678995
162.08,0.07222994,3182.966688453722,0.018956885,0.1572265625,4.0883465,0.0075577637,2.556388833410368
162.112,0.07320135,2851.697721616849,0.03599341,0.16259765625,1.9801345,0.0061449,2.5573367547297865
162.144,0.07095921,2750.073971317802,0.035018377,0.18212890625,0.7951492,0.0077141887,2.5633141694038475
162.176,0.0649143,2955.1628450088683,0.022057153,0.2919921875,3.616694,0.010579079,2.5603365307384296
162.208,0.04516834,3562.5790847609896,0.056739107,0.39404296875,2.1804101,0.03845093,2.5501169027038126
162.24,0.02483877,4505.383387425656,0.14481123,0.4912109375,1.1087066,0.11774393,2.539275402940969
162.272,0.021034876,4644.160311885885,0.16884889,0.5625,1.7768565,0.11231127,2.5176507165622732
162.304,0.025788287,4337.111312544045,0.21569291,0.45703125,0.5941539,0.10540535,2.4927892986483844
162.336,0.05166778,3288.2223678156556,0.063886784,0.3408203125,0.7648846,0.034430165,2.4580226503330413
162.368,0.072631195,2554.893151481744,0.011638644,0.23095703125,2.9863229,0.009838865,2.4234953884919213
162.4,0.070358165,2302.931034077902,0.0041956906,0.13232421875,2.8635137,0.0074843904,2.3851728203440654
162.432,0.06099047,2159.694345383704,0.0053173504,0.11962890625,0.712525,0.01127885,2.342613184291081
162.464,0.051959544,2078.7932814952965,0.008209047,0.109375,0.47297013,0.018739449,2.3036291928635686
162.496,0.054274637,1995.940442921526,0.0061220154,0.095703125,1.1677046,0.02291811,2.27521466685659
162.528,0.05738583,1992.0577766482809,0.0041746222,0.0869140625,1.7740765,0.018560708,2.2506154888440255
162.56,0.059161823,2171.8607406931596,0.0077541084,0.091796875,0.8060311,0.015105301,2.2264933487974314
162.592,0.06801426,2031.0497760228975,0.011969871,0.1083984375,0.8086219,0.054197542,2.2046480866546525
162.624,0.08246316,2079.426955533682,0.008940081,0.11962890625,2.1140156,0.10618725,2.177469862406491
162.656,0.08272143,2199.1477991630773,0.0073893527,0.12158203125,3.3584697,0.12484506,2.155689277961593
162.688,0.07575435,2003.5403664179507,0.007625453,0.11865234375,1.4444464,0.17959638,2.140216392534604
162.72,0.066571705,2054.2906313309422,0.00939264,0.11572265625,1.0929779,0.32654426,2.132016499122863
162.752,0.06718691,2343.891169107158,0.013794784,0.0986328125,2.2004538,0.39287323,2.1328258161897917
162.784,0.0588973,2167.3041491429194,0.018496396,0.0791015625,1.8243709,0.6331408,2.132093417724395
162.816,0.047301628,2348.2675197339586,0.024473561,0.072265625,2.5808766,0.90115535,2.1315592991304535
162.848,0.055254556,2921.1216897071763,0.021546574,0.0966796875,1.7120587,0.9422686,2.129484985452321
162.88,0.058981776,3112.6493091446873,0.062989764,0.11328125,1.3433778,0.7622651,2.121331863283173
162.912,0.07621753,2500.412105432549,0.03524694,0.14208984375,1.1921121,0.60604006,2.120133340973492
162.944,0.0756118,2493.055306151094,0.01891177,0.13623046875,5.5650954,0.51775503,2.116317913352886
162.976,0.053858347,2508.344641042012,0.026382891,0.09130859375,2.1426406,0.6084221,2.100984443737857
163.008,0.044610318,2143.543400208191,0.019593708,0.11376953125,0.95194626,0.91457933,2.0706393914220804
163.04,0.050387703,2518.222304575106,0.07250417,0.10498046875,0.91707516,0.5828704,2.018900896695196
163.072,0.07078529,2284.6283459491287,0.047926288,0.126953125,1.1534997,0.58315367,1.9431852871674815
163.104,0.09397202,2437.4414971598712,0.018632883,0.14697265625,6.5158014,0.3931242,1.8526847900773726
163.136,0.09438805,2584.410923963076,0.009264036,0.12451171875,2.5521746,0.22525518,1.766131021399556
163.168,0.07858618,2808.472520547995,0.007748118,0.11767578125,1.2299248,0.11126763,1.6775340356779997
163.2,0.070389345,2599.747313070427,0.008809449,0.11376953125,0.2926413,0.110683195,1.5930594582255933
163.232,0.055446077,2125.0595863563267,0.019765783,0.125,0.36029428,0.1979038,1.5219621502079992
163.264,0.0666646,2100.547729623379,0.0410469,0.14794921875,0.9662304,0.4114411,1.4644693089472063
163.296,0.07216768,2284.283272370517,0.04155999,0.19580078125,4.226335,0.49707773,1.4185784231269831
163.328,0.07124357,2627.0973143191745,0.05932385,0.22900390625,4.944312,0.35138193,1.385098279695895
163.36,0.081703864,2486.148029210168,0.04894984,0.23974609375,1.4239264,0.16059186,1.36473433473745
163.392,0.0803247,2316.865558055941,0.038585052,0.234375,1.7965294,0.087341264,1.3533089317503564
163.424,0.07706817,2242.6155035816873,0.029877007,0.20556640625,2.6961489,0.07609751,1.351185661747979
163.456,0.058197837,2220.076591897301,0.025704283,0.16748046875,1.9695122,0.12384868,1.365069483322903
163.488,0.04956767,2152.4064677505944,0.026260711,0.16552734375,1.2958041,0.5999151,1.3993455440796143
163.52,0.06876731,2395.2360855644793,0.01732404,0.17822265625,0.5817616,0.4387118,1.4653834740080962
163.552,0.07552397,2798.7975753486207,0.015428721,0.1865234375,0.9949049,0.17982452,1.565546525033496
163.584,0.072404966,2888.045422046027,0.014109448,0.22509765625,1.6711272,0.19744365,1.6836114266339643
163.616,0.065738544,2874.8607753778306,0.021209385,0.224609375,1.437512,0.18099724,1.7967985388962262
163.648,0.06767279,2715.1843663463646,0.029136172,0.20654296875,1.14371,0.15206966,1.9085441662580298
163.68,0.07605585,2467.3100344331024,0.021414895,0.1796875,1.8491194,0.15664934,2.017104781656235
163.712,0.054086823,2411.0632849361027,0.028960744,0.14990234375,1.9965329,0.4674817,2.117398577507924
163.744,0.052430075,2309.8924540071375,0.055646613,0.11962890625,1.043636,0.78005034,2.2117785343039866
163.776,0.1288924,2162.2138840650705,0.038540058,0.087890625,0.7415474,0.86246926,2.295346929726927
163.808,0.18715084,2088.478024017421,0.018754033,0.08203125,3.6664107,0.9401098,2.359487223081077
163.84,0.2042269,1924.149921206782,0.0072007123,0.06494140625,6.3310304,0.95790917,2.4098276866579247
163.872,0.17694661,1907.7540927339182,0.005397308,0.06640625,1.1536489,0.926627,2.4450420837198554
163.904,0.1537009,1918.145424420108,0.0050446065,0.07861328125,0.41854078,0.8892774,2.4746816969963445
163.936,0.1193034,2214.0063648856476,0.007989401,0.09130859375,0.25865245,0.8195252,2.4987772230113756
163.968,0.09591939,2532.7007295553203,0.013598824,0.11328125,0.3003564,0.8364118,2.5118319373427127
164.0,0.087591514,2556.524969753006,0.016340576,0.11962890625,0.82746893,0.8125605,2.5051164102214725
164.032,0.07869971,2688.84528673918,0.030923072,0.15869140625,1.3965591,0.8462741,2.4665614233704063
164.064,0.07593218,3334.5967278093576,0.06861058,0.17333984375,1.2299635,0.730738,2.3903218350028586
164.096,0.0875722,3009.6966093653014,0.048416,0.1689453125,1.8065928,0.5055894,2.2848278770774435
164.128,0.08771213,2518.6914008936023,0.014237905,0.18310546875,2.4438093,0.4304466,2.184586382784569
164.16,0.07769217,2430.7682057442207,0.007159959,0.14892578125,1.4029883,0.512596,2.0703905178881334
164.192,0.07666798,2221.4062065204644,0.0065420247,0.1396484375,0.57509905,0.5028148,1.9462404911136022
164.224,0.084416464,2173.986892888883,0.023372233,0.1357421875,0.39426845,0.38081318,1.8262722148183124
164.256,0.08184599,2341.1654885146304,0.047630772,0.126953125,0.8111978,0.34458536,1.7169053994680443
164.288,0.077901706,2317.7128824846236,0.030483505,0.13916015625,6.1527095,0.34044054,1.6228080626285135
164.32,0.07356658,2218.2572782694124,0.013438126,0.138671875,3.2395236,0.30052418,1.531163036991474
164.352,0.06517382,2209.960163407323,0.00981108,0.1396484375,0.5114894,0.31223786,1.4445127895946055
164.384,0.06970433,2056.076361348376,0.0097762775,0.14404296875,0.23334536,0.21005996,1.3595325057049732
164.416,0.06712956,1968.989097512957,0.014788998,0.14111328125,0.41093782,0.10487452,1.272203582594044
164.448,0.056519162,1938.74591918171,0.01711185,0.1396484375,1.9100429,0.029149085,1.189467399470134
164.48,0.04957619,1954.2528472090528,0.01349422,0.15283203125,2.7480178,0.015048827,1.1228173919786502
164.512,0.03107629,2063.771273730904,0.020263974,0.1708984375,1.1938478,0.01594081,1.0896152169690654
164.544,0.015912801,2322.8863934347214,0.052502677,0.18505859375,0.86339414,0.020227537,1.094828651616734
164.576,0.011814051,2300.742670751686,0.06781743,0.17236328125,0.5537814,0.07471605,1.1389357146457622
164.608,0.016277598,1997.8534022111805,0.025345195,0.14306640625,0.6311785,0.5492711,1.1898299887083958
164.64,0.025199156,1767.9797220976125,0.014109663,0.1103515625,0.706949,0.7834053,1.2657529381453856
164.672,0.050652996,2057.8202219529967,0.021201449,0.09375,0.82217276,0.4788123,1.365953058888914
164.704,0.08131298,2173.6994279038927,0.017147623,0.1123046875,2.0071988,0.20091864,1.4771889062010837
164.736,0.078780234,2428.605943693627,0.009947427,0.14453125,6.8082175,0.11709309,1.5944602216452657
164.768,0.060575712,3026.438687895764,0.011327235,0.181640625,3.0015278,0.08611202,1.716834206523039
164.8,0.058581598,3109.6080005479116,0.0144246975,0.2041015625,0.7188048,0.06304781,1.8517528258874978
164.832,0.06199588,2777.013891859837,0.015580699,0.21533203125,1.156634,0.040316936,1.9968277088552406
164.864,0.08452063,2492.5502033656394,0.005861631,0.203125,1.9957467,0.022378903,2.141144874720457
164.896,0.06392993,2393.0704337288753,0.005386688,0.19580078125,2.2742722,0.033350483,2.2946895399750864
164.928,0.022087414,2232.9717884428355,0.019982666,0.205078125,0.7109409,0.1652644,2.467606442409859
164.96,0.014236365,2729.807877964863,0.11573578,0.20068359375,0.5987494,0.090572774,2.6652830836865884
164.992,0.03350809,2644.7817477446247,0.06585853,0.197265625,0.44851026,0.29107898,2.8874227530626273
165.024,0.05659734,2492.6383910627765,0.02133754,0.185546875,3.4929824,0.49953532,3.1317669272622046
165.056,0.07103262,2568.604041101224,0.0057806824,0.18115234375,4.919782,0.3936081,3.3783531255238026
165.088,0.054832265,3123.0393761359164,0.0050322334,0.17724609375,1.3865193,0.40674004,3.6152993740374764
165.12,0.050871253,3277.8108121915293,0.005139489,0.17626953125,0.53152025,0.42522085,3.844457515924518
165.152,0.06095121,2973.230476182862,0.0040853173,0.1826171875,0.28228104,0.3049421,4.075191040458745
165.184,0.060437217,2841.5818345866287,0.008120337,0.15380859375,0.6656827,0.30723402,4.310121039952643
165.216,0.04734115,2852.4365343384147,0.026359113,0.23681640625,1.3275391,0.37884647,4.545155988693062
165.248,0.03244048,3770.4383327831747,0.13311347,0.29736328125,3.340083,0.42959934,4.763546169738144
165.28,0.047498208,3909.224367579503,0.13266225,0.30322265625,2.875688,0.07454008,4.9700844188300675
165.312,0.068287864,3313.988098453906,0.04819405,0.32861328125,3.1429434,0.010977786,5.1673615799148305
165.344,0.05983336,3024.173179889027,0.014649895,0.2705078125,3.6730986,0.00042635037,5.3553626473653875
165.376,0.05165075,3120.723752755616,0.011303544,0.2236328125,1.5623761,0.00016058511,5.526823578704745
165.408,0.042626526,3013.957411956607,0.016986486,0.23291015625,0.42808336,0.00016044528,5.683047132398286
165.44,0.026978062,2758.2559653024814,0.026740922,0.2373046875,0.57330763,0.000489657,5.825596610753955
165.472,0.010733236,2723.2604218631254,0.05441392,0.23828125,1.5406791,0.006506679,5.939433480924736
165.504,0.00930762,2838.9320711085797,0.052464608,0.26123046875,1.2031739,0.01895482,6.021938352661449
165.536,0.009669085,2832.21549939185,0.053014923,0.27734375,0.2619155,0.020478753,6.058729229227325
165.568,0.009464561,2903.759948602573,0.06858914,0.2900390625,0.35528404,0.015174716,6.046488763784796
165.6,0.009971866,3127.3972346580995,0.10184914,0.318359375,0.9094813,0.010531715,5.990501563441179
165.632,0.011250069,3435.162016762299,0.14454554,0.34912109375,1.0733061,0.009003718,5.892035375872157
165.664,0.012350004,3629.4875953890432,0.17221656,0.37744140625,1.9616851,0.007878414,5.755193972361282
165.696,0.013910474,3693.931986664551,0.16403362,0.39306640625,2.2431183,0.0055182483,5.5913010995476355
165.728,0.015136477,3587.2485287957115,0.14247885,0.3740234375,1.4952348,0.0023403598,5.419743069514599
165.76,0.014155578,3166.6441784314566,0.14062268,0.3251953125,1.226981,0.021649018,5.226635053648344
165.792,0.012403486,2582.885939717814,0.07492677,0.27197265625,1.3071277,0.21840444,5.02336778829565
165.824,0.0294235,2335.4806248595182,0.08743891,0.24658203125,1.6413491,0.10546383,4.826275397063066
165.856,0.07516478,2723.7598023910737,0.17234911,0.224609375,1.1073012,0.04044178,4.637289725645733
165.888,0.09753805,2804.059022212181,0.19035366,0.2255859375,8.137186,0.021520242,4.439821290991878
165.92,0.08546572,2556.096850916399,0.09955581,0.240234375,10.214612,0.023962645,4.221616545593481
165.952,0.06439287,2488.0741914816854,0.051020764,0.20654296875,3.085784,0.030239476,3.9951146087827603
165.984,0.04672387,2586.0919808888684,0.040875454,0.1826171875,0.42395684,0.13246444,3.772867730387886
166.016,0.038817607,2210.7887333051654,0.035873067,0.15966796875,0.32458246,0.37497067,3.582870044859024
166.048,0.06238249,2245.8085662860562,0.014597189,0.12841796875,0.24859928,0.26893556,3.433966438547614
166.08,0.060266506,2237.939584420512,0.009536352,0.14208984375,1.3910136,0.16200736,3.3280714220498133
166.112,0.02808581,2071.785899918326,0.022383174,0.173828125,1.462847,0.24514055,3.251687944614847
166.144,0.045320585,2305.0431547706603,0.09416783,0.15869140625,0.69757277,0.61377585,3.190050495765441
166.176,0.15128905,2027.6893968549698,0.034877192,0.1396484375,0.97082466,0.86894166,3.1329650302749035
166.208,0.19109832,1887.569173166093,0.022140006,0.1103515625,9.239349,0.90532255,3.081466460976686
166.24,0.18251659,1841.1347261303622,0.013546572,0.0703125,6.53811,0.8764843,3.0555701940371556
166.272,0.18039516,1853.7364935085789,0.0073815095,0.0751953125,1.5606885,0.9303248,3.04558426260741
166.304,0.1305791,1984.4393332081258,0.008332028,0.087890625,0.64050066,0.94125247,3.0376251452563907
166.336,0.106120214,2114.7407795425333,0.013937752,0.09765625,0.38144025,0.8821212,3.030019198780447
166.368,0.10284899,2274.8426348604053,0.013178905,0.08935546875,0.2786445,0.6229777,3.028650472497734
166.4,0.09273199,2087.10015063809,0.010646273,0.080078125,1.9044079,0.64900386,3.0378195394095195
166.432,0.07763095,1980.5508840427387,0.012691325,0.08544921875,1.0604178,0.8902123,3.0575284205903297
166.464,0.08577572,1953.0822846656977,0.024347693,0.08935546875,0.35681248,0.7335725,3.0812318381686663
166.496,0.0974963,1914.8428046981367,0.03267078,0.10107421875,1.6470629,0.58384234,3.1037766554898716
166.528,0.09356431,2066.1336545993577,0.028715229,0.11767578125,4.647917,0.5527952,3.1258138278029732
166.56,0.078696705,2285.5191298818145,0.020660955,0.09228515625,2.9790497,0.6805159,3.1303019855827143
166.592,0.07084373,2196.580634724033,0.0129750455,0.08837890625,1.005165,0.8512664,3.11852582834577
166.624,0.07482912,2414.4071568898626,0.041707624,0.09716796875,0.31815565,0.78140044,3.1031705390936644
166.656,0.0857453,2435.81754177973,0.055027362,0.09912109375,0.28117657,0.58484846,3.100627182258837
166.688,0.08197143,2304.0429116452024,0.027817247,0.10888671875,5.2926164,0.61639225,3.1137176713579415
166.72,0.07071764,2068.416781391663,0.013184652,0.11474609375,2.7252696,0.81322056,3.1301093235823134
166.752,0.07031367,2142.6429223058526,0.011019654,0.11767578125,0.2019609,0.65328354,3.1331042130376794
166.784,0.07105257,2461.494914415781,0.011569172,0.13671875,0.16751993,0.30999708,3.130663091058767
166.816,0.050465744,2619.505272456874,0.030558202,0.2255859375,1.1496295,0.17581134,3.1259783741021536
166.848,0.039578147,3342.4636631047215,0.15113291,0.3388671875,1.1820844,0.2792201,3.113895081731688
166.88,0.03773854,4245.242582047905,0.23231506,0.4326171875,1.8777853,0.13488464,3.0930930175244438
166.912,0.03724746,4574.615106191186,0.18987334,0.5048828125,3.7294273,0.0074026105,3.071246917631541
166.944,0.035492428,4265.080996439985,0.19917412,0.4365234375,1.4550238,0.03345337,3.0560329938422166
166.976,0.04256572,3334.738251574791,0.11488339,0.3154296875,0.49694788,0.16942902,3.0342058205996865
167.008,0.055912018,2813.0910109464257,0.04408762,0.22412109375,1.7129687,0.06388815,3.004680500988891
167.04,0.064899065,2844.186556648955,0.020214928,0.16259765625,3.4494424,0.003202174,2.9566256809294353
167.072,0.05695169,2966.3528158630447,0.011646426,0.1787109375,2.3965907,0.00019533516,2.894975864290507
167.104,0.047305167,3197.919966454634,0.013436673,0.19970703125,1.1503093,0.000118366595,2.832864328997028
167.136,0.05321731,3226.4023573193563,0.013387586,0.21826171875,0.40954268,7.4642194e-05,2.7744048131142556
167.168,0.0602137,2836.7873636257727,0.013968525,0.20556640625,0.38283384,0.00014515975,2.7246889715652696
167.2,0.056809083,2709.038348796375,0.024080357,0.20068359375,1.8034999,0.0004269068,2.6810377310290003
167.232,0.07261386,2879.8348603599366,0.0144531885,0.19677734375,2.6813989,0.0002681826,2.6592470938101886
167.264,0.0713589,3158.282068975837,0.009078294,0.2041015625,3.1850538,0.00013669198,2.6436117804666828
167.296,0.04903156,3182.357561838935,0.018546604,0.173828125,1.3814288,0.00017668855,2.626674167405815
167.328,0.050372176,2773.8389681181666,0.014566779,0.189453125,0.5701508,0.00015314131,2.615458151809752
167.36,0.06317884,2921.6162994903934,0.024821484,0.18017578125,1.2446369,0.00024019553,2.604320389419496
167.392,0.08592141,2981.3040880339863,0.022046547,0.14111328125,1.1563952,0.00017028103,2.5850887838238936
167.424,0.100996345,2793.399336494636,0.007171365,0.16162109375,3.976688,8.8371824e-05,2.5495782455045903
167.456,0.084288195,2771.7332881810053,0.003304177,0.12939453125,2.6826782,6.68361e-05,2.519591631902267
167.488,0.06979673,2939.343577474219,0.0034745815,0.14306640625,0.47293743,0.00014778203,2.517746674716893
167.52,0.060157232,3042.4817822871246,0.00523712,0.16748046875,0.36213255,0.00048451705,2.5742901483083345
167.552,0.060108732,2944.861701432042,0.0067999386,0.18798828125,0.7815954,0.0013322606,2.6933660905536714
167.584,0.059369996,2818.40102182271,0.0091456035,0.21728515625,1.407846,0.002317857,2.8361667770240646
167.616,0.0552603,2837.279913508877,0.017037218,0.2275390625,1.7350252,0.0035655657,2.9751818346677474
167.648,0.043796252,2727.710665727377,0.039913982,0.22216796875,1.6771309,0.010447175,3.0906058270754957
167.68,0.035931095,2533.590309146616,0.052119065,0.21240234375,2.6467626,0.026540386,3.178615025809741
167.712,0.030167883,2301.4117172971464,0.0509832,0.205078125,2.9524632,0.11071923,3.2338747878226304
167.744,0.02889325,2467.6218171706746,0.06498406,0.185546875,2.3336978,0.23146808,3.265866475234458
167.776,0.026934734,2412.8063751447467,0.084278435,0.181640625,1.1074095,0.25283626,3.290165723248888
167.808,0.029235551,2152.282364284213,0.067375466,0.17333984375,1.6752715,0.14676599,3.310849703319163
167.84,0.05702038,2282.470741140094,0.08890238,0.14306640625,1.335755,0.12005502,3.33715794983465
167.872,0.063070685,2251.374475381316,0.059466142,0.1748046875,2.24015,0.37209305,3.3611841324890803
167.904,0.046591394,2765.8717127734785,0.09791462,0.16259765625,5.989709,0.4889827,3.375979692728061
167.936,0.048275217,2984.7161245763073,0.11056112,0.1943359375,0.53283525,0.5362078,3.374393730991306
167.968,0.053827804,2980.3420891953697,0.08981209,0.1962890625,0.87904,0.5947315,3.3284857149047213
168.0,0.0637546,2948.2393081534383,0.06912695,0.1748046875,1.2656065,0.6239533,3.2272449255678075
168.032,0.060517285,2989.907016892351,0.05777211,0.20263671875,1.2781702,0.7037269,3.074590400508403
168.064,0.056842793,2941.47225795964,0.095753856,0.146484375,1.0717713,0.5752475,2.8973950477947805
168.096,0.06176898,2667.8143259895996,0.055407155,0.1591796875,0.493352,0.70647955,2.7157385978127357
168.128,0.05389762,2817.758345000348,0.06742211,0.15869140625,2.0878153,0.7465163,2.538934596414074
168.16,0.07466324,3480.8372244214293,0.09673585,0.1943359375,0.6425204,0.7145169,2.380134579018724
168.192,0.07121668,3856.2487158240847,0.10997291,0.32275390625,0.9396437,0.5972329,2.2439339386108004
168.224,0.053463276,4241.9702264465195,0.1839421,0.39208984375,2.8326564,0.23267944,2.1355634238481316
168.256,0.050663155,3894.2453694231317,0.25841203,0.37353515625,0.7643918,0.13065901,2.048561693873579
168.288,0.07231936,2831.57945601357,0.108013,0.3271484375,0.7249245,0.16313314,1.9759621826244
168.32,0.07184018,2425.201686846058,0.05249198,0.23046875,3.3217397,0.18348186,1.9131811230036764
168.352,0.062281672,2694.2735880144883,0.040378664,0.17138671875,2.8825662,0.09416653,1.8690537969896592
168.384,0.06327838,2942.8949239640024,0.029077267,0.19970703125,0.6444021,0.08338288,1.8510113139334845
168.416,0.058409702,2810.5603953007167,0.03505701,0.1962890625,0.5859145,0.14563464,1.8599243044523621
168.448,0.06061815,2495.663194034142,0.030102186,0.1982421875,0.7092102,0.13341036,1.9042736894058088
168.48,0.05846794,2598.342446113029,0.028905822,0.20068359375,1.4058715,0.057843026,1.9858284720731458
168.512,0.06021947,2735.4858025034473,0.023239946,0.20166015625,1.1177189,0.112250574,2.1023652244518476
168.544,0.063988335,2674.8445603610285,0.062277228,0.18798828125,0.9716281,0.31386313,2.2540332698209564
168.576,0.13682133,2350.632470670931,0.04454516,0.1611328125,0.91528225,0.8210364,2.4228763050037565
168.608,0.17976457,2244.3088041325727,0.020131253,0.12109375,5.308132,0.929662,2.5938074839869065
168.64,0.19130874,1976.5298127096914,0.007530228,0.0771484375,5.450088,0.95773345,2.7525151962666734
168.672,0.18553963,1757.9876403481092,0.0040442967,0.0615234375,0.87733793,0.9425964,2.8916294199557684
168.704,0.14013131,1872.1630637462054,0.005772358,0.07568359375,0.25216097,0.902855,3.0086919341573615
168.736,0.1024683,2528.2852864959928,0.021614537,0.103515625,0.17477612,0.6828267,3.1000290302840368
168.768,0.1029429,2659.613421582443,0.023404686,0.11962890625,0.53622663,0.39857283,3.1831218799179206
168.8,0.08919342,2537.8918864501716,0.013005639,0.1435546875,2.9447243,0.34466994,3.2682519817303914
168.832,0.07337042,2488.2874895404266,0.010698441,0.14501953125,1.0254825,0.39463905,3.3570858693627303
168.864,0.07133995,2577.8283942061153,0.009691182,0.130859375,0.4883811,0.44252634,3.4393764863267053
168.896,0.07077847,2442.744128410225,0.010110247,0.12109375,0.46151644,0.51422393,3.5009038325468875
168.928,0.061306443,2238.0291460878902,0.009647632,0.1015625,0.9131291,0.6565548,3.5401300703865894
168.96,0.06604098,2051.3371247372497,0.0058229384,0.08642578125,0.78170663,0.6756514,3.558774914801146
168.992,0.07041135,2058.070320161928,0.005015622,0.09716796875,0.61326635,0.5764039,3.559645111493693
169.024,0.07309203,2410.857083059212,0.027627375,0.1142578125,0.6315027,0.52677625,3.556221821341414
169.056,0.07888422,2656.5311752863904,0.05744287,0.13623046875,0.8791467,0.40465066,3.565434303047251
169.088,0.076890536,2703.1524382756334,0.045202203,0.13525390625,7.0004234,0.36045665,3.588609736532017
169.12,0.06405738,2393.57832691117,0.024284167,0.14892578125,3.816068,0.544777,3.6294325330991564
169.152,0.059983227,2719.7992568576483,0.062141642,0.15380859375,0.5021898,0.6454566,3.6915942669229183
169.184,0.07024014,2987.963990792592,0.105031796,0.1513671875,0.44445845,0.4303138,3.7742051657800695
169.216,0.076673314,2909.8604769641133,0.054586466,0.17041015625,3.5083811,0.28380296,3.8759714724200136
169.248,0.07151007,2630.790789984486,0.029924594,0.16796875,3.4648762,0.249496,3.978027382118465
169.28,0.062595345,2737.8109866355762,0.028653475,0.17529296875,0.5207253,0.18452199,4.069820765899338
169.312,0.05835389,2881.35118572008,0.029387845,0.1748046875,0.68144864,0.0847566,4.151661992861902
169.344,0.06534005,2489.475997032714,0.022825558,0.16357421875,0.7711717,0.1605034,4.241506137146974
169.376,0.09057691,2150.4409829506762,0.007699667,0.14501953125,0.4191754,0.31975374,4.341049955909554
169.408,0.101493135,2178.815965947166,0.0045954045,0.14306640625,2.074272,0.24997704,4.4416928608416635
169.44,0.08304303,2353.9910594629996,0.013059913,0.14306640625,0.8070759,0.23330656,4.536719698560071
169.472,0.113175854,2055.481245346178,0.028940722,0.12451171875,0.6254466,0.7717538,4.618597230099438
169.504,0.1690897,1838.6618196234124,0.011142278,0.123046875,2.5326648,0.9033528,4.667100953170108
169.536,0.1390732,1958.4356674299213,0.0077413353,0.10693359375,6.170653,0.88297385,4.673654290402012
169.568,0.10279163,2205.213663435865,0.014082627,0.0966796875,1.1545032,0.8441458,4.6520946844955615
169.6,0.08872204,2233.956470735204,0.01394955,0.1015625,0.35955027,0.86195034,4.618170431517755
169.632,0.07355335,2081.685557542808,0.01153602,0.09130859375,1.1708864,0.9113001,4.572007261579624
169.664,0.06658068,1947.5860153778567,0.007676721,0.0771484375,0.7271767,0.91193587,4.50335727826451
169.696,0.06058924,2046.0219400106932,0.0070243906,0.07763671875,0.59596795,0.88904613,4.40432664383712
169.728,0.05097904,2253.9596624319975,0.019817408,0.10791015625,0.6047044,0.8369882,4.281951670499272
169.76,0.084860414,2357.8802776652765,0.060797833,0.11669921875,0.5486662,0.74538386,4.1392294132995655
169.792,0.15452144,2168.2669405248726,0.03301652,0.126953125,2.4129667,0.8732041,3.9730775536522236
169.824,0.1390432,2254.8773776503754,0.02137078,0.12744140625,8.40833,0.883141,3.7802263166559618
169.856,0.10476907,2332.6850569063135,0.01657526,0.1083984375,2.672203,0.83400077,3.5792480125109467
169.888,0.08891045,2407.8136636023637,0.011982054,0.11083984375,0.371704,0.71774745,3.3825249953992556
169.92,0.09174945,2372.1849311357964,0.010053774,0.1142578125,0.22037658,0.62704736,3.1834143633722203
169.952,0.09308571,2422.6389915847867,0.009557493,0.11962890625,0.2790913,0.5106642,2.976307123776383
169.984,0.08472966,2460.884397408616,0.010826043,0.12744140625,0.51331985,0.4572316,2.7658134529860847
170.016,0.080400385,2378.5907795630237,0.009979162,0.1337890625,0.94742554,0.45209214,2.5460544652642216
170.048,0.08776741,2217.0731503695515,0.008094484,0.13916015625,0.7899132,0.3279495,2.3155036413463583
170.08,0.08046961,2217.5968127591595,0.012478796,0.140625,0.7366824,0.38527623,2.084295354751945
170.112,0.068981156,2330.3773848416213,0.016617715,0.1416015625,1.273579,0.4881359,1.868981826657964
170.144,0.062253993,2339.371935330677,0.016690116,0.1455078125,1.908768,0.5726587,1.6738057469525454
170.176,0.06062603,2423.7660464910227,0.021896722,0.14892578125,1.2591631,0.59750724,1.504368208327264
170.208,0.06483693,2547.990541734565,0.028811175,0.15478515625,1.0041492,0.5162824,1.361077174778113
170.24,0.06992919,2563.621434115033,0.06609473,0.1591796875,1.7506855,0.47309995,1.2423280780783923
170.272,0.067161605,2532.673139169234,0.070453726,0.15380859375,1.897129,0.5196613,1.1434033695761028
170.304,0.06408552,2463.9210804709796,0.043646462,0.14208984375,4.241698,0.6907765,1.0602434636097333
170.336,0.056740448,2408.193804689071,0.03341728,0.1640625,1.4006739,0.8268093,0.9882887470111992
170.368,0.06170604,2752.6227377786913,0.096889995,0.16162109375,0.4513747,0.6163571,0.9171728986582928
170.4,0.06890674,2758.5391146136635,0.108730935,0.16943359375,0.3989963,0.36945844,0.8550166750658168
170.432,0.07672727,2683.4202424934892,0.047069218,0.1806640625,5.419306,0.21270683,0.8083620788861028
170.464,0.070835754,2638.003454244459,0.02979483,0.150390625,2.0714688,0.17740837,0.7747173820477465
170.496,0.063075535,2855.949094182476,0.025692347,0.15869140625,0.5700406,0.10052917,0.7659206241011279
170.528,0.061980523,2668.5862212926195,0.025430739,0.1474609375,0.36937678,0.038750786,0.7795266286942509
170.56,0.071463935,2408.236982114694,0.016281221,0.14208984375,0.29488048,0.34059402,0.7953250335407185
170.592,0.0747392,2529.7888876772495,0.011320036,0.158203125,1.9943789,0.5956579,0.7939162417985673
170.624,0.06466297,2939.8642008272177,0.019513546,0.15869140625,1.4629295,0.48147354,0.788481865221188
170.656,0.074365854,2455.0099386105585,0.036418833,0.142578125,0.42709816,0.6840384,0.7863331275208543
170.688,0.1595211,1807.1722523138449,0.011069383,0.13037109375,1.3994896,0.93192077,0.7858714527674541
170.72,0.17191479,1761.2434225695793,0.0054824483,0.11328125,4.6476097,0.9398912,0.7921540746049885
170.752,0.113133706,2164.999527582415,0.011750811,0.1015625,2.8639677,0.8452765,0.805053623616826
170.784,0.08670738,2294.5447676680747,0.01926659,0.10107421875,0.68033814,0.7804321,0.8238862160723102
170.816,0.07814951,2081.005881179106,0.0134890815,0.0966796875,0.90814424,0.8739743,0.844321757922693
170.848,0.078378044,1728.6990877286185,0.005914875,0.080078125,1.1939275,0.93727297,0.8686685931367538
170.88,0.07225598,1750.9035528054678,0.005584468,0.06591796875,0.6021516,0.93287724,0.8909827451198289
170.912,0.06058461,1927.711244611909,0.007055115,0.099609375,0.43074715,0.9058345,0.9166739632067422
170.944,0.057522085,2296.1074592893583,0.050832897,0.109375,0.52304894,0.7799434,0.9415724047740701
170.976,0.11797127,2199.695609609358,0.05322687,0.11376953125,0.69438165,0.7741147,0.9559120457082275
171.008,0.15980062,2152.1632305040666,0.02870452,0.1103515625,7.058864,0.84253836,0.9658084908916253
171.04,0.1607465,2104.487648517004,0.012313473,0.08154296875,6.703699,0.87297153,0.9781027222654802
171.072,0.15922731,2006.4263052858312,0.007597887,0.078125,1.18366,0.87447447,1.0022809693088857
171.104,0.13177946,2037.5954737863833,0.007328869,0.08984375,0.28542262,0.7944294,1.0307165568803132
171.136,0.10526765,2228.8239424292983,0.008922087,0.109375,0.23814012,0.61976457,1.0538730337098712
171.168,0.092110366,2402.6819413878993,0.011333781,0.1240234375,0.2956901,0.44948497,1.0716737250388013
171.2,0.07689238,2506.1107711065456,0.015185592,0.1376953125,0.48781747,0.48995048,1.0813940568490892
171.232,0.07307507,2407.5349589663574,0.016459242,0.13720703125,0.5397266,0.5446166,1.094701635128649
171.264,0.07528867,2429.4205978882915,0.019388605,0.13232421875,0.7101539,0.53650105,1.1096043605821682
171.296,0.07270731,2381.988089646736,0.019591955,0.12939453125,1.1777979,0.5943281,1.130895462984113
171.328,0.07338378,2367.8005123443863,0.012641036,0.1259765625,1.4210827,0.537658,1.1547767020848614
171.36,0.0748487,2397.9903523042394,0.011208906,0.1162109375,1.1912782,0.48272133,1.1829662216907577
171.392,0.064509116,2367.8440345425042,0.014529863,0.12255859375,0.7564436,0.71552783,1.2069776701426433
171.424,0.067685686,2330.609382551268,0.014199684,0.1240234375,0.6458468,0.8049838,1.2385077427022435
171.456,0.07465054,2514.955497659179,0.01638419,0.111328125,1.0263747,0.6518047,1.2867723979428858
171.488,0.06790089,2462.6485039496015,0.01751256,0.09765625,1.6082261,0.62195563,1.3481117078369396
171.52,0.057029117,2038.4448078224732,0.014491775,0.0732421875,1.7400857,0.81921285,1.415741308623848
171.552,0.05394129,1949.9060856888127,0.0124726305,0.06640625,0.98514736,0.9032831,1.477868600156745
171.584,0.054840308,2406.1022648397047,0.029126944,0.06689453125,0.81930184,0.8350565,1.5287465505909104
171.616,0.062866695,2225.0302539684726,0.025493795,0.0869140625,0.8720298,0.74679804,1.5695763460929864
171.648,0.07388733,2081.861545353102,0.011289071,0.10302734375,2.9966352,0.5945979,1.600082346654928
171.68,0.07810327,2067.9604180687234,0.005734001,0.10546875,1.6485085,0.40409368,1.6182804088643832
171.712,0.07682915,2138.6919038741976,0.004875735,0.1123046875,0.5416792,0.3152604,1.6204487868823603
171.744,0.06912139,2207.8326183175786,0.007562017,0.1083984375,0.24779867,0.34671068,1.6140346086656545
171.776,0.057669867,2010.1038021524328,0.010767686,0.0927734375,0.48106194,0.5974848,1.5989808230754365
171.808,0.05150689,1761.1685942940405,0.008874112,0.0849609375,1.3397264,0.7994269,1.590003850124438
171.84,0.045553863,2156.2501864554797,0.013316293,0.0849609375,1.6522714,0.851392,1.5925898009351256
171.872,0.051526293,2620.402402927586,0.030191747,0.099609375,0.73030996,0.79186046,1.6059455172986843
171.904,0.068435855,2504.1912547695456,0.020600136,0.12060546875,1.0272461,0.53358996,1.6211165288391736
171.936,0.07928726,2423.8691847995383,0.010797151,0.115234375,4.0383096,0.3082373,1.6348175641218419
171.968,0.060636494,2304.990900692968,0.012198085,0.10595703125,2.1347399,0.39598766,1.6440716905642805
172.0,0.04467517,2074.7570732955273,0.0147265,0.09228515625,0.8926351,0.7747892,1.6479939393808904
172.032,0.051408794,2372.559119511611,0.03104839,0.0869140625,0.7327089,0.59923065,1.6538874112001796
172.064,0.07098963,2469.492884558307,0.023375886,0.0888671875,1.0618385,0.32096508,1.6698255918944147
172.096,0.06363167,2321.567414422848,0.01730468,0.0888671875,4.097357,0.40155342,1.700886239729847
172.128,0.04454607,2020.3109545005495,0.013120051,0.0869140625,1.9750512,0.75115633,1.744499964539189
172.16,0.044625264,2335.9587614799466,0.029083593,0.0947265625,0.40516573,0.72437066,1.803437857750645
172.192,0.061276168,2311.796085053746,0.030403972,0.12939453125,0.5255877,0.3557417,1.8779238186772824
172.224,0.06822581,2439.3110518128815,0.023440141,0.150390625,3.1421266,0.22776312,1.961629236871896
172.256,0.061493028,2659.4951639298324,0.015545692,0.1708984375,3.1304502,0.23567142,2.0469628849080155
172.288,0.059983138,2766.429039830726,0.01365425,0.1875,0.9527427,0.23638219,2.1298811398559065
172.32,0.05636947,2971.8784337761,0.0151540935,0.18798828125,0.35019654,0.2389071,2.2085713309713753
172.352,0.053536825,2997.88575200216,0.020747846,0.20849609375,0.67470914,0.23571433,2.282919859097729
172.384,0.05124162,3016.207727459421,0.03780329,0.2177734375,0.73090607,0.25337565,2.352897781766235
172.416,0.044366974,3111.815808833067,0.056452345,0.2060546875,1.3124864,0.325208,2.424871258065684
172.448,0.049396995,2958.8626112866596,0.05237259,0.2021484375,2.1638854,0.28598335,2.5029930603593664
172.48,0.058058806,2732.3844793162616,0.06339724,0.1923828125,1.0464145,0.27972364,2.577812410585122
172.512,0.05651946,2792.3378300910454,0.05452098,0.20068359375,1.3773456,0.3932178,2.646597986869224
172.544,0.054342274,2855.7191714231994,0.062198147,0.1953125,3.2221909,0.3771024,2.706783144878026
172.576,0.057447396,2768.8587588909513,0.05567221,0.201171875,0.8411877,0.3335353,2.7581233416946507
172.608,0.05374456,2685.6273484485805,0.056795068,0.18310546875,1.1507516,0.41870824,2.800955160852086
172.64,0.0582695,2551.6650842099234,0.04442426,0.1484375,0.71382433,0.55409795,2.831975563124389
172.672,0.06640185,2334.3386099774602,0.024283055,0.13720703125,1.2460121,0.7432874,2.8410101840297406
172.704,0.073037215,2136.8715883778473,0.02102703,0.1064453125,1.08413,0.78451794,2.8239134319911043
172.736,0.071079634,2010.2002735129988,0.014158301,0.10888671875,0.78509784,0.78813183,2.7924734286526283
172.768,0.06803713,2220.288957009926,0.029080529,0.11572265625,1.4287263,0.6187982,2.744500797400591
172.8,0.06431089,2387.1040470438356,0.037380226,0.1337890625,0.4095901,0.46742964,2.678429432679956
172.832,0.06128228,2473.6005732253752,0.029686483,0.15185546875,2.831449,0.43520102,2.5919167137814085
172.864,0.059935246,2480.3222592380585,0.03362767,0.1474609375,1.0449775,0.43944004,2.4899786206651466
172.896,0.059433658,2421.809574577336,0.02440332,0.14453125,0.7352462,0.4562955,2.3714163327177005
172.928,0.06372918,2448.2322991086985,0.026484204,0.1259765625,0.9206748,0.3970601,2.2428247276205644
172.96,0.06279852,2324.6742941340726,0.022218559,0.12451171875,0.54252684,0.5115162,2.1200088480182115
172.992,0.06078429,2192.6953809882734,0.024987323,0.12109375,1.1699362,0.49425736,2.0050322157471543
173.024,0.0589659,2053.708550415029,0.029791955,0.11962890625,0.48131824,0.4777708,1.8985239889234653
173.056,0.06949994,2019.1007179054243,0.059755035,0.125,1.805207,0.35539526,1.7989713667401754
173.088,0.06963845,2073.792451741369,0.064491704,0.1171875,1.8614635,0.37715295,1.7071571731360617
173.12,0.05140081,2181.293090985664,0.053893577,0.12646484375,5.0721445,0.4674521,1.6270923564277486
173.152,0.059012983,2341.408220683912,0.06885322,0.1220703125,0.81200206,0.2734174,1.5675854183674849
173.184,0.04377693,2300.3908963903214,0.04750305,0.1328125,0.1409143,0.5600079,1.5336125653168813
173.216,0.047526494,2399.366901782014,0.05057975,0.12109375,1.8919836,0.6481216,1.5154812245449343
173.248,0.060300816,2181.3637647256123,0.030391335,0.11376953125,0.07723408,0.74571586,1.5118406986436435
173.28,0.07349347,1996.5793075007298,0.030551873,0.1083984375,1.5410516,0.5983278,1.5230638608396694
173.312,0.071347795,2076.7380467611324,0.034552667,0.109375,1.0405676,0.52356184,1.553842535039826
173.344,0.062264975,2368.999653558082,0.06441314,0.12158203125,3.284801,0.6834655,1.6003882769814468
173.376,0.10685435,2324.636046784659,0.055005446,0.10595703125,0.61123204,0.7385288,1.658587252300933
173.408,0.16434346,1965.1978308601174,0.015508618,0.11328125,2.1039572,0.89772403,1.724647983146432
173.44,0.1393815,1869.8369257257614,0.011298971,0.08984375,3.925009,0.88414705,1.793937531954668
173.472,0.100296,1979.380594054354,0.012111285,0.072265625,0.9869377,0.84124243,1.8651386921384256
173.504,0.09302595,1832.1182723497054,0.008594759,0.0703125,0.3302993,0.830692,1.9351640718123522
173.536,0.08785378,1778.9418730252173,0.008712195,0.056640625,0.19745672,0.78235245,1.9993794748110145
173.568,0.084330246,1717.9432171384965,0.0092142625,0.04638671875,0.40401986,0.75949585,2.0586437162046227
173.6,0.08352755,1564.5948455077692,0.0065526115,0.04443359375,0.55734456,0.8044118,2.1141682640569197
173.632,0.07709317,1653.0696262103247,0.008801567,0.05126953125,1.0318505,0.87041426,2.1691918025843435
173.664,0.081267744,2008.6775821606961,0.029512966,0.06298828125,0.5890795,0.7756685,2.2173905831668796
173.696,0.08906368,2046.7434339807332,0.025784448,0.08154296875,1.434592,0.8067334,2.252861851487709
173.728,0.09837802,2019.9619110889291,0.013733013,0.095703125,4.7386794,0.67341644,2.2772929605982126
173.76,0.09261766,1957.5315717006968,0.009055575,0.080078125,1.1948037,0.5772997,2.291585524144887
173.792,0.07528108,1737.4353514276333,0.0074906503,0.07763671875,0.83216673,0.76291066,2.294146667704629
173.824,0.07227501,1921.0663165042188,0.0134677235,0.07373046875,0.34590405,0.85464036,2.2828340985011595
173.856,0.085730456,2113.1753644838136,0.01907069,0.09423828125,0.4185934,0.6551549,2.259683845144714
173.888,0.09903124,2327.4828740926273,0.016726308,0.13427734375,2.8625133,0.42804635,2.228446581629772
173.92,0.08666352,2475.801204083872,0.016163582,0.1328125,2.8496733,0.4722895,2.197138710972751
173.952,0.0752572,2398.0673552465537,0.020141732,0.15087890625,1.410821,0.6125127,2.1701199019987056
173.984,0.08102047,2124.030484270267,0.019313132,0.15380859375,0.70960855,0.5203335,2.146323697245294
174.016,0.08452747,2375.1322125789475,0.025438696,0.1513671875,0.95342046,0.41960213,2.1282762006567215
174.048,0.08093829,2507.2306942817577,0.020515185,0.16796875,2.2900958,0.40688983,2.109263563487366
174.08,0.08032434,2485.407537804083,0.016234292,0.1708984375,1.7696759,0.3674804,2.0834016170100913
174.112,0.07317022,2515.149082738071,0.018039618,0.17041015625,0.6586596,0.42101428,2.0484654432705627
174.144,0.06861132,2537.0913553900364,0.017551873,0.17822265625,0.55840623,0.50810164,2.0161901822868233
174.176,0.07251404,2495.41687282962,0.0152812395,0.18310546875,0.6281851,0.44057578,1.9877135611051242
174.208,0.07605965,2408.542154454056,0.01587476,0.18115234375,0.9616919,0.3772789,1.9541962120312524
174.24,0.07430875,2327.1138119478355,0.021774981,0.17333984375,1.0475731,0.39730653,1.9204455240496654
174.272,0.07368595,2341.8395399170217,0.025102409,0.16845703125,1.2999682,0.39101946,1.8890007023125868
174.304,0.07734997,2269.5096690384917,0.022862736,0.1650390625,1.7520391,0.37151095,1.863301684874835
174.336,0.084573954,2243.2107594996146,0.016586902,0.16650390625,1.2884918,0.33311272,1.8417220086376525
174.368,0.08388717,2206.7671705892412,0.019146407,0.169921875,1.1431715,0.37751055,1.8234101170662542
174.4,0.08652883,2243.4706414916373,0.01931927,0.15576171875,0.96199876,0.4368831,1.8016668596113827
174.432,0.084161595,2332.30755239862,0.019327411,0.15283203125,1.4379355,0.4818994,1.7760216689758757
174.464,0.07628704,2361.3714098548962,0.024940148,0.14990234375,1.5505409,0.5000182,1.747965321704709
174.496,0.068718046,2384.537306378081,0.02792739,0.14404296875,0.91119003,0.5233707,1.715436503812304
174.528,0.06718609,2381.5446998745274,0.023317132,0.15869140625,1.4272933,0.45706156,1.6841937501848132
174.56,0.07461786,2403.550925812675,0.05441917,0.14794921875,1.1957612,0.42025504,1.6582002127825395
174.592,0.115189545,2298.76378280285,0.03756053,0.13525390625,0.8702536,0.7169906,1.640783447383387
174.624,0.1306922,2173.423364207412,0.018496519,0.12890625,4.108881,0.8290381,1.6271686990430838
174.656,0.108207256,2074.030057012637,0.019090164,0.10546875,2.1642175,0.77281463,1.6201683275384584
174.688,0.10170005,2102.325539295103,0.019383973,0.09912109375,0.568067,0.7400188,1.6257526695877957
174.72,0.099969715,2176.70080053284,0.017682845,0.10107421875,1.157237,0.7261273,1.6400359611548787
174.752,0.09194347,2165.686902644695,0.016398653,0.0986328125,0.87640226,0.683371,1.6585016236577912
174.784,0.08694253,2152.2806842936448,0.015038548,0.11279296875,0.93053275,0.6303514,1.676818538478361
174.816,0.07894908,2187.158718518769,0.013352722,0.1376953125,0.4707672,0.58447844,1.6905365139681832
174.848,0.074342184,2249.122825438283,0.015115069,0.13916015625,0.7884707,0.57310045,1.6932766764526685
174.88,0.07584033,2258.256133583887,0.017437382,0.15625,0.543261,0.51184577,1.6899639333634076
174.912,0.072486594,2200.9149739436366,0.016489469,0.16748046875,0.8011852,0.42470345,1.6817465767000974
174.944,0.06663494,2381.5780261478885,0.017598711,0.16650390625,1.1213074,0.18224391,1.6753400859754968
174.976,0.06573626,2476.6500266544217,0.018299244,0.1943359375,0.59374523,0.03966513,1.6743035812869655
175.008,0.06884019,2505.0204614130944,0.040985044,0.1689453125,0.48023897,0.13783419,1.6789097795088919
175.04,0.10037999,2434.48377218539,0.04585594,0.1552734375,0.9258534,0.65207195,1.6901422112579811
175.072,0.11998074,2352.6162320625795,0.0270725,0.1484375,3.417293,0.7841258,1.6945666529511554
175.104,0.09061996,2396.84708979906,0.035004687,0.12890625,3.6599975,0.6097758,1.6850677214193217
175.136,0.07721928,2358.0462048683657,0.035094988,0.14111328125,0.88492465,0.5206541,1.6658952831541896
175.168,0.070705496,2189.169726917683,0.032522168,0.15283203125,0.4389517,0.60449755,1.6387545923800504
175.2,0.063552484,2193.71435253251,0.035446893,0.15380859375,0.38801464,0.610156,1.6014881041074687
175.232,0.0560624,2348.452884510623,0.04757506,0.1591796875,0.736017,0.27349955,1.5586636405509213
175.264,0.055730097,2457.2365583824194,0.038193587,0.16943359375,0.6987482,0.12574877,1.5165890095581678
175.296,0.052331883,2557.6236472125893,0.03532077,0.169921875,1.120651,0.07936094,1.479830403434189
175.328,0.054144647,2392.3645575646233,0.034158576,0.169921875,0.64272046,0.18650016,1.4489056899677744
175.36,0.054736722,2314.3171243862434,0.031727474,0.1591796875,0.5548932,0.40593722,1.4238189826598835
175.392,0.05771837,2369.1252123597674,0.028116304,0.1494140625,1.5274838,0.4305727,1.4037017690277314
175.424,0.0567678,2427.093727234158,0.021534,0.15771484375,1.3058381,0.3442805,1.380682323687217
175.456,0.058534697,2587.4212845351253,0.05342865,0.1376953125,1.0730834,0.39791113,1.3579342002934094
175.488,0.110114284,2446.2256774723874,0.036163323,0.12646484375,0.44896933,0.8129564,1.3312188487653593
175.52,0.13582844,2245.3089995540604,0.015201609,0.12744140625,3.6912105,0.89763737,1.2991692422160386
175.552,0.09339453,2177.0944415186627,0.017726615,0.09619140625,3.3330836,0.81104815,1.274993936090474
175.584,0.07413439,2194.8347062229254,0.0192101,0.109375,0.5658465,0.7248741,1.2674153767130325
175.616,0.081559435,2140.0292176894277,0.013347992,0.1171875,0.19815418,0.7760999,1.2787282467781071
175.648,0.07667831,2205.3422811096643,0.017032372,0.12548828125,0.2706592,0.76123923,1.3077186328527568
175.68,0.06471029,2272.1516256905106,0.025373776,0.14208984375,0.5480076,0.7112585,1.3555573720755631
175.712,0.05395003,2296.422296515273,0.04023787,0.16259765625,0.93706477,0.56511855,1.4216445942580471
175.744,0.055103034,2386.249270448083,0.10003039,0.16015625,1.1522692,0.28805688,1.49996925763767
175.776,0.11790415,2347.986725899076,0.06842843,0.134765625,1.2392421,0.71112293,1.5867777453266592
175.808,0.17516203,2165.0355929843818,0.026984189,0.11474609375,4.554271,0.9004943,1.677901805542226
175.84,0.20383173,1938.4673599456528,0.008989282,0.064453125,4.61156,0.9550656,1.7660302493792555
175.872,0.18999965,1832.612180035442,0.006149651,0.05712890625,1.1019071,0.96506894,1.8505248148455389
175.904,0.15299113,1767.060483661256,0.007232278,0.0615234375,0.17853579,0.9459426,1.933596690980347
175.936,0.120014064,1901.0667926380856,0.011005172,0.06396484375,0.21743123,0.9050078,2.013672464685048
175.968,0.09768045,2263.67689130272,0.019241609,0.08984375,0.7425725,0.83467966,2.0977115109802726
176.0,0.09040381,2388.066007696989,0.022018678,0.09033203125,0.78017265,0.73279953,2.188010277639216
176.032,0.08142804,2395.7663942014938,0.02461158,0.11376953125,1.1716394,0.76351386,2.2840398369676205
176.064,0.09408554,2937.402595607111,0.0722257,0.12353515625,0.7551462,0.6466618,2.376181494386552
176.096,0.10566049,2935.385691693241,0.066096485,0.12353515625,0.73903567,0.6558744,2.453505911004786
176.128,0.09657849,2732.9749429229832,0.0310578,0.1298828125,4.507946,0.7776472,2.514225390883346
176.16,0.08376807,2462.0547748910885,0.01926085,0.1064453125,0.9201936,0.78674597,2.557931328205246
176.192,0.067842625,2241.3939445391334,0.023337433,0.126953125,0.20601597,0.69965273,2.5855333862613383
176.224,0.067431994,2344.6402205550057,0.06650449,0.12939453125,0.20931849,0.63568646,2.603945956277911
176.256,0.107073694,2381.8949756210036,0.06271496,0.11328125,0.82999825,0.7029319,2.618465304333561
176.288,0.13997237,2182.5753751425873,0.024598574,0.099609375,4.2126865,0.842988,2.6337207941518965
176.32,0.13117234,1966.8023911292803,0.010403659,0.06982421875,3.4206707,0.91761774,2.653831256320387
176.352,0.123054475,2320.241903459614,0.024181878,0.072265625,0.53461105,0.87917525,2.678859394163176
176.384,0.12380787,2800.8767115081955,0.05396502,0.08251953125,0.17596838,0.77133787,2.714262339469368
176.416,0.11610312,2948.7724174488767,0.043474156,0.09423828125,2.8904784,0.8247768,2.7565638277661897
176.448,0.10908391,2736.1662511526406,0.023134653,0.08740234375,2.8772938,0.8747935,2.7984088003580885
176.48,0.10524597,2368.471378327442,0.013047565,0.06787109375,0.22790174,0.8858042,2.8369655366960354
176.512,0.10175807,2144.19640938617,0.010954958,0.068359375,0.11920794,0.90055335,2.870034043572747
176.544,0.11022088,1986.0686012592698,0.012845588,0.06396484375,0.312507,0.91423047,2.901569965468183
176.576,0.11855101,2049.1647981379383,0.014982999,0.06689453125,0.8792262,0.88739455,2.924751806544922
176.608,0.10379115,2115.171188477717,0.0142916385,0.0908203125,2.1466653,0.8433487,2.9360835388050552
176.64,0.08277246,2229.9058701106146,0.035193514,0.09765625,1.709411,0.81407344,2.9331628743656477
176.672,0.1259899,2429.45039035629,0.06833398,0.1025390625,0.45508736,0.78317964,2.9136063855416015
176.704,0.16897514,2351.6883991034874,0.033963382,0.1044921875,2.3728414,0.8872616,2.8748987192240114
176.736,0.15655527,2163.7263173415486,0.016820852,0.08203125,5.749361,0.92156506,2.817444084385624
176.768,0.12552443,2051.022571370157,0.012363293,0.07568359375,0.8707895,0.8954038,2.747900915263118
176.8,0.11810292,1899.8926155915178,0.008368521,0.08837890625,0.16166076,0.8942325,2.6722249193748455
176.832,0.11815475,2057.2469933255024,0.016797865,0.09228515625,0.2368537,0.8765422,2.5938521284213634
176.864,0.11011892,2302.7504449556873,0.031787723,0.09423828125,0.31177968,0.80888075,2.509869958155712
176.896,0.100492,2313.563898816008,0.023464024,0.09130859375,2.975411,0.80251545,2.4200463796548943
176.928,0.09284869,2120.2406137196485,0.016733794,0.0869140625,2.090312,0.85564625,2.3248678763207966
176.96,0.10726551,2317.818220521786,0.057838038,0.08056640625,0.30103454,0.7599346,2.2204093684956008
176.992,0.16822971,2189.2952002725824,0.03557296,0.07861328125,0.40003544,0.8782774,2.1013388702453835
177.024,0.18404715,2062.8107845314917,0.013926996,0.0703125,5.9407377,0.9509325,1.9694734185525258
177.056,0.17689078,1895.0627383351014,0.0079663675,0.05859375,1.8901244,0.959795,1.8395015769211038
177.088,0.15220267,1766.4299114627224,0.0066435207,0.06982421875,0.2400294,0.95037234,1.7131734435496253
177.12,0.107951686,1922.4280816186379,0.0113991555,0.07275390625,0.20939691,0.9053254,1.5936850209099158
177.152,0.08411224,2273.7530172694487,0.02282134,0.107421875,0.29493034,0.84393436,1.4886906967020161
177.184,0.08025707,2452.848013937636,0.026837103,0.11083984375,0.7470448,0.6882311,1.3992969365470374
177.216,0.07489647,2415.0802752659492,0.0211507,0.12548828125,1.3054881,0.65207726,1.324998661886049
177.248,0.076871425,2852.8997375248855,0.06782538,0.15869140625,1.4384876,0.6755372,1.2579837835006358
177.28,0.10166801,3061.447983601583,0.09553491,0.14404296875,0.37067896,0.55383945,1.193260508317938
177.312,0.099828616,2935.4124654876246,0.05530836,0.14990234375,3.7282414,0.6970411,1.127121233615768
177.344,0.08219239,2733.5477055326105,0.028379438,0.15185546875,3.359972,0.7742192,1.063105150686122
177.376,0.063464224,2531.3013163487058,0.027523609,0.13037109375,0.21396145,0.70526063,1.004024352890183
177.408,0.05909261,2400.0115904012023,0.042110767,0.14501953125,0.17009407,0.69059044,0.9497318938625682
177.44,0.083864644,2459.4239878653298,0.08575988,0.13916015625,0.328741,0.62392396,0.8997061670124147
177.472,0.1287222,2368.6197701928454,0.048543576,0.1044921875,2.3856287,0.76967806,0.8545639780373406
177.504,0.13630408,2155.715666832999,0.018018028,0.08837890625,5.65495,0.8868868,0.8187823638014173
177.536,0.122741476,2169.188401458744,0.01380041,0.07861328125,1.6791117,0.92274016,0.7877621544621192
177.568,0.12588447,2795.169687712507,0.044363473,0.08740234375,0.14143157,0.8103281,0.7634812013514211
177.6,0.1258616,3030.2898461593445,0.051402804,0.09619140625,0.4146201,0.78041065,0.7480843580201855
177.632,0.11470704,3012.394360115424,0.027174434,0.09423828125,4.084845,0.8624287,0.7374300726106924
177.664,0.10898425,2666.947258892856,0.01634003,0.07861328125,0.9125854,0.9029667,0.7339087177543168
177.696,0.10617235,2357.8823717194628,0.011124335,0.06396484375,0.17911516,0.9185417,0.7329217188397628
177.728,0.110597394,2131.9430801183544,0.011650136,0.06689453125,0.36722025,0.9286657,0.7348666542981703
177.76,0.12227303,2060.6742218512354,0.014638221,0.07763671875,0.6787907,0.9089346,0.7353634444710415
177.792,0.11777583,2139.732485727918,0.012559577,0.13525390625,1.9196116,0.869359,0.7339168572971164
177.824,0.08964723,3112.405519529753,0.04387068,0.17333984375,1.9868174,0.7839921,0.7401818866819885
177.856,0.09802275,3113.5392404279846,0.14235322,0.173828125,0.5644454,0.6120031,0.7522290999964045
177.888,0.15201823,2614.150842435527,0.07300662,0.16796875,1.8841271,0.7780304,0.7704793933831633
177.92,0.15166025,2398.3327206978593,0.0326437,0.1220703125,6.058136,0.86070824,0.7966242294644346
177.952,0.12486093,2262.6499043319222,0.021396516,0.09033203125,2.332824,0.8466686,0.83317805903938
177.984,0.10944484,2157.9357371473525,0.014755676,0.087890625,0.40982455,0.83629197,0.8823679271724608
178.016,0.11259851,2037.1384507682747,0.0123293195,0.095703125,0.2852126,0.90957785,0.9493209657039757
178.048,0.12389429,2221.442177316192,0.0179419,0.09521484375,0.2154239,0.9097309,1.0329143110323975
178.08,0.12022944,2173.2874177707517,0.016636962,0.09765625,0.77938676,0.8817209,1.1244104953575675
178.112,0.1181385,2011.2740707181158,0.012239799,0.12646484375,2.5972886,0.881021,1.2153467794538053
178.144,0.0908519,2234.384688201669,0.045932133,0.12255859375,0.8839056,0.7529748,1.30587496493076
178.176,0.14030306,2209.2790667353524,0.051942386,0.10595703125,0.67075473,0.8049864,1.4031543263260118
178.208,0.18663226,2062.7088815363404,0.019001735,0.0927734375,3.770184,0.9211075,1.5106589854302754
178.24,0.1834266,1845.8916170688954,0.00911685,0.05859375,3.9692936,0.95426625,1.631141583601607
178.272,0.16205157,1804.472288887257,0.007070924,0.06103515625,0.620643,0.9535526,1.7660796979059952
178.304,0.12535423,1970.1512092000137,0.010786433,0.0791015625,0.18921591,0.91907704,1.9024266471363591
178.336,0.09553311,2265.8166719414617,0.02312573,0.11328125,0.35750395,0.71021533,2.038484617651811
178.368,0.076891206,2520.723041352193,0.037732214,0.1357421875,0.6267582,0.43793014,2.1753527276429105
178.4,0.071100235,2623.1999033773873,0.029837597,0.1513671875,1.2763412,0.33239192,2.3143450137503
178.432,0.07085571,2527.754378336619,0.017783824,0.16015625,1.5204064,0.27948442,2.4559635152821464
178.464,0.067579955,2496.3534360615968,0.015301247,0.14794921875,0.8087952,0.30871886,2.596478408877061
178.496,0.064469896,2567.4186976919077,0.014142131,0.14501953125,0.40581137,0.34207463,2.7356870147156642
178.528,0.06589165,2528.2448495163053,0.0115358755,0.130859375,0.59821326,0.28907272,2.8789286832089687
178.56,0.06736792,2312.1672583844347,0.011814273,0.12158203125,0.52809,0.2884988,3.034023686228801
178.592,0.058366995,1971.1079795724936,0.015421492,0.12939453125,0.6522362,0.4467484,3.2013911060721227
178.624,0.072044395,2014.8202642493384,0.020451266,0.1494140625,1.1809244,0.2935925,3.369144898536003
178.656,0.07342991,2385.6752293655863,0.016899878,0.18798828125,2.2323272,0.22341193,3.526952669137515
178.688,0.06468877,2788.3749478924706,0.011649718,0.21142578125,3.2812011,0.19820797,3.6681314859269243
178.72,0.05821505,2788.767330739965,0.014779953,0.20556640625,1.0300211,0.13490826,3.788981912347515
178.752,0.04435008,2527.7285094810595,0.025601106,0.1962890625,0.48725834,0.12426383,3.884526626133444
178.784,0.051463995,2721.8683158389667,0.040412582,0.18212890625,0.8524742,0.06636091,3.949790079927433
178.816,0.055572435,2887.5281217719166,0.025259683,0.17236328125,1.7703886,0.03740831,3.989795597583647
178.848,0.055617638,2776.938865654083,0.010921238,0.19580078125,2.5463762,0.019964224,4.009324756341528
178.88,0.049166583,2786.8001567103875,0.01318106,0.19775390625,0.5513492,0.01253435,4.011965100663402
178.912,0.051642984,2760.041705873781,0.015732702,0.19873046875,0.17937915,0.005392286,3.998922951138303
178.944,0.050800264,2570.0975653993555,0.023299277,0.19189453125,0.79663193,0.0021491733,3.9708767554639053
178.976,0.047597714,2574.4755144653436,0.023129977,0.171875,2.2559197,0.00082405267,3.930331382437251
179.008,0.05076079,2661.6021985168536,0.017050525,0.1669921875,2.6916623,0.00041019585,3.8790847971729505
179.04,0.05464441,2506.803965340163,0.023810422,0.15625,1.2873789,0.00038506117,3.8157433675208057
179.072,0.057129737,2612.4157005011502,0.021639023,0.16015625,0.6793055,0.0003048738,3.7441311668402966
179.104,0.054647807,2578.5980885489225,0.023183513,0.15966796875,2.5296805,0.00035641904,3.66894712165722
179.136,0.05087969,2630.892898723463,0.023016386,0.15966796875,1.322573,0.00039474468,3.5935632859003848
179.168,0.051678084,2887.2655660396085,0.017415078,0.1552734375,0.84049386,0.00032416283,3.52051250096323
179.2,0.056406796,2950.27935537171,0.015562836,0.15380859375,1.2905535,0.00039353198,3.4540756199699074
179.232,0.060669493,2764.4540775505116,0.011624286,0.1591796875,1.1043499,0.00032172218,3.398011953121143
179.264,0.061927576,2704.7223912389773,0.0105022555,0.1572265625,1.2413313,0.0002367328,3.3539886594830186
179.296,0.058442913,2675.703100446406,0.017340276,0.16796875,0.7863771,0.0002543616,3.316647615320952
179.328,0.053066168,2641.102051860797,0.03352591,0.17529296875,0.9903607,0.0025265275,3.2836557614395114
179.36,0.08209506,2368.2048766577527,0.061477277,0.15087890625,2.0690148,0.45920599,3.2543585550341465
179.392,0.1443305,2088.9627499972216,0.030943062,0.11572265625,3.1533377,0.826896,3.2288584855409717
179.424,0.17761026,1912.185007251279,0.0106422445,0.07958984375,7.8225656,0.9493547,3.20576988873899
179.456,0.17783608,1639.1253276628606,0.0042494596,0.05615234375,2.4228253,0.9769524,3.1755820186436274
179.488,0.15642007,2304.6268378070718,0.008961163,0.06396484375,0.34380424,0.9594877,3.1311853577676545
179.52,0.12754095,3012.549686085222,0.020849727,0.08544921875,0.15865558,0.90485936,3.072282091088562
179.552,0.104519956,2853.278542483237,0.028494148,0.10400390625,1.4220685,0.83845687,2.998772160621857
179.584,0.09613463,2429.516582061917,0.021706901,0.1123046875,1.6167219,0.61435306,2.914172484512981
179.616,0.08639248,2334.5031519634754,0.019187098,0.11669921875,1.1199955,0.53188086,2.8306204022805526
179.648,0.07478909,2469.538561808435,0.019980352,0.12158203125,1.468745,0.51242155,2.7609639999604596
179.68,0.06813374,2582.4151682414645,0.028908752,0.14404296875,1.0167238,0.5451984,2.702493508606828
179.712,0.060981017,2878.522146082386,0.050165396,0.16357421875,0.39724818,0.63865376,2.6561063566873
179.744,0.054259267,3350.1260156884628,0.06532485,0.16455078125,1.0553932,0.72306293,2.626158722202838
179.776,0.0523593,3625.133862430471,0.060014497,0.17578125,1.5767003,0.74673575,2.6114327998200677
179.808,0.056230083,3210.80327655965,0.055881098,0.16943359375,0.6617732,0.70856965,2.6056503771754036
179.84,0.067393,2641.645317342666,0.03591574,0.1630859375,0.29105228,0.4697031,2.611218415013114
179.872,0.06408335,2525.6874909242,0.028019654,0.18212890625,1.6749462,0.31334457,2.6122490536900207
179.904,0.044053435,2547.5286103871154,0.037417505,0.20361328125,2.3234618,0.19898546,2.5991981351092432
179.936,0.026311148,2696.974586415404,0.09106119,0.236328125,0.9552793,0.30548456,2.5813723054733297
179.968,0.031240534,3104.431172166486,0.14605619,0.25,0.5924746,0.31124413,2.5624843307252183
180.0,0.046043664,3038.033398419905,0.08807086,0.2529296875,1.0108504,0.41093972,2.5387697532326
180.032,0.054741215,2884.2443184536032,0.052613825,0.2421875,3.0716126,0.22292238,2.513151712465824
180.064,0.051210463,2846.567434632118,0.03875055,0.20751953125,1.8296906,0.0985544,2.4894205061860015
180.096,0.04701898,2837.262497182766,0.03320135,0.19140625,1.0582656,0.06212055,2.464049336779601
180.128,0.04666052,2900.1567224697415,0.026409553,0.177734375,0.71866155,0.041481093,2.4315008685118595
180.16,0.045095228,2904.314357415108,0.027138112,0.15673828125,0.51867235,0.038004324,2.394779231481604
180.192,0.046857987,2855.4878932771876,0.025680214,0.140625,0.4573623,0.040853545,2.351339676953945
180.224,0.05022939,2842.2939257266517,0.021261191,0.1357421875,0.81751347,0.03255703,2.287940880779454
180.256,0.049872693,2886.594668410905,0.019877406,0.12890625,0.955704,0.031084605,2.2019250303754556
180.288,0.047447104,2939.2025287254037,0.02107124,0.1357421875,0.49497277,0.03397824,2.1038012338084333
180.32,0.046424307,2922.9096124053467,0.023164263,0.14990234375,0.48177662,0.030428916,2.000031020157696
180.352,0.044047628,2789.4123994135325,0.028144147,0.16357421875,0.5797824,0.02848447,1.9051602119812943
180.384,0.03656808,2744.827487936172,0.034268666,0.1748046875,0.8584235,0.04151474,1.825535133707813
180.416,0.030933622,2740.694101774987,0.040258758,0.19091796875,1.2555016,0.04415486,1.7603921992000824
180.448,0.026275955,2617.7366104509642,0.057939284,0.20654296875,1.0936228,0.024470093,1.7109047846327372
180.48,0.023465496,2563.81784024743,0.05379295,0.21630859375,1.3179295,0.0053358306,1.6803392155404218
180.512,0.019685473,2590.4990074529915,0.05695846,0.23486328125,1.4313643,0.0015170178,1.6635996526561414
180.544,0.034559365,2624.633315186088,0.145577,0.19970703125,0.52365464,0.26424104,1.655128431610413
180.576,0.11377918,2305.9459871728604,0.05440724,0.15625,0.52929294,0.80394405,1.6526796469846954
180.608,0.1681204,2181.8075198433444,0.021927016,0.10791015625,8.7403755,0.9251928,1.6510767613601809
180.64,0.19861753,1920.8744072364009,0.0072233253,0.06396484375,6.4389777,0.968361,1.6497652492411756
180.672,0.17600742,1788.29190243201,0.00474341,0.06982421875,1.0401993,0.96856153,1.6504305406629465
180.704,0.13785096,1789.4707162916666,0.005463148,0.07275390625,0.19016287,0.94722265,1.6637625108550438
180.736,0.09962545,2147.535041029946,0.010284998,0.0966796875,0.1026276,0.89549994,1.6971536079489427
180.768,0.08315299,2397.5814048103193,0.016212411,0.099609375,0.48692995,0.828171,1.749595059492521
180.8,0.07989678,2431.309695665108,0.014294358,0.0927734375,0.63539785,0.74879205,1.8151830880274815
180.832,0.07525976,2421.798279688145,0.016419174,0.12646484375,1.0458974,0.7954634,1.895660391436763
180.864,0.078919895,2988.783564371538,0.06894726,0.12548828125,0.54587984,0.6796193,1.9833479655614876
180.896,0.083524115,2994.410312063582,0.06144895,0.13427734375,0.89691323,0.6453554,2.0685750201734576
180.928,0.073026836,2845.812809902178,0.030845674,0.14501953125,4.7392144,0.71440506,2.1467546968372413
180.96,0.060882397,2586.642849725911,0.022266876,0.13037109375,0.8310474,0.7084394,2.2149879241328323
180.992,0.04922577,2382.4871507417142,0.024794558,0.1396484375,0.11297114,0.6173024,2.273455590657732
181.024,0.051118232,2428.0276712442255,0.09025684,0.1337890625,0.31288278,0.52386355,2.3271764194410935
181.056,0.086443454,2374.9650004436326,0.067164645,0.11083984375,0.7692375,0.6426261,2.374279820165667
181.088,0.116863385,2164.335366034585,0.023979777,0.0830078125,5.2196283,0.83543175,2.4204938006748766
181.12,0.1159612,1882.3364403824978,0.008118937,0.06396484375,3.3344738,0.9285739,2.472600310887847
181.152,0.10787464,2394.214933286783,0.02164158,0.083984375,0.43825227,0.90246415,2.5420627900500086
181.184,0.10419006,2978.8255909879827,0.05726081,0.107421875,0.15442958,0.7877586,2.634715371378709
181.216,0.09486248,3079.593029553537,0.047449,0.12255859375,2.767113,0.8033587,2.7522889727870132
181.248,0.085443825,2719.8106998095573,0.023797069,0.11865234375,3.2214816,0.848772,2.888762188330692
181.28,0.0780906,2306.5482251029675,0.012846463,0.08447265625,0.23524259,0.8514519,3.0323219660259535
181.312,0.07156625,2150.4633989561876,0.0136166075,0.0712890625,0.10848931,0.86118186,3.1795887003375394
181.344,0.07141669,2155.789972642416,0.026070107,0.08203125,0.33041534,0.8302246,3.3342789002793163
181.376,0.07109607,2272.918857431372,0.036175564,0.0849609375,1.0563121,0.73550457,3.478570850164447
181.408,0.0656812,2314.209114216196,0.0242248,0.1015625,3.1901696,0.68063897,3.6062289584912484
181.44,0.05893134,2506.8972165823416,0.05340436,0.12646484375,2.0001523,0.70984614,3.720244345819296
181.472,0.10198272,2543.496082018355,0.06807013,0.1279296875,0.3087961,0.7601607,3.827499603585727
181.504,0.13988833,2331.592511101825,0.028110003,0.12353515625,2.67001,0.8925091,3.922056031449751
181.536,0.12851328,2091.833880430071,0.012365274,0.1064453125,5.472596,0.9330708,4.003513866389569
181.568,0.10896614,1885.7303687624883,0.008186777,0.0703125,0.64929074,0.9139035,4.072758019335716
181.6,0.10608718,1737.9155623710749,0.0056212205,0.0654296875,0.11382992,0.91733426,4.129796607682067
181.632,0.10343857,2026.131118497408,0.015070845,0.0859375,0.38201457,0.88908154,4.165567739679803
181.664,0.08914263,2329.066523301342,0.03524356,0.10498046875,0.4374865,0.78221494,4.174027908276138
181.696,0.06750523,2445.207923822343,0.035576485,0.12646484375,3.884473,0.6649753,4.148832767313415
181.728,0.058607727,2346.127347225051,0.024977893,0.15234375,2.4456382,0.75282,4.090017949330647
181.76,0.07447944,2439.305242427169,0.07470732,0.13134765625,0.30678225,0.7084891,4.00045657602376
181.792,0.14197467,2168.079400924781,0.031913087,0.1103515625,0.11521106,0.8861904,3.8794379072554848
181.824,0.18167806,1945.3858285464182,0.0097797215,0.09033203125,6.6023884,0.96187687,3.7328660569778105
181.856,0.19162783,1650.045735278513,0.0039582257,0.041015625,2.4190135,0.9767976,3.582752186914062
181.888,0.15662853,1556.5799365229516,0.0038549893,0.04052734375,0.32685572,0.96570706,3.4350544280271813
181.92,0.11709786,1673.9508764814461,0.0053228536,0.05615234375,0.16384746,0.93506676,3.289289152822932
181.952,0.09375515,1974.6820628729088,0.0092675565,0.068359375,0.40246844,0.9016523,3.1439863117351763
181.984,0.08438764,2272.8517615311544,0.0136601655,0.07421875,0.6474542,0.8146301,3.0087809655070594
182.016,0.08118481,2167.06746785579,0.00935489,0.08642578125,0.92270964,0.8004027,2.8893247584393698
182.048,0.07615519,2692.7591614753965,0.032727152,0.11376953125,1.1189032,0.78806,2.778299529827556
182.08,0.08395744,3084.9702530219156,0.07013988,0.12841796875,0.33865806,0.6597675,2.65903402863789
182.112,0.07696535,3000.5727301451298,0.04414718,0.15673828125,3.3118384,0.69741553,2.5234844045107643
182.144,0.060279343,2873.23981864092,0.029907646,0.16259765625,3.1456466,0.69528,2.3690032703000155
182.176,0.04777162,2574.0357738152015,0.02501743,0.1630859375,0.17719676,0.6257635,2.2022468016269054
182.208,0.039435096,2438.4099520019777,0.056442566,0.1630859375,0.24383393,0.5301289,2.0269058697034104
182.24,0.06287333,2476.3569299855803,0.09833068,0.13671875,0.30220652,0.56899387,1.8470274930714001
182.272,0.10777785,2289.9668765825963,0.0390319,0.11083984375,2.653367,0.7809382,1.6681272128125229
182.304,0.12585261,2009.9432434176854,0.011178875,0.06640625,5.76286,0.91210866,1.500082361278697
182.336,0.12515609,1923.0700752514895,0.0070738094,0.06494140625,1.3866262,0.9501529,1.3525635317339106
182.368,0.12171081,2674.041922582414,0.027898764,0.07763671875,0.27021092,0.88179827,1.21797636017623
182.4,0.11413453,2977.9537694785445,0.0350548,0.07666015625,0.32696515,0.8539932,1.1076486800331617
182.432,0.10581531,2876.988576428593,0.017219378,0.07568359375,4.3196936,0.91391134,1.0242277644782345
182.464,0.101372235,2376.3584953093377,0.00805875,0.04833984375,0.86685026,0.9423115,0.9592527353401267
182.496,0.097000256,2532.5478369917155,0.010353358,0.06396484375,0.13539407,0.93561536,0.9028187601881563
182.528,0.097165205,3394.2345431935387,0.04740972,0.07470703125,0.29361945,0.8399499,0.8560052438209974
182.56,0.10180408,2800.2243490772908,0.056222048,0.08935546875,1.174598,0.70064056,0.8173185878915291
182.592,0.10756414,2138.1064947267378,0.020167435,0.10986328125,4.6818757,0.55307883,0.7802750170908771
182.624,0.083011985,2171.078893098718,0.020130768,0.11474609375,2.9991796,0.6289494,0.7469188944282731
182.656,0.07631234,2608.5500051800054,0.08835502,0.1298828125,0.63626647,0.7255838,0.721577380126004
182.688,0.11592964,2626.331170789319,0.07409061,0.1474609375,0.28084958,0.7557344,0.7161847500572056
182.72,0.13675153,2478.2388348457107,0.02701965,0.140625,4.9188867,0.8175375,0.7391193959733996
182.752,0.11050575,2402.763686268661,0.01923527,0.10986328125,2.8340607,0.78813,0.790556156796637
182.784,0.091185585,2171.80765335705,0.013299144,0.09326171875,0.59422106,0.8655996,0.8559187216137907
182.816,0.09341511,1982.5903576464643,0.011872041,0.0888671875,0.16796854,0.8935497,0.926908471728653
182.848,0.098216504,2399.20638824339,0.02492772,0.09716796875,0.36352944,0.77015126,1.0201182988879018
182.88,0.10034237,2574.396812573323,0.025058942,0.0966796875,1.2544633,0.72526866,1.1258495875161971
182.912,0.08655576,2343.6517138815166,0.018412767,0.13525390625,3.172401,0.8064576,1.2341574394330865
182.944,0.06189519,2592.0252265857316,0.06288685,0.13818359375,1.1290768,0.7535497,1.3321434888812247
182.976,0.10595477,2635.7751616580995,0.08471364,0.12744140625,0.62318176,0.7644122,1.4255415870865733
183.008,0.14452446,2299.8269875700635,0.04188381,0.125,2.9401214,0.85130525,1.516388445075191
183.04,0.17107673,1903.985517799389,0.011049011,0.0849609375,5.65088,0.8755382,1.6078482074284834
183.072,0.16371182,1643.1920357209183,0.004781095,0.06982421875,1.5205224,0.866608,1.714937916156931
183.104,0.12611276,1659.1702428957483,0.0052899416,0.07080078125,0.5392011,0.88918084,1.843604900861251
183.136,0.08915851,2020.7646430280492,0.012289261,0.1044921875,0.2880285,0.90377617,1.9943645629726827
183.168,0.085586555,2691.8744762715614,0.031456925,0.14208984375,0.2158979,0.79938924,2.1497324762333556
183.2,0.0884885,2859.2623053994757,0.028230617,0.15576171875,1.0279406,0.5792767,2.2883380476231796
183.232,0.08312414,2639.919339841446,0.0242145,0.18115234375,3.145698,0.5059229,2.404843436125072
183.264,0.07370426,2757.6937560626425,0.057250034,0.17333984375,1.2436177,0.641192,2.5072932535685286
183.296,0.07424689,2836.75020400215,0.05153575,0.1435546875,1.2491096,0.7879545,2.596991919279854
183.328,0.07045001,2443.046772780114,0.029927839,0.13720703125,2.805389,0.8587513,2.6717425127058037
183.36,0.062228892,2222.7184171498825,0.034536935,0.13818359375,0.6883502,0.81050074,2.7345831522073127
183.392,0.050324865,2437.2798657829944,0.05212785,0.14453125,0.7056259,0.6759333,2.796131871738195
183.424,0.048613295,2642.8855701215543,0.08842147,0.1533203125,1.5412896,0.5819973,2.8693338556673083
183.456,0.05583234,2739.3797387609666,0.09673803,0.15185546875,1.0025343,0.45799682,2.952309599517175
183.488,0.052218642,2603.2229080065017,0.058121003,0.14208984375,2.2916458,0.49744976,3.0328960477872506
183.52,0.042145565,2490.2936123056406,0.04334357,0.150390625,1.7500354,0.67359173,3.114199244174273
183.552,0.04425091,3078.480297074757,0.14456934,0.19580078125,0.2523076,0.49966845,3.1872609782750554
183.584,0.051546104,3329.8024286037353,0.19451103,0.24560546875,0.21938306,0.27211213,3.241289031126474
183.616,0.04001222,3476.6629752575964,0.15839882,0.27197265625,4.194911,0.3736508,3.272397325415087
183.648,0.028991647,3249.9565223817826,0.08820542,0.2490234375,2.633922,0.56407595,3.2821176261537324
183.68,0.027189612,2622.2246140402885,0.049568173,0.20947265625,0.10271505,0.6820454,3.280336661676236
183.712,0.037751116,2364.8910563373106,0.06644929,0.16796875,0.28869948,0.5296662,3.265987402838354
183.744,0.0689978,2284.9437552299355,0.06004073,0.14208984375,1.0798041,0.28147113,3.237299863500994
183.776,0.08548711,2112.887175453912,0.026861763,0.130859375,5.051249,0.2889458,3.204459127407379
183.808,0.067480505,2184.5166123763106,0.016608434,0.12646484375,5.0533085,0.34284663,3.1698509804489374
183.84,0.04509765,2566.5567947565232,0.075840294,0.13671875,0.89086556,0.63929856,3.1263780044034144
183.872,0.08511358,2648.2395218464235,0.0948128,0.126953125,0.09854759,0.7313572,3.064767738709465
183.904,0.13340467,2323.9805108980277,0.027830474,0.1376953125,3.2550964,0.88715124,2.988207416880991
183.936,0.12659198,2266.9681646924637,0.013806115,0.1103515625,6.243824,0.8563517,2.906237978581259
183.968,0.09921757,2314.848761430294,0.012516994,0.083984375,1.1263981,0.8380194,2.8272871098554853
184.0,0.08788105,2195.593466971165,0.013126391,0.09814453125,0.44954705,0.9057798,2.75690718216783
184.032,0.08874669,2689.5090305067683,0.030646939,0.125,0.3065238,0.78128946,2.701330173529729
184.064,0.08652316,2937.0626218875973,0.050362658,0.16943359375,0.88464284,0.71250015,2.6671362419832385
184.096,0.06565552,3510.1199295161737,0.07134619,0.21240234375,3.0974646,0.76216394,2.6481611732943904
184.128,0.056152258,3923.825873197936,0.0616588,0.259765625,1.7297524,0.7624466,2.638283241244033
184.16,0.06050357,3248.997080992303,0.1774835,0.22509765625,0.36930948,0.5440519,2.6420481807163743
184.192,0.11855241,2815.733614739719,0.079886615,0.208984375,0.21524511,0.7845578,2.6693593548243673
184.224,0.15348779,2440.6621410364905,0.025876582,0.15673828125,6.7752576,0.8903261,2.7310361879909006
184.256,0.17727369,1934.6202665540266,0.0068389075,0.087890625,3.2924967,0.9265392,2.798930009605911
184.288,0.1507241,1890.2781209209393,0.0055780173,0.08740234375,0.6936581,0.8975198,2.8664615755743292
184.32,0.10637634,2044.881156549599,0.010733989,0.0869140625,0.5282728,0.8297904,2.9434098715023946
184.352,0.081575796,2583.5930439633103,0.024752418,0.1162109375,0.53299814,0.7335683,3.0231195030112747
184.384,0.08076407,2903.953439892249,0.023323115,0.1474609375,1.0506549,0.67836916,3.0755232734099227
184.416,0.07612738,2951.5339311852404,0.020501435,0.18798828125,1.6624783,0.65791,3.0849674829418174
184.448,0.076460384,3042.051264659127,0.042301815,0.2119140625,0.6730032,0.5210378,3.058930118977841
184.48,0.07753122,3187.774065804323,0.07609152,0.22802734375,0.32770136,0.43633512,3.012003584325638
184.512,0.07465502,3103.5661935201533,0.051634762,0.20556640625,2.8293366,0.41444144,2.9475635261112196
184.544,0.054154884,3020.736966983819,0.04864784,0.16357421875,2.651432,0.61835104,2.8723960918294655
184.576,0.041962065,2767.5363375339916,0.029504346,0.1318359375,0.47341138,0.8126341,2.7916171660989604
184.608,0.03930378,2742.903355378184,0.053210214,0.146484375,0.45104155,0.7587943,2.7148117514710735
184.64,0.053688668,3002.6522806127955,0.15204625,0.16943359375,0.29171973,0.44095173,2.6339039336603856
184.672,0.06835327,2830.5149058311918,0.11082883,0.20751953125,2.544375,0.42728946,2.5386775462111206
184.704,0.06642986,2782.9605669928783,0.05904151,0.23486328125,6.6125913,0.4188759,2.417278586536957
184.736,0.06159274,2843.524521377817,0.043581937,0.244140625,1.7026798,0.25022003,2.286402697199535
184.768,0.05842833,3056.8011816500657,0.12568483,0.26416015625,0.5788307,0.19131415,2.145790381177928
184.8,0.06393258,3248.3445159820667,0.12139003,0.26806640625,0.39892793,0.19004002,1.9890018126745819
184.832,0.05848809,3209.567479069793,0.07057547,0.2763671875,3.8293374,0.18779068,1.8254120275017733
184.864,0.043665767,3038.3558608020276,0.055921793,0.26025390625,1.0256819,0.2046421,1.6890963530112697
184.896,0.023992093,2817.2055002222887,0.07805807,0.25732421875,0.32049257,0.47194403,1.5867203538615577
184.928,0.0299221,3219.688247816088,0.23744428,0.2412109375,0.50083995,0.37093866,1.5212012515000066
184.96,0.063502155,2906.213817959565,0.09898961,0.2431640625,0.31236112,0.52549994,1.487186674035613
184.992,0.08157777,2740.0742932445037,0.027932167,0.24609375,4.834152,0.44106385,1.4670709540589875
185.024,0.060453504,3069.875163383046,0.034023073,0.2470703125,3.4878433,0.34885332,1.4466054766916558
185.056,0.060827322,3033.9025105896285,0.14442432,0.2314453125,0.67890024,0.49352458,1.427490661707118
185.088,0.111789,2809.7776110162904,0.06670322,0.19140625,0.50407046,0.79597306,1.4092798485064404
185.12,0.14123154,2449.3593568625597,0.023147024,0.150390625,6.719679,0.8615722,1.3912693599148391
185.152,0.121793665,2280.908978315212,0.01427462,0.10302734375,2.1396341,0.7782641,1.371943748381848
185.184,0.09783499,2234.971497663585,0.009395411,0.09130859375,0.7481183,0.78341633,1.35233122478211
185.216,0.09528043,2148.9333893073117,0.009392731,0.0986328125,0.36303142,0.8116829,1.3562485682374477
185.248,0.10725549,2452.801217775236,0.011790264,0.10791015625,0.37682033,0.7020814,1.362049072842469
185.28,0.10757971,2759.285744965784,0.0173905,0.1171875,1.1223797,0.71511334,1.358557489663164
185.312,0.094894625,3179.1658449099336,0.01806703,0.1396484375,2.2093444,0.8932201,1.3483115484583932
185.344,0.08627249,3085.824364387196,0.040771723,0.13037109375,1.2206672,0.8866018,1.3308871858264202
185.376,0.10788741,2592.8130510013307,0.0727027,0.13232421875,0.58245426,0.7966342,1.2928221343498818
185.408,0.12991816,2386.5220786244154,0.03959325,0.115234375,4.031818,0.8808934,1.2505545776695859
185.44,0.15032662,2055.964460696844,0.012886168,0.0869140625,5.6375217,0.94084996,1.1972711668545288
185.472,0.15907747,1873.696697256932,0.0069655273,0.07763671875,0.7786063,0.9470945,1.152013523562285
185.504,0.12504731,1912.3110589465675,0.007894337,0.0556640625,0.30572084,0.9191224,1.1204677869593738
185.536,0.09058245,2042.2221502820703,0.011792984,0.0888671875,0.5246945,0.9004948,1.0956280055910839
185.568,0.08470192,2714.4305994451424,0.027210256,0.11962890625,0.5658901,0.8355516,1.0557428402166966
185.6,0.08612038,2946.4329208601803,0.024394147,0.13916015625,0.55311286,0.7883341,0.9964252813097583
185.632,0.0806611,3034.159046293609,0.020608317,0.1875,2.1924715,0.7955137,0.933279476216458
185.664,0.07867941,3286.03391763103,0.055466183,0.18115234375,0.93100226,0.7437044,0.8722155589389649
185.696,0.07734277,3298.3338086460194,0.057538718,0.1875,0.5104983,0.71364117,0.7951324331719543
185.728,0.06902466,3205.46377912985,0.033411324,0.20849609375,3.0223215,0.7028222,0.7497535699811299
185.76,0.06378572,3068.0453165404037,0.022601996,0.20703125,0.82763934,0.58851206,0.7337320665791013
185.792,0.06375511,2919.4646897770244,0.016026609,0.20556640625,0.5073252,0.42521504,0.7344395037496958
185.824,0.061730035,2751.3480724074925,0.058903206,0.197265625,0.916466,0.4570206,0.7435542345247221
185.856,0.06439708,2604.568925023136,0.08972779,0.1806640625,0.85337174,0.498481,0.7730448124284692
185.888,0.05848753,2645.1678410521454,0.07035452,0.16064453125,5.2929964,0.46935695,0.7922570158885051
185.92,0.045501545,2619.3211036946286,0.0429409,0.1796875,2.8702586,0.46590793,0.8028321726909464
185.952,0.047413368,2960.4686600748564,0.09042852,0.2236328125,0.439676,0.31496903,0.7915136399600604
185.984,0.046674285,3344.0238478328183,0.1771498,0.26953125,0.16657223,0.25052038,0.7624840315354019
186.016,0.035421807,3565.140402269844,0.16460313,0.29248046875,2.7830586,0.36765692,0.723073955571529
186.048,0.025526913,3341.248695542593,0.106550686,0.27685546875,2.6427078,0.46931165,0.703013687850694
186.08,0.022252962,2911.302960288965,0.06366661,0.22900390625,0.14366789,0.56589484,0.7149005061064292
186.112,0.021637015,2512.4342236734956,0.057876457,0.18115234375,0.16537915,0.58532655,0.7484870513361974
186.144,0.03960143,2680.072164630889,0.09271918,0.17041015625,0.33896315,0.620307,0.7934718121001846
186.176,0.060831953,3246.3278827117797,0.072561756,0.1806640625,1.4166245,0.7509335,0.8401616413519549
186.208,0.05505319,3897.673400749235,0.054520786,0.2158203125,5.9172564,0.77848446,0.8599776302027116
186.24,0.04893761,3586.8964490308126,0.10901447,0.23193359375,1.770598,0.66450053,0.8668645310589679
186.272,0.0899852,2959.624224469496,0.084841855,0.19873046875,0.16700497,0.75557923,0.8777777625539777
186.304,0.13935815,2540.3337642818574,0.025665475,0.18310546875,3.3136325,0.9184115,0.8997504584154492
186.336,0.13563514,2371.406042949806,0.012293189,0.126953125,5.182739,0.8975619,0.9226398949257302
186.368,0.11372569,2408.0790758239036,0.009826511,0.091796875,0.8249355,0.85483503,0.9489814842171054
186.4,0.102905504,2356.9845154454597,0.0095022945,0.09619140625,0.50127566,0.89999723,0.9676949162722841
186.432,0.096948646,2333.7289888966534,0.017001385,0.11083984375,0.50650537,0.9174852,0.9759488224390525
186.464,0.094759926,2618.4249714266625,0.036158424,0.1494140625,0.7772975,0.8402679,0.9618460276993309
186.496,0.07953522,2989.4110043106157,0.04324366,0.18798828125,2.692553,0.73803586,0.9493649196484563
186.528,0.067559846,3228.9441455710457,0.037280086,0.23828125,2.778253,0.6696408,0.9354880164554216
186.56,0.06816232,2986.35597232088,0.13203914,0.20947265625,0.6602476,0.5813289,0.9276396221275425
186.592,0.10013521,2666.5391018744003,0.07819391,0.18798828125,0.2859862,0.7359784,0.9308387204328703
186.624,0.12326842,2439.1153658305843,0.02875034,0.1474609375,6.1230555,0.8824253,0.9439442770321126
186.656,0.16157945,2008.2551015906708,0.00882539,0.09033203125,2.163142,0.90637726,0.962709832344516
186.688,0.14186604,1940.8808223782862,0.0063599804,0.09228515625,0.67064154,0.87628466,0.992735038997631
186.72,0.10197947,2041.1356176087916,0.009843792,0.08447265625,1.0037503,0.752875,1.0509844161309314
186.752,0.08716216,2240.7836615569495,0.014857407,0.0986328125,0.28562933,0.5649827,1.1155477351199148
186.784,0.08214017,2264.789740318519,0.014297005,0.1083984375,0.8241427,0.55664396,1.1490491581061724
186.816,0.07926356,2266.010889448836,0.010144092,0.12060546875,1.3001512,0.5559736,1.1624301854743762
186.848,0.07423886,2665.408842956299,0.032165624,0.1357421875,0.63769686,0.60268205,1.166471249204818
186.88,0.0768084,2972.583004709706,0.07254453,0.14306640625,0.57169586,0.6770041,1.1694254064242846
186.912,0.08198032,2782.165385320124,0.04775449,0.15625,3.5977573,0.536015,1.185425216543457
186.944,0.077523254,2680.76217866624,0.028499966,0.16650390625,4.172754,0.3565869,1.2238640874778508
186.976,0.06810986,2626.0725679024276,0.020778663,0.154296875,1.3508536,0.30262366,1.262540085197744
187.008,0.06184626,2609.665247106108,0.021174954,0.17236328125,0.40648675,0.26679394,1.2990268340148858
187.04,0.04908148,2559.6079849332614,0.07671011,0.17822265625,0.64113176,0.41035935,1.32558489071683
187.072,0.04947101,2742.8537939769185,0.092135794,0.1806640625,1.0783699,0.42472064,1.334048255295099
187.104,0.042845592,3207.250034027972,0.07924804,0.22607421875,3.9225798,0.5366265,1.3246046777183127
187.136,0.037787843,3616.6331155399407,0.09267111,0.26904296875,1.3433254,0.6066066,1.3087350945335279
187.168,0.04352981,3589.990482009697,0.2217724,0.30615234375,0.4121654,0.3296238,1.2904367880316239
187.2,0.048302606,3590.9499249501196,0.22607102,0.32666015625,0.446876,0.24601415,1.2519725844977583
187.232,0.044856794,3347.9603065281885,0.12592208,0.31298828125,4.679799,0.23587057,1.2091321019031738
187.264,0.042161692,3115.0094213238854,0.065704204,0.26025390625,1.6742861,0.1966337,1.19674312683939
187.296,0.039389096,3040.3268683818496,0.05161072,0.2119140625,0.5371342,0.23411743,1.2206293116336944
187.328,0.038396914,2510.3068306553287,0.06301511,0.1611328125,0.50733507,0.30429098,1.277014790078991
187.36,0.053689845,2040.2188272456547,0.033509523,0.11572265625,0.74313676,0.5756373,1.359251242509431
187.392,0.05590758,1976.8286934462913,0.014674616,0.0791015625,3.2173,0.81008446,1.460204363323655
187.424,0.04661589,2180.5820324220103,0.016562695,0.10107421875,1.666262,0.8880464,1.5757178136121202
187.456,0.06479341,2537.436571626388,0.11688831,0.107421875,0.17902905,0.5813063,1.7025379177940256
187.488,0.11609788,2357.810596378397,0.061878577,0.1103515625,0.5384829,0.7274666,1.838952548212888
187.52,0.13485447,2145.477130010716,0.019979503,0.12109375,10.087351,0.8588115,1.9732356535839604
187.552,0.11341544,2328.2313610421397,0.015801338,0.07861328125,2.9197505,0.8468425,2.0987309963033702
187.584,0.095222265,2210.6182345868215,0.010592653,0.07470703125,0.5541611,0.9025062,2.216534706382327
187.616,0.09734955,1949.1422183108707,0.00825653,0.0869140625,0.44238248,0.94834435,2.317675479551016
187.648,0.106371984,2398.9660490272818,0.018468885,0.09716796875,0.3825953,0.82917565,2.381704406280348
187.68,0.11102452,2492.3416912793737,0.01546798,0.095703125,1.1738174,0.71246123,2.410014792532919
187.712,0.10177516,2137.7351286832936,0.009827159,0.10498046875,3.7098565,0.7967116,2.4126725396825948
187.744,0.089770414,2140.7706597143997,0.026183775,0.109375,0.95514005,0.8004793,2.3957874550832545
187.776,0.118334554,2149.9879089715105,0.048311777,0.10009765625,0.8078985,0.7518434,2.3427026593652056
187.808,0.14748688,2136.5233226382816,0.02880057,0.09765625,3.5686376,0.8240805,2.252350547455598
187.84,0.16893487,1938.0723632173356,0.009052435,0.0908203125,4.841991,0.8954343,2.140705964881977
187.872,0.16353059,1936.0540928943792,0.0063572377,0.08349609375,0.9480356,0.9227785,2.0149113423481926
187.904,0.12890907,2223.3713498401175,0.011033745,0.09521484375,0.2630186,0.897661,1.884137483612257
187.936,0.09262096,2710.1558871308175,0.025307102,0.1181640625,0.5920287,0.7840925,1.7519339028333185
187.968,0.0844619,2903.361330967873,0.028601332,0.12060546875,1.2158425,0.6587543,1.6045660225199219
188.0,0.08041811,2604.127740740462,0.01801397,0.11181640625,1.2921612,0.62601346,1.44857144755776
188.032,0.07720115,2213.2183244339526,0.013277863,0.11865234375,1.1866075,0.6159831,1.3012770970555794
188.064,0.08090943,2788.246588504836,0.039981015,0.1259765625,0.5060408,0.54160726,1.1678714543800064
188.096,0.08821948,2773.798221384694,0.047886174,0.13916015625,0.78419685,0.45073593,1.057161202630803
188.128,0.09186556,2661.603908905635,0.026173363,0.16748046875,4.1841946,0.33133826,0.9815818646512454
188.16,0.08440722,2578.100592489941,0.013138406,0.15673828125,2.4187496,0.2852208,0.9335861702502177
188.192,0.06830228,2571.443804832271,0.018604396,0.15576171875,0.90095776,0.337866,0.8985288091984899
188.224,0.05488547,2469.786643313587,0.04970197,0.15966796875,0.49254978,0.61777276,0.8683231833480598
188.256,0.05802494,2699.000732811359,0.08010719,0.16845703125,1.2240443,0.5825729,0.8579303090015998
188.288,0.055008963,3119.3408374042847,0.07768456,0.20654296875,3.5689886,0.52834445,0.8609721154482777
188.32,0.04399516,3528.35699449551,0.0697489,0.232421875,2.4903522,0.6271765,0.8604671258537084
188.352,0.04176274,3513.9290108729847,0.16748689,0.27001953125,0.6838346,0.501315,0.8521329672721186
188.384,0.04888098,3374.4730687837678,0.22947513,0.26611328125,0.21996714,0.30282632,0.8393018206332408
188.416,0.04676855,3187.052324723757,0.1483227,0.2373046875,3.169538,0.38068938,0.8198303801209796
188.448,0.04300644,2774.906458017799,0.058923353,0.20263671875,3.526856,0.42510822,0.8070381287876877
188.48,0.037314437,2439.0387886000235,0.033153865,0.1630859375,0.5956714,0.4832493,0.8048160646354354
188.512,0.027297191,2351.406264525064,0.04290507,0.13916015625,0.43926778,0.5634046,0.802346784679561
188.544,0.0361919,2216.1434714266993,0.053043522,0.1123046875,0.21203245,0.640196,0.8009458471163942
188.576,0.053106327,2115.024929464266,0.02546372,0.10498046875,0.7693535,0.84496295,0.7975704458893094
188.608,0.048404835,2479.8901685703804,0.021974292,0.1142578125,3.475648,0.91820526,0.794634245518169
188.64,0.045224495,2866.5317066911884,0.08337761,0.13232421875,0.6623136,0.7640257,0.8061246228001392
188.672,0.08717677,2688.0455584237243,0.092195444,0.14111328125,0.30070782,0.74993634,0.8411737738774768
188.704,0.13428444,2234.866296614002,0.02996241,0.13916015625,4.9754815,0.86669284,0.892250380759384
188.736,0.12582844,1966.2465263836898,0.0104783615,0.10791015625,6.384058,0.78554887,0.9358393127356959
188.768,0.101422735,1977.5271491569029,0.0055404874,0.07421875,1.1148033,0.69731057,0.9712051184972094
188.8,0.08595729,1993.2729989155382,0.0056231427,0.0810546875,0.26177725,0.82723516,1.0025493959660954
188.832,0.08664576,2264.662911445938,0.015940968,0.10595703125,0.066789046,0.84516644,1.023137126610509
188.864,0.086636275,2450.7681337169074,0.025447942,0.1259765625,0.57255423,0.7592024,1.014579847593282
188.896,0.07406346,2546.481084068317,0.01974387,0.16552734375,4.0493984,0.585157,1.023220018914735
188.928,0.06751879,2715.822018893012,0.024660336,0.2060546875,2.2257001,0.42094812,1.0471107976513776
188.96,0.07333495,2572.3243304194125,0.08300066,0.1923828125,0.5457058,0.5139205,1.0918228043152844
188.992,0.12710921,2284.3276081647437,0.04458151,0.16796875,1.1673855,0.8002623,1.1719309604277763
189.024,0.15936734,2149.3243035276373,0.015226607,0.12646484375,6.405606,0.8786496,1.278952076381172
189.056,0.18263301,1898.0625493650155,0.0051933695,0.0791015625,2.4538531,0.9368744,1.3939301171626235
189.088,0.14609744,2107.7373223647737,0.0072395843,0.0869140625,0.4147668,0.9301844,1.506675805654126
189.12,0.105172984,2497.9100942678197,0.01701295,0.1044921875,0.39304304,0.8664534,1.606491689587631
189.152,0.087799214,2884.194545181432,0.026837824,0.1279296875,0.70044416,0.65256,1.675404214336911
189.184,0.08782227,2940.046442870418,0.023816751,0.1171875,1.3824171,0.6150845,1.7014038480378588
189.216,0.08732647,2602.010368154654,0.016000956,0.10205078125,1.1010804,0.7066933,1.7061734614218758
189.248,0.080144554,2577.4899887915317,0.030916063,0.10791015625,1.1144881,0.7905552,1.709745205960274
189.28,0.08327678,2900.162486953196,0.06817984,0.12060546875,0.59103566,0.6482716,1.7182439953419062
189.312,0.08070113,2761.3333226437953,0.041425053,0.15185546875,2.922993,0.47431552,1.739084042598707
189.344,0.0688296,2675.307408031847,0.021229345,0.1689453125,3.8338199,0.37385657,1.7869166074877303
189.376,0.06737974,2498.5243489994723,0.014923473,0.15966796875,0.53198344,0.25656816,1.8130403580601173
189.408,0.055112924,2472.054195175361,0.025699308,0.17431640625,0.2785727,0.2950236,1.8093444696313226
189.44,0.04521816,2711.4180278398726,0.10888394,0.1962890625,0.7577455,0.47114405,1.761989418292034
189.472,0.05203883,3034.0170462112683,0.10993478,0.20849609375,1.2889419,0.36978856,1.6623240399380357
189.504,0.04380205,3445.8970729219436,0.09310211,0.26220703125,4.3647227,0.49117887,1.5265803524079171
189.536,0.038348008,3633.5010429243484,0.108629234,0.29248046875,1.3839934,0.5678319,1.3763704120082754
189.568,0.045061003,3533.2773990431933,0.23377213,0.30126953125,0.22125848,0.28341144,1.2246564047651758
189.6,0.048006803,3409.0706298841887,0.22810663,0.28125,0.5951224,0.25129846,1.0826724853117404
189.632,0.04270061,3057.714074902683,0.10407352,0.240234375,4.762988,0.41651538,0.9679294575251495
189.664,0.037450068,2564.941530928032,0.0409467,0.20361328125,1.347357,0.53980213,0.900417133785274
189.696,0.026109656,2475.5814797936146,0.05869073,0.1728515625,0.33565268,0.57762074,0.8768091300492403
189.728,0.037783448,2522.4830979367634,0.100051,0.16650390625,0.16655248,0.24701406,0.880785271735642
189.76,0.064750135,2210.5779276198828,0.050677586,0.1552734375,0.9408486,0.50441176,0.9076756371786465
189.792,0.076153845,2107.7814135726812,0.020252327,0.134765625,5.5191584,0.5000487,0.957585531366029
189.824,0.06622138,2329.9038013647264,0.01923708,0.14697265625,2.4054265,0.2911241,1.025315932608649
189.856,0.068648174,2534.4559765259746,0.092921734,0.14501953125,0.5874748,0.40588042,1.1106728751798933
189.888,0.113168254,2405.007467562111,0.048048247,0.1357421875,0.81865424,0.80559254,1.2240965918205342
189.92,0.1397256,2250.9584343595698,0.013694355,0.119140625,6.691932,0.89835197,1.365285072256895
189.952,0.12431214,2336.42694076263,0.009405366,0.08642578125,1.7778261,0.84986037,1.5244229413460002
189.984,0.10677613,2289.803074761472,0.0075094393,0.0791015625,0.23800635,0.8262447,1.6903260827735618
190.016,0.10308657,2303.1725312936505,0.009538031,0.0810546875,0.30191854,0.85735637,1.8617026244651644
190.048,0.107034236,2549.0574546644057,0.016402273,0.07666015625,0.64711356,0.82697093,2.0295994572393834
190.08,0.10469453,2555.089550674192,0.016729794,0.0615234375,1.7551658,0.85416436,2.184987815450452
190.112,0.096384294,2131.4160979584585,0.008590909,0.064453125,2.5149243,0.9466006,2.3180252004622237
190.144,0.09062842,2080.5732578574116,0.023086647,0.06884765625,1.1016423,0.9219484,2.4175709644448147
190.176,0.13410373,2197.3911465612696,0.047901526,0.06787109375,0.28447592,0.8434215,2.4671680043055266
190.208,0.17052707,2216.062947971926,0.026191305,0.08203125,4.177991,0.8993442,2.4784929460394443
190.24,0.1826864,2055.383139846712,0.008604227,0.0751953125,6.4948473,0.91649854,2.470567517681383
190.272,0.16320914,1891.8444744051537,0.005693688,0.060546875,0.81690633,0.8951989,2.4503380637762637
190.304,0.14386374,1861.886857687276,0.0060352245,0.05712890625,0.2605706,0.9250473,2.414550193982084
190.336,0.109604456,1946.748057647804,0.007770445,0.0419921875,0.28612494,0.9396882,2.3555254655727174
190.368,0.09438254,2003.0388419472742,0.0059904903,0.037109375,0.62488544,0.9427965,2.2834814072257856
190.4,0.087653905,2081.3639806127258,0.0075551565,0.04638671875,0.49299094,0.93586636,2.2087291570896785
190.432,0.08265236,2415.6375837141622,0.025534678,0.0625,0.21333632,0.8707679,2.14156391825577
190.464,0.083808854,2370.0847472320934,0.033849273,0.08740234375,1.1890414,0.72950685,2.0763774981063237
190.496,0.09280088,2083.033947063077,0.01654925,0.10009765625,4.043808,0.46911415,2.011713183920289
190.528,0.0943402,2119.965035619124,0.010226924,0.10009765625,2.0649357,0.2754268,1.9591488275824758
190.56,0.08763185,2302.5352203618504,0.007928762,0.10107421875,0.85504436,0.192356,1.9201227227389024
190.592,0.079210624,2380.047966517533,0.007946044,0.11328125,0.3485935,0.1316492,1.9010068066178751
190.624,0.06920208,2291.764909245321,0.009556461,0.13525390625,0.40520847,0.092267975,1.9070296843381567
190.656,0.050805677,2439.890916934485,0.020188898,0.1533203125,0.77525,0.099714436,1.9594988282576788
190.688,0.047100604,2605.508244760953,0.023626054,0.1572265625,1.1501476,0.06688459,2.0458960113097477
190.72,0.056453608,2648.541642509531,0.013937058,0.13818359375,1.2356821,0.025524138,2.154894975134835
190.752,0.071179844,2673.890182752626,0.0064431187,0.1162109375,0.9780568,0.009121494,2.2724870696244346
190.784,0.07642786,2692.7584224544594,0.0065483013,0.12890625,0.8329975,0.0024312502,2.397308275879966
190.816,0.06866872,2699.5702942245466,0.016450942,0.1689453125,0.654264,0.0010022062,2.527282019962082
190.848,0.05124976,3064.217925356791,0.043349933,0.2255859375,1.3285869,0.0010701561,2.647467193925217
190.88,0.050254162,3310.9306633699416,0.044357006,0.27099609375,3.3516507,0.0010285989,2.7584647223513015
190.912,0.053435862,3175.248274026793,0.043315876,0.28271484375,2.5016632,0.001133427,2.8595932712786194
190.944,0.04863931,3146.097398734505,0.042829294,0.27978515625,1.2513989,0.0015541101,2.9628529152283862
190.976,0.045682043,3332.4318109896617,0.042606186,0.32177734375,1.5164752,0.0025420112,3.0708345341870404
191.008,0.034303013,3829.359443095498,0.09617574,0.38671875,1.1475348,0.011497873,3.177607070489935
191.04,0.02433917,4174.87981695503,0.1811783,0.47314453125,1.1138037,0.034164067,3.2866502817549605
191.072,0.02169944,4478.9571440611135,0.19451888,0.5390625,1.6850111,0.01852936,3.400169147110439
191.104,0.024907298,4318.121306486046,0.18719086,0.470703125,0.48612595,0.011245037,3.5247157576481722
191.136,0.049559362,3276.8637960529413,0.062155776,0.36865234375,0.5088134,0.006416382,3.6542411176835166
191.168,0.059805647,2649.8489008143583,0.02316911,0.25537109375,1.8421798,0.002907245,3.7804945017367984
191.2,0.04819541,2659.302809626466,0.018820198,0.14599609375,3.1791122,0.002044294,3.8910697210756835
191.232,0.047893867,2881.4023693208387,0.014862853,0.12646484375,0.99093676,0.0022245792,3.995076219757173
191.264,0.04413119,2636.403651698962,0.015898425,0.11376953125,0.27212012,0.0032488904,4.0940643686634015
191.296,0.03737325,2524.6462644632556,0.018130274,0.10009765625,0.5986833,0.005184687,4.1911024827340695
191.328,0.044512875,2444.627111349231,0.011848402,0.11181640625,1.4361478,0.004411019,4.2841622368832555
191.36,0.049118932,2693.967344166492,0.026967961,0.12646484375,1.0348828,0.005987462,4.378173237060551
191.392,0.047795914,2942.6794598374418,0.0765198,0.14501953125,0.6460893,0.019502828,4.47022642119565
191.424,0.05655621,2808.2353239313115,0.03738172,0.15869140625,3.520696,0.014135898,4.556876460357089
191.456,0.06733507,2812.974515003363,0.033654552,0.15380859375,3.9743664,0.020389285,4.635060846356531
191.488,0.06865557,2462.5872366373924,0.025428118,0.14501953125,0.5828719,0.0530627,4.708282874596952
191.52,0.05616755,2593.3311544644685,0.033326972,0.15576171875,1.5492928,0.22224727,4.776656620628405
191.552,0.054642614,2982.1652993597427,0.06558105,0.1708984375,1.5409124,0.31588516,4.831406983354832
191.584,0.039733548,2865.2159440343057,0.08221918,0.193359375,1.2478503,0.3583707,4.866384802618357
191.616,0.02624022,2863.010118949097,0.13662024,0.20654296875,2.4390697,0.44224527,4.883112682948067
191.648,0.029409902,3120.1033585258992,0.15370329,0.23095703125,0.7782836,0.49476525,4.890799431423105
191.68,0.044765063,3241.280627337958,0.18829572,0.203125,0.533668,0.4319295,4.87727819501846
191.712,0.056300625,2780.5174178483667,0.07239158,0.20361328125,2.1064725,0.4552532,4.844057362317055
191.744,0.0563268,2755.8548851402948,0.056679077,0.18408203125,4.080095,0.3285029,4.794243659313678
191.776,0.038655486,2712.5682704599094,0.10260851,0.162109375,0.86459786,0.4299277,4.732663009035573
191.808,0.026339427,2855.553317840457,0.128851,0.19873046875,0.7172966,0.54242116,4.652974650779554
191.84,0.037727807,3038.975111238357,0.17749763,0.1728515625,0.896091,0.30277884,4.532385071876589
191.872,0.05446668,2452.950014119574,0.086814255,0.19140625,0.5806831,0.4228081,4.36600608320782
191.904,0.069298744,2308.8207177397335,0.043677676,0.16357421875,4.1586375,0.2634109,4.151082269033897
191.936,0.06914299,2509.1076491981776,0.02454737,0.12890625,2.572559,0.09970926,3.928382385658923
191.968,0.0781646,2486.820948467088,0.021571351,0.12744140625,1.1037579,0.031004924,3.7118507040313484
192.0,0.072912,2483.4426632687055,0.019364115,0.1279296875,0.19899958,0.027970945,3.508535734286291
192.032,0.060326535,2427.01521880968,0.043965116,0.1611328125,1.2959973,0.05210457,3.3269348281854496
192.064,0.055801526,2514.116089000425,0.08276718,0.1923828125,0.519512,0.28216067,3.1681964853274787
192.096,0.06412225,2543.5597399395283,0.07072037,0.22998046875,2.4949167,0.35559222,3.0352722294716963
192.128,0.08093856,2538.6001261448673,0.050192717,0.236328125,2.5867918,0.26509994,2.9265060156739775
192.16,0.07867524,2425.4943728300505,0.040827617,0.22900390625,1.4674222,0.19899715,2.8517317157852533
192.192,0.07584517,2359.8514501267814,0.035344496,0.21044921875,1.663485,0.11243116,2.805381194797084
192.224,0.0797917,2323.9996193061024,0.020471439,0.18310546875,1.6718645,0.2712601,2.7831543868770465
192.256,0.07259242,2426.7571366352186,0.031492416,0.142578125,1.3982537,0.46894738,2.7838729009133556
192.288,0.06758125,2520.261640243005,0.03234186,0.123046875,0.7795895,0.7743589,2.8171287087136165
192.32,0.07636364,2468.482107524089,0.022646148,0.12548828125,1.8570974,0.6526578,2.8990163116614824
192.352,0.084357515,2647.740457863877,0.029498719,0.12060546875,0.6688281,0.40292358,3.03759339886157
192.384,0.08487369,2689.07641832613,0.023265611,0.14892578125,1.3632845,0.5454762,3.239623008883701
192.416,0.077906735,2878.0755466213295,0.044819318,0.16455078125,2.1670363,0.5128342,3.4701724166026695
192.448,0.07228204,2851.815605748636,0.050066575,0.15625,0.74075,0.41876182,3.712182268530948
192.48,0.08107373,2699.022809738274,0.043996558,0.140625,2.0728905,0.5065584,3.9515298066651816
192.512,0.07455238,2589.4980191961395,0.037263487,0.12841796875,1.0595524,0.69813913,4.174683708158931
192.544,0.07173312,2479.5337532421927,0.04716956,0.11279296875,1.5744032,0.83312345,4.3875055537318435
192.576,0.12683655,2260.5620074436733,0.049013585,0.0888671875,0.40074158,0.84342223,4.591479948818106
192.608,0.16790845,2077.3821808079047,0.022791862,0.08251953125,2.5921385,0.92723095,4.78981279766688
192.64,0.20317873,1775.1623762904474,0.0059800283,0.060546875,5.428346,0.9568425,4.98748801271136
192.672,0.18069729,1623.7551846082442,0.0034491739,0.05078125,0.9203067,0.9209778,5.175851855364796
192.704,0.14528105,1640.254326205613,0.003958056,0.06005859375,0.361952,0.88278437,5.356449697425967
192.736,0.10991279,1981.5661172276275,0.0069132424,0.068359375,0.21575856,0.8232242,5.52468064604097
192.768,0.09694834,2254.5879688715813,0.011030078,0.0859375,0.21974908,0.7726862,5.675101759410007
192.8,0.087380774,2420.395445977044,0.015636597,0.08154296875,0.51216394,0.7895821,5.802980127721454
192.832,0.07938325,2683.356762875849,0.028230235,0.1181640625,1.436288,0.81785953,5.89986622613215
192.864,0.080191694,3298.2767460645873,0.07482124,0.14599609375,1.7015796,0.7598423,5.955747047608014
192.896,0.08474487,3275.1869518667236,0.06820255,0.16748046875,1.7380189,0.6788023,5.9625543420489375
192.928,0.086090505,2871.208715796416,0.029133653,0.20068359375,2.8558042,0.5220167,5.930162885954418
192.96,0.07545279,2735.54459992762,0.017842978,0.16943359375,1.018843,0.48522902,5.8674665424605985
192.992,0.060983848,2604.1032922942886,0.02239767,0.1669921875,0.65997815,0.547452,5.788364982334777
193.024,0.06693461,2390.7831111196483,0.056666367,0.15869140625,0.53251857,0.45455518,5.691666651372868
193.056,0.08914636,2458.0275402872016,0.074574046,0.1298828125,0.92545795,0.46958208,5.57247737352421
193.088,0.10937363,2360.602556834029,0.03053314,0.1171875,5.7450933,0.75472695,5.435270987281515
193.12,0.11375799,2123.7449937471083,0.010664226,0.095703125,3.682494,0.8306917,5.28841885547734
193.152,0.115629315,2280.3221948918017,0.015332301,0.0966796875,0.4528014,0.7188698,5.151594056494313
193.184,0.10744895,2794.7441309200067,0.04268245,0.09814453125,0.22115815,0.688908,5.019179067905144
193.216,0.0955527,2925.0453569638075,0.0404009,0.0986328125,1.507567,0.7741381,4.898848002320098
193.248,0.08593139,2488.9692554771127,0.018954786,0.08740234375,3.392388,0.83546877,4.795627956236742
193.28,0.08086222,2050.625500358562,0.009856003,0.048828125,0.552559,0.8462386,4.711318319929412
193.312,0.076651454,1823.1931480882713,0.007211794,0.0439453125,0.5734985,0.8733999,4.6501183419161505
193.344,0.075010195,1919.2986605531491,0.01452578,0.05322265625,0.4405564,0.88655233,4.608324943451081
193.376,0.07720235,1903.0964714464667,0.013235011,0.0576171875,0.6571158,0.90203995,4.5736093593683425
193.408,0.07071229,1810.4217417845734,0.007361792,0.083984375,2.9113674,0.93647444,4.525741699865573
193.44,0.06834173,2420.259620213621,0.034786668,0.10791015625,0.78167766,0.8688191,4.454622094405055
193.472,0.10013388,2623.793022946669,0.07073228,0.10546875,0.20993039,0.7659998,4.358741488835782
193.504,0.14198318,2248.41932521764,0.029471021,0.11474609375,4.4996037,0.8454356,4.249868097678291
193.536,0.13405755,2010.9227761573375,0.012147676,0.10791015625,6.119048,0.8071138,4.127465219837059
193.568,0.11397625,2221.2484252039885,0.009719068,0.087890625,1.104953,0.7925736,3.9896257871513523
193.6,0.10614043,2383.34625861447,0.010880811,0.09912109375,0.30345798,0.82752055,3.8338045069267563
193.632,0.10067852,2482.4373965238374,0.021627925,0.1123046875,0.35665998,0.83407325,3.6513809138400095
193.664,0.08888008,2510.725643041459,0.03305108,0.1142578125,0.99744403,0.72022945,3.4568088764231617
193.696,0.0674458,2397.9702399374746,0.029333774,0.11279296875,2.883405,0.66998637,3.251719593919444
193.728,0.052574504,2204.5627520804205,0.02644232,0.130859375,1.3509227,0.85546356,3.0463824777138004
193.76,0.07722251,2380.3376840517376,0.06678945,0.12060546875,0.29611427,0.7593126,2.8414402765265105
193.792,0.14696196,2136.8835576287615,0.033059698,0.1123046875,0.41260183,0.8907473,2.630303346982678
193.824,0.17394556,1937.1736577506958,0.013415883,0.10791015625,7.017654,0.9460736,2.421236819358317
193.856,0.1870752,1697.2209205388103,0.0046106083,0.0693359375,2.8965805,0.96064,2.2285879943763924
193.888,0.14823826,1719.671282937565,0.0040001473,0.06201171875,0.5913162,0.9458962,2.059407980664328
193.92,0.11216123,1918.0558181509266,0.005888707,0.07421875,0.20616382,0.890751,1.9156057242768307
193.952,0.09067905,2277.6398465311613,0.011190527,0.0830078125,0.22957581,0.844703,1.7916834818906333
193.984,0.085091226,2451.9689903462368,0.014934893,0.0908203125,0.57679915,0.7881775,1.6795411057192757
194.016,0.082192905,2457.958013887588,0.018438816,0.10205078125,1.1930945,0.7861046,1.591496490349336
194.048,0.076424815,2953.524318761057,0.043128606,0.111328125,1.4212298,0.82271487,1.5214344577410701
194.08,0.083368026,3273.628283816876,0.06727362,0.13037109375,1.1450953,0.72019964,1.458897166842094
194.112,0.08360792,2917.350859277488,0.037900686,0.15380859375,2.3325849,0.63216877,1.3964777201861598
194.144,0.07421672,2766.323173307491,0.020661589,0.1708984375,2.4409847,0.5042833,1.3291517473933694
194.176,0.068967424,2745.1320663304405,0.018891953,0.173828125,0.66992265,0.457084,1.2581949671268975
194.208,0.06814777,2654.019516542873,0.026456513,0.1767578125,0.59009355,0.45699075,1.1781267806631996
194.24,0.067841664,2479.2126009784083,0.07688127,0.140625,1.1397023,0.54519665,1.090208804235265
194.272,0.09259258,2202.288023008239,0.03602118,0.099609375,2.845388,0.8071933,1.004012028428304
194.304,0.11420171,1892.613822232639,0.0075763185,0.064453125,4.667417,0.9493066,0.9203687385181221
194.336,0.115699515,1913.6094584114048,0.006168844,0.04345703125,0.9936191,0.96814406,0.840152272291297
194.368,0.11485543,2750.9135177478915,0.029852252,0.06201171875,0.19958836,0.90416896,0.7665675303494026
194.4,0.110981315,3123.436094286505,0.035096698,0.07080078125,0.41959012,0.88699144,0.7137146444224762
194.432,0.10022488,2953.1220549980917,0.017303701,0.07080078125,5.2731414,0.9388465,0.6958821666524498
194.464,0.09306779,2556.0892332849703,0.0102972705,0.06787109375,0.8259596,0.954591,0.7043671728696168
194.496,0.08522783,2462.387996517058,0.009548162,0.06005859375,0.10112725,0.94895023,0.72718337454234
194.528,0.08595186,2284.2255854775635,0.014633882,0.05517578125,0.405428,0.9358972,0.76235726623566
194.56,0.095257044,1986.7670260201958,0.013711919,0.07080078125,0.79999757,0.9350415,0.8027517711401926
194.592,0.088799246,1841.5009585652767,0.00813731,0.07080078125,2.6180906,0.9622862,0.8419628313776416
194.624,0.07791702,2023.442360705681,0.01173662,0.10205078125,1.6300082,0.9457885,0.8712605135316301
194.656,0.09257616,2497.8504242733825,0.08361185,0.1171875,0.1283325,0.68149775,0.8819033972596593
194.688,0.13491221,2319.8562064086445,0.064271286,0.1240234375,1.1957532,0.70512176,0.8769861703250372
194.72,0.13890152,2047.977130451676,0.0274553,0.134765625,9.7437315,0.7992311,0.8631163608433255
194.752,0.10625059,2172.7667093781415,0.021382008,0.10693359375,2.663506,0.80111384,0.8562331880167785
194.784,0.091991834,2368.2848171166806,0.016315,0.095703125,0.40660608,0.807678,0.8596029296702049
194.816,0.08957163,2180.4413625607704,0.014530437,0.0947265625,0.48294303,0.9059622,0.8743939752979805
194.848,0.09968344,2349.435539512861,0.018960876,0.07958984375,0.37310603,0.8234857,0.8952791208971456
194.88,0.10257085,2219.5731641904067,0.013478015,0.0625,1.107647,0.7605243,0.9116388403901231
194.912,0.093304455,1769.4586329976896,0.006151233,0.07421875,2.8252606,0.9200999,0.9131742951815591
194.944,0.087046705,2224.904227109878,0.02691583,0.0791015625,0.550714,0.90502375,0.8947148507322021
194.976,0.12136735,2236.155607318294,0.05686488,0.0810546875,0.26451942,0.7666357,0.8544991402314384
195.008,0.15361273,2086.6455226145335,0.032312967,0.09228515625,5.417087,0.8272869,0.790228427259357
195.04,0.1811764,1976.2341191063365,0.0118948985,0.08642578125,6.632055,0.91335547,0.7268626996666778
195.072,0.16432087,1958.4876145949636,0.0072503784,0.06884765625,1.1413872,0.92609996,0.6753200223134056
195.104,0.12872268,1781.9370726244533,0.0067703123,0.07470703125,0.42762384,0.9248185,0.6446323169860659
195.136,0.09625732,1848.2630177810413,0.010370997,0.087890625,0.33153906,0.87117624,0.6434958961835752
195.168,0.094671704,2053.4347185473753,0.012931427,0.0791015625,0.45773593,0.6347469,0.6629390684081498
195.2,0.08714195,1888.0189643430754,0.008818879,0.07958984375,1.3936402,0.6458502,0.6927218826995812
195.232,0.073741384,2140.535450668957,0.016538521,0.0927734375,1.15955,0.8569859,0.7169646153622309
195.264,0.08195518,2804.3965511203915,0.07328279,0.09521484375,0.26409686,0.69841653,0.7342675362937169
195.296,0.09250214,2635.091837818551,0.075520046,0.126953125,1.5093002,0.52604747,0.7426982945312759
195.328,0.08659332,2544.0195244296883,0.049393475,0.16259765625,6.1741133,0.43072245,0.7511481992430824
195.36,0.067893505,2868.5979213097953,0.046468563,0.15478515625,2.2415693,0.51069355,0.7623541441922275
195.392,0.05575071,2673.3971888961464,0.033942405,0.171875,0.535167,0.7238698,0.7764354122561434
195.424,0.05998931,2431.5547018640723,0.06996267,0.16748046875,0.41043288,0.65177363,0.8003753921324905
195.456,0.09357862,2497.2798801750487,0.06550786,0.12451171875,0.5182869,0.6120112,0.8337168537263594
195.488,0.11966409,2256.2115455907588,0.024228826,0.10546875,4.7040844,0.81126505,0.8819152882607315
195.52,0.11934919,1852.5116779056875,0.008023945,0.08544921875,3.580017,0.92884415,0.930718213958674
195.552,0.117507786,2206.0571934207182,0.018174166,0.08544921875,0.49225184,0.8613599,0.976279498731124
195.584,0.114988714,2776.6245046099616,0.044675615,0.10986328125,0.21541788,0.6949277,1.010825252007034
195.616,0.10295088,2842.8259748965347,0.0392972,0.13525390625,3.1685958,0.7426369,1.0331130031962015
195.648,0.088203594,2971.358461256708,0.03694706,0.14794921875,3.0648656,0.8407993,1.0474562471196736
195.68,0.079900436,3552.033144246411,0.0461708,0.1337890625,0.28467953,0.83497113,1.0606685712694182
195.712,0.07578305,3575.24266340301,0.049977824,0.1357421875,0.46717185,0.8425875,1.0718585136727323
195.744,0.07839484,3118.2169463069445,0.061881278,0.125,0.80527747,0.82669526,1.079501294111956
195.776,0.083187796,2523.785327001324,0.04337998,0.11962890625,0.84274787,0.7854529,1.0895806360469165
195.808,0.07994583,2284.9951557864406,0.025945092,0.134765625,2.5461795,0.6276097,1.1052372426862405
195.84,0.074772306,2604.406717767403,0.03341266,0.1474609375,1.7396216,0.51630163,1.1248326942862212
195.872,0.09733536,2600.759086381257,0.04440056,0.1455078125,0.9338019,0.5799221,1.1439874303155304
195.904,0.12714687,2292.301896046625,0.0209556,0.13818359375,1.4764419,0.79915035,1.1647774057955247
195.936,0.1205396,2248.735516330282,0.014368398,0.10888671875,3.571994,0.8622242,1.1886214356401537
195.968,0.10911161,2291.9877899550925,0.013334023,0.08837890625,0.88687485,0.8212165,1.2062688798473504
196.0,0.10859958,2244.672386673379,0.012626831,0.09814453125,0.6341717,0.8004876,1.214434441831444
196.032,0.108874634,2503.482317221955,0.018447597,0.107421875,0.7475765,0.737095,1.2230440597338383
196.064,0.0947488,2643.24977393822,0.028741878,0.1162109375,1.5929954,0.63787335,1.2334265289810789
196.096,0.07750167,2386.447824427186,0.02164626,0.10986328125,2.3261573,0.5036443,1.2389157970341544
196.128,0.07379019,2130.075435283487,0.014459974,0.13232421875,1.0771928,0.4040544,1.2361761997230607
196.16,0.083460726,2537.7997356008445,0.06328003,0.12939453125,0.547735,0.52726275,1.2273292036454855
196.192,0.13329913,2468.4661630146884,0.043647982,0.11669921875,0.73584867,0.78947127,1.2168220753256804
196.224,0.16116364,2236.2308343673326,0.016048871,0.12109375,6.7950025,0.8559317,1.2059729561944457
196.256,0.16753967,1861.688013514096,0.0062514944,0.09033203125,2.753808,0.8268028,1.1945986577006467
196.288,0.15097548,1769.7335154757666,0.0043926565,0.09228515625,0.6401007,0.7846807,1.1796092923350776
196.32,0.11560472,2015.3910026415697,0.005751871,0.11962890625,0.50150496,0.69716,1.163271053290726
196.352,0.09059752,2378.834424878751,0.010473953,0.12353515625,0.3048712,0.62687343,1.1420167414191362
196.384,0.0778801,2481.7254444224864,0.013354402,0.126953125,0.3931583,0.691681,1.1060995650703962
196.416,0.07457471,2439.9489689996158,0.012868542,0.13525390625,0.70824444,0.7114762,1.054378002212061
196.448,0.07813162,2785.64408284046,0.039797947,0.1416015625,0.6400877,0.62473625,1.0006620816824623
196.48,0.08228949,2985.5292124132147,0.07240909,0.14892578125,0.8215215,0.60000396,0.9468625767989713
196.512,0.07224613,2834.962267251717,0.052666776,0.15283203125,3.9621105,0.7167503,0.8888246414382391
196.544,0.060792077,2699.8025095983585,0.029698346,0.12353515625,3.2493467,0.79401976,0.8427145997561694
196.576,0.055520073,2408.5949058886645,0.01802211,0.10302734375,0.4910146,0.83880794,0.8154603046601242
196.608,0.052235186,2226.7961878450033,0.025688829,0.1044921875,0.36483172,0.8233369,0.8048498307634897
196.64,0.068382405,2374.0919874568426,0.0632617,0.08203125,0.25838342,0.7205332,0.8004837089557028
196.672,0.10283173,2214.3903548273493,0.032236576,0.076171875,1.9711258,0.83692646,0.7929522474394592
196.704,0.12306293,1836.5105975174015,0.007748058,0.0556640625,5.8637533,0.9437547,0.777241312052408
196.736,0.12356991,1762.150161132478,0.0053438097,0.05029296875,1.0532064,0.9672102,0.7552988507828889
196.768,0.11730895,2602.75993377818,0.026858773,0.06884765625,0.23117189,0.914716,0.7296238908427924
196.8,0.10597038,2950.598970733163,0.032739934,0.07080078125,0.3446968,0.8849542,0.7005935290372624
196.832,0.09475036,2791.037028025834,0.015902633,0.07177734375,4.9269385,0.935548,0.6770649467804111
196.864,0.08879533,2327.898196123225,0.0076558134,0.04638671875,0.76249534,0.96021837,0.669005500511583
196.896,0.084109604,2016.741854236212,0.0051787505,0.03759765625,0.080800205,0.9685168,0.67986629728321
196.928,0.08526827,2516.6769153570212,0.025038652,0.07470703125,0.2511668,0.91507655,0.7039856749907978
196.96,0.09489961,2997.0643892987837,0.06317601,0.12353515625,0.6296486,0.8085954,0.7418078397387214
196.992,0.08792334,3351.576295118156,0.058735214,0.17041015625,5.7755814,0.8241076,0.7855051334600964
197.024,0.07282218,3599.6202496326086,0.055013265,0.20654296875,3.8786802,0.8136778,0.8225506515934573
197.056,0.08149272,3104.0433693982923,0.10708781,0.1904296875,0.3928448,0.653791,0.8457394136450215
197.088,0.12606654,2532.085152075923,0.054937977,0.1650390625,0.18485521,0.75475496,0.8587633292569923
197.12,0.13448386,2190.600447454711,0.023913432,0.146484375,5.5594883,0.86132663,0.8680917562419426
197.152,0.11033597,2290.688019094238,0.018388454,0.12646484375,2.414749,0.7465459,0.8768524818362678
197.184,0.10006678,2577.328293923147,0.014143602,0.126953125,0.4636591,0.6239703,0.8932165720274711
197.216,0.09519154,2616.986138734562,0.018276297,0.138671875,0.5079454,0.6692202,0.9140623683594342
197.248,0.098765515,2615.526284100092,0.024520574,0.13720703125,0.2960743,0.66445076,0.9367838964226842
197.28,0.10028264,2638.79498629836,0.018027725,0.1376953125,1.3676902,0.6843105,0.9617328482149288
197.312,0.10215931,2477.9388392846276,0.008641374,0.1494140625,2.1849911,0.66712976,0.9913890963776333
197.344,0.09477402,2385.3524501774573,0.0181695,0.13525390625,0.523399,0.58873296,1.025435762591182
197.376,0.11454885,2261.514933832863,0.03918188,0.12109375,0.3065281,0.72622937,1.0490382071985689
197.408,0.15319626,2194.330423860816,0.018137818,0.091796875,3.2005427,0.8759383,1.063110896439501
197.44,0.18332747,1863.0189919737331,0.0047014984,0.0595703125,4.5958724,0.9407745,1.076075444600031
197.472,0.16966867,1579.2939662039448,0.0023543395,0.0546875,0.6532298,0.94476587,1.0949250923924159
197.504,0.10695641,1821.786244035587,0.006340245,0.0888671875,0.20037633,0.88587105,1.1247544018457893
197.536,0.09781567,2531.1199168745115,0.020895,0.12060546875,0.24958465,0.75023836,1.1681573430600216
197.568,0.104537845,2602.4484117532147,0.017512798,0.142578125,0.9516236,0.49237263,1.227504592472832
197.6,0.091391176,2303.03326889874,0.009369082,0.16259765625,3.5032482,0.3947612,1.3025274123925572
197.632,0.07648896,2217.6416286470676,0.0067781787,0.14990234375,1.096017,0.4861251,1.3967774567190363
197.664,0.07479658,2373.792374453992,0.0069085616,0.14599609375,0.27333158,0.4829751,1.5054486348670362
197.696,0.071441144,2335.0442888374,0.007012614,0.13134765625,0.2770028,0.5193573,1.627319733254147
197.728,0.06190995,2040.0477332724035,0.005287354,0.11865234375,0.9349981,0.6796291,1.757492893854698
197.76,0.0600003,1916.8212673309288,0.0033662333,0.10400390625,0.51335955,0.67327875,1.886868468912616
197.792,0.062369827,1925.522181139051,0.0028795744,0.11865234375,0.5099528,0.6437481,2.004978389365239
197.824,0.062436387,2466.931811981935,0.009101927,0.150390625,0.42329055,0.5680491,2.1086377272057404
197.856,0.06614428,2904.0195230401196,0.01600305,0.16650390625,0.6472659,0.40823156,2.215143316453521
197.888,0.06326585,2835.5170012862313,0.012369863,0.15283203125,3.6776948,0.35547298,2.330140545593016
197.92,0.051359043,2415.657685935813,0.011413707,0.12451171875,2.707239,0.49362317,2.453221349092447
197.952,0.0422901,2011.593610948541,0.009688337,0.10546875,0.7303479,0.78191775,2.5811814741533867
197.984,0.04956193,2359.627007892679,0.01873205,0.10009765625,0.91398895,0.57271886,2.7032734097940607
198.016,0.06688455,2540.7955230353155,0.017173816,0.13037109375,0.96372104,0.26608083,2.8158089028962245
198.048,0.068347104,2593.0686135685232,0.020128507,0.15283203125,3.219568,0.20392494,2.916989608120505
198.08,0.057903115,2818.4316950390516,0.025268927,0.16552734375,2.4379933,0.19638705,3.0073146821631678
198.112,0.05967802,2910.5929827851396,0.021781059,0.17041015625,1.5268441,0.13662228,3.085865267483524
198.144,0.060466617,2783.295899689582,0.019984404,0.16796875,0.84404504,0.11636373,3.152335501039372
198.176,0.062465284,2764.1517713534154,0.012972922,0.1796875,0.78030217,0.10904508,3.209550544740048
198.208,0.06512761,2966.6005465045077,0.012134853,0.1953125,0.9155641,0.09145905,3.266428142101575
198.24,0.053571112,3146.492646632422,0.030441945,0.20947265625,0.68266094,0.11948307,3.3328753741585557
198.272,0.04820351,2893.4403261341354,0.045679342,0.22802734375,1.1001749,0.17453879,3.413478246327421
198.304,0.059983913,2756.227373918757,0.03115304,0.22607421875,2.351015,0.12013192,3.506039175875743
198.336,0.060178984,2919.9780019836544,0.027634965,0.2236328125,2.5108562,0.09387031,3.605428858334469
198.368,0.05396138,3058.036309754928,0.035189968,0.21630859375,2.1018555,0.09138935,3.7028468957085123
198.4,0.04398685,2909.385305308446,0.048471473,0.18408203125,0.5189216,0.1962609,3.7902863858483977
198.432,0.03689018,2549.6795803735167,0.033789203,0.15478515625,0.93194175,0.6224873,3.86954348124606
198.464,0.04047759,2253.971545219681,0.013997888,0.11669921875,1.6727662,0.7759926,3.9419415442127144
198.496,0.04372671,2189.647041062818,0.008913133,0.08251953125,0.8477054,0.76172084,4.006135932942529
198.528,0.04454041,2115.6915845858643,0.008359829,0.1103515625,0.5581253,0.8220378,4.062778808834255
198.56,0.04594875,2422.9591012105816,0.037753448,0.1474609375,0.7012895,0.47991535,4.11491331062548
198.592,0.06239754,2646.019736110507,0.047315013,0.1865234375,0.92502296,0.07499127,4.1635630675536905
198.624,0.05304468,2733.9422432594956,0.032435402,0.2373046875,5.278943,0.07712185,4.204795705832441
198.656,0.04430207,2885.390373094123,0.022252284,0.2255859375,3.0881288,0.087730154,4.229093277490786
198.688,0.051347885,2869.1323758351186,0.013707809,0.19384765625,0.54450476,0.05443557,4.232105521518646
198.72,0.0714181,2677.8872091843323,0.0058931797,0.16845703125,0.34104234,0.027682045,4.216911846423414
198.752,0.07514621,2564.6665648644844,0.0041146455,0.130859375,0.56846565,0.023852838,4.1941473262540905
198.784,0.067908116,2610.0405352095877,0.0057212505,0.11962890625,0.7254092,0.027752064,4.1712796374204855
198.816,0.066594,2595.638831983735,0.0070918542,0.1279296875,0.58444035,0.021876317,4.153054110758279
198.848,0.06344611,2561.474952381749,0.009020342,0.14111328125,0.92222697,0.020931996,4.137495837450324
198.88,0.06361982,2491.7753202108906,0.014416356,0.1552734375,1.1401787,0.025393179,4.116531367506378
198.912,0.05751564,2657.223685086953,0.019600447,0.1826171875,1.4840931,0.023390187,4.087003483972911
198.944,0.051752944,2866.3562882578562,0.01913829,0.201171875,2.459817,0.024297912,4.052190457268056
198.976,0.053412966,2933.74301186375,0.017595405,0.22412109375,1.5888332,0.023149319,4.018654806366764
199.008,0.040127862,2945.3502530709493,0.028495543,0.2724609375,1.2810192,0.06078225,3.9864133504724584
199.04,0.030957434,3284.2981841185137,0.06032819,0.28857421875,1.2788868,0.15746982,3.953107160096148
199.072,0.037311282,3335.5840516092653,0.052375827,0.287109375,0.67395985,0.24069905,3.9173269175068945
199.104,0.040577278,3095.6370197209235,0.044594217,0.25390625,1.2797203,0.3272998,3.884587675762965
199.136,0.02737385,2736.027530799375,0.060306195,0.21337890625,1.4161445,0.40962872,3.8596476836903837
199.168,0.036377743,2516.5666235954977,0.06746027,0.18505859375,1.2686597,0.18811479,3.833185174510144
199.2,0.066471726,2547.5494436960275,0.03661175,0.18212890625,1.3377872,0.08123629,3.7904935807434246
199.232,0.07178295,2557.512585942177,0.024532191,0.2001953125,4.629243,0.022326762,3.7221982832702976
199.264,0.060364302,2855.700034586891,0.02423314,0.20703125,2.8131108,0.009329611,3.6305149302844617
199.296,0.04954032,3041.6500847599364,0.02811784,0.203125,0.95366573,0.013034206,3.518220510380281
199.328,0.051580794,2871.37048285535,0.02454402,0.205078125,0.62386703,0.012558039,3.3919936051588153
199.36,0.058951337,2771.0666396790784,0.011943255,0.1962890625,0.38581002,0.011071929,3.262910371052543
199.392,0.044922374,3058.6853617715615,0.018300718,0.19091796875,0.8212498,0.020896524,3.137898028631821
199.424,0.045670748,3106.0328849864964,0.0296482,0.21337890625,0.46876636,0.019855488,3.0113839205366033
199.456,0.04162269,2960.9451478698847,0.04444774,0.22021484375,0.68477154,0.023488373,2.881263126653657
199.488,0.043034166,2830.0793538757816,0.042233374,0.22705078125,2.3941524,0.024563968,2.755619322286409
199.52,0.04775001,3068.29692541864,0.026409518,0.22314453125,2.4186187,0.020234976,2.640793917157044
199.552,0.053833097,3013.454924116415,0.030717868,0.22607421875,1.5837296,0.014667012,2.53840959085462
199.584,0.047903243,2931.9801781768447,0.0519955,0.216796875,0.7299675,0.036332745,2.4385931428763556
199.616,0.033400625,2982.617271577888,0.07136336,0.19921875,2.022383,0.25459826,2.3404088112585266
199.648,0.027299719,2684.9897825588087,0.043764643,0.18701171875,2.403472,0.50989425,2.260701601574806
199.68,0.027511567,2316.371464059446,0.025587374,0.14794921875,0.8975247,0.4452082,2.210846994220767
199.712,0.029759165,2256.917829679457,0.01979449,0.12841796875,0.65729654,0.5450311,2.1822067160948935
199.744,0.038125303,2196.384121818382,0.05629718,0.15234375,0.7506007,0.4819711,2.1611160719663767
199.776,0.06745429,2397.9334141930703,0.09027814,0.1708984375,0.6595892,0.23047318,2.1406462751045123
199.808,0.07303984,2544.2067150267444,0.077312335,0.19580078125,6.2024965,0.1806594,2.1228139311425633
199.84,0.06046281,2701.7894339480035,0.038240433,0.20751953125,6.7175045,0.16587375,2.108942986958525
199.872,0.059440404,2571.724302694584,0.015582072,0.1826171875,1.131669,0.14926618,2.105877605160867
199.904,0.07272147,2595.3124421789485,0.017080339,0.166015625,0.30986238,0.05505532,2.1126901188710536
199.936,0.07965188,2731.7529332524878,0.023451496,0.1669921875,0.18970223,0.06609369,2.1298994598909307
199.968,0.059199993,2735.775808701599,0.024188964,0.1875,2.1645203,0.1324698,2.1549901847547184
200.0,0.044811588,2778.9119184073083,0.029202236,0.20751953125,1.8298038,0.26355445,2.1844764510170473
200.032,0.046702847,2735.372271272883,0.03509861,0.220703125,0.18349916,0.17226921,2.203896156529663
200.064,0.056920573,2540.3241107921735,0.05925686,0.2216796875,0.5462654,0.14416067,2.217067212213425
200.096,0.056284674,2693.0230932446425,0.063155614,0.19677734375,1.9557332,0.21791302,2.2301979558725495
200.128,0.049440544,2775.1238433949857,0.032331776,0.19189453125,4.315911,0.27555102,2.2462874005624327
200.16,0.0435293,2746.670892925675,0.027714988,0.18505859375,1.1811473,0.4093694,2.2605310766520486
200.192,0.03477228,2614.2863825120476,0.063869596,0.19091796875,0.23850502,0.3472818,2.281660594562682
200.224,0.04698388,2693.3963608992203,0.12752233,0.21044921875,0.33335507,0.27253535,2.318609516262246
200.256,0.048062377,2915.3437091828546,0.12486003,0.19873046875,2.906502,0.36720264,2.3745863160812006
200.288,0.048831504,2696.2693611259024,0.046945617,0.18115234375,5.4077797,0.41742173,2.4438235144156986
200.32,0.037526578,2223.6132073949134,0.033006683,0.1455078125,0.89284194,0.56537366,2.5270246965551313
200.352,0.031628318,2254.8608864967564,0.075443186,0.15283203125,0.3928285,0.53743947,2.6079798175746336
200.384,0.04467943,2664.7501571197163,0.122695506,0.14794921875,0.4823725,0.5393421,2.685485634377561
200.416,0.04982257,2522.980850916171,0.06685221,0.1552734375,3.334204,0.54028696,2.7567924182130166
200.448,0.056722544,2106.0596252476507,0.017854605,0.1591796875,4.1469436,0.40378112,2.8161773528950778
200.48,0.04728556,2237.95316470383,0.014282394,0.1240234375,0.80868423,0.3392416,2.8559982380149993
200.512,0.05815301,2527.1956062632103,0.028836554,0.12353515625,0.4844157,0.13534088,2.8818012148547436
200.544,0.062008716,2666.565248097515,0.0369736,0.11572265625,0.32203668,0.14553666,2.8922791092898548
200.576,0.041689027,2392.415013471258,0.04165789,0.1005859375,4.230977,0.50499374,2.888877171708636
200.608,0.033284742,1844.392442789278,0.019725842,0.10595703125,1.5875626,0.84484255,2.8587870331294756
200.64,0.028446535,2146.3671808596077,0.055647332,0.134765625,0.48545966,0.700378,2.802782659548358
200.672,0.04233218,2593.7993070179787,0.1332396,0.162109375,0.36162743,0.434848,2.7202583255900348
200.704,0.043511853,2844.3093566321527,0.12983268,0.18505859375,3.044982,0.44398722,2.6203983524732624
200.736,0.04958018,2813.548336945887,0.041003864,0.1767578125,6.1985784,0.32085702,2.512313207987743
200.768,0.04263412,2461.709121931108,0.027101874,0.1630859375,0.98077023,0.38061938,2.397857382156717
200.8,0.033397563,2268.391331165214,0.075302415,0.162109375,0.38399747,0.46445906,2.272411972629076
200.832,0.049172565,2556.145989636154,0.1324362,0.15185546875,0.4841708,0.3082115,2.1468241957216985
200.864,0.056995887,2528.579503242204,0.06347497,0.15185546875,4.1378336,0.20014553,2.0240053824634585
200.896,0.04546685,2178.7927043824657,0.0269787,0.12451171875,5.0605803,0.34857875,1.9104431262712656
200.928,0.028252337,1966.6079645008404,0.031418823,0.109375,0.6280134,0.81032336,1.80604497532156
200.96,0.04423706,2424.057426217547,0.088839516,0.1279296875,0.11663144,0.62252855,1.7025408747828128
200.992,0.059530985,2491.72919372575,0.07998192,0.15380859375,0.78900063,0.51697713,1.595454493190898
201.024,0.059751105,2585.655609549016,0.041835014,0.18896484375,7.0094037,0.25482163,1.4942618075802832
201.056,0.053996854,2733.4817884402155,0.023728792,0.212890625,2.3678963,0.21559279,1.398224924436513
201.088,0.048353773,2989.1885228465217,0.0190294,0.21875,0.5526079,0.14547731,1.3155895040317227
201.12,0.044613846,3176.529832329392,0.022173513,0.2265625,0.39163607,0.07199433,1.2474891857941408
201.152,0.045067523,3058.397642405561,0.03324865,0.23974609375,0.5853598,0.046099797,1.1990805697921925
201.184,0.045165155,3068.3454886683753,0.046132106,0.24365234375,0.7469159,0.03900562,1.1646419865366633
201.216,0.04100236,3231.135887627989,0.04821951,0.2587890625,1.5566131,0.032622345,1.1256927809521975
201.248,0.04217149,3279.1481995077,0.041448727,0.275390625,1.8499374,0.019062275,1.0893909534950714
201.28,0.035595067,3320.828055740391,0.07502964,0.26611328125,1.064158,0.018660178,1.0553882006245867
201.312,0.037211023,3316.791578525076,0.05895958,0.2421875,0.6934452,0.015403453,1.0282761460461476
201.344,0.043400854,3259.4142820412317,0.037279673,0.228515625,1.9241421,0.008450137,1.0082335552757844
201.376,0.045579776,3351.6627195041806,0.033081226,0.2265625,1.0986147,0.0070966017,0.9939045075105737
201.408,0.03856035,3258.1779377050625,0.079659715,0.23193359375,0.7375316,0.06355147,0.974866911217545
201.44,0.040489458,3094.5230073768794,0.11209095,0.234375,0.7681962,0.30506825,0.9539072251167642
201.472,0.046294544,2904.961230732978,0.074415386,0.19970703125,3.3270605,0.52471286,0.9585350012794399
201.504,0.044989433,2590.694542788662,0.027803957,0.13720703125,3.242815,0.76260996,0.9877571053933083
201.536,0.051334776,2355.132913558333,0.012080466,0.11669921875,0.75184554,0.8718949,1.0419416328538116
201.568,0.053637933,2750.7897727384425,0.033227164,0.10986328125,0.21642211,0.6888545,1.1141853971243905
201.6,0.056124043,2992.968743082495,0.050842363,0.12353515625,0.6987431,0.38657957,1.2024406345935639
201.632,0.051241525,2919.6350110968797,0.032810472,0.146484375,4.743409,0.29860458,1.3067174148663039
201.664,0.047442812,2679.2151652538987,0.015987715,0.12890625,2.4125116,0.27452615,1.4170763974254053
201.696,0.05037236,2578.047315340963,0.0104169,0.125,0.3124559,0.228399,1.5427520916731816
201.728,0.054561444,2463.118871778588,0.00682917,0.12109375,0.18876679,0.1913304,1.6770223745215227
201.76,0.053516645,2347.967993417157,0.0064369272,0.115234375,0.4430811,0.17879319,1.816335366665935
201.792,0.044776898,2327.5682414989014,0.012784085,0.119140625,0.4865954,0.15640329,1.94362247894188
201.824,0.034293484,2350.3850886990012,0.023779534,0.130859375,0.9428265,0.0685846,2.0630858523337023
201.856,0.038000982,2313.530828558241,0.07076284,0.13232421875,1.9375718,0.1774457,2.1753285860965916
201.888,0.047404144,2315.1277149726593,0.081183985,0.13330078125,1.8662351,0.5342351,2.29374583954411
201.92,0.047903348,2166.029069471086,0.043050066,0.1142578125,5.973544,0.81942594,2.4252825049265896
201.952,0.037639737,2066.591845414207,0.027502494,0.0908203125,2.7704082,0.8536862,2.555578134854021
201.984,0.03190446,1962.911502104875,0.01733839,0.08447265625,0.19164257,0.89222306,2.683466824108534
202.016,0.030718798,1873.5563663561998,0.012154994,0.0771484375,0.11754808,0.91526127,2.8026578573013605
202.048,0.027818331,1902.3236303311924,0.011284019,0.07861328125,0.047435913,0.92010885,2.9137399719258044
202.08,0.02408802,1923.589460565234,0.012492595,0.08837890625,0.4370834,0.90184486,3.025987095226043
202.112,0.020532845,2045.3336160157805,0.018817596,0.13037109375,0.37127447,0.8600996,3.139892571314389
202.144,0.036186468,2694.980810722347,0.17382942,0.138671875,0.66596735,0.44162685,3.2617809016387658
202.176,0.11747448,2354.321680371533,0.07280914,0.138671875,0.90254694,0.77356976,3.384749900454243
202.208,0.16782668,2118.8299687533286,0.029420426,0.111328125,12.619701,0.9111577,3.5066923154244862
202.24,0.19360493,1918.0804709409383,0.008341288,0.060546875,7.076739,0.96210605,3.633037088133406
202.272,0.17395921,1716.5942941184562,0.0050665475,0.05517578125,0.9226339,0.94853586,3.7667729484458787
202.304,0.12970082,1807.5396218517399,0.00714781,0.06640625,0.27931374,0.8641558,3.9005695056404415
202.336,0.10134379,2011.6228282779966,0.011667843,0.0908203125,0.49555218,0.75868237,4.027139665626528
202.368,0.08561829,2302.579757144786,0.017860949,0.09765625,0.90198904,0.7348832,4.147978672353094
202.4,0.08252878,2255.2181132702376,0.014017591,0.08740234375,0.8679889,0.7303181,4.278345548863544
202.432,0.07872095,2271.331348008095,0.01593034,0.10791015625,0.7931578,0.8283479,4.422783024401014
202.464,0.08641801,2895.209614269454,0.07328988,0.11669921875,0.5366596,0.72968113,4.559006635351963
202.496,0.09304434,2800.475410837479,0.07862241,0.13818359375,0.88636,0.6873309,4.678979724164504
202.528,0.087523684,2505.8644320980416,0.04086936,0.14990234375,5.5330987,0.70715046,4.778136818039121
202.56,0.07751916,2451.72621381594,0.022895243,0.12158203125,1.8694282,0.56358963,4.845697566856158
202.592,0.06223788,2293.7502967720743,0.021857655,0.1259765625,0.7473383,0.5875954,4.8772734274707314
202.624,0.058103073,2395.6957654626076,0.07607748,0.12255859375,0.24438535,0.6272756,4.8763202556258705
202.656,0.09579245,2383.0921369005555,0.07542822,0.10791015625,0.5065735,0.6446342,4.853968059965877
202.688,0.12859166,2312.719862325691,0.030017247,0.1025390625,5.0396166,0.7916119,4.82115409030663
202.72,0.12911476,2169.8714600630296,0.014658912,0.08642578125,3.9067292,0.86382306,4.78241824100214
202.752,0.12387384,2141.7998857999532,0.021372022,0.07861328125,0.782908,0.8775995,4.748131491471234
202.784,0.14460017,2316.89631385411,0.032593496,0.0791015625,0.3678208,0.8576113,4.7250782388404335
202.816,0.16088174,2297.30493499376,0.018724058,0.0771484375,1.7303301,0.86022365,4.712359948000549
202.848,0.17986369,1956.1165674901472,0.005357688,0.0712890625,2.8595538,0.8950367,4.701155143837881
202.88,0.15458007,1870.3623446931974,0.005021911,0.07861328125,0.515593,0.87840515,4.675983128764287
202.912,0.113690585,1987.9535724560155,0.0074540754,0.0947265625,0.2902665,0.7617042,4.632193795438185
202.944,0.0922256,2058.85972476059,0.011307208,0.13037109375,0.5568945,0.58446556,4.5923833447894875
202.976,0.08257886,2162.1939847735553,0.014215902,0.1494140625,0.6979861,0.4712252,4.543200767088576
203.008,0.07275853,2221.844258831,0.015971256,0.15673828125,1.4538356,0.48643878,4.479708460461516
203.04,0.07204815,2378.705135699279,0.040918738,0.177734375,1.0430932,0.45608118,4.399720122203962
203.072,0.096700594,2604.0625105306926,0.0768617,0.15673828125,0.5482082,0.578422,4.300728471916191
203.104,0.12508418,2415.0938135069355,0.038675535,0.1416015625,3.605313,0.80860937,4.185231685812928
203.136,0.11864525,2149.2453984438653,0.017550271,0.11669921875,5.0035567,0.85734534,4.050365734962634
203.168,0.1083052,1993.2740396369784,0.012066457,0.0830078125,0.6290046,0.8346097,3.8967185384094334
203.2,0.11018243,1971.6415131779893,0.009395188,0.09130859375,0.43860936,0.8193426,3.7249633705234464
203.232,0.11350633,2179.6451206314096,0.015302924,0.1171875,0.4580618,0.7662466,3.5393340371012227
203.264,0.098644525,2259.7797524237612,0.029660821,0.1328125,1.008008,0.69598544,3.345324930487526
203.296,0.07756538,2332.354159402781,0.029150486,0.15185546875,2.6880176,0.52271575,3.152958742842122
203.328,0.069396876,2383.7312600881082,0.023245782,0.171875,2.506596,0.41935325,2.9717291266822614
203.36,0.07751817,2529.5705172467715,0.07271126,0.14794921875,0.5263949,0.47187346,2.803935446673755
203.392,0.13474172,2313.4998839134796,0.040965598,0.1279296875,0.33827865,0.8140498,2.6391822104283613
203.424,0.16625793,2141.7651951549697,0.016142733,0.10205078125,5.1125917,0.903614,2.470905519819021
203.456,0.1768608,1760.100032875151,0.005989842,0.06103515625,2.5224233,0.93162155,2.315636337359596
203.488,0.14313433,1686.2195523463383,0.0067334,0.06005859375,0.3723802,0.89101595,2.1807594213537804
203.52,0.11377528,1797.1852698825874,0.010850274,0.07568359375,0.2576941,0.7995279,2.0696850081276144
203.552,0.09729221,2100.7313486422104,0.017018309,0.0927734375,0.81823426,0.68073624,1.9830318145336094
203.584,0.08929779,2222.4982300431748,0.015392844,0.1044921875,1.3873408,0.616171,1.9213285810338903
203.616,0.08804184,2117.1077796717373,0.011912932,0.11865234375,1.1885204,0.59950864,1.8748867499776674
203.648,0.09072325,2510.286213993167,0.02844073,0.1328125,0.6197543,0.5338591,1.834871840983692
203.68,0.09050813,2973.314152091407,0.06749543,0.14697265625,0.5157597,0.5275591,1.7920677986652904
203.712,0.081355825,2970.526005967435,0.0480222,0.15771484375,3.0470219,0.60226625,1.7416942169512895
203.744,0.069611594,2720.850673836739,0.0254621,0.158203125,2.8382013,0.5659878,1.6826073968947335
203.776,0.06460898,2435.697742424451,0.018648362,0.15283203125,0.2212262,0.46582714,1.613615098434978
203.808,0.062438585,2297.452109045764,0.024589438,0.15625,0.140531,0.38666436,1.529754039318624
203.84,0.07413067,2359.4815078809042,0.07561091,0.1416015625,0.53145844,0.46153584,1.4353330569064113
203.872,0.10451089,2273.318049894889,0.049000442,0.12548828125,1.9590497,0.69701433,1.3431134778096774
203.904,0.119807824,2116.539223321931,0.017828483,0.0986328125,5.8844843,0.8272504,1.2572279830202442
203.936,0.11571764,1984.9197194504798,0.012096613,0.08154296875,1.7844943,0.8559024,1.1681130914169588
203.968,0.12361232,2214.9989003180754,0.030274253,0.0751953125,0.36310098,0.880402,1.0876495319760218
204.0,0.15412214,2268.998738275036,0.02285541,0.0615234375,0.3071023,0.9221017,1.0117712760121254
204.032,0.17526682,2172.0256618395633,0.009485232,0.0634765625,3.9396198,0.953149,0.9615945173920044
204.064,0.18717122,1784.3899302098016,0.0047266837,0.0517578125,0.95232797,0.9492553,0.9305860578687479
204.096,0.14171028,1761.2986220289845,0.005741589,0.06689453125,0.4458112,0.8731866,0.923219330291703
204.128,0.10374356,1875.8735881635835,0.0107356105,0.09228515625,0.66426945,0.6917454,0.9336038973481332
204.16,0.086198635,2042.1303070768884,0.020092204,0.1064453125,0.6987493,0.5389549,0.9590981514385939
204.192,0.08824767,2125.1148370642723,0.013884231,0.11669921875,1.4715085,0.49267456,0.9875087440120514
204.224,0.08757882,2072.5790983136176,0.009872023,0.1337890625,2.1955783,0.6054703,1.0130407061096978
204.256,0.086840644,2479.9752906846243,0.0665032,0.1279296875,0.9084722,0.6256402,1.0274724302995182
204.288,0.12404689,2437.010038603087,0.055137653,0.1142578125,0.5607105,0.77925074,1.0307654289187054
204.32,0.13669156,2162.3670152940704,0.02001463,0.10498046875,6.5214925,0.89104533,1.0252352964825608
204.352,0.1176918,1955.5710801525045,0.011109957,0.08642578125,2.2942,0.8897515,1.019060210296771
204.384,0.10528581,1905.9984761020837,0.0084160175,0.080078125,0.14968732,0.8058568,1.0094150467505147
204.416,0.10323708,1987.084023621739,0.009047232,0.09765625,0.21777087,0.73477644,1.0157045776244833
204.448,0.10537501,2313.3838707143054,0.018329278,0.09814453125,0.2949417,0.7335904,1.022894092529919
204.48,0.105033584,2241.037475859932,0.017863927,0.08837890625,1.1388935,0.779855,1.0306171900918502
204.512,0.09376059,1942.6212488052383,0.011570672,0.10546875,2.9097538,0.81181186,1.0217117892645367
204.544,0.07202664,2127.9724608312677,0.037627183,0.10400390625,1.0649093,0.70836073,1.0000343771091051
204.576,0.108345434,2307.8332856721254,0.04818728,0.09619140625,0.6244985,0.81905353,0.9736095031426472
204.608,0.15777597,2123.5371801052293,0.019427273,0.08642578125,2.885594,0.937244,0.9451079997636518
204.64,0.19283193,1752.956256272782,0.005149297,0.0546875,4.298545,0.9761801,0.9225573485617097
204.672,0.16441166,1536.130041037043,0.0033865129,0.033203125,0.79799104,0.9694758,0.910756970783276
204.704,0.1339518,1492.8779265371581,0.0037349928,0.03271484375,0.29230666,0.9509577,0.909085355432688
204.736,0.104053214,1795.872681725641,0.006466085,0.0478515625,0.27033556,0.9141164,0.9174230045832749
204.768,0.0868148,2161.3581655943626,0.0103846835,0.0546875,0.67325836,0.86794585,0.9328654025829024
204.8,0.08451938,2320.03561706897,0.013075566,0.08251953125,1.0003793,0.8277856,0.9472596894077776
204.832,0.08272205,3181.2242546694943,0.04034564,0.12451171875,0.9591123,0.77666855,0.9472927950289479
204.864,0.09020013,3391.5575895311945,0.07962113,0.14306640625,1.0128865,0.67010546,0.9373432871932453
204.896,0.09479252,3023.179174885111,0.06367123,0.17236328125,3.1082425,0.6658288,0.9168014046631886
204.928,0.08194822,2647.224858536135,0.048141815,0.16748046875,3.574672,0.6725992,0.8922233541941555
204.96,0.06373462,2465.4624861005477,0.04193995,0.13720703125,1.4280148,0.6950269,0.8707574482688151
204.992,0.052559655,2325.9767578315323,0.030452855,0.138671875,0.7542062,0.69463503,0.8515147357865527
205.024,0.05800011,2402.779367663943,0.08140978,0.12548828125,0.49189138,0.6084821,0.8347523891125991
205.056,0.09211893,2326.168015358412,0.0642796,0.11328125,0.31351218,0.67005223,0.8108258549508577
205.088,0.12907524,2232.4855398732734,0.025220664,0.107421875,4.7606015,0.8207149,0.7810507554005575
205.12,0.13285945,2268.0283532083567,0.013774712,0.09521484375,3.43109,0.8717167,0.7400817837725168
205.152,0.12774587,2323.1806313029633,0.018256063,0.08837890625,0.80350643,0.8433103,0.6896499586430009
205.184,0.14383909,2317.0847561480755,0.025317239,0.0810546875,0.4529482,0.83706003,0.6335573411865364
205.216,0.15973732,2238.7504663866866,0.01661465,0.072265625,1.8101305,0.8933326,0.5831281537562192
205.248,0.18229648,2164.6057452480527,0.007421461,0.0712890625,2.0054793,0.9402958,0.5477994278316721
205.28,0.16147587,2046.5103310950226,0.0066039977,0.08251953125,0.70169103,0.91982406,0.5286217610159819
205.312,0.11754142,2155.8673962420844,0.009086321,0.1025390625,0.6533663,0.80942875,0.5268952767161984
205.344,0.09097994,2189.928551098541,0.01500984,0.1162109375,0.9223677,0.67166626,0.539599338067119
205.376,0.0802337,2233.338900060871,0.018085502,0.11962890625,0.5418462,0.6629548,0.553069333921168
205.408,0.078727104,2205.7625698982474,0.013501287,0.12158203125,1.2174872,0.6076711,0.5627610203425306
205.44,0.08017958,2370.4018049530546,0.025120901,0.13134765625,0.5701184,0.5189908,0.5721188990355749
205.472,0.10387671,2414.97706977668,0.046583403,0.12841796875,0.38275188,0.55134135,0.5885752776792224
205.504,0.1285129,2224.5563239289368,0.02554796,0.12109375,2.8211868,0.7519655,0.6162045589492413
205.536,0.11993711,2033.3785281297141,0.01368886,0.10009765625,4.8434668,0.80510646,0.6597106193949445
205.568,0.11126035,1898.7737225954854,0.009072567,0.07080078125,0.7070569,0.81290793,0.71461951579319
205.6,0.107126914,1732.029747309943,0.00658317,0.07958984375,0.1871265,0.8946985,0.7774196916079227
205.632,0.10916775,1923.2522139877328,0.015776958,0.11279296875,0.24599046,0.8019123,0.8426184383765865
205.664,0.10064326,2289.1112500888667,0.03385755,0.14794921875,0.6022498,0.59948945,0.9050943343868493
205.696,0.078767136,2642.6165171851594,0.03119134,0.185546875,4.2749953,0.49672922,0.9549932028055231
205.728,0.06698031,2755.826520625633,0.023220256,0.2041015625,2.4607174,0.49539402,0.9847109718698976
205.76,0.07468139,2417.4015621275603,0.06649607,0.17041015625,0.55882716,0.57886,0.9957155498693094
205.792,0.13231203,2226.3798721057483,0.037000004,0.13427734375,0.16204354,0.8285468,0.9914173958593645
205.824,0.16641004,2129.654339240951,0.013565696,0.099609375,5.920888,0.9105853,0.9873760397231414
205.856,0.18413988,1817.9705922205294,0.0052277977,0.068359375,2.5668457,0.9266999,0.9953357028326613
205.888,0.14737898,1841.9479357004707,0.0053804447,0.07568359375,0.41476196,0.8563393,1.0092071720955282
205.92,0.11372974,2003.8234998189682,0.008558665,0.091796875,0.35750687,0.7896385,1.0170683419049071
205.952,0.09455842,2224.481225355822,0.014235275,0.1015625,0.46701786,0.717802,1.003308814367639
205.984,0.090041466,2202.764011341028,0.0140499165,0.1083984375,0.89523226,0.628188,0.9697512946348353
206.016,0.08980453,2121.9164411391093,0.009900431,0.10693359375,1.318353,0.560816,0.9158395739443241
206.048,0.09043217,2617.784567897152,0.021986555,0.11083984375,1.0919688,0.4836943,0.8471253167680622
206.08,0.093571104,2909.7400861415917,0.04480149,0.11767578125,0.80457234,0.46177402,0.7721364744408031
206.112,0.09034468,2723.1906842085023,0.023633463,0.123046875,2.718526,0.42823717,0.70117180035811
206.144,0.07998347,2621.7890952112984,0.0130870305,0.12158203125,2.476954,0.35822505,0.6407992547663148
206.176,0.06931344,2568.2714360574914,0.012866817,0.11962890625,0.17012464,0.35792962,0.5981733801778519
206.208,0.065347925,2492.441378548137,0.019637812,0.1279296875,0.15067647,0.30904967,0.574642560550342
206.24,0.077633165,2434.111313126744,0.04718593,0.11572265625,0.41226727,0.39637262,0.5651386053080908
206.272,0.109124586,2290.6605026856264,0.027705552,0.10400390625,1.8603343,0.6790015,0.5630342981040579
206.304,0.12469803,2158.733380992003,0.011720222,0.083984375,5.1913066,0.8642588,0.5568738202008846
206.336,0.12351845,2046.2809697638227,0.010328608,0.0654296875,1.337153,0.90331775,0.5402902365980742
206.368,0.13246815,2235.5014184243937,0.02948455,0.064453125,0.25791514,0.8670278,0.5222713631214472
206.4,0.15440273,2284.9814438450835,0.02390019,0.0537109375,0.88027394,0.91471,0.5146742878858591
206.432,0.17296688,2069.7048958540217,0.0072402246,0.0576171875,5.0824976,0.96679723,0.5324830472945479
206.464,0.18642746,1533.0505625027758,0.002392597,0.046875,1.0239656,0.97984636,0.5670369206858763
206.496,0.14108835,1540.6874758214349,0.0030859986,0.04296875,0.3942256,0.9772978,0.6186730163540497
206.528,0.10309149,1769.1672322486056,0.0082926545,0.05712890625,0.26936746,0.9452711,0.688136470334076
206.56,0.08760018,1822.542135369175,0.013189299,0.0546875,0.5608164,0.9038024,0.7656566670542374
206.592,0.0835009,1967.97330627457,0.010837213,0.10498046875,2.4449604,0.9539311,0.8371269682317295
206.624,0.07867428,3371.1116242470607,0.039476577,0.15869140625,1.4000503,0.88193166,0.8937161857400094
206.656,0.08628348,3259.451336135421,0.12302036,0.16064453125,0.47973424,0.6822332,0.9314630380436965
206.688,0.13027284,2607.559962779863,0.058889925,0.1767578125,2.8823123,0.8245953,0.9534933634929004
206.72,0.14288324,2226.087090558496,0.022150055,0.1357421875,6.826888,0.9207977,0.9739005493684629
206.752,0.120345585,2159.850056024495,0.014156054,0.08642578125,2.252313,0.90896815,1.0048325548727741
206.784,0.10656124,2192.2265494518324,0.011462849,0.076171875,0.3840731,0.87385076,1.0410773259536419
206.816,0.10208553,2440.4313995553807,0.016742842,0.0703125,0.37939727,0.89394253,1.0875519546368564
206.848,0.10418325,2774.7467128005965,0.02912673,0.06396484375,0.39331886,0.8981469,1.136316616723254
206.88,0.104694895,2979.7685416537724,0.024316754,0.0830078125,1.4749206,0.92029476,1.1769670238795604
206.912,0.10185105,3151.0120510246893,0.016257402,0.099609375,2.2565067,0.9463242,1.1981839660990754
206.944,0.09797027,2891.537657739418,0.035177723,0.10205078125,0.4211151,0.9103195,1.1986984299118308
206.976,0.1213968,2435.9426461757457,0.052605096,0.10400390625,0.18273504,0.84307826,1.1881760278254458
207.008,0.1545562,2188.0607420338565,0.025977721,0.08203125,3.905368,0.9093789,1.1690169554554852
207.04,0.18179975,1800.541884679059,0.007058783,0.0615234375,5.207465,0.9527785,1.1510273535366589
207.072,0.1583299,1588.8092446689739,0.004949784,0.0537109375,0.85081077,0.94282097,1.1418742464959646
207.104,0.13003093,1615.3900209384706,0.0053706923,0.06103515625,0.29356328,0.9367219,1.1429047849524379
207.136,0.09949152,1902.1295048836425,0.0077555366,0.0654296875,0.32646143,0.91092175,1.1509935285448236
207.168,0.08670821,2248.747240867717,0.01150949,0.076171875,0.46349144,0.8549613,1.1648037597405991
207.2,0.08631387,2184.216494709255,0.009568403,0.07568359375,0.73380554,0.7910696,1.1732498959348772
207.232,0.07936276,2355.0597412546676,0.017673887,0.09228515625,0.9959065,0.79753274,1.165359882526111
207.264,0.083219215,2842.8874640726845,0.0616442,0.11474609375,0.65074176,0.71280164,1.1444362071136733
207.296,0.093362845,2783.4922526049313,0.05449285,0.14013671875,1.7629825,0.655933,1.111864399884583
207.328,0.08205237,2726.1087171960935,0.03618723,0.15283203125,4.3461537,0.66688895,1.0756205452762948
207.36,0.065692596,2680.0455040827837,0.0349545,0.15380859375,1.2093287,0.64433837,1.0410907279409758
207.392,0.057977717,2518.97316851336,0.033493813,0.1650390625,0.29505068,0.5556185,1.0121771511743927
207.424,0.062212784,2421.8320290548727,0.06185052,0.15185546875,0.47386873,0.47594342,0.9868091726851509
207.456,0.09105174,2339.210423462875,0.060835894,0.13525390625,0.75426024,0.61598366,0.9534428076497155
207.488,0.122234285,2199.1893211058223,0.023552006,0.1025390625,3.9293149,0.8382152,0.9117460583959239
207.52,0.13006975,1873.5313804119787,0.008168176,0.06689453125,3.2819078,0.9409524,0.8611624275938092
207.552,0.12859581,2006.8508394919684,0.018066352,0.05810546875,0.4759708,0.9274672,0.8080726402047184
207.584,0.14640719,2339.069624865239,0.033892293,0.0517578125,0.21127115,0.89623255,0.7612591916109624
207.616,0.16134854,2393.037989669191,0.017008469,0.0498046875,3.2926774,0.9416064,0.7309402497617749
207.648,0.1932857,1912.3825152463264,0.0041296305,0.048828125,3.170467,0.98013467,0.7195402701007169
207.68,0.16565748,1600.1782699046098,0.0028239484,0.04052734375,0.21424282,0.975727,0.725577868850156
207.712,0.11738589,1728.3218642317738,0.005448691,0.0634765625,0.212363,0.9505997,0.7488937182980455
207.744,0.0911612,1942.7217457435754,0.014615834,0.08740234375,0.5146637,0.9056512,0.7800518102387215
207.776,0.08004468,2147.786389884141,0.024946295,0.09814453125,0.9649793,0.80956507,0.8060696005655774
207.808,0.07552879,2132.6646820210726,0.017647108,0.11279296875,2.7290924,0.7695027,0.8202554079999579
207.84,0.07465446,2344.650287588276,0.03457803,0.134765625,1.5160558,0.809009,0.8190369341368761
207.872,0.10699493,2602.4265285313722,0.07254387,0.12255859375,0.29089186,0.74446297,0.8095639398698038
207.904,0.13704015,2417.1754538647892,0.036345087,0.12451171875,3.10516,0.8752913,0.8086595884207239
207.936,0.12746583,2143.444901147199,0.014784485,0.10791015625,5.651458,0.934907,0.8254402171668727
207.968,0.11999377,1908.8606184151079,0.0075563807,0.072265625,0.49931496,0.93832546,0.851645248637845
208.0,0.11948461,1722.0600218654972,0.0044501587,0.08447265625,0.096984066,0.945996,0.8827563113405628
208.032,0.11701271,2020.1300587806554,0.013029943,0.091796875,0.2622462,0.9135814,0.9132304606776643
208.064,0.103049606,2311.0346157415515,0.030900259,0.109375,0.34664148,0.831171,0.9329920839913834
208.096,0.07698366,2431.15106968528,0.031930916,0.11474609375,4.028819,0.7535738,0.9305261118218398
208.128,0.06018367,2434.689518987494,0.02536469,0.146484375,2.5988936,0.7809036,0.8984114532849146
208.16,0.07440004,2540.514783081177,0.07498803,0.13232421875,0.30906928,0.7032861,0.8532376042939036
208.192,0.13724972,2265.1941767398007,0.037461333,0.1083984375,0.1526742,0.86406195,0.8090244429238621
208.224,0.183168,1956.570359200183,0.011467602,0.09912109375,6.6128445,0.95702374,0.7776891747502847
208.256,0.19765201,1631.5077362517661,0.0043054316,0.0458984375,2.7377486,0.9769711,0.7677853232849211
208.288,0.15239383,1655.63170192613,0.0048332014,0.04541015625,0.33611608,0.95886624,0.7755372732981134
208.32,0.11707045,1790.9614614746422,0.006830649,0.0576171875,0.13370201,0.9268203,0.797489488496965
208.352,0.093928635,2113.6228676148194,0.011986101,0.0693359375,0.391567,0.8898485,0.822982096330291
208.384,0.08752347,2302.3617993832913,0.012858918,0.0732421875,0.6220003,0.8342105,0.84310335867029
208.416,0.08615156,2169.60648740758,0.0077299206,0.08740234375,0.9038887,0.8323675,0.8428087667515975
208.448,0.08359703,2726.3450801494323,0.030144505,0.1171875,0.90285444,0.81932414,0.8239364099771903
208.48,0.09017122,3124.8632308176407,0.06276074,0.12841796875,0.33636358,0.7036338,0.793351065525147
208.512,0.08332599,3049.161724677246,0.0433585,0.14404296875,3.6862054,0.7375752,0.7581335517486076
208.544,0.0676938,2905.8495344929233,0.028921617,0.14111328125,3.0463405,0.76222485,0.7254852202315196
208.576,0.05775611,2542.8394893415066,0.019904574,0.12548828125,0.26349533,0.7474408,0.7053627295699033
208.608,0.05275075,2356.912764609292,0.040260654,0.1279296875,0.22043625,0.73514944,0.7024784260544714
208.64,0.07509792,2407.169256177482,0.08263456,0.11328125,0.44206315,0.652672,0.7031995021377516
208.672,0.118782,2247.9783323107868,0.034985844,0.09814453125,2.7917202,0.8103424,0.697798684057558
208.704,0.13724777,1970.6553336403047,0.010539787,0.068359375,5.6474495,0.92499995,0.6820516792123029
208.736,0.12970068,1817.7315258868093,0.008049823,0.05712890625,1.2129172,0.9522972,0.6549579571173858
208.768,0.13438214,2241.090220730125,0.031538986,0.0576171875,0.28924993,0.9028027,0.6282394203595201
208.8,0.15778697,2375.6259854519226,0.024456464,0.0498046875,0.31990469,0.9243216,0.6120705461368128
208.832,0.1840006,2153.135428758398,0.0063824854,0.05322265625,5.2249813,0.97544515,0.6152471208288874
208.864,0.20420933,1626.8510069911008,0.0023221138,0.033203125,0.93891895,0.9887633,0.6336180236782234
208.896,0.15146595,1653.1071498303415,0.0029599408,0.025390625,0.15191136,0.98339814,0.6742139607314666
208.928,0.10662915,1816.635600555823,0.008591716,0.04345703125,0.38519254,0.9583409,0.7436831425686934
208.96,0.08840877,1954.2024263598826,0.019102698,0.0625,0.39972514,0.8860402,0.8321439790150108
208.992,0.09112281,2065.4351746945645,0.013189857,0.06884765625,2.49015,0.85003686,0.9260555006619867
209.024,0.096505955,2024.2102168453637,0.008566534,0.10888671875,2.4512317,0.894191,1.0226197755032174
209.056,0.098580755,2541.7918800142297,0.06382228,0.11376953125,0.8165269,0.7733936,1.114184632682299
209.088,0.13713893,2425.5959045627524,0.04980805,0.1044921875,0.3584196,0.825071,1.1984441193714603
209.12,0.14759132,2128.092618929468,0.015808498,0.1064453125,7.166972,0.9321292,1.2767094619403252
209.152,0.12317468,1976.2264557339122,0.008803405,0.07080078125,2.2098663,0.94926876,1.3463937598694298
209.184,0.09975826,1963.3241399657454,0.006730246,0.0546875,0.12153389,0.92608243,1.4079187713439618
209.216,0.10111265,2063.9195318634434,0.009367088,0.0615234375,0.07963987,0.9334455,1.4671145060261324
209.248,0.10987397,2400.7157520081596,0.02034351,0.0654296875,0.3958,0.89764816,1.5220528177979966
209.28,0.1133469,2357.640632097408,0.014177667,0.0693359375,1.7715511,0.8856495,1.5708685099251343
209.312,0.11495035,1970.8301902728856,0.005690615,0.072265625,3.2330647,0.89443547,1.6101737818628672
209.344,0.10640108,2063.2387865855726,0.013025372,0.06298828125,0.552863,0.88311243,1.643398913441123
209.376,0.10897453,2121.608271296054,0.029793065,0.0654296875,0.33174354,0.88121116,1.66757274423881
209.408,0.112198085,1649.2514698873529,0.009908638,0.06396484375,2.8795679,0.9137002,1.6790092435365003
209.44,0.103767335,1515.1498957338144,0.0053342106,0.06494140625,3.42587,0.87840104,1.685183237128095
209.472,0.09690641,1606.3295249082132,0.005140109,0.064453125,0.5281795,0.8182944,1.6942033634547111
209.504,0.09365236,1636.7711685572308,0.0043474343,0.05615234375,0.5809703,0.83538014,1.7112826271554962
209.536,0.09096785,1627.5238626424848,0.003957733,0.0625,0.47855154,0.8841044,1.7401583932941724
209.568,0.08955907,1782.6850013660958,0.0051438073,0.0625,0.48208416,0.88966435,1.7816759467709251
209.6,0.08858656,1907.8480236382575,0.005322474,0.05908203125,0.6331376,0.8184727,1.8342523319256032
209.632,0.0820286,1708.4379265462937,0.0039087897,0.07666015625,1.5254309,0.8688269,1.8979221571716274
209.664,0.08255622,2256.598695135746,0.013448788,0.08544921875,0.8096028,0.7939594,1.9704109365960731
209.696,0.08298889,2339.4772463927666,0.0114129605,0.08642578125,0.6059127,0.63884777,2.047310705572092
209.728,0.07631162,1916.5878124251126,0.0031252573,0.09130859375,3.7999856,0.7008501,2.1250308331633048
209.76,0.07155366,1761.4723357258176,0.0023258287,0.07177734375,0.5605806,0.77424836,2.2007086570254475
209.792,0.06947784,1677.8191078626623,0.0028766047,0.06005859375,0.18686694,0.81662303,2.2731276630151758
209.824,0.07297083,1818.7699268415558,0.018358028,0.0546875,0.5342884,0.71944964,2.3387490466433007
209.856,0.08100391,1793.414988021998,0.019195143,0.07568359375,1.2954293,0.65864146,2.4021824979956303
209.888,0.07148246,1971.2452716037892,0.011272376,0.07763671875,6.4218965,0.6296818,2.471052697771729
209.92,0.06154366,1984.9599879208145,0.005378445,0.07958984375,1.6630784,0.6636129,2.550865338864301
209.952,0.058061842,2158.6237894139636,0.015704416,0.103515625,0.72459227,0.76466507,2.639937650902167
209.984,0.068199635,2394.3963819576197,0.0182424,0.10302734375,0.1762553,0.5288321,2.728125679597355
210.016,0.06257733,2207.885558930707,0.005664501,0.11328125,2.9416814,0.55354726,2.8099192114636953
210.048,0.05628548,1957.5791765068877,0.0027482866,0.11181640625,1.91528,0.6418404,2.8829353489501006
210.08,0.05345152,1823.1822342472356,0.0027483732,0.09326171875,0.11528601,0.6955921,2.950427882268217
210.112,0.05125436,2106.68472330666,0.00799618,0.07080078125,0.24344112,0.7412785,3.0144886796464365
210.144,0.04987194,2275.3395907824843,0.016762424,0.0908203125,0.6399158,0.82515347,3.08119348419816
210.176,0.05548164,2477.969755665777,0.020521868,0.10595703125,2.484309,0.6348709,3.151054243591745
210.208,0.057396714,2498.293759341147,0.013338272,0.10498046875,2.6697135,0.51959455,3.229280060889427
210.24,0.051314883,1983.6486416371235,0.015723856,0.12255859375,2.5186727,0.60023916,3.317010198723271
210.272,0.07558868,2144.7503644496082,0.03157376,0.11962890625,0.43697706,0.46257013,3.411634932849278
210.304,0.075155765,2195.7747960040483,0.017622445,0.12548828125,2.7921288,0.44284326,3.5111775034539328
210.336,0.053506393,2430.3638646539557,0.01367331,0.1455078125,5.098428,0.47914258,3.614930001577031
210.368,0.048123907,2823.3748183823404,0.031774733,0.146484375,0.28284174,0.48816463,3.7189363480592412
210.4,0.048334394,2374.494317193513,0.011217461,0.1435546875,0.24186237,0.49420196,3.8191800715307496
210.432,0.04515031,2609.922574591467,0.029265527,0.140625,2.030626,0.54271895,3.9192642854814324
210.464,0.043927897,2618.2669100943795,0.05123665,0.15478515625,0.1063812,0.50762606,4.019904460462536
210.496,0.056211352,2538.24519875923,0.01457412,0.1435546875,3.2389472,0.2940722,4.120186298867961
210.528,0.04734916,2357.3917202619577,0.008609241,0.14013671875,2.920661,0.38879,4.217891463565038
210.56,0.046350364,2384.230687382536,0.066118546,0.1552734375,0.6908757,0.48624903,4.311122181427841
210.592,0.05894913,2371.176653229801,0.05190704,0.1494140625,0.28880808,0.35183012,4.4032475807068225
210.624,0.049902588,2279.1250429732036,0.008861354,0.17431640625,7.1645985,0.3313833,4.494944850548372
210.656,0.04404807,2548.023515774222,0.011706605,0.17626953125,1.3091826,0.3742184,4.575820022804795
210.688,0.04148503,2457.809549870554,0.010548653,0.1513671875,0.07332698,0.47384855,4.639550996156148
210.72,0.03985833,2588.1477571052174,0.023846546,0.1240234375,0.9099124,0.55832684,4.686416474857558
210.752,0.03756464,2489.995178248203,0.026587525,0.12646484375,0.7006767,0.6039558,4.720853180068903
210.784,0.051697474,2661.8232289611974,0.014375523,0.12451171875,3.0659235,0.28515077,4.743824621840533
210.816,0.04526212,2475.718549327054,0.0069845887,0.130859375,2.0232298,0.34235606,4.7570576656272205
210.848,0.04144497,2600.984190397555,0.026047885,0.16162109375,1.5965524,0.3934956,4.759590577485872
210.88,0.057906255,2686.6646973734228,0.019810366,0.15478515625,0.1866091,0.17932472,4.746034923440123
210.912,0.052912567,2606.244987024463,0.0067840056,0.169921875,3.4804134,0.20291641,4.713182320393718
210.944,0.04764811,2895.9069786242408,0.017916685,0.173828125,1.7892435,0.26705983,4.666732010076112
210.976,0.04250015,2644.7191085108616,0.014243414,0.150390625,0.08763207,0.34543318,4.6134396572720915
211.008,0.04165576,1964.8783374453187,0.022358062,0.12646484375,2.1990547,0.42503512,4.568464411611027
211.04,0.043230146,1769.870992194709,0.02370102,0.11474609375,0.48268282,0.46509528,4.537141650150963
211.072,0.049317718,2211.502881925726,0.015972191,0.12109375,4.3600507,0.29020575,4.498091874542168
211.104,0.055896733,2609.067411038497,0.018014936,0.1376953125,1.3977327,0.19262573,4.44425672688365
211.136,0.041965444,2734.0231147868753,0.038611867,0.16455078125,1.5024434,0.30275616,4.379879268263487
211.168,0.054756075,2794.0944557302228,0.03988614,0.16943359375,1.7215128,0.15342034,4.308172519663064
211.2,0.06437172,2529.2768011025173,0.014883326,0.15869140625,1.3148494,0.1062657,4.227505958983262
211.232,0.057937995,2171.4334343870714,0.01201004,0.138671875,2.2086525,0.37696472,4.134832548600501
211.264,0.060668122,1756.742102338266,0.0045938357,0.1767578125,0.8840165,0.638084,4.0354340022421304
211.296,0.045133922,3139.9461621757146,0.045841083,0.244140625,1.1807362,0.53860176,3.932364030004329
211.328,0.040543847,3779.244910903562,0.21793374,0.2470703125,0.25006232,0.18904535,3.8274658455329456
211.36,0.06317098,2986.6175049166736,0.082085066,0.2529296875,4.363222,0.3473948,3.7191561125354635
211.392,0.07915911,2302.7051419577415,0.017323015,0.19677734375,5.5553703,0.20324738,3.609694890096782
211.424,0.056891534,2256.2841566542775,0.01639765,0.13232421875,2.6129584,0.19260494,3.4966552022001816
211.456,0.05557376,2761.544979113227,0.058443204,0.1416015625,0.7202994,0.2090339,3.380783357356406
211.488,0.07280684,2824.6913923607967,0.051152907,0.1533203125,0.5201843,0.23778346,3.259824772997052
211.52,0.06966336,2902.5492586510436,0.026905429,0.16015625,4.4515157,0.29715052,3.1307379282014667
211.552,0.06500288,2686.1728156559548,0.017847575,0.13623046875,1.9996959,0.26812524,3.007335566159196
211.584,0.059632357,2233.580839689721,0.010176836,0.1083984375,0.47751176,0.5816986,2.8768844450558446
211.616,0.06143921,2341.0655839947613,0.009975577,0.09765625,0.5908909,0.7750568,2.735791707743093
211.648,0.062937945,2601.7016523872294,0.017828926,0.0869140625,0.39164087,0.6971863,2.60670224131781
211.68,0.058086257,2517.4294015709493,0.024133809,0.13671875,1.3805344,0.7130508,2.5083093360237703
211.712,0.046081483,3130.015902141933,0.101870276,0.240234375,2.395723,0.6933703,2.4386472514078057
211.744,0.05950028,3461.493647937912,0.14764751,0.2353515625,1.8594252,0.5997171,2.378895357292099
211.776,0.13364992,2278.788165242599,0.03441421,0.24462890625,3.752123,0.8761493,2.3219363622097546
211.808,0.14429146,2118.4332262082453,0.018206943,0.19970703125,3.805222,0.85816145,2.264519333592899
211.84,0.1096216,2373.419722960531,0.012816874,0.09765625,3.718181,0.7314698,2.215666741402725
211.872,0.092042096,2210.6685438192117,0.008379054,0.083984375,0.7237268,0.7228044,2.178241323765881
211.904,0.08098434,2071.5988516146754,0.007831102,0.08544921875,0.29008952,0.90247303,2.1581538037435917
211.936,0.081707925,2709.3160545604933,0.02376723,0.10791015625,0.19265099,0.9428697,2.1545847279348185
211.968,0.08140424,2877.972721912547,0.041704126,0.142578125,0.5603367,0.8512759,2.1618000909464095
212.0,0.08042411,2869.55524641313,0.02428446,0.16357421875,4.16407,0.68597245,2.1750953218239837
212.032,0.07475818,2711.616388959318,0.016176883,0.17431640625,3.1207674,0.6086184,2.1945563620609354
212.064,0.07091843,2709.123284922771,0.048863124,0.14599609375,1.0266576,0.7086121,2.2280271087510286
212.096,0.07763389,2662.08042170521,0.035277367,0.10986328125,1.0667708,0.8273226,2.290681578009141
212.128,0.08204502,2194.8512453685776,0.009208523,0.10107421875,4.354291,0.92855424,2.358696922913293
212.16,0.077878445,1898.839652054654,0.013431774,0.08447265625,0.47992504,0.8831106,2.4085072959236373
212.192,0.06292947,2205.6925655857967,0.029112192,0.1044921875,0.4026036,0.7686955,2.4365132702972687
212.224,0.056005232,2535.0033361453416,0.05540763,0.11083984375,3.5722578,0.6915394,2.4558695428091393
212.256,0.058355723,2555.094080356721,0.062143598,0.09716796875,1.7461004,0.5519369,2.4739957066181444
212.288,0.05765174,2212.8942362699263,0.020888412,0.09716796875,2.3301733,0.6358581,2.493007186321312
212.32,0.050111175,2474.364315403851,0.01729558,0.1171875,1.395682,0.77322197,2.5136332561133896
212.352,0.05254566,3250.813494121635,0.083362795,0.15380859375,0.120754056,0.6975802,2.532081942124971
212.384,0.05661558,3443.598234360906,0.15397702,0.18310546875,0.33983606,0.52695876,2.5411842120571873
212.416,0.051453263,3255.148698528684,0.1047506,0.17236328125,5.82371,0.6713574,2.5378588668031687
212.448,0.04575287,2792.3576876407624,0.031815745,0.1162109375,3.3662379,0.89789575,2.518762021100247
212.48,0.04496004,2175.189231834212,0.008065491,0.07421875,0.59610814,0.97271776,2.4868477084996403
212.512,0.06047982,1697.6610218143192,0.013195909,0.05517578125,0.14285754,0.7589396,2.4395018708416587
212.544,0.08744523,1648.6711199230465,0.014040004,0.05908203125,0.26374853,0.45968485,2.3854085384655592
212.576,0.08614009,1672.4508529960665,0.01138092,0.06201171875,6.4266515,0.5144722,2.3217502389117977
212.608,0.07197688,1514.675723470788,0.0064471406,0.06103515625,3.9333305,0.8342995,2.2522787749935866
212.64,0.06533048,2065.732817091286,0.031428557,0.07275390625,0.63419276,0.86343646,2.179753640689789
212.672,0.10049033,2153.696762347059,0.055905525,0.06787109375,0.15206346,0.75459546,2.1083633638300774
212.704,0.12907888,1900.1954417327904,0.020393202,0.08154296875,5.5785346,0.8874168,2.048519938984031
212.736,0.11696208,1875.5903815625566,0.0075905123,0.07763671875,6.348082,0.8994317,1.9955178282943886
212.768,0.079054095,2077.742149467995,0.008148729,0.0615234375,0.3677081,0.8661291,1.9441775239908519
212.8,0.07071929,1918.772989256257,0.005529124,0.07568359375,0.23118347,0.9256009,1.8926374944160878
212.832,0.074032344,2471.1047671130823,0.012247917,0.11474609375,0.14873207,0.8373107,1.8426871912912268
212.864,0.066961646,2820.476410230749,0.033463217,0.1708984375,0.27787185,0.7617538,1.801818845835213
212.896,0.051386587,3510.0012031555043,0.056528267,0.2392578125,3.066846,0.71497345,1.7780522472049765
212.928,0.04075536,4127.902954438581,0.06685684,0.2890625,2.899558,0.67439854,1.780343471062797
212.96,0.048691742,3473.864593482193,0.17866191,0.2646484375,0.69788086,0.5076215,1.812646359167219
212.992,0.06795919,3025.3017093313656,0.100647725,0.23095703125,0.60147583,0.6745262,1.9001879710633953
213.024,0.074657895,2775.67270020688,0.032360103,0.19384765625,7.208048,0.8119707,2.0166396451155375
213.056,0.061243188,3162.002839960109,0.020309081,0.14697265625,1.947908,0.65332955,2.1425441020169482
213.088,0.057948023,3098.928146590269,0.013162931,0.140625,0.46958473,0.60257393,2.2904207079593455
213.12,0.05562107,2572.487171329589,0.022129891,0.1396484375,0.4490019,0.6745124,2.4816843874017565
213.152,0.05565055,2952.8006458918508,0.03626055,0.1337890625,0.40079153,0.6548998,2.692561752052572
213.184,0.05523308,3340.7545827261733,0.040139858,0.14697265625,2.922004,0.59914005,2.8774952741162823
213.216,0.05672304,3048.223741122384,0.054384574,0.18798828125,1.9328065,0.5999134,3.0299026793363533
213.248,0.060103875,3131.096888962067,0.07350351,0.208984375,1.3333187,0.5275139,3.1600903283771924
213.28,0.060496707,3266.1072255024906,0.08785941,0.20166015625,2.8052268,0.40453398,3.2859607360474317
213.312,0.040016983,2995.203644530983,0.0875988,0.17529296875,2.7591863,0.54448146,3.415974524601678
213.344,0.021028582,2775.666974932574,0.04889134,0.1474609375,1.8256552,0.82725096,3.5532963041407606
213.376,0.016923875,3513.4665307978685,0.122068465,0.21923828125,0.32571924,0.63772285,3.6960569247009687
213.408,0.029154755,3666.616665151494,0.2831912,0.2392578125,0.03395737,0.1353983,3.846614406250696
213.44,0.0595038,3003.801824068438,0.15958937,0.29296875,2.0102766,0.353213,3.992322932009829
213.472,0.07810472,2703.2590307977507,0.052539013,0.30859375,8.470608,0.45849508,4.093479787192178
213.504,0.06620198,2959.15123821854,0.020510815,0.22509765625,5.0606074,0.24324884,4.185122514806642
213.536,0.054130446,2962.9846366088564,0.02808622,0.23388671875,0.69776547,0.13722844,4.28321763340049
213.568,0.062398244,2979.474369276542,0.06735651,0.22509765625,0.23533875,0.0920981,4.356084862372068
213.6,0.06460869,3016.105262857346,0.057579786,0.22900390625,1.267164,0.13275965,4.383964939986003
213.632,0.042258777,3057.288355915858,0.061660174,0.25048828125,4.4380717,0.22529367,4.393464214291911
213.664,0.019404592,3029.9924276670404,0.100026906,0.2919921875,0.8361479,0.4046763,4.404736655229745
213.696,0.019828692,3532.8103954386306,0.31465378,0.29443359375,0.56191725,0.1070749,4.404097639508917
213.728,0.045720782,3063.6741935862465,0.14298564,0.27294921875,0.2989195,0.34506884,4.392215875037437
213.76,0.072122775,2572.951533302713,0.035775136,0.2373046875,4.7479663,0.48004505,4.3585661033913645
213.792,0.07382781,2666.077972427126,0.018181756,0.17822265625,5.0516944,0.6173667,4.3076950393023195
213.824,0.05914231,3031.9091457609293,0.031905543,0.1953125,1.2790624,0.7905475,4.237450062571987
213.856,0.06902145,3287.863571835348,0.10645872,0.17529296875,0.38991907,0.6948195,4.140412337153762
213.888,0.10940355,2606.4697683181666,0.052127864,0.1806640625,1.3033731,0.8017165,4.002020552902641
213.92,0.11701908,2239.6295716888662,0.013238487,0.18115234375,6.671307,0.7508901,3.8274201283611466
213.952,0.0877854,2303.19265246273,0.00829267,0.1328125,2.4827209,0.5391786,3.6316167560136274
213.984,0.06379239,2399.327340860037,0.011533632,0.1494140625,0.5590228,0.2932071,3.410039505764704
214.016,0.069454424,2395.877279378911,0.012066617,0.1611328125,0.41322184,0.34104314,3.1744926070037778
214.048,0.06503562,2724.2865244750765,0.034140114,0.22021484375,0.678549,0.46617308,2.934152998457669
214.08,0.047110956,3637.086092354135,0.07446042,0.265625,1.1204232,0.5208572,2.6932505295632394
214.112,0.034033924,4417.453160042187,0.08872371,0.38525390625,3.0705018,0.49261713,2.4549736986479616
214.144,0.042280447,3647.5966882446733,0.1296082,0.35302734375,1.2294065,0.61800754,2.2380682899201654
214.176,0.11321281,2627.968934464963,0.043137543,0.26025390625,0.3398499,0.89112407,2.05469886354226
214.208,0.14228548,2276.7392742570146,0.01856622,0.212890625,5.3062305,0.9450744,1.9088051323555115
214.24,0.11343637,2401.372764177243,0.012194484,0.078125,5.386013,0.92537403,1.787158738938314
214.272,0.09219864,2411.506592242844,0.007888091,0.06494140625,0.90222,0.9156072,1.6756871772980004
214.304,0.08220548,2106.2724216309525,0.008051346,0.0947265625,0.53485453,0.9654037,1.575090006670223
214.336,0.083426476,2606.508217957441,0.025224745,0.10791015625,0.2463991,0.89983433,1.4838571885392402
214.368,0.086186804,2852.0308166760324,0.033135246,0.13720703125,1.0197914,0.7745614,1.4150519851488261
214.4,0.07756096,3069.3350137109173,0.019393297,0.173828125,4.619417,0.76076233,1.3923945206368495
214.432,0.07542254,2977.4875417126573,0.010897962,0.185546875,1.9952326,0.7807286,1.4272515288854435
214.464,0.07602602,2999.463113016695,0.036940366,0.17724609375,0.6312205,0.70831597,1.500903512690496
214.496,0.07554852,2924.7976067979444,0.036668304,0.15771484375,0.77018344,0.71862966,1.6262856000993922
214.528,0.07589252,2599.957596139894,0.012213912,0.15283203125,4.556268,0.7112553,1.783080080234851
214.56,0.07496167,2308.537145501385,0.0067035537,0.11181640625,1.2363317,0.60504824,1.953292133580528
214.592,0.069752045,2061.6028691936835,0.0072969254,0.107421875,0.5344556,0.710638,2.129322462616263
214.624,0.07384706,2220.381157139971,0.032227628,0.1123046875,0.63661146,0.7006301,2.3096512462613825
214.656,0.07992292,2451.277212669711,0.044643514,0.1083984375,1.5018753,0.3667835,2.502320114730947
214.688,0.07880663,2294.0451756525936,0.014476058,0.1220703125,6.543597,0.3006513,2.6820389061817718
214.72,0.070570305,1968.1283292464339,0.0047739255,0.13134765625,2.2716284,0.29441944,2.8435264184558724
214.752,0.06273527,2538.903333611046,0.038550865,0.12890625,0.19089456,0.36023587,2.982396040713522
214.784,0.05427466,2834.68839304645,0.101875655,0.14306640625,0.11352356,0.51066405,3.1101287258157098
214.816,0.04383717,3051.4100619630485,0.082116224,0.1748046875,5.852666,0.7087691,3.2373190129188374
214.848,0.047485784,3265.2660097828475,0.0861748,0.1865234375,3.1466851,0.6100519,3.3592901906980703
214.88,0.04897013,3284.3407230924818,0.08870256,0.18212890625,0.42484254,0.56020415,3.4598058298402705
214.912,0.045439355,3139.5814695808567,0.078377545,0.17626953125,1.4550889,0.6687872,3.540449383840168
214.944,0.051930886,3048.415864278265,0.07299609,0.17333984375,1.1740115,0.7647164,3.612911880521923
214.976,0.06841118,3666.390454817796,0.051929343,0.16943359375,0.9342541,0.7782901,3.63203382906825
215.008,0.06882105,4085.170501236103,0.02708687,0.21337890625,2.1257374,0.83616793,3.620332125690035
215.04,0.06554422,3425.658129053967,0.06566493,0.197265625,1.1957433,0.80895746,3.590464615860046
215.072,0.102127105,2588.697639087107,0.057435177,0.16162109375,0.19884756,0.8203678,3.5501740779176743
215.104,0.13262214,2143.942538689512,0.018773925,0.14013671875,5.5032005,0.91435415,3.4944489563591286
215.136,0.11407252,2267.344144724701,0.00781904,0.087890625,5.231805,0.9366792,3.421471052424506
215.168,0.07176008,2228.6240110052618,0.011733101,0.08349609375,0.68419975,0.92218757,3.335789595380382
215.2,0.058627337,2333.8818307561137,0.023824172,0.1005859375,0.1663566,0.9339222,3.227868403036823
215.232,0.06862724,2859.740570089832,0.051329326,0.1015625,0.63967085,0.862124,3.109409993223608
215.264,0.07462108,2823.4238298929467,0.03540793,0.109375,2.3190842,0.87070054,2.9784731073730026
215.296,0.06840162,2976.9440338370714,0.019485893,0.12109375,3.8972263,0.86987436,2.8513778931765765
215.328,0.06420565,3185.4764004940043,0.023130896,0.1240234375,1.0023115,0.8674987,2.72186484426422
215.36,0.07012059,2909.5900763762374,0.0648699,0.138671875,0.19651039,0.7920117,2.5841060534005686
215.392,0.079652935,2794.241942922767,0.062050343,0.14404296875,0.74213266,0.7950004,2.4356163084398004
215.424,0.06567189,3115.0524507449013,0.044464983,0.15771484375,5.8875895,0.7989585,2.2959995031992992
215.456,0.061017893,2847.998469050517,0.027914282,0.14404296875,2.0316932,0.65827656,2.179374142430551
215.488,0.06504777,2396.348867747542,0.017056534,0.119140625,0.5146953,0.37214315,2.1141464510837826
215.52,0.07685041,2171.373156175982,0.007704778,0.12841796875,1.117154,0.08136865,2.0771904993170383
215.552,0.0757533,2471.6237193919233,0.005494826,0.11083984375,1.2607868,0.021419806,2.0532278935375867
215.584,0.064350136,2413.9771691102846,0.008733258,0.125,0.7567086,0.014305542,2.0301103001986034
215.616,0.047529995,2275.5364265564913,0.021234833,0.14453125,0.9277958,0.29009047,2.008883948709554
215.648,0.05733408,2589.570222548002,0.054175492,0.1484375,1.8932911,0.61346376,2.0005977150460352
215.68,0.07381015,2491.3999315160636,0.068777926,0.17431640625,3.3800387,0.3149397,2.0176544420379723
215.712,0.07395047,2450.338838070183,0.033579826,0.17822265625,5.676217,0.12441251,2.0544593859627938
215.744,0.06789451,2443.9504741904366,0.008142808,0.166015625,3.7581134,0.078527406,2.1044123641323482
215.776,0.053875994,2262.005190185755,0.008929054,0.14892578125,0.67506045,0.093194485,2.155685496209915
215.808,0.024926176,2424.090484785506,0.073662795,0.15966796875,0.18877885,0.32536858,2.2129484598175804
215.84,0.035096582,2830.0478109236633,0.16968133,0.17236328125,0.92011654,0.17718215,2.2717330725657683
215.872,0.041668326,3057.3185052885865,0.11995647,0.2626953125,3.2639878,0.13107973,2.3229987522444575
215.904,0.032140445,3883.9867264706063,0.114337206,0.3740234375,6.1954455,0.07290573,2.351852411274052
215.936,0.025063705,4322.500934337951,0.20381923,0.40478515625,0.9675374,0.052154638,2.3739756866228316
215.968,0.03836091,3603.112929938049,0.28223678,0.39013671875,0.16063845,0.16191173,2.3497873301458134
216.0,0.054754067,3258.1934509148705,0.13044386,0.306640625,1.0714569,0.44744503,2.302983471218478
216.032,0.05789954,3028.322075637403,0.039600775,0.21240234375,6.3662024,0.56089836,2.242169630993234
216.064,0.0497086,2585.7012559439186,0.021689963,0.18359375,1.3776395,0.56115454,2.1832069283122797
216.096,0.026232455,2481.1114613180284,0.05612301,0.2109375,0.49420634,0.46373573,2.1227796945407142
216.128,0.029269936,2870.8944296322156,0.17457864,0.2041015625,1.3383856,0.15232812,2.054083768520864
216.16,0.050688434,2647.075122163412,0.077506974,0.171875,1.052748,0.5682813,1.9884195013012633
216.192,0.05789782,2547.5403341489227,0.025412023,0.1240234375,5.8325963,0.8646389,1.9327833655167366
216.224,0.052815724,2245.3083022659275,0.015487204,0.0927734375,1.9237928,0.9082079,1.897655450571188
216.256,0.07339672,2361.995713145465,0.07536922,0.087890625,0.12531456,0.55816555,1.8845996028074063
216.288,0.11637083,2204.2127745324024,0.047876958,0.09130859375,0.5951551,0.73112565,1.8816877294457108
216.32,0.11757429,2010.272002307955,0.015599583,0.08251953125,8.959739,0.8850029,1.876272812834992
216.352,0.08636975,1829.0323971461435,0.007148829,0.05908203125,2.5993814,0.9444486,1.8659268210257365
216.384,0.06622563,1874.45079056469,0.005201123,0.06591796875,0.2925281,0.9584317,1.852624039339169
216.416,0.06895621,2280.764913254013,0.009865171,0.0908203125,0.051967673,0.8812351,1.8368080942378249
216.448,0.07038844,2710.8674685779474,0.018318743,0.11181640625,0.16000822,0.6325441,1.8233769047960924
216.48,0.057582166,2507.8472861413015,0.023747273,0.126953125,2.9897935,0.47914562,1.8104869731407962
216.512,0.053564917,2226.4331063809536,0.02326336,0.14013671875,2.8687932,0.3960466,1.8025791625374297
216.544,0.06581178,2213.0854838083196,0.031902555,0.12451171875,1.2246205,0.30602136,1.8026986709150519
216.576,0.11257986,2062.0043516233027,0.027490132,0.11572265625,1.221333,0.6698044,1.8059968207979686
216.608,0.13486338,1887.6898327378733,0.013880591,0.11376953125,3.4772274,0.7993515,1.815537968005128
216.64,0.10659975,2198.3825772921045,0.012741968,0.0986328125,4.372799,0.78586996,1.8333538766878508
216.672,0.08582354,2530.3633175194313,0.01826008,0.1015625,0.6639804,0.8631495,1.8579031105258355
216.704,0.08205648,2556.3289631761522,0.017396212,0.11865234375,0.40156892,0.9125652,1.8875351931900046
216.736,0.088155255,2453.8636492557134,0.016277041,0.11328125,0.89528275,0.8795479,1.9197409546068647
216.768,0.08182027,2236.630054734801,0.010868235,0.10009765625,1.2887654,0.87046975,1.9669749896340663
216.8,0.07578869,1699.5872211254284,0.0038492824,0.0869140625,1.7488444,0.93751687,2.0310891338443557
216.832,0.07932294,1703.6252610741512,0.0058500487,0.09912109375,0.85366595,0.84713525,2.1050898710475154
216.864,0.08980138,2314.7238058457046,0.025639465,0.1103515625,0.45742762,0.5087763,2.182287127112052
216.896,0.09040849,2472.389904233028,0.02180742,0.1328125,3.2119007,0.40446857,2.263555283493143
216.928,0.083565585,2199.161665700342,0.00678204,0.14013671875,5.736967,0.43142477,2.3759824445934163
216.96,0.072764546,1897.0493637848856,0.004655806,0.099609375,0.5070251,0.45649433,2.5095338497435584
216.992,0.054433104,1667.0638288553744,0.0053691994,0.10546875,0.19920284,0.76357114,2.650633793359962
217.024,0.05176375,2660.979126157777,0.0458416,0.109375,0.9124597,0.8176773,2.7864536144501475
217.056,0.057713497,2957.1919437416946,0.084600314,0.12158203125,0.57348186,0.5456901,2.925224996098353
217.088,0.05850524,3268.765025054105,0.05538492,0.15087890625,7.0085993,0.5862556,3.063043253791897
217.12,0.048585426,3821.2843061520357,0.039368406,0.1640625,3.4290671,0.7227221,3.1906026111204704
217.152,0.050708063,3509.237954462791,0.10004601,0.16845703125,0.26295888,0.6845249,3.298800003704426
217.184,0.061056346,3224.287941122697,0.12221992,0.18505859375,0.13429852,0.5695271,3.3728373309040274
217.216,0.062897764,3112.8693670442394,0.058308847,0.1650390625,4.928897,0.69640076,3.4081993011760767
217.248,0.056413677,2643.810014215288,0.023831703,0.1298828125,3.4131663,0.8097649,3.4075630843201212
217.28,0.046852686,2202.1134115753384,0.015239884,0.125,0.73441905,0.90106475,3.3904223473204524
217.312,0.04972941,2807.436670936322,0.039657705,0.09765625,0.64515805,0.79225165,3.3747112404892237
217.344,0.06088077,2588.8696077340264,0.050981924,0.09228515625,0.4520139,0.7028871,3.3646581835184817
217.376,0.07007116,2209.9348728057707,0.018585667,0.08642578125,4.406601,0.87845147,3.3419664024934868
217.408,0.0686609,1872.4240896633332,0.004448144,0.09228515625,3.1324427,0.9762897,3.2878039878787804
217.44,0.06614758,2656.779576326536,0.037745398,0.0927734375,0.22850104,0.90405905,3.220968327877495
217.472,0.1010326,2519.0311414876314,0.058642775,0.09033203125,0.09700194,0.8377282,3.15476477498758
217.504,0.12943588,2143.9277312786453,0.01865123,0.1044921875,7.4490433,0.9061081,3.0897676130990295
217.536,0.11457745,1885.0131895764166,0.00664974,0.07080078125,5.9708533,0.85535467,3.00998929299075
217.568,0.08305578,1660.4311834608231,0.0061580953,0.0556640625,0.5035273,0.71104544,2.9227830400346075
217.6,0.07069886,1589.32760396874,0.005055751,0.064453125,0.21755463,0.68401116,2.821151366109961
217.632,0.07018298,1942.41313810716,0.006351095,0.0654296875,1.0188323,0.7062067,2.6863865043209367
217.664,0.068447776,2031.5852538322292,0.007902829,0.07568359375,0.38435695,0.6821928,2.5391866495003486
217.696,0.06679262,1960.0757260111945,0.0077656643,0.091796875,1.8605198,0.5652614,2.437069257408115
217.728,0.06353162,1950.08461608624,0.011154774,0.1171875,1.7548492,0.4556426,2.382790938434351
217.76,0.06522795,2373.6778670381063,0.06450956,0.12158203125,1.2897439,0.43364027,2.372711795302809
217.792,0.08032052,2404.061624718036,0.055536997,0.13916015625,2.3185127,0.39524058,2.3864495752745594
217.824,0.07890203,2476.565926273208,0.024605095,0.1650390625,6.8204765,0.32456887,2.4087235567375154
217.856,0.059528586,2849.8662458089043,0.031890742,0.166015625,1.6871507,0.20027277,2.4334074735967155
217.888,0.047593888,3028.620732895595,0.05817172,0.158203125,0.3338405,0.4201242,2.46649609196701
217.92,0.053236824,2932.618574576254,0.04810167,0.13427734375,0.634732,0.7538971,2.5163645963171963
217.952,0.060600027,2718.1694196691237,0.027095702,0.09765625,1.7529899,0.6745009,2.5641453101352334
217.984,0.057698537,2450.7473756825834,0.014319616,0.0703125,1.8132749,0.7716774,2.604574389442435
218.016,0.05904842,2009.2499421970765,0.0044197715,0.0791015625,1.2744237,0.9017154,2.655451761264221
218.048,0.063836046,2369.7041439988343,0.028901925,0.10498046875,0.72667634,0.7381131,2.722642232785617
218.08,0.07378061,2429.049363964336,0.06271246,0.14013671875,0.40456408,0.2546375,2.8168518469311303
218.112,0.07504654,2439.2276436885622,0.025293618,0.1708984375,7.2350535,0.09037219,2.9559762039183655
218.144,0.06688126,2507.6527233322836,0.0060696863,0.1806640625,4.6430597,0.07080212,3.1138014757688706
218.176,0.05681482,2309.403904390533,0.006913889,0.16943359375,0.31437355,0.07202057,3.229201123817025
218.208,0.032571163,2372.652841743239,0.053588536,0.17236328125,0.27065027,0.13943106,3.2993619185963623
218.24,0.03690272,2735.1563441465296,0.15820612,0.1796875,1.4422543,0.15099992,3.3232246295593177
218.272,0.042032607,2930.8449415337627,0.11026928,0.2392578125,4.1118665,0.13088296,3.316784086488587
218.304,0.031533897,3770.696198233807,0.10290065,0.33837890625,5.3731694,0.0724235,3.2977879824462595
218.336,0.025223838,4167.136514151543,0.20869935,0.3984375,0.7901357,0.05668952,3.282055481930538
218.368,0.036650363,3680.04205050862,0.32036364,0.40234375,0.23656413,0.059644457,3.2587039206421213
218.4,0.045432694,3488.7272793765314,0.18964547,0.34423828125,1.4678228,0.24053077,3.2096866688747827
218.432,0.045430504,3341.8798797015374,0.06976579,0.22900390625,6.019071,0.4790325,3.150547136649316
218.464,0.034790188,2792.012884962124,0.03232016,0.17431640625,1.2300878,0.7519715,3.0963959197783733
218.496,0.025035664,2419.7638412885162,0.04665962,0.1591796875,0.3292232,0.682429,3.042400825154055
218.528,0.04221671,2376.7978530680844,0.067909986,0.142578125,0.34700656,0.09853177,2.9728513457502665
218.56,0.0721009,1898.60298965916,0.030837305,0.1474609375,1.6607091,0.40610397,2.882959704154032
218.592,0.08531013,1626.7832380735204,0.011379344,0.1220703125,6.5771847,0.4887323,2.7677104448384124
218.624,0.07638334,1958.7276918802927,0.011792773,0.10498046875,2.4795296,0.37830073,2.6299482856828145
218.656,0.07642024,2248.215454360509,0.049830187,0.109375,1.2220913,0.6865324,2.4967523979199058
218.688,0.11582354,2119.648136284244,0.029290263,0.119140625,1.3462412,0.7539045,2.3882290799798733
218.72,0.116496734,2139.7051374439893,0.011110706,0.14404296875,5.573325,0.7404605,2.2998291341999884
218.752,0.08739003,2397.9704852129307,0.008555932,0.16796875,2.0916653,0.5355037,2.2220620261867543
218.784,0.06065849,2680.7753198797773,0.011817775,0.1748046875,0.45057583,0.2354973,2.148434721509712
218.816,0.05602764,2587.761363219852,0.016516848,0.18701171875,0.32321766,0.39916074,2.0697435834000135
218.848,0.064782396,2721.2468878184,0.0150069175,0.1650390625,0.804516,0.4104461,1.9890855269177423
218.88,0.05425077,2709.629104601131,0.019170342,0.126953125,1.7450521,0.47432792,1.9130332807177641
218.912,0.03495587,2314.9900723688634,0.022034207,0.12353515625,1.4249585,0.74865484,1.8416869877228739
218.944,0.037893564,2233.1737497681142,0.02386583,0.0966796875,1.4852334,0.92128575,1.7729218197879133
218.976,0.13121448,2804.482571483714,0.027653646,0.09521484375,0.39867663,0.91950315,1.701858288679243
219.008,0.18216664,2814.2199629425922,0.017912934,0.1064453125,2.2163634,0.91008866,1.6474315525170002
219.04,0.14348327,2726.80835617264,0.008645752,0.10791015625,8.946236,0.8225477,1.6265592201503105
219.072,0.11080999,2904.1181486106448,0.007136442,0.1083984375,1.7836016,0.7832021,1.645951347018265
219.104,0.09826059,2665.6001955199954,0.007485087,0.08251953125,0.4011185,0.9053041,1.705514878291476
219.136,0.09916823,2050.556726886445,0.003860382,0.06982421875,0.5382085,0.98163325,1.7837656018164705
219.168,0.096885204,1995.3653589590417,0.0029713893,0.05810546875,0.80528265,0.98860496,1.8744682599173488
219.2,0.09216242,2104.028652451437,0.0053640865,0.08056640625,0.3651627,0.98175216,1.9700676464896336
219.232,0.08992744,2438.1406183352974,0.023536323,0.10205078125,0.36389425,0.8378949,2.0610685787050063
219.264,0.0915237,2274.361942015542,0.029010592,0.11376953125,2.935483,0.60649043,2.1397039774948565
219.296,0.100698434,2094.346267299712,0.014894494,0.11328125,6.781845,0.39476153,2.2178540298915226
219.328,0.10511346,2112.118966080454,0.00494636,0.10107421875,2.5291426,0.26442593,2.3107716641752862
219.36,0.09633439,2128.7862101177307,0.0024555929,0.09814453125,0.79733676,0.23854665,2.409810531504048
219.392,0.084897056,2293.539494938813,0.0026044552,0.10205078125,0.31387866,0.26837,2.5151774361032513
219.424,0.07278491,2336.1097940983095,0.0048262184,0.111328125,0.2920824,0.36586916,2.6249838296541195
219.456,0.063833624,2376.989449985167,0.010090193,0.12060546875,0.46289578,0.4675142,2.7496872408076043
219.488,0.071059935,2486.610765453258,0.009773012,0.13818359375,1.6897367,0.36881962,2.8718273140034856
219.52,0.07531925,2634.8706309648637,0.008812879,0.1513671875,2.7743256,0.28337342,2.9816336351879444
219.552,0.07801139,2573.878766811403,0.008511808,0.16259765625,1.4828993,0.22465478,3.0733856115077516
219.584,0.07744538,2514.3343531554997,0.009656362,0.1748046875,1.076687,0.2161317,3.1514648893022117
219.616,0.07447089,2525.929657499768,0.019457767,0.17919921875,1.7975961,0.22780421,3.20444490751864
219.648,0.07287767,2660.727657773249,0.024432315,0.1865234375,1.3382318,0.22652218,3.215670154069971
219.68,0.06982096,2876.2554798857304,0.019843262,0.19775390625,3.1353226,0.24308148,3.1911383643664837
219.712,0.07101189,2624.9765167532278,0.02754671,0.20556640625,2.2919743,0.22735767,3.143824640680468
219.744,0.07122781,2668.0386444133705,0.014446008,0.20458984375,0.9743202,0.20418514,3.086586009037563
219.776,0.066313736,2883.159463479822,0.010003273,0.22509765625,2.7443995,0.2255684,3.010399984779027
219.808,0.05137846,3376.7376366265953,0.033741135,0.21923828125,1.228003,0.38933405,2.9209333481214577
219.84,0.040157318,3914.0085439943787,0.057518836,0.2109375,1.0208079,0.68223834,2.831482965495215
219.872,0.038415555,4020.2639471420084,0.05004749,0.21044921875,2.2659543,0.77269155,2.7326669274476947
219.904,0.03797597,3966.5943762052693,0.056312725,0.18701171875,0.80834067,0.7363019,2.617261511404581
219.936,0.051171947,3258.0403167724453,0.045630533,0.1806640625,0.5503366,0.38840985,2.4971380343600442
219.968,0.068129696,2881.5583151044066,0.016077755,0.16455078125,1.3655833,0.17934836,2.3854748747156127
220.0,0.0673986,2689.2267549388353,0.0061759427,0.15283203125,3.4217002,0.14032272,2.2777422834683163
220.032,0.0663608,2451.736679206,0.005842349,0.13134765625,1.2274023,0.123319246,2.185499398006263
220.064,0.053219292,2233.1327817189735,0.008270402,0.10986328125,0.5513502,0.18786615,2.1121195980931824
220.096,0.051398106,2016.2150388487282,0.0056352336,0.10498046875,0.99233806,0.20765838,2.0679821712398185
220.128,0.057669245,1992.8539909245264,0.0034982045,0.10205078125,0.9706783,0.15476555,2.0581023549422834
220.16,0.06044271,2622.5035809463852,0.020526687,0.11474609375,0.81153464,0.12236751,2.1101136455552396
220.192,0.06931741,2644.24201688814,0.040086996,0.125,0.8917133,0.1224366,2.2091189593370246
220.224,0.080011435,2610.2106912911445,0.020263191,0.1552734375,4.64553,0.14766142,2.333181536516801
220.256,0.07042858,3030.2622213196187,0.03374268,0.177734375,3.859439,0.17155363,2.4831581855327483
220.288,0.061528757,3095.3412372571624,0.042423528,0.2021484375,0.8286927,0.26909873,2.645582863471034
220.32,0.05852875,3309.4484451983626,0.034764983,0.236328125,1.7437155,0.37961358,2.8149990529453515
220.352,0.061871693,3145.000538160613,0.025621206,0.2236328125,1.7032623,0.3345028,2.994165567546786
220.384,0.046467904,2923.2935893960957,0.05565788,0.20361328125,1.0214541,0.41311112,3.1928600947072385
220.416,0.031458486,2954.8372510430013,0.10049452,0.21630859375,1.4545593,0.7024461,3.3918433931914254
220.448,0.024504915,3138.1679782152783,0.11245404,0.234375,1.9645959,0.66403794,3.5852615065700766
220.48,0.035287105,3578.324919746955,0.19222647,0.2333984375,0.9629032,0.40840182,3.7685927022831334
220.512,0.057828963,3170.6363399047996,0.08169884,0.23974609375,0.52180225,0.56701714,3.940234107346319
220.544,0.059248284,3185.755893722919,0.043899924,0.18310546875,4.7171082,0.5113855,4.096976825760573
220.576,0.0427989,3056.263704486032,0.05344854,0.15673828125,2.243145,0.5411756,4.231888595178012
220.608,0.02758691,2914.6515013081107,0.17031151,0.16064453125,0.87333614,0.50562423,4.33532195873577
220.64,0.04835347,2857.1579853544754,0.16924849,0.15087890625,0.68055785,0.34984672,4.3819729269240035
220.672,0.06854927,2335.980347112217,0.056760702,0.16552734375,2.3644578,0.51838696,4.382853708897756
220.704,0.08704183,2490.0074953129974,0.025659474,0.14697265625,5.3537364,0.20104441,4.345696919238158
220.736,0.08664788,2755.94794678829,0.020971866,0.1337890625,1.6125522,0.055439427,4.274222796760976
220.768,0.0801996,3166.6469099746464,0.018706534,0.13427734375,1.0557203,0.03261819,4.159333820441535
220.8,0.07524314,3089.797993001879,0.014423127,0.17041015625,0.7716745,0.0422877,4.018949810562703
220.832,0.04709473,2897.1031492620396,0.052547175,0.17626953125,1.0613766,0.06810045,3.869453991576097
220.864,0.029246427,3003.012765668348,0.18572386,0.20703125,0.6325294,0.2175532,3.7099196177966762
220.896,0.040223792,2735.634195352549,0.116562486,0.22998046875,2.4183886,0.37922662,3.53111664893662
220.928,0.062610805,2612.953214190521,0.07549894,0.2109375,2.475325,0.28431198,3.3356409801524087
220.96,0.07703386,2304.531456954907,0.039594956,0.216796875,2.47302,0.092226565,3.1490406186701785
220.992,0.07196614,2380.7931134075106,0.037831794,0.193359375,2.9979393,0.058139857,2.972796901545542
221.024,0.06559646,2469.2080841412526,0.020833196,0.177734375,2.0191245,0.077516526,2.8041211741241807
221.056,0.05811947,2451.9758124755763,0.02791692,0.14892578125,1.3976864,0.11251914,2.642237014107268
221.088,0.048324235,2683.2219157023333,0.063580014,0.1259765625,0.62945944,0.5023277,2.4853405608724617
221.12,0.06267524,2350.685723690398,0.022990894,0.13330078125,1.461374,0.3959818,2.339641248932354
221.152,0.07508899,2729.9687788812525,0.023432912,0.134765625,2.1689177,0.24639808,2.200277404739095
221.184,0.06969424,2894.628382836872,0.02233075,0.16259765625,0.9621696,0.30969304,2.082101921920502
221.216,0.06751613,3003.42645391567,0.02810268,0.18017578125,1.6148552,0.29120758,1.9894994647582427
221.248,0.063843176,2926.0613355260384,0.042752318,0.1708984375,0.8229197,0.2051401,1.9352055932396774
221.28,0.06365786,2719.9727537627614,0.0321152,0.16259765625,1.5200179,0.109073974,1.903165127797617
221.312,0.044734813,2798.6387467584154,0.056469556,0.138671875,1.9835577,0.29150185,1.8794436133395491
221.344,0.04949982,2614.0174873805518,0.06516673,0.11181640625,0.8008872,0.77482694,1.8642683761009318
221.376,0.11790844,2238.6357437580227,0.048396826,0.09033203125,0.71351707,0.84479064,1.872849628637864
221.408,0.16153404,2099.0593161616857,0.025994759,0.068359375,3.1994786,0.9247597,1.9034093044410387
221.44,0.18014704,2067.9109309609184,0.010639199,0.0517578125,6.5744543,0.9575598,1.9390708021696688
221.472,0.16124444,1973.259398859816,0.006414056,0.060546875,1.0923256,0.9222509,1.9732184294121902
221.504,0.12823802,1777.3686803186943,0.005269556,0.0693359375,0.38134325,0.8223156,2.0089903874364285
221.536,0.09389983,2039.566194217421,0.007937911,0.10595703125,0.32866776,0.6216598,2.0456139238806688
221.568,0.07951087,2455.2941304134915,0.014236048,0.154296875,0.34624198,0.5845664,2.0839354069742315
221.6,0.070917256,2675.0192923542454,0.030245768,0.15869140625,0.6112343,0.62553054,2.1227412888628443
221.632,0.06586542,2548.6761270106126,0.04121117,0.1982421875,1.135447,0.67673653,2.1725317497397674
221.664,0.06303716,2937.449632790026,0.078884736,0.20458984375,2.5549064,0.6992287,2.229887457873995
221.696,0.06609029,3177.6837654210717,0.092828676,0.19970703125,1.475038,0.472046,2.279276840897243
221.728,0.08023812,2672.4840194308754,0.029429847,0.224609375,2.3269336,0.3436833,2.3162821207935766
221.76,0.0717392,2573.409059141344,0.01350172,0.20263671875,1.5239266,0.33727404,2.338087826824517
221.792,0.055978734,2558.857492447693,0.018000113,0.17529296875,0.7340961,0.3116052,2.3516804809599896
221.824,0.053089585,2365.9643498552778,0.061849516,0.15771484375,0.5918864,0.21420407,2.36065515211724
221.856,0.06807322,2472.1005507169375,0.05721179,0.13623046875,0.98237133,0.09670237,2.36002133039135
221.888,0.06891376,2522.292110030159,0.02534503,0.1201171875,4.6197886,0.052135482,2.3607503030856694
221.92,0.063206814,2552.4702374537774,0.013689976,0.12939453125,2.5367575,0.03764984,2.3569648161185763
221.952,0.06399938,2851.741896756107,0.032619826,0.146484375,0.379987,0.0122622885,2.3573924569872795
221.984,0.0612957,2875.421379124906,0.06986361,0.16064453125,0.3291501,0.0060900403,2.3630924474498043
222.016,0.051008493,2867.682418618464,0.10199999,0.17333984375,2.5579271,0.018292708,2.372473234010188
222.048,0.045850962,2653.765891292137,0.0801641,0.16455078125,3.1610098,0.034688793,2.3812932538006097
222.08,0.044463713,2341.543360076083,0.040854122,0.16015625,1.489153,0.020638218,2.3824500597446874
222.112,0.03073125,2247.3515078169567,0.040813956,0.13671875,1.0407201,0.03803729,2.3824039515107485
222.144,0.03152335,2138.4932240303547,0.05013915,0.1103515625,0.53391135,0.54497254,2.3763739439334595
222.176,0.047702383,1977.4380645074866,0.017073639,0.09423828125,0.7296326,0.8608495,2.361848561792673
222.208,0.051133886,1921.7135635074878,0.007933594,0.087890625,2.1453645,0.9236692,2.3353819695786853
222.24,0.047292322,2363.2605839424705,0.04511777,0.0927734375,0.46069202,0.80674285,2.302183485039157
222.272,0.081298776,2371.1665548600326,0.06799963,0.10205078125,0.14845915,0.76038355,2.25564824141093
222.304,0.11407719,2049.474994028918,0.024489885,0.12939453125,5.2312984,0.80382806,2.2117532058675926
222.336,0.10406468,1897.442595567444,0.008601626,0.13330078125,6.2970333,0.6526425,2.1677746095544936
222.368,0.068362236,2340.0451791781315,0.01045834,0.1484375,0.9479647,0.36145872,2.1113267350616076
222.4,0.053210992,2764.84698351515,0.019764276,0.16943359375,0.23020516,0.2605654,2.043326260582166
222.432,0.059706364,2598.5231390258737,0.02056008,0.173828125,0.5138971,0.3109151,1.9575180810090642
222.464,0.06418534,2530.6390707931855,0.018468715,0.15625,1.5126107,0.20744772,1.8557368103099958
222.496,0.045224097,2266.85840679138,0.021292778,0.13037109375,2.085523,0.3015079,1.7549252965232776
222.528,0.029026367,2223.7750950705645,0.037494898,0.1494140625,1.0188297,0.6517763,1.6748413766875188
222.56,0.04622157,2623.3719165715365,0.10954337,0.13427734375,0.5976479,0.46732888,1.6242921253684541
222.592,0.08804404,2450.6084214128123,0.066586256,0.1513671875,1.0707173,0.7516862,1.6004192812102773
222.624,0.0947934,2522.0693832919324,0.049280632,0.17041015625,7.6052003,0.81595314,1.6064466666907298
222.656,0.07861194,2660.748801657917,0.036999147,0.1376953125,3.4784036,0.7044689,1.6553235067814063
222.688,0.074006096,2541.921300862311,0.020526713,0.14794921875,0.6702527,0.63869023,1.735022547712552
222.72,0.071361735,2544.5775415724174,0.016815284,0.14404296875,0.43508798,0.6344117,1.8351574651822218
222.752,0.07067951,2604.2602594738837,0.0169166,0.1513671875,0.35695058,0.6229416,1.959893129362497
222.784,0.069716565,2704.2683896769677,0.022177393,0.1494140625,0.5300663,0.59599394,2.078359973321208
222.816,0.06403352,2611.950107313705,0.026138332,0.15283203125,1.1238241,0.62749755,2.1866385387174874
222.848,0.058310963,2886.2363785768384,0.05764253,0.17919921875,1.7238247,0.70445126,2.2789238514160983
222.88,0.06312978,3296.25243968332,0.09213683,0.177734375,1.1302323,0.55199564,2.3728256255184674
222.912,0.07035406,2913.293523365872,0.043496788,0.20166015625,2.581964,0.43530074,2.463621853199389
222.944,0.073704705,2587.195817613542,0.015250358,0.21875,2.3717303,0.3108096,2.5475765695435038
222.976,0.06839853,2527.501585062662,0.009680411,0.20703125,0.7682419,0.2519867,2.6192383706967877
223.008,0.05633012,2588.894379329432,0.0239101,0.2060546875,0.37939742,0.23565912,2.6691728193451016
223.04,0.04370226,2633.209048147084,0.09370624,0.1826171875,0.55093145,0.24024814,2.6972061930020987
223.072,0.044411022,2421.4881111752056,0.0656993,0.15380859375,2.6979272,0.16529374,2.6960484441428663
223.104,0.03610153,2153.528823271302,0.030762183,0.13330078125,3.9747229,0.14759351,2.6719087976469913
223.136,0.028739978,2372.459038905632,0.04735498,0.171875,0.605939,0.17407295,2.6211315019223873
223.168,0.030578572,3113.8288388746405,0.17871782,0.2451171875,0.0767111,0.10191851,2.5496358422136045
223.2,0.033070516,3503.172958517383,0.2644431,0.3154296875,0.7541904,0.05426871,2.4676644263151877
223.232,0.031437766,3568.9222593916693,0.24057247,0.36474609375,4.7560906,0.045983344,2.3840615807229737
223.264,0.027348628,3494.942152630047,0.21862023,0.36962890625,2.022462,0.053399645,2.312579687536241
223.296,0.023281232,3323.0062185264105,0.19316177,0.330078125,0.44498238,0.05816043,2.2630193354747923
223.328,0.026483228,2876.712538743365,0.16768244,0.24169921875,0.2880446,0.2340815,2.2313730035380352
223.36,0.047853056,2252.5471614104617,0.044130415,0.166015625,0.34988734,0.73487663,2.2020978302329333
223.392,0.05870747,1867.2748814776878,0.009007246,0.0908203125,2.3317885,0.9197507,2.1840113613147
223.424,0.054568842,2068.8867779036264,0.013824325,0.06787109375,1.2133565,0.92279613,2.1757244566671257
223.456,0.0787418,2305.141663687403,0.075466774,0.072265625,0.20103295,0.7255217,2.1659280090151336
223.488,0.14161386,1997.4316101086756,0.039786205,0.09375,1.4701333,0.81081223,2.1488783683138077
223.52,0.14374405,1824.7938402416148,0.019048182,0.1123046875,10.163985,0.8109593,2.128617853043961
223.552,0.11181873,2121.4837196124704,0.015082348,0.0908203125,3.0654082,0.8149213,2.1206388330843695
223.584,0.09169754,2327.0520980876063,0.010012223,0.0869140625,0.6755557,0.8050993,2.1264463035912224
223.616,0.09309685,1791.4439402466055,0.00611314,0.0830078125,0.544278,0.92329156,2.1511970370417823
223.648,0.095507205,1807.9091703426852,0.006773154,0.0634765625,0.33789515,0.8022397,2.1913595838686977
223.68,0.09554784,1657.3735291668484,0.0047746147,0.06005859375,1.3902553,0.7045736,2.2361915770323644
223.712,0.07481512,1421.5916193358194,0.0038071198,0.0908203125,1.6836748,0.8399562,2.270928995249279
223.744,0.056528147,2427.118475312879,0.051422797,0.09375,0.708669,0.8363238,2.289321949282507
223.776,0.109467044,2242.4860044592565,0.05318644,0.111328125,0.43380716,0.7916217,2.279112163637746
223.808,0.14793603,2065.782446285686,0.030925311,0.111328125,6.6737137,0.8407836,2.2484316488104445
223.84,0.1690316,2032.7363603810402,0.014980181,0.078125,6.442794,0.896672,2.2092586922412614
223.872,0.15198527,2096.8541413006783,0.00970893,0.06640625,1.4394552,0.9235343,2.16380263672799
223.904,0.11543345,1909.8892354635525,0.008299205,0.06201171875,0.5302872,0.91050255,2.112222017652168
223.936,0.07696084,1929.5623519354044,0.014113081,0.078125,0.34041125,0.8103453,2.064481706199462
223.968,0.06758717,2192.6587508447933,0.021416843,0.099609375,0.34888846,0.60281724,2.026088278555235
224.0,0.06534839,2179.41147180845,0.019830953,0.1044921875,1.3105209,0.66523117,2.006828450680895
224.032,0.06696034,2186.8946670941755,0.024837041,0.1259765625,1.168673,0.75767946,2.0086840826251406
224.064,0.07382995,2406.8890038413465,0.07713593,0.13037109375,0.6758083,0.59934354,2.0229333750815677
224.096,0.08886457,2222.648415624911,0.0519985,0.14599609375,1.6167767,0.32881638,2.0486603858404266
224.128,0.080036536,2215.5501767323867,0.03447098,0.17529296875,5.4911814,0.3385587,2.08815153209878
224.16,0.06582465,2453.0602316775967,0.034071464,0.14111328125,1.5397127,0.442562,2.1244049216847607
224.192,0.05376111,2375.6597961270363,0.023666348,0.146484375,0.7781317,0.5941912,2.1534710540244935
224.224,0.05616758,2288.6173530888827,0.04346596,0.13623046875,0.55384564,0.5829178,2.183663500898512
224.256,0.079910286,2285.299452115898,0.04152829,0.10205078125,0.45920962,0.51959795,2.2288345372299965
224.288,0.08378013,2052.322464202529,0.022896953,0.1025390625,3.8681526,0.6431756,2.2861820508606834
224.32,0.0802281,1803.666093467,0.009458542,0.0986328125,3.0887806,0.82235134,2.3432748384066318
224.352,0.079705514,2240.7469481663893,0.01910506,0.10595703125,0.43907028,0.74190605,2.395646002170556
224.384,0.07658314,2765.813534421279,0.04317717,0.13623046875,0.21055338,0.6130559,2.449965129699385
224.416,0.07000087,2937.55235353847,0.06533474,0.1796875,2.1441412,0.6332711,2.500156286698862
224.448,0.05931904,3187.582733684533,0.09268323,0.22119140625,2.7277782,0.66967124,2.543351582989505
224.48,0.049595874,3657.9520215996404,0.122661985,0.25244140625,1.6468256,0.62757915,2.5631908223912494
224.512,0.04583421,3867.2930126894175,0.12285513,0.265625,0.903915,0.56506836,2.552267926822188
224.544,0.04887303,3543.1717039023106,0.1273474,0.23095703125,0.41853595,0.55621576,2.5158052376205156
224.576,0.057626136,2893.368092146513,0.075133055,0.19580078125,0.4860191,0.63138837,2.4465222033051215
224.608,0.06463642,2500.240642435426,0.03527365,0.15966796875,1.9306561,0.47662127,2.355154530302203
224.64,0.06345848,2497.8435881689757,0.04476833,0.1259765625,1.8130748,0.34062964,2.262683795498138
224.672,0.092521176,2210.6743386662965,0.031660195,0.1220703125,1.3774546,0.57686764,2.1774689369812545
224.704,0.11814123,1992.3748596806631,0.0123019535,0.10986328125,2.1979356,0.81060135,2.1040068726796926
224.736,0.10704742,2145.431494090671,0.009819481,0.0927734375,2.8741186,0.8755218,2.042403391093596
224.768,0.08608214,2269.237187571039,0.01443914,0.10205078125,0.46636635,0.7942993,2.003554904098918
224.8,0.08375443,2199.004041160688,0.014041727,0.12646484375,0.7302467,0.706934,1.9891799959901397
224.832,0.088925354,2490.391499937889,0.011422835,0.13134765625,1.4542925,0.600956,1.9915412167947073
224.864,0.081258334,2502.215109260324,0.008059163,0.13427734375,2.0442486,0.5518874,1.9916377610290266
224.896,0.064605065,2218.0418080872005,0.010396517,0.119140625,1.2402316,0.4519284,1.9820429451094197
224.928,0.05548155,2037.9521868716624,0.011445021,0.11767578125,0.7183022,0.26506758,1.9688383513860115
224.96,0.051612724,2514.12627063786,0.08719778,0.13671875,0.9576236,0.27336636,1.9595700545030013
224.992,0.08422268,2550.8878114181553,0.08364349,0.1611328125,1.4514874,0.52088875,1.9736288890577636
225.024,0.09418392,2677.825910842129,0.057731148,0.1806640625,7.6106935,0.4685555,2.0256498761071073
225.056,0.08370943,2672.0158280714413,0.029966718,0.18359375,4.240386,0.30546284,2.128908851267084
225.088,0.08240932,2361.815761355892,0.012589345,0.173828125,0.82663375,0.27127457,2.280729652895071
225.12,0.07888862,2329.922360319902,0.009702977,0.1708984375,0.3093753,0.29087162,2.4777201446286177
225.152,0.07672209,2361.493626437606,0.008486405,0.17578125,0.29102895,0.27299884,2.697152949127116
225.184,0.07707854,2411.982363552168,0.006539075,0.17138671875,0.623153,0.22681653,2.905519826026284
225.216,0.07373048,2378.0490487078064,0.0065883854,0.17822265625,0.46778584,0.2447982,3.0940065044129534
225.248,0.06896293,2558.4519352875204,0.029099345,0.18408203125,0.47472054,0.291733,3.2504313176615716
225.28,0.05972872,2655.8300222022544,0.07581462,0.17431640625,0.7028697,0.40790892,3.3654707570104923
225.312,0.054411307,2439.60274230287,0.044845615,0.15283203125,4.2797832,0.62638533,3.444202449504889
225.344,0.051660787,2163.5994252525115,0.02154762,0.13037109375,2.5050988,0.6765579,3.5038079983312085
225.376,0.049262013,2009.8708036674477,0.014007913,0.1162109375,0.46900755,0.6511147,3.563635717501811
225.408,0.043878186,2192.1551732459557,0.029242815,0.1279296875,0.2686088,0.57897097,3.6207332428641914
225.44,0.046837486,2508.0145603577544,0.08118966,0.13232421875,0.38553965,0.36729997,3.668650717088025
225.472,0.05020727,2310.485166523088,0.050827567,0.13720703125,2.1244898,0.27199718,3.686198117159411
225.504,0.039970394,2032.7417231550496,0.02420391,0.13818359375,4.594718,0.3000762,3.6534035223388472
225.536,0.030222988,2345.2014923996535,0.04319422,0.166015625,0.4838347,0.30285925,3.566959457353104
225.568,0.03179101,3102.218835830418,0.16838752,0.2265625,0.15266465,0.15502812,3.4210011259356654
225.6,0.03421446,3413.8316117484464,0.2222939,0.27880859375,0.7801934,0.11054663,3.224394613517903
225.632,0.030489668,3526.7661774435446,0.197491,0.30029296875,4.9965086,0.110842265,3.0073670398301946
225.664,0.02540083,3398.3743597586877,0.15324539,0.2783203125,1.9731417,0.1498089,2.797289738510966
225.696,0.021594068,2942.9473721313957,0.09911183,0.2578125,0.2119933,0.21388939,2.600904849125272
225.728,0.029163992,3136.5862618583874,0.1791221,0.24267578125,0.17819056,0.2648788,2.4181447291958613
225.76,0.057291754,3490.460949824331,0.13701454,0.2353515625,0.38426897,0.48995134,2.253391738106782
225.792,0.06370928,3787.4131474899177,0.0837075,0.263671875,4.507851,0.6543926,2.110729194453719
225.824,0.054696873,3859.580093698316,0.07701371,0.2646484375,3.4919615,0.6839812,1.9838938100077563
225.856,0.076445,2872.763185192346,0.093109705,0.20703125,0.35888976,0.69087607,1.856049329097082
225.888,0.14022814,2022.2282884104627,0.024588244,0.18359375,0.31008464,0.82864434,1.7259902582433642
225.92,0.13394108,1764.2194248509386,0.010917742,0.1416015625,5.9932127,0.8448473,1.6082549002735154
225.952,0.10046413,2029.268193419629,0.012635465,0.1044921875,2.2142098,0.7152838,1.501148122502492
225.984,0.081279814,2230.0319271317785,0.010420646,0.119140625,0.7646833,0.53979427,1.406034112257976
226.016,0.07728816,2213.8858593528685,0.012729876,0.1220703125,0.78922045,0.6353399,1.3358418219207684
226.048,0.075078204,2109.575079106981,0.017570365,0.126953125,0.5171853,0.6957627,1.292169712205004
226.08,0.07675694,2127.9619516471507,0.012877403,0.14697265625,1.3401864,0.53708136,1.2671330129864624
226.112,0.08382001,2262.97484092011,0.0071763517,0.181640625,1.9675181,0.46241745,1.2559857581859475
226.144,0.07650046,2515.0090928005343,0.019739289,0.18896484375,0.5823617,0.36100277,1.2471980631846793
226.176,0.09323732,2425.132908552847,0.04555688,0.162109375,0.582043,0.62412286,1.2243271585753164
226.208,0.14441897,2254.6825509628216,0.02149469,0.11572265625,3.4375842,0.8726723,1.1924737731250903
226.24,0.18203935,2044.3631083716186,0.006671699,0.068359375,5.284648,0.9493645,1.1635571418791864
226.272,0.16521367,1794.5833739896543,0.0038033295,0.0537109375,1.1725968,0.94074386,1.1302109360821775
226.304,0.104067184,1795.5403477566051,0.006848164,0.08203125,0.21606708,0.8359264,1.099181787643243
226.336,0.085492104,2430.2792332733434,0.020359118,0.11572265625,0.321239,0.64991075,1.083490677148709
226.368,0.08984498,2540.3670794024297,0.017215833,0.1376953125,0.623499,0.402995,1.0830783469610994
226.4,0.08397632,2284.7350845411333,0.008952418,0.15966796875,2.4393744,0.2741372,1.0938937645468727
226.432,0.077313155,2289.9602492527983,0.008454624,0.16748046875,1.0745755,0.2387858,1.1222614114950902
226.464,0.07694657,2585.827672228396,0.017959764,0.16455078125,0.4407829,0.30354008,1.1693884706217852
226.496,0.07375561,2500.8669901540757,0.018561047,0.15576171875,0.6186325,0.43573362,1.2114054043254099
226.528,0.060250938,2200.056377918884,0.012320081,0.1337890625,2.527649,0.65109295,1.2638801798541526
226.56,0.061837073,1952.386983375572,0.005883903,0.1083984375,0.8870372,0.55863774,1.3239849712522087
226.592,0.06456939,1904.665662575304,0.005106588,0.1181640625,0.23776585,0.51303846,1.3863253269658342
226.624,0.0649628,2500.854416083555,0.03551903,0.14990234375,0.26514006,0.45324516,1.4621784207316577
226.656,0.066987604,2834.9951683467916,0.061772425,0.16650390625,1.2067068,0.27929473,1.5561334541414857
226.688,0.06512427,2719.991182833531,0.027874887,0.1611328125,7.3850837,0.24738677,1.6627726126743874
226.72,0.052694436,2411.7001969135563,0.01683974,0.1611328125,2.5399425,0.3970801,1.7728578988525354
226.752,0.04129662,2706.2294235297195,0.058083456,0.158203125,0.3523514,0.5922229,1.8842701529607742
226.784,0.04572496,3104.0882421853767,0.11095026,0.17724609375,0.23191667,0.3118225,1.9944436218906365
226.816,0.053722292,3231.4486312127533,0.07569812,0.22802734375,3.1639214,0.111943685,2.098787314395454
226.848,0.04766935,3181.7326893640493,0.07539001,0.2333984375,3.5377865,0.044062424,2.197398439904194
226.88,0.04294872,3144.333572499018,0.054630246,0.2265625,0.8459557,0.0068759914,2.279475576399687
226.912,0.04784656,2978.6018300589103,0.03809067,0.21240234375,0.83804005,0.0028605578,2.342943842904962
226.944,0.0542755,2654.915940906979,0.030664671,0.1728515625,0.5712751,0.072755486,2.3924157142082834
226.976,0.05756005,2608.5104180262338,0.017776957,0.1650390625,0.9686477,0.27319247,2.43336111070008
227.008,0.05466068,2651.646251938013,0.013989747,0.18115234375,2.0941157,0.38954854,2.453244665177943
227.04,0.049788266,2645.1563056373425,0.048557185,0.1552734375,0.64454275,0.37857604,2.459194594582286
227.072,0.079218835,2166.2235564836246,0.04080168,0.14208984375,0.8916638,0.7260501,2.4554646335713457
227.104,0.10537035,1947.3235342139071,0.013484658,0.1337890625,4.732024,0.84526974,2.439031822962288
227.136,0.08935114,2057.0443204000203,0.008114427,0.11474609375,4.0496416,0.7440274,2.423682198804497
227.168,0.05809667,2419.4033729227567,0.019823853,0.1298828125,0.63732964,0.34246847,2.416378296179425
227.2,0.04542976,2474.007824719118,0.028953852,0.13818359375,0.20318648,0.26292688,2.4150809876290076
227.232,0.044886224,2180.158271441617,0.020534577,0.12841796875,0.9887763,0.74916077,2.419020361323178
227.264,0.045034833,2052.1175592277887,0.015153767,0.10888671875,1.4309045,0.7875265,2.4194657950516
227.296,0.04369724,2072.9491767713243,0.012994064,0.099609375,1.5065266,0.7266326,2.417522880016429
227.328,0.043253887,2207.8226125353995,0.019689336,0.1328125,1.1116338,0.7553791,2.408408875546903
227.36,0.053918377,2586.194999017518,0.102506034,0.14599609375,0.68034923,0.49402145,2.377230760095264
227.392,0.097685315,2400.0446360734604,0.06288769,0.158203125,1.3305409,0.488377,2.3234844168341913
227.424,0.100444734,2441.2622363556598,0.04685768,0.16748046875,7.766644,0.5623801,2.2617433884973126
227.456,0.085406855,2581.105806194523,0.031896967,0.13427734375,3.746843,0.55221367,2.200320944094849
227.488,0.081087306,2305.4458750927292,0.015227018,0.1240234375,0.7297575,0.4565034,2.1413619678045874
227.52,0.08100016,2127.4209631618824,0.010775686,0.115234375,0.37018755,0.36120486,2.0940795004518806
227.552,0.08361075,2137.828219449113,0.0086450605,0.10888671875,0.2531361,0.2853395,2.0556705223799634
227.584,0.07986436,2158.302469400193,0.007197519,0.10888671875,0.6467502,0.2369948,2.008079518387744
227.616,0.07547879,2159.4329596958496,0.0077716857,0.1171875,0.64530313,0.22582915,1.952463913986823
227.648,0.07774035,2308.5365117306183,0.018549388,0.1171875,0.36154252,0.20150368,1.8795353712242375
227.68,0.074704684,2384.6750893310686,0.036544938,0.12158203125,0.60204905,0.24265787,1.7938850816638439
227.712,0.06785186,2192.5357390063054,0.021452608,0.13232421875,3.479086,0.32820648,1.7050505959903857
227.744,0.060655557,2252.0482788691606,0.016478896,0.13671875,2.530474,0.36904454,1.6224882180696631
227.776,0.058371335,2312.2336814999408,0.01790984,0.138671875,0.40226576,0.3955779,1.5476631964982144
227.808,0.05290691,2363.51534298228,0.028424546,0.16064453125,0.76286435,0.49818566,1.4834374641838146
227.84,0.047426127,2683.6837503546567,0.071719475,0.16845703125,1.1679988,0.49646655,1.4446576574165966
227.872,0.052978,2586.754343281722,0.060112353,0.16162109375,1.524507,0.33180678,1.4260648838204923
227.904,0.04696361,2498.72124472619,0.042727854,0.1484375,3.200933,0.47184825,1.4020567422596297
227.936,0.04244001,2339.1606569844425,0.035703264,0.1552734375,1.0394378,0.6760178,1.3675953730738557
227.968,0.04242147,2864.0966380045597,0.1128779,0.1611328125,0.4610522,0.4425665,1.3229200314851066
228.0,0.0532536,3052.160702730322,0.109586135,0.1787109375,0.5374789,0.14099632,1.2610706407112093
228.032,0.05660124,3086.9160265099663,0.08752994,0.220703125,4.4345045,0.02897284,1.1912287757700342
228.064,0.051717058,2982.7338799484214,0.06277296,0.212890625,2.378138,0.010019253,1.1342629034883234
228.096,0.049156047,3116.592291856765,0.04501724,0.20703125,1.1079528,0.003047771,1.086295629606306
228.128,0.052299485,2735.0151437103,0.035623226,0.19189453125,0.8250871,0.016901363,1.0534425621862558
228.16,0.05791226,2474.569854368494,0.021004891,0.1669921875,0.72509503,0.1602373,1.0342079686171588
228.192,0.052505486,2546.0757365067643,0.014708221,0.166015625,2.147995,0.35756537,1.0265888905697016
228.224,0.048342954,2715.232570754548,0.021552298,0.1640625,1.2097195,0.3660282,1.0286331983407409
228.256,0.056672186,2386.346817697974,0.07341505,0.14697265625,0.39424065,0.58624744,1.0408944825707536
228.288,0.09745709,2024.1365823271603,0.029291755,0.14404296875,1.9471623,0.8355727,1.0620855078975495
228.32,0.10248742,1990.012635098755,0.01205985,0.14208984375,6.4187436,0.84944385,1.0939279413735494
228.352,0.07466875,2331.674253223521,0.018405136,0.15478515625,1.8412513,0.60385954,1.1352840258232961
228.384,0.050851934,2604.56492109061,0.03904679,0.16064453125,0.40854928,0.20268714,1.1918326855627965
228.416,0.044511776,2503.923871548802,0.035396807,0.1572265625,0.68659794,0.51773745,1.2594313461473061
228.448,0.04390722,2126.1767126846025,0.021181688,0.12646484375,1.6012368,0.8030545,1.33274671402144
228.48,0.042915493,1999.0752995995701,0.014117255,0.08837890625,0.8974663,0.7750727,1.409598509993499
228.512,0.04553572,1928.9572330062167,0.009865071,0.10791015625,0.7983333,0.77108693,1.4888948541264027
228.544,0.046914786,2528.9822824856396,0.062009767,0.10498046875,0.72830653,0.68384147,1.5656205772417928
228.576,0.09317858,2317.3838768255728,0.069129854,0.09716796875,0.44415823,0.7323087,1.626922265395464
228.608,0.15543024,2053.150523727513,0.026276378,0.0888671875,5.753473,0.84753186,1.6753843312968726
228.64,0.18456113,2033.7021160012862,0.009533611,0.056640625,6.83787,0.9173138,1.7165713767125264
228.672,0.17633139,1973.995622673088,0.005132342,0.06005859375,1.5015434,0.9190339,1.7589853564507492
228.704,0.12996693,1860.1320073748507,0.0051914672,0.07763671875,0.3521821,0.8404955,1.8024577606983014
228.736,0.08565004,1983.3616997864558,0.009380111,0.09814453125,0.22695841,0.57601434,1.8354024524057588
228.768,0.07709956,2045.6786361416403,0.009098686,0.12255859375,0.2752198,0.45241967,1.8639445316728118
228.8,0.07235661,2122.3903133350577,0.010317841,0.1220703125,0.655475,0.443263,1.888078997515739
228.832,0.07263533,2041.010017278721,0.009299392,0.126953125,0.48593223,0.48172215,1.9162461796053936
228.864,0.06866942,2086.511937513749,0.012982924,0.1357421875,0.91422606,0.4773921,1.9470204195762553
228.896,0.06410023,2139.0214496186286,0.013683186,0.1376953125,1.0249785,0.4518703,1.9833874281355737
228.928,0.06080749,2253.259785572093,0.012319476,0.1328125,1.5325565,0.48207805,2.0282383975398033
228.96,0.055785447,2345.7582648347898,0.016220896,0.1337890625,1.0940205,0.61437565,2.0727800535786427
228.992,0.05783634,2332.141292651107,0.017390676,0.1298828125,0.78155017,0.73750824,2.1083252192223836
229.024,0.061118193,2284.21242852868,0.01846136,0.12548828125,0.8377137,0.6897129,2.144043199625885
229.056,0.061546218,2332.403487241515,0.02079098,0.12744140625,1.1440778,0.58441126,2.1917316846362334
229.088,0.055341184,2212.4703222543485,0.019822879,0.1123046875,1.7027407,0.6071877,2.2484357768742145
229.12,0.04383303,1961.8991281594158,0.017704906,0.0986328125,1.5437906,0.69807154,2.3059618383449987
229.152,0.039833926,1982.8581496075087,0.01698667,0.0927734375,0.72037125,0.7593824,2.3435613318473254
229.184,0.043189,2151.4748746729324,0.023654472,0.087890625,0.48686457,0.7583386,2.365263287752473
229.216,0.058479045,1795.7763672892997,0.013547168,0.0966796875,0.79507345,0.55945325,2.371465166635537
229.248,0.07136404,1766.3690395112123,0.007503353,0.10546875,2.0915654,0.28500652,2.3572239394426604
229.28,0.064646475,2059.336595723931,0.0067278985,0.1083984375,1.7147564,0.21747245,2.3195944625590568
229.312,0.05968145,2138.6786355597405,0.0074383994,0.1171875,1.0551052,0.20375377,2.253653772164637
229.344,0.055895966,2081.870289525066,0.009067374,0.10986328125,0.65651524,0.1948072,2.1693419786507264
229.376,0.04185204,1863.5542903073942,0.014111945,0.1005859375,0.63477176,0.40774545,2.071659617434063
229.408,0.032781854,1662.9067497865035,0.014038519,0.09326171875,1.1734697,0.7941767,1.9705542757091796
229.44,0.030658048,2143.2286297114842,0.023515414,0.08740234375,1.3134586,0.85908175,1.8826372345529137
229.472,0.038326804,2323.3505534779106,0.035748344,0.09033203125,0.73913443,0.8136492,1.8084125590625408
229.504,0.057080455,1892.8640223988696,0.017252216,0.09423828125,1.4935777,0.54007715,1.7361795881257835
229.536,0.062138822,1869.9755835507553,0.010091973,0.1015625,3.3160694,0.30272138,1.669098935994386
229.568,0.04071586,2028.9806784620364,0.014114071,0.103515625,2.10363,0.32615462,1.6085627758076664
229.6,0.024377838,2004.5288774637575,0.02592393,0.103515625,0.70012736,0.60423136,1.557689141595571
229.632,0.0455845,1846.9471493117283,0.016960923,0.10302734375,0.3977418,0.21264718,1.529543044109032
229.664,0.06523162,1761.78268415008,0.009371429,0.1044921875,0.45897532,0.091535866,1.520121604768855
229.696,0.042482164,1823.5920452521227,0.010414881,0.095703125,3.6336083,0.16515338,1.5355007610990046
229.728,0.022999462,1927.9820079601318,0.024135327,0.11376953125,1.4650702,0.6039145,1.572566876694701
229.76,0.028617276,2718.4446065525717,0.082550086,0.11572265625,0.25382906,0.6106436,1.6367828200232848
229.792,0.0538757,2710.682523741023,0.05706434,0.13525390625,0.5820628,0.2511586,1.7319990530284954
229.824,0.056289822,2668.0316248158097,0.02870078,0.18115234375,5.452053,0.13330083,1.8512563680837115
229.856,0.047903433,3210.442380856396,0.06070021,0.1884765625,3.4909887,0.121333145,1.984428897162481
229.888,0.045396227,3079.1380170198695,0.054866713,0.2314453125,0.5229667,0.13983478,2.1265960284209497
229.92,0.041990247,3161.985935606528,0.056153838,0.240234375,1.5987598,0.1553449,2.270488207969069
229.952,0.04211557,3139.5808444489503,0.062168293,0.23291015625,0.82886267,0.18022548,2.4185820303806533
229.984,0.043205082,2976.538295320879,0.06793014,0.23974609375,0.71044964,0.110902265,2.5679430849669656
230.016,0.043686062,2981.1553512492364,0.07763533,0.2236328125,1.0385305,0.11106309,2.7210221210164725
230.048,0.041356534,3061.8610992878384,0.06020766,0.23486328125,1.8612006,0.14784126,2.883890073879933
230.08,0.040854137,3107.0922954109865,0.07598962,0.23095703125,1.2672406,0.121943876,3.049411073943264
230.112,0.040198576,3073.4892062749477,0.06609724,0.236328125,0.36605063,0.122031495,3.213450053115104
230.144,0.045987863,3052.4384712562583,0.06126235,0.2333984375,1.3845316,0.21611698,3.3655476553096753
230.176,0.049005993,3027.40533120686,0.05050921,0.2177734375,0.79852015,0.32102367,3.5118093832446466
230.208,0.04909027,2906.074466048221,0.06400121,0.21044921875,1.5405756,0.44006157,3.6552487416492134
230.24,0.05258986,2879.578472005277,0.05379178,0.1884765625,0.83808064,0.558719,3.787561252265739
230.272,0.053907145,2755.3471127377156,0.048670813,0.16845703125,2.0149164,0.5762364,3.892960727497553
230.304,0.050590433,2628.7798010903175,0.06658433,0.13427734375,0.9934495,0.60134816,3.966210766083785
230.336,0.052459087,2278.5125489719667,0.024564922,0.13427734375,1.5551244,0.76577485,4.023270801523
230.368,0.055070862,2572.1092903670988,0.03808338,0.1220703125,1.55174,0.5251404,4.056275175316511
230.4,0.05429459,2544.853660623683,0.033527244,0.13134765625,0.35339344,0.26927027,4.054953017124165
230.432,0.049936194,2534.5591776807523,0.03067601,0.14013671875,2.3525288,0.20680521,4.021539854513032
230.464,0.05089001,2552.3475850190607,0.0289047,0.1298828125,0.7796654,0.24079321,3.968777767885048
230.496,0.049762722,2601.9264671073674,0.032536935,0.1259765625,0.6644016,0.20827244,3.8928322721723054
230.528,0.04905297,2766.063103892023,0.046859004,0.10791015625,0.6575446,0.16458751,3.791436506599235
230.56,0.05173305,2286.487290958059,0.018931529,0.1201171875,1.1137269,0.23684566,3.6659051605070396
230.592,0.04923808,2394.3359793788086,0.044611495,0.1162109375,1.3520052,0.17254345,3.5218226927772474
230.624,0.04394503,2419.1645153131612,0.057053495,0.1357421875,0.37820667,0.1688094,3.3771759548544145
230.656,0.046818595,2519.854470474478,0.09317794,0.125,3.1954591,0.3280903,3.2181703289303734
230.688,0.06558925,2373.389515536975,0.04154987,0.11767578125,1.246353,0.7386587,3.0457030800824896
230.72,0.057270773,2503.6828327537532,0.037637834,0.14013671875,2.9096212,0.82784873,2.8682166777159117
230.752,0.040385347,2971.8240958593924,0.1252618,0.1357421875,0.5604864,0.5955525,2.6980978155734507
230.784,0.02770395,2898.836632451804,0.11777357,0.169921875,0.41989323,0.51949143,2.5406188892835453
230.816,0.035365447,2764.8932004204753,0.10274546,0.14892578125,1.7171886,0.5411878,2.387369615450787
230.848,0.050197437,2685.830374342639,0.042383358,0.1357421875,0.1982725,0.8330265,2.25002837680599
230.88,0.054394916,3014.077298632302,0.052913778,0.12890625,2.2043695,0.8368199,2.1369221333460673
230.912,0.04959339,2997.0107923660717,0.064233124,0.138671875,0.44384798,0.8070815,2.0487273137408772
230.944,0.038885,2987.7930951253893,0.10358433,0.1552734375,1.5860008,0.67320895,1.9818002511650552
230.976,0.07612409,2731.1872951142414,0.07124268,0.14404296875,0.76235926,0.75550157,1.9327005807176838
231.008,0.11200287,2372.203225450708,0.031847805,0.13916015625,1.8587785,0.8099823,1.901191275162811
231.04,0.1087658,2244.255383694754,0.021761771,0.1044921875,4.400177,0.70498186,1.8972333065488616
231.072,0.09563061,2044.2662600820388,0.012834478,0.08984375,1.6388314,0.6487449,1.9225214540079767
231.104,0.09031916,1760.0712925337518,0.0076597207,0.07666015625,0.538387,0.6319079,1.967036788720975
231.136,0.08425348,1694.5462898042908,0.006751785,0.06591796875,0.19988154,0.65002614,2.026056850168647
231.168,0.07532584,1669.7949452906103,0.008091091,0.05810546875,0.24252506,0.7611194,2.103246060951479
231.2,0.07103669,1674.3613522711473,0.0073387506,0.06591796875,0.34727302,0.8323134,2.194986075113938
231.232,0.06513347,1798.308248172303,0.007501179,0.07666015625,0.8574678,0.83442324,2.3035038546471758
231.264,0.06236949,2242.0877460496595,0.018462662,0.076171875,0.63686794,0.8318769,2.4185321471149983
231.296,0.073485136,1937.6602782708235,0.02066801,0.0888671875,0.37061992,0.7988729,2.538444336355008
231.328,0.080610424,1814.9482521091434,0.014973788,0.08935546875,2.635348,0.65390307,2.656945759607024
231.36,0.07158233,1978.4012797606713,0.012620742,0.07861328125,2.7572546,0.5438477,2.7658328931609018
231.392,0.059933655,1842.7976606928655,0.009921469,0.0830078125,1.2215712,0.64035946,2.862896588765795
231.424,0.05296376,2064.4003267821017,0.015291979,0.0888671875,0.407745,0.8245677,2.9509346997324823
231.456,0.063403495,2206.8860227991904,0.020083362,0.09228515625,0.42810333,0.6243713,3.0333348684431596
231.488,0.07551893,2113.3263062803017,0.013931315,0.10986328125,1.2436087,0.35844094,3.1026686999023982
231.52,0.0695598,2156.2607760861774,0.012360583,0.1103515625,2.902559,0.30446988,3.1583641474593045
231.552,0.05882999,2043.7866455247977,0.014861723,0.11572265625,1.2276736,0.3861131,3.2046039228762297
231.584,0.06446135,1926.425227707457,0.015523002,0.13623046875,0.73121315,0.28893012,3.2462042125297392
231.616,0.07100404,2095.1112305719817,0.011147577,0.15234375,1.4479039,0.19870874,3.2951343525303023
231.648,0.06804389,2164.285609690884,0.0063526607,0.1826171875,2.5025032,0.17880958,3.3319504842890906
231.68,0.05756404,2273.418447467815,0.009360133,0.1865234375,1.0796629,0.19884782,3.356263347845384
231.712,0.055541545,2327.224123998598,0.008006135,0.18505859375,0.45247453,0.18396437,3.3677685401568622
231.744,0.05475447,2282.6939490922587,0.006600689,0.18115234375,0.79706967,0.16711386,3.3800620940810124
231.776,0.05519622,2214.5948927380978,0.005973045,0.17724609375,0.43053448,0.1556842,3.3881890667887125
231.808,0.053998142,2201.213933503721,0.008310421,0.18896484375,0.37572193,0.14297879,3.384469296240818
231.84,0.053500656,2185.0062786382914,0.012410594,0.1884765625,0.96147096,0.14234823,3.3788170907147315
231.872,0.0567598,2255.7221951243314,0.013408643,0.18505859375,1.6396451,0.121661544,3.3675662642386293
231.904,0.058413282,2205.1202758119753,0.0137809105,0.18603515625,2.3015862,0.10321607,3.3438221239935215
231.936,0.058258224,2197.202639537448,0.010900449,0.17919921875,1.2338487,0.0890703,3.3066057643457873
231.968,0.055117734,2138.211532950922,0.016782483,0.1787109375,1.3937354,0.08853115,3.2680948512517873
232.0,0.054965537,2246.3705177163997,0.0126153175,0.1806640625,0.8981933,0.08011514,3.2250253085884917
232.032,0.053649843,2348.651154966773,0.013520384,0.20166015625,2.1119983,0.08608433,3.169065577424366
232.064,0.052003626,2303.582519993267,0.021319231,0.20947265625,1.0359045,0.10253797,3.0996920442552063
232.096,0.05088563,2364.4229847303054,0.017691597,0.21923828125,1.3112535,0.1173125,3.011311296195126
232.128,0.047916554,2414.330731228742,0.017468167,0.23583984375,2.2995987,0.119043164,2.919979668596745
232.16,0.05621733,2656.4422161628477,0.08823014,0.197265625,1.2289131,0.2117063,2.8236200121096604
232.192,0.09238398,2625.193865975851,0.0723189,0.171875,0.99820817,0.653737,2.720340244348813
232.224,0.10141567,2609.222349194123,0.03689789,0.1435546875,6.6768637,0.7844282,2.6086105584971353
232.256,0.086459674,2513.9824131792648,0.025460927,0.109375,3.2119162,0.7205188,2.494300738180307
232.288,0.08912162,2126.5985125883612,0.018133951,0.11083984375,0.370013,0.70173085,2.381830317303277
232.32,0.09067116,1984.5349195763292,0.014519568,0.11181640625,0.40700155,0.6366591,2.2674214159773394
232.352,0.08394958,2087.8132294448396,0.012100706,0.10986328125,1.5476972,0.53008765,2.1585691731237366
232.384,0.08082916,2083.3121522153033,0.009821217,0.11572265625,1.080927,0.49330306,2.0532664631484856
232.416,0.07740676,2081.48095721679,0.008913206,0.11865234375,0.70844215,0.47500712,1.9550106335220883
232.448,0.07411661,2114.933778799804,0.008546619,0.12060546875,0.5257908,0.4557046,1.8621571948855817
232.48,0.074380375,2112.4582520632243,0.008375308,0.13134765625,0.6674883,0.4114351,1.77871738084064
232.512,0.074224465,2123.6343784063283,0.007613386,0.1396484375,0.62493455,0.37949342,1.7008713368978219
232.544,0.07309224,2172.526395526674,0.008040202,0.1435546875,0.74561745,0.38035992,1.6135733634912897
232.576,0.07200227,2187.813145842081,0.007660524,0.16064453125,0.6726381,0.37594986,1.5196310108227744
232.608,0.07248357,2443.343816623571,0.040728025,0.16455078125,0.5650756,0.3606253,1.4185247834491879
232.64,0.0810002,2427.847374570421,0.06173565,0.1484375,0.70757824,0.5376695,1.3168682713012365
232.672,0.09351095,2346.9563226614523,0.031185348,0.13525390625,5.6071224,0.7087354,1.2210038310496778
232.704,0.0878371,2196.7329777071996,0.018842144,0.10205078125,2.942365,0.69676644,1.1401018473120996
232.736,0.0798782,2000.9200726989911,0.014882921,0.07568359375,0.74061733,0.71185714,1.0832501981029872
232.768,0.07660181,1884.2409110224266,0.011005528,0.07568359375,0.3331092,0.77766716,1.050387819325573
232.8,0.07438175,2056.9282171494315,0.014659529,0.080078125,0.40745425,0.74178535,1.0445240440002521
232.832,0.07596419,2219.986944579607,0.0149956485,0.08544921875,0.5195373,0.6619702,1.060807148686875
232.864,0.07553719,2148.782017186227,0.012188237,0.1005859375,1.1837658,0.5747556,1.1024442591028802
232.896,0.07454289,1901.124913243208,0.008951491,0.10107421875,1.2964078,0.47177094,1.1666252063715565
232.928,0.07172605,1835.5512887927957,0.010400213,0.0966796875,0.76294744,0.4760384,1.2459805822650016
232.96,0.06668462,1949.1929517549631,0.012120176,0.09912109375,1.0697092,0.626998,1.331042147300179
232.992,0.066806,1983.1118706044892,0.010488199,0.09033203125,1.5409662,0.69535434,1.4215820937724861
233.024,0.0698219,1928.2577156398697,0.007838435,0.10498046875,1.4423813,0.6269769,1.5252205324429957
233.056,0.06981983,2329.9553153695297,0.026544265,0.115234375,0.92519075,0.5797032,1.643968466312946
233.088,0.07818137,2434.9918376142755,0.039352655,0.10888671875,0.48756257,0.6766648,1.7745976072580485
233.12,0.086342685,2312.6195703191343,0.01996126,0.1240234375,4.047103,0.7396004,1.9100727767381007
233.152,0.07181293,2202.774083335301,0.015501769,0.11279296875,2.4481792,0.6438696,2.0455528681558084
233.184,0.060823757,2121.4257065084457,0.0147493975,0.10107421875,0.22746292,0.50263554,2.1721377584432053
233.216,0.06099833,2048.159500563519,0.012454077,0.1103515625,0.25238082,0.45272508,2.284666462217503
233.248,0.063421585,1999.1120282788108,0.010021338,0.09912109375,0.35905534,0.4620535,2.3839397874269515
233.28,0.062016807,1933.8034088589102,0.011432065,0.10009765625,0.4509729,0.46444416,2.4676820647896185
233.312,0.05880353,1916.533375552951,0.012649933,0.11376953125,0.67114663,0.41985965,2.5384993240051257
233.344,0.05732935,2296.0924855570183,0.054014202,0.11279296875,1.1975976,0.29427448,2.598063864281095
233.376,0.10754937,2271.537276337258,0.054161813,0.1064453125,1.4716395,0.73124045,2.645053116357778
233.408,0.1567562,2183.1308579517868,0.02319052,0.0908203125,5.63545,0.91134495,2.6793361724090823
233.44,0.18060532,1971.1179560783548,0.007507784,0.06787109375,5.4530044,0.96331394,2.702624860637721
233.472,0.15640844,1709.7653980101247,0.0047007175,0.0546875,0.95536,0.9601279,2.717996209613826
233.504,0.13716252,1569.0810790782043,0.0036515172,0.05908203125,0.29680818,0.948371,2.728662488782336
233.536,0.103624895,1848.4063763333297,0.0065984474,0.0654296875,0.2307521,0.90305495,2.733101571024969
233.568,0.08406951,2183.989430689446,0.012848596,0.080078125,0.34089494,0.8251526,2.7359118899426487
233.6,0.07961012,2177.052229468965,0.01162208,0.08935546875,0.90744436,0.7453457,2.7407757841790144
233.632,0.07584254,2274.1754759805826,0.01359007,0.11767578125,1.3296337,0.7760261,2.745034518333614
233.664,0.083036706,2913.5272910746908,0.05528044,0.12841796875,0.5528115,0.70154995,2.7394151301710634
233.696,0.08566917,2951.479204337611,0.05085459,0.12939453125,0.93970335,0.6544943,2.7172245637622385
233.728,0.07233891,2785.518179387471,0.027833797,0.13134765625,4.837813,0.71596307,2.6810620284652105
233.76,0.06223652,2547.821001329171,0.02002193,0.10986328125,0.66289425,0.72147167,2.633044063571787
233.792,0.055709116,2338.248254632051,0.018772291,0.1279296875,0.07373656,0.69277036,2.570268218968661
233.824,0.056568936,2395.699165008344,0.06826018,0.1298828125,0.38868243,0.6246704,2.4963415904556965
233.856,0.08232548,2431.883343962454,0.06831045,0.11767578125,0.7067499,0.65296537,2.417326783463352
233.888,0.112162225,2239.7060895017935,0.023651602,0.107421875,4.917709,0.83887976,2.3359982826160386
233.92,0.11026992,2087.037711320084,0.010443622,0.07861328125,3.0328002,0.90729904,2.2601840417091985
233.952,0.10435667,2479.4285712974506,0.023701765,0.11083984375,0.54690444,0.885976,2.1935806119800505
233.984,0.11075855,3317.253993155161,0.07435391,0.126953125,0.19700515,0.7287348,2.1406934279733485
234.016,0.109724,3387.799439038272,0.05401997,0.12744140625,2.572062,0.7663615,2.1046643464862136
234.048,0.09074638,2788.496496991544,0.025585722,0.13037109375,3.914671,0.833116,2.0811122429608493
234.08,0.08162936,2414.822522430286,0.016081348,0.08837890625,0.21348184,0.84304136,2.0641573816446703
234.112,0.077076666,2172.950734944412,0.013683468,0.0810546875,0.21467528,0.8715021,2.0494514341541223
234.144,0.079203375,2039.4075305727115,0.021883795,0.1025390625,0.3963356,0.85627884,2.040731416185695
234.176,0.07878423,2146.693082537436,0.026167903,0.103515625,0.87269115,0.80069196,2.029804094417751
234.208,0.07033275,2189.4543277378984,0.016682228,0.1162109375,2.8996277,0.7658986,2.0137259844728748
234.24,0.06192976,2407.078309321618,0.046949778,0.14501953125,1.3603516,0.75621575,1.991189825556144
234.272,0.103850715,2568.055080653892,0.06719602,0.1396484375,0.23046318,0.7552732,1.9611246162456988
234.304,0.1405066,2371.1125083915686,0.02835682,0.1279296875,3.3182936,0.8978474,1.9235724985537082
234.336,0.13317211,2079.8289898989897,0.010949999,0.1005859375,5.660184,0.95113045,1.8877642845504217
234.368,0.11787365,1903.997921956471,0.0069401558,0.05859375,0.5473384,0.949927,1.8559579587166166
234.4,0.1156552,1758.8510875189368,0.004420628,0.04736328125,0.12237415,0.9514249,1.8293101605805961
234.432,0.119178414,1987.581454839677,0.009478826,0.064453125,0.38101617,0.93711805,1.80357545131258
234.464,0.11132642,2190.351734219609,0.019332381,0.09033203125,0.31200394,0.8817066,1.7748679523228663
234.496,0.07931535,2297.1122899322427,0.02350386,0.10791015625,3.3469317,0.780535,1.7374559368703
234.528,0.060622446,2259.3980204591508,0.022332335,0.1318359375,2.670537,0.78814226,1.6895112313522473
234.56,0.07748246,2420.4293929017845,0.084258474,0.13134765625,0.44180363,0.6805169,1.6313486796217034
234.592,0.13396145,2205.640442583657,0.04313645,0.111328125,0.36031997,0.8364609,1.5639970354375472
234.624,0.17724282,2032.2927956023927,0.01251997,0.09912109375,7.4508743,0.948807,1.4898112868183524
234.656,0.19196162,1695.4709264873122,0.0047750836,0.0634765625,2.3684096,0.97021514,1.4219422886927984
234.688,0.15785716,1568.781171596564,0.004063354,0.04931640625,0.30330446,0.95570266,1.3601985649981034
234.72,0.11711662,1644.0004567205726,0.0056318883,0.06005859375,0.14223593,0.907498,1.3060586584672116
234.752,0.094280094,1900.8286627459192,0.010136004,0.078125,0.29785,0.85134536,1.2664258736764447
234.784,0.08348422,2139.1208289043857,0.014862275,0.091796875,0.6701281,0.72767895,1.2368403482445793
234.816,0.07805794,2107.9186445216196,0.011080684,0.11083984375,1.3399123,0.69585466,1.209095191919574
234.848,0.07684187,2607.4441587327947,0.035333462,0.13916015625,1.2802169,0.72369033,1.1805857120034784
234.88,0.08279793,3017.5322218617926,0.0740641,0.1435546875,0.21104538,0.6040398,1.1414395141122553
234.912,0.07450461,2924.3584543925867,0.04777612,0.14697265625,3.2591348,0.616704,1.0900247385743533
234.944,0.06103062,2758.491663760812,0.029939257,0.1474609375,3.0335493,0.62781876,1.0237309772107446
234.976,0.05145183,2563.033213546204,0.024935862,0.14697265625,0.16004343,0.5552004,0.9491999274682054
235.008,0.043342724,2485.0694159187947,0.053589728,0.1669921875,0.1642831,0.42078307,0.8727518240385373
235.04,0.06268572,2511.7818165600784,0.098512486,0.1494140625,0.37690157,0.51405823,0.7984515589061392
235.072,0.10779795,2293.0013798366053,0.038028043,0.12548828125,2.2848127,0.7744165,0.7267927447899218
235.104,0.12717646,2062.8380366951505,0.010818733,0.0791015625,5.239414,0.9097035,0.6582464251152786
235.136,0.12327899,1925.6737747494096,0.007148939,0.05322265625,1.228495,0.9417451,0.5988127982610171
235.168,0.12028642,2586.500925808387,0.027244586,0.07763671875,0.2471349,0.88426745,0.55284318178567
235.2,0.111143924,2952.115138873614,0.03755998,0.07666015625,0.3671163,0.8538775,0.5265124884882624
235.232,0.10402365,2899.7249173617656,0.021034142,0.07666015625,4.3584075,0.90589297,0.5167235699936658
235.264,0.102156,2458.1247134122036,0.010270993,0.05419921875,0.89042705,0.93904495,0.5226116461212635
235.296,0.100927696,2130.3090184665352,0.0060134567,0.02587890625,0.079678476,0.95138633,0.5396684564892472
235.328,0.10013588,1993.7306328505515,0.008605747,0.0341796875,0.30673188,0.94752043,0.5690096434674506
235.36,0.09256899,2000.0079865181697,0.015697492,0.05029296875,0.5451855,0.8974564,0.6081551273859703
235.392,0.08933886,2126.59769877268,0.0139204115,0.08349609375,2.1099677,0.8647989,0.6495736787175723
235.424,0.08544582,2803.4597471155075,0.0234725,0.14404296875,2.2130618,0.8235057,0.6952345285658524
235.456,0.08936532,2986.2154758847187,0.090774156,0.15234375,0.68732935,0.70448726,0.7409458693223075
235.488,0.12967499,2603.753286072805,0.05397169,0.15234375,1.5869461,0.8181147,0.78634121836605
235.52,0.15149212,2167.2905233619704,0.018262662,0.130859375,5.8271637,0.8878314,0.8335693653403529
235.552,0.1279307,2017.3521178101016,0.013559581,0.08740234375,1.809133,0.7992214,0.8876936980061382
235.584,0.10884991,2129.427074526452,0.010351888,0.08203125,0.5286113,0.7256938,0.9518598191737923
235.616,0.10879809,2038.0745656725605,0.007610743,0.078125,0.65998924,0.7282246,1.0224500310100277
235.648,0.11228631,2058.528065627456,0.0108693335,0.07666015625,0.8427601,0.7537998,1.0995191819979881
235.68,0.10639224,2070.761908154597,0.010161275,0.0771484375,1.0004445,0.85679305,1.172096679223872
235.712,0.091762245,2085.6773232735786,0.008319141,0.1201171875,2.1589108,0.85435516,1.2354594385694968
235.744,0.072641395,2491.84490311409,0.058182996,0.13623046875,0.87480855,0.6312214,1.2953781466322647
235.776,0.11382378,2299.222608972219,0.063964546,0.1416015625,0.45780396,0.6543931,1.3497677621105646
235.808,0.15086293,2202.9884358860745,0.02900537,0.1328125,5.5026484,0.7700214,1.3987875252859836
235.84,0.17515479,2069.7585017881074,0.009481825,0.0869140625,4.923201,0.88937587,1.4503296596054722
235.872,0.15828094,1905.8849857965567,0.0075267325,0.0732421875,0.707903,0.88760424,1.5160635054384852
235.904,0.13697216,1989.8613153136057,0.00907278,0.07958984375,0.27246496,0.80915725,1.5999219971185947
235.936,0.10220385,2301.7182982321383,0.012951496,0.10009765625,0.6874176,0.60812503,1.7035323713896424
235.968,0.08431212,2463.0628404703093,0.016700398,0.1181640625,0.9327276,0.46472555,1.8231531335894018
236.0,0.07922168,2400.9856972646594,0.013704813,0.13330078125,0.57455015,0.3587218,1.9532676689489965
236.032,0.079650246,2340.391829480604,0.012049762,0.13720703125,0.9657315,0.27766678,2.091237774209674
236.064,0.076383114,2370.9520421465113,0.0117540965,0.1298828125,1.0008739,0.26647192,2.2327152524885188
236.096,0.07336269,2342.731348770456,0.011969348,0.12841796875,1.0146879,0.33298236,2.375733030981436
236.128,0.075093225,2385.6872201003357,0.011365314,0.1240234375,0.8961479,0.30792576,2.520571973934855
236.16,0.07674527,2253.2066342414328,0.008833011,0.11474609375,0.74285746,0.27114138,2.6705329353298577
236.192,0.06529489,2016.6449618148426,0.011377738,0.12158203125,0.7967416,0.4158018,2.8254943108616333
236.224,0.06989859,2022.6689804793814,0.016825497,0.14404296875,0.61772054,0.48165601,2.976483745651033
236.256,0.073825456,2459.780595682266,0.016301502,0.18310546875,1.5027454,0.379058,3.1190295226345257
236.288,0.058478273,2837.0999257460867,0.01759594,0.20556640625,3.1664302,0.22824322,3.24766170827958
236.32,0.045744553,2726.92664991852,0.02605458,0.216796875,1.2961667,0.08344543,3.360953194437117
236.352,0.040849634,2486.1226328472285,0.028163565,0.21630859375,0.3419177,0.07159884,3.4548817652742554
236.384,0.044961493,2755.6753961702775,0.027200032,0.21044921875,0.9066638,0.0321625,3.5235468310830926
236.416,0.04816378,2835.8330831969997,0.02061115,0.19921875,1.1694937,0.0069800233,3.567437702254243
236.448,0.052425794,2754.5579318217665,0.011631648,0.18798828125,1.3317006,0.0006510555,3.588189828103899
236.48,0.05250555,2741.600107803294,0.01047298,0.1630859375,0.89027685,0.00027315583,3.5912432586543575
236.512,0.052943338,2596.7195661288133,0.013658866,0.1337890625,0.5672488,0.0003021165,3.577367658103192
236.544,0.05463911,2298.2785299104344,0.015268268,0.134765625,0.61600274,0.0003743719,3.5469502583417443
236.576,0.05530133,2231.112947297944,0.011640742,0.12841796875,2.1893513,0.00035145253,3.5004467833471264
236.608,0.0575537,2349.0488911936286,0.012643789,0.1279296875,2.3063898,0.00021482496,3.4381451308513014
236.64,0.058663823,2261.565053549494,0.014538298,0.13037109375,0.92627525,0.00015988319,3.362100761283287
236.672,0.055107716,2429.6849048463446,0.014703753,0.13037109375,1.29091,0.00023143554,3.2736925169361974
236.704,0.052084845,2438.926052292028,0.02010294,0.13427734375,2.3973925,0.00022280223,3.178514297593984
236.736,0.056397982,2428.8001882531325,0.0130985305,0.13623046875,1.2607764,0.00011946411,3.081944865441291
236.768,0.05591647,2640.203471377781,0.008883591,0.134765625,1.2608435,0.00014488221,2.9879402685899628
236.8,0.054271158,2627.7929627153862,0.00880667,0.130859375,1.0224448,0.00018407797,2.8978673576248575
236.832,0.05551318,2596.9257154764896,0.00803223,0.13037109375,0.52619743,0.00014626213,2.8149055953528412
236.864,0.057218038,2603.0000968309787,0.006734867,0.140625,0.72576416,0.00015092529,2.7425946719152847
236.896,0.060608715,2534.698722575333,0.00850988,0.154296875,0.8121509,0.00011232372,2.676435479279954
236.928,0.06288746,2485.2276321190307,0.019616628,0.16162109375,0.79817486,0.0015450577,2.613729802416892
236.96,0.08657944,2432.324267831552,0.05880157,0.150390625,2.3139057,0.41305977,2.5545080022726285
236.992,0.1417385,2149.6196759443806,0.029537538,0.11376953125,4.765004,0.78437245,2.500977427773375
237.024,0.17781524,2008.9923186109268,0.010074588,0.078125,8.515422,0.93320674,2.455229805173532
237.056,0.18166086,1738.15573562009,0.0046413746,0.05859375,2.1082785,0.9714264,2.408821429063102
237.088,0.1600923,2056.1721785617137,0.0068385038,0.06298828125,0.31630316,0.9618637,2.354683692269656
237.12,0.12975176,2659.9222937137915,0.015327312,0.0859375,0.26133996,0.92071545,2.2913464496894336
237.152,0.1056355,2677.211837814424,0.02093721,0.10107421875,0.9772776,0.8734044,2.221941287102007
237.184,0.09782675,2290.9680725446365,0.016480299,0.09814453125,1.6114345,0.6434123,2.1486295650230796
237.216,0.094695546,2147.8181937136615,0.011457499,0.0966796875,0.81247324,0.49369505,2.0797056843133377
237.248,0.08367104,2288.180168149315,0.010592553,0.09814453125,1.0700948,0.51436985,2.0203344194428525
237.28,0.08006783,2379.947810506713,0.012659589,0.09912109375,0.811746,0.55732924,1.9704824811249726
237.312,0.072747886,2721.516025799862,0.020816566,0.11865234375,0.6376077,0.64513135,1.931024847905548
237.344,0.06417871,3244.875141754396,0.025998699,0.1162109375,0.7926379,0.78300047,1.902620453298896
237.376,0.06235401,3375.8318771391823,0.022918576,0.11767578125,1.0581872,0.82735336,1.8880572552316792
237.408,0.06299957,3172.7018334437935,0.032860555,0.1259765625,0.6110937,0.7700217,1.8829995334597223
237.44,0.07422934,2616.012124565678,0.027604923,0.11669921875,0.59270287,0.5356268,1.8866357285446194
237.472,0.07624228,2384.6336945098546,0.01555006,0.12548828125,2.5272996,0.42952526,1.8873656991849503
237.504,0.058654908,2242.166902488375,0.016789075,0.14501953125,2.4777524,0.3889754,1.878832244260268
237.536,0.030786641,2357.8051565664246,0.044634048,0.20556640625,0.79064107,0.48894966,1.873405088320602
237.568,0.023032906,3055.5134048919763,0.15158832,0.216796875,0.72817713,0.23816696,1.873726285405863
237.6,0.042802516,2941.585714670284,0.06754724,0.23974609375,0.8157299,0.48562172,1.8795171383948315
237.632,0.06439301,2822.451235404009,0.023579232,0.2451171875,2.151721,0.43986547,1.8909258655811152
237.664,0.061626147,3015.125188050994,0.013442438,0.2021484375,2.3250835,0.26968116,1.9065831084234364
237.696,0.057713438,3107.3121603186487,0.012129231,0.2060546875,1.411499,0.18229777,1.92223956788365
237.728,0.05822027,3121.50995250131,0.011505117,0.20458984375,0.47023642,0.14758275,1.9368995285343455
237.76,0.05694621,3178.4347728010507,0.013388219,0.193359375,0.6508119,0.15326288,1.945143231939538
237.792,0.058334537,3245.851341263013,0.011952782,0.18212890625,1.1062518,0.1330974,1.9446241154822013
237.824,0.05855462,3201.068842779531,0.010909776,0.1904296875,0.88825667,0.118440725,1.9311346620976817
237.856,0.057718676,3044.6915127367924,0.00908972,0.181640625,0.73983693,0.11526001,1.8986701808126996
237.888,0.055688802,3050.4890474744025,0.009478471,0.1806640625,0.544325,0.12137121,1.8561082923182115
237.92,0.052449163,3043.5033477092916,0.010484359,0.18505859375,0.60041106,0.13963109,1.804369838593385
237.952,0.050833937,2935.482479974922,0.016435366,0.1923828125,0.55332166,0.13973576,1.754016521044883
237.984,0.04828976,2764.875529813611,0.02040232,0.1923828125,0.79250365,0.12761033,1.7114316772798335
238.016,0.03851823,2740.5632696224784,0.024378277,0.19482421875,1.7528647,0.1459325,1.6760033878050875
238.048,0.033491973,2516.5409224656523,0.03259586,0.185546875,1.6595052,0.12772574,1.6519019665361045
238.08,0.033008628,2383.112601889728,0.03461567,0.169921875,1.7846085,0.07557499,1.6397253398986043
238.112,0.026582137,2375.1040312213927,0.03550556,0.193359375,2.3269734,0.05857138,1.6363048527037967
238.144,0.037058532,2657.926173685229,0.12535317,0.17431640625,1.3510083,0.3596998,1.6392440364862033
238.176,0.11807648,2355.4374827613647,0.05081287,0.15478515625,0.4127449,0.8225709,1.6445920811818413
238.208,0.1690482,2173.4110384109367,0.021097865,0.125,7.8247204,0.9303241,1.6484071637857725
238.24,0.19207442,1956.5836184674583,0.0061896075,0.06494140625,6.4384174,0.9702757,1.6550602856002472
238.272,0.17047785,1654.7589842714444,0.0040091258,0.0546875,0.8475752,0.96558833,1.6654083197048846
238.304,0.14511248,1555.8575097492762,0.0033897774,0.06005859375,0.18032093,0.94737864,1.6831762533107353
238.336,0.10813038,1865.7463038572027,0.0064811124,0.07080078125,0.2437539,0.8935979,1.7170456348104188
238.368,0.09134144,2188.845503222413,0.010568268,0.0908203125,0.495511,0.83257884,1.7670117484298702
238.4,0.08880737,2206.7639232017887,0.011092416,0.09423828125,0.7538048,0.77158034,1.8352709227100186
238.432,0.08349019,2285.1932374585176,0.012808709,0.11279296875,1.2698087,0.7924905,1.9170778967863387
238.464,0.08947508,2942.032225687272,0.05486451,0.12158203125,0.673282,0.7332995,2.0015821474173676
238.496,0.09207534,2995.5443290846724,0.048231,0.12060546875,0.81991786,0.69718105,2.0797447636226285
238.528,0.07928004,2795.1529703694705,0.025086025,0.13134765625,4.9122663,0.7491705,2.1487896050185102
238.56,0.06606596,2549.4863730129355,0.019576043,0.10791015625,0.6729683,0.736123,2.2057370466653836
238.592,0.05977394,2339.3881531113666,0.018625086,0.1240234375,0.09656455,0.7163548,2.250591089034914
238.624,0.061799683,2435.09144779845,0.067578875,0.11865234375,0.42884243,0.6471029,2.28870280836416
238.656,0.093076006,2427.13516006092,0.061641525,0.09814453125,0.70347303,0.6906393,2.323993226746495
238.688,0.12731077,2154.815153590381,0.020308204,0.087890625,5.236723,0.8604544,2.360858123406669
238.72,0.13330573,1850.1068204601952,0.0069132987,0.05712890625,2.968272,0.9354783,2.40493402911995
238.752,0.13226478,2070.741338774135,0.012492949,0.06298828125,0.48937494,0.9334307,2.4676098982909758
238.784,0.12963413,2743.4308893341968,0.03965803,0.07080078125,0.15725331,0.8474904,2.5536328802361776
238.816,0.12512213,2976.5421137130647,0.037559576,0.08154296875,2.5530717,0.8550614,2.6625271775167825
238.848,0.10883354,2497.848982914609,0.015938545,0.07861328125,3.7327082,0.89220446,2.7864081889985437
238.88,0.09910639,2091.0534543618496,0.010132513,0.0634765625,0.41220278,0.8959049,2.913764323177952
238.912,0.094384216,1898.774735193178,0.008448376,0.0634765625,0.1850637,0.9097182,3.043123398081401
238.944,0.086115345,1890.6051312575833,0.01507027,0.0869140625,0.3568406,0.8736521,3.1765758214276927
238.976,0.076946996,2064.2727690652114,0.02217312,0.1005859375,0.91770804,0.80288184,3.3008976137106183
239.008,0.069033556,2119.506417543331,0.014350275,0.115234375,2.3541224,0.7940451,3.4099025955240974
239.04,0.063810244,2407.052124581349,0.042982686,0.13232421875,1.4762455,0.79429805,3.5046578184534756
239.072,0.1050212,2581.914072044935,0.06375974,0.1162109375,0.2990389,0.78225654,3.5911254097890017
239.104,0.13881113,2366.7002924841145,0.02631223,0.1123046875,3.315267,0.9070344,3.6655701891614196
239.136,0.11610773,2126.0269778286515,0.012534542,0.1015625,5.1695127,0.9389912,3.726723245580585
239.168,0.09221648,1960.6310578687257,0.0102138175,0.07763671875,0.48508674,0.90526116,3.774889289073344
239.2,0.09450397,1846.1475549116594,0.0070812465,0.07470703125,0.0642771,0.9135965,3.807148835426628
239.232,0.09797273,2028.376335274887,0.013602577,0.0947265625,0.49502203,0.905926,3.815616908869179
239.264,0.09280282,2276.169918069706,0.026588976,0.10791015625,0.43784812,0.8150876,3.7965760770433192
239.296,0.070577554,2409.80756845779,0.02877915,0.11962890625,3.1858044,0.6920259,3.746637333628673
239.328,0.05806494,2341.5078673218322,0.022445379,0.14453125,2.6068418,0.7465782,3.6679295698614585
239.36,0.07040118,2517.129003027893,0.07940765,0.11474609375,0.39025098,0.6892914,3.560735374065617
239.392,0.12587745,2293.654709695309,0.039793223,0.0888671875,0.20938742,0.8672808,3.4273002152566887
239.424,0.17828752,2072.1358734604028,0.00941829,0.0703125,6.6013308,0.9708962,3.2736705554688625
239.456,0.19606519,1657.9045566634386,0.002846029,0.0322265625,2.3231966,0.98845696,3.114547285624393
239.488,0.16341919,1514.3222493553817,0.002182598,0.03759765625,0.27461782,0.9871983,2.953350570293945
239.52,0.11912956,1680.9718371812355,0.003606903,0.05224609375,0.15333454,0.9735402,2.791268548738809
239.552,0.087386094,2092.3243025008373,0.008932453,0.08544921875,0.2966525,0.9338842,2.626226837056608
239.584,0.08062949,2323.449825697659,0.0145268105,0.09228515625,0.7512859,0.77686596,2.4640650207432757
239.616,0.072596334,2287.1546433880208,0.012482483,0.10888671875,1.801051,0.7696493,2.3079587610264327
239.648,0.07108373,2734.72889537004,0.04052263,0.13818359375,1.8320329,0.78970325,2.1536654707307203
239.68,0.08264732,3031.467667618862,0.07176196,0.13232421875,0.45326954,0.6073537,1.9914142636681653
239.712,0.0782418,2864.008321040656,0.03806881,0.13720703125,3.616104,0.6900106,1.8405069187251835
239.744,0.067009814,2625.626441687788,0.022541754,0.134765625,3.3339396,0.7387676,1.7013545569883697
239.776,0.059903946,2440.3239002147147,0.016037546,0.11328125,0.2606548,0.69596535,1.5771912964172987
239.808,0.05157037,2389.822035430554,0.037024543,0.12255859375,0.19742352,0.60524905,1.384557705371983
239.84,0.06944421,2417.4662252075154,0.07985726,0.11572265625,0.1724006,0.6158914,1.2029604654047121
239.872,0.10438444,2265.971807835338,0.038437713,0.10009765625,2.8683677,0.77153033,1.0334011761294086
239.904,0.10712425,2095.098466485243,0.01417382,0.08837890625,5.653062,0.87751544,0.8766412465356321
239.936,0.09482136,2055.089291463536,0.011592967,0.091796875,1.0412316,0.9191787,0.7350800452820743
239.968,0.08033261,2615.8172686761354,0.046778414,0.07666015625,0.17160162,0.8020469,0.6129912308385002
240.0,0.041692175,2774.4899972940157,0.079102024,0.0595703125,0.4011154,0.6584641,0.5110812067848765
